ISO-10303-21;
HEADER;
FILE_DESCRIPTION (( 'STEP AP214' ),
    '1' );
FILE_NAME ('AD7995YRJZ-1500RL7.STEP',
    '2023-01-18T21:08:45',
    ( '' ),
    ( '' ),
    'SwSTEP 2.0',
    'SolidWorks 2017',
    '' );
FILE_SCHEMA (( 'AUTOMOTIVE_DESIGN' ));
ENDSEC;

DATA;
#1 = DIRECTION ( 'NONE',  ( 1.000000000000000000, 0.0000000000000000000, 0.0000000000000000000 ) ) ;
#2 = CYLINDRICAL_SURFACE ( 'NONE', #3315, 0.2442629221054309400 ) ;
#3 =( NAMED_UNIT ( * ) PLANE_ANGLE_UNIT ( ) SI_UNIT ( $, .RADIAN. ) );
#4 = CARTESIAN_POINT ( 'NONE',  ( 0.8000000000000010400, 1.125000000000000200, -0.4749999999999993100 ) ) ;
#5 = FACE_OUTER_BOUND ( 'NONE', #3716, .T. ) ;
#6 = EDGE_CURVE ( 'NONE', #11, #1954, #39, .T. ) ;
#7 = ORIENTED_EDGE ( 'NONE', *, *, #1451, .F. ) ;
#8 = VECTOR ( 'NONE', #1454, 1000.000000000000100 ) ;
#9 = CARTESIAN_POINT ( 'NONE',  ( -0.8000000000000014900, 1.125000000000000000, -0.4749999999999993100 ) ) ;
#10 = ORIENTED_EDGE ( 'NONE', *, *, #2037, .F. ) ;
#11 = VERTEX_POINT ( 'NONE', #1408 ) ;
#12 = DIRECTION ( 'NONE',  ( 0.0000000000000000000, 0.0000000000000000000, 1.000000000000000000 ) ) ;
#13 = ORIENTED_EDGE ( 'NONE', *, *, #3892, .T. ) ;
#14 = CARTESIAN_POINT ( 'NONE',  ( 1.194114123733047300, 0.2585246530445617900, -0.1749999999999993800 ) ) ;
#15 = VECTOR ( 'NONE', #2637, 1000.000000000000000 ) ;
#16 = VERTEX_POINT ( 'NONE', #3596 ) ;
#17 = VECTOR ( 'NONE', #3640, 1000.000000000000000 ) ;
#18 = DIRECTION ( 'NONE',  ( -1.000000000000000000, 0.0000000000000000000, 0.0000000000000000000 ) ) ;
#19 = ORIENTED_EDGE ( 'NONE', *, *, #1071, .F. ) ;
#20 = LINE ( 'NONE', #2242, #2515 ) ;
#21 = DIRECTION ( 'NONE',  ( 0.0000000000000000000, 0.0000000000000000000, 1.000000000000000000 ) ) ;
#22 = DIRECTION ( 'NONE',  ( -0.0000000000000000000, -1.000000000000000000, -0.0000000000000000000 ) ) ;
#23 = ORIENTED_EDGE ( 'NONE', *, *, #3830, .T. ) ;
#24 = AXIS2_PLACEMENT_3D ( 'NONE', #2453, #3666, #3997 ) ;
#25 = DIRECTION ( 'NONE',  ( -3.975407965780186200E-016, -0.0000000000000000000, -1.000000000000000000 ) ) ;
#26 = DIRECTION ( 'NONE',  ( -0.0000000000000000000, -0.0000000000000000000, -1.000000000000000000 ) ) ;
#27 = EDGE_CURVE ( 'NONE', #2384, #2175, #2575, .T. ) ;
#28 = AXIS2_PLACEMENT_3D ( 'NONE', #2881, #3516, #1044 ) ;
#29 = ORIENTED_EDGE ( 'NONE', *, *, #1021, .F. ) ;
#30 = ADVANCED_FACE ( 'NONE', ( #919 ), #3234, .F. ) ;
#31 = LINE ( 'NONE', #1928, #2659 ) ;
#32 = DIRECTION ( 'NONE',  ( 0.0000000000000000000, -0.9848077530122080200, 0.1736481776669307200 ) ) ;
#33 = VERTEX_POINT ( 'NONE', #2290 ) ;
#34 = ORIENTED_EDGE ( 'NONE', *, *, #288, .F. ) ;
#35 = VECTOR ( 'NONE', #2983, 1000.000000000000100 ) ;
#36 = FACE_OUTER_BOUND ( 'NONE', #2438, .T. ) ;
#37 = EDGE_LOOP ( 'NONE', ( #3184, #1232 ) ) ;
#38 = CARTESIAN_POINT ( 'NONE',  ( 0.8336537963607537600, 1.124999999999999800, -1.124999999999999300 ) ) ;
#39 = LINE ( 'NONE', #3264, #1881 ) ;
#40 = CARTESIAN_POINT ( 'NONE',  ( 1.099908624052863700, 0.2552349245053751600, -0.8249999999999992900 ) ) ;
#41 = EDGE_CURVE ( 'NONE', #1282, #1405, #143, .T. ) ;
#42 = AXIS2_PLACEMENT_3D ( 'NONE', #3858, #2968, #3933 ) ;
#43 = LINE ( 'NONE', #1865, #2632 ) ;
#44 = DIRECTION ( 'NONE',  ( 0.0000000000000000000, 0.0000000000000000000, -1.000000000000000000 ) ) ;
#45 = DIRECTION ( 'NONE',  ( -0.0000000000000000000, -0.0000000000000000000, -1.000000000000000000 ) ) ;
#46 = EDGE_CURVE ( 'NONE', #2910, #1208, #966, .T. ) ;
#47 = DIRECTION ( 'NONE',  ( 0.9975640502598248600, 0.06975647374411535200, 0.0000000000000000000 ) ) ;
#48 = PLANE ( 'NONE',  #2894 ) ;
#49 = ORIENTED_EDGE ( 'NONE', *, *, #3865, .T. ) ;
#50 = LINE ( 'NONE', #902, #3279 ) ;
#51 = ORIENTED_EDGE ( 'NONE', *, *, #813, .T. ) ;
#52 = ORIENTED_EDGE ( 'NONE', *, *, #665, .F. ) ;
#53 = LINE ( 'NONE', #1090, #793 ) ;
#54 = DIRECTION ( 'NONE',  ( 1.000000000000000000, 0.0000000000000000000, -0.0000000000000000000 ) ) ;
#55 = ORIENTED_EDGE ( 'NONE', *, *, #3167, .F. ) ;
#56 = LINE ( 'NONE', #903, #985 ) ;
#57 = EDGE_CURVE ( 'NONE', #1923, #3354, #3119, .T. ) ;
#58 = EDGE_LOOP ( 'NONE', ( #458, #2103, #381, #248 ) ) ;
#59 = DIRECTION ( 'NONE',  ( -0.0000000000000000000, -0.0000000000000000000, -1.000000000000000000 ) ) ;
#60 = LINE ( 'NONE', #62, #3485 ) ;
#61 = LINE ( 'NONE', #1942, #1907 ) ;
#62 = CARTESIAN_POINT ( 'NONE',  ( -0.8000000000000012700, 1.125000000000000000, 1.125000000000000700 ) ) ;
#63 = CARTESIAN_POINT ( 'NONE',  ( -1.077767920093801700, 0.8892617309391303000, -0.1749999999999993800 ) ) ;
#64 = DIRECTION ( 'NONE',  ( 0.0000000000000000000, 1.000000000000000000, 0.0000000000000000000 ) ) ;
#65 = SURFACE_STYLE_USAGE ( .BOTH. , #1621 ) ;
#66 = DIRECTION ( 'NONE',  ( 0.06975647374411828000, -0.9975640502598247500, 0.0000000000000000000 ) ) ;
#67 = VECTOR ( 'NONE', #3246, 1000.000000000000100 ) ;
#68 = AXIS2_PLACEMENT_3D ( 'NONE', #1088, #2367, #1118 ) ;
#69 = ADVANCED_FACE ( 'NONE', ( #1791 ), #2306, .F. ) ;
#70 = CARTESIAN_POINT ( 'NONE',  ( -0.4572970168999269700, 1.349999999999999400, -1.129092482447643800 ) ) ;
#71 = ORIENTED_EDGE ( 'NONE', *, *, #81, .T. ) ;
#72 = DIRECTION ( 'NONE',  ( 0.0000000000000000000, 0.0000000000000000000, 1.000000000000000000 ) ) ;
#73 = DIRECTION ( 'NONE',  ( -1.000000000000000000, -0.0000000000000000000, 4.065758146820642100E-016 ) ) ;
#74 = DIRECTION ( 'NONE',  ( -0.9975640502598248600, -0.06975647374411535200, 0.0000000000000000000 ) ) ;
#75 = AXIS2_PLACEMENT_3D ( 'NONE', #3118, #945, #3444 ) ;
#76 =( GEOMETRIC_REPRESENTATION_CONTEXT ( 3 ) GLOBAL_UNCERTAINTY_ASSIGNED_CONTEXT ( ( #3052 ) ) GLOBAL_UNIT_ASSIGNED_CONTEXT ( ( #3267, #3527, #1098 ) ) REPRESENTATION_CONTEXT ( 'NONE', 'WORKASPACE' ) );
#77 = ORIENTED_EDGE ( 'NONE', *, *, #790, .F. ) ;
#78 = DIRECTION ( 'NONE',  ( -0.1710878697460359000, -0.9702875252478138100, -0.1710878697460358200 ) ) ;
#79 = VERTEX_POINT ( 'NONE', #754 ) ;
#80 = LINE ( 'NONE', #2969, #868 ) ;
#81 = EDGE_CURVE ( 'NONE', #576, #3725, #3867, .T. ) ;
#82 = VERTEX_POINT ( 'NONE', #3899 ) ;
#83 = ORIENTED_EDGE ( 'NONE', *, *, #900, .F. ) ;
#84 = CARTESIAN_POINT ( 'NONE',  ( 0.8000000000000011500, 0.9749999999999999800, 0.1750000000000006800 ) ) ;
#85 = VECTOR ( 'NONE', #2804, 1000.000000000000000 ) ;
#86 = DIRECTION ( 'NONE',  ( -0.0000000000000000000, -0.0000000000000000000, -1.000000000000000000 ) ) ;
#87 = ORIENTED_EDGE ( 'NONE', *, *, #889, .T. ) ;
#88 = ADVANCED_FACE ( 'NONE', ( #2281 ), #775, .T. ) ;
#89 = DIRECTION ( 'NONE',  ( 0.0000000000000000000, -0.0000000000000000000, 1.000000000000000000 ) ) ;
#90 = CARTESIAN_POINT ( 'NONE',  ( -0.8000000000000014900, 0.9749999999999999800, -0.4749999999999993100 ) ) ;
#91 =( GEOMETRIC_REPRESENTATION_CONTEXT ( 3 ) GLOBAL_UNCERTAINTY_ASSIGNED_CONTEXT ( ( #4054 ) ) GLOBAL_UNIT_ASSIGNED_CONTEXT ( ( #1447, #3637, #2954 ) ) REPRESENTATION_CONTEXT ( 'NONE', 'WORKASPACE' ) );
#92 = CARTESIAN_POINT ( 'NONE',  ( -1.187538674682156100, 0.1644913506797410500, 1.125000000000000700 ) ) ;
#93 = PLANE ( 'NONE',  #1552 ) ;
#94 = CARTESIAN_POINT ( 'NONE',  ( -1.077767920093801700, 0.8892617309391303000, -0.4749999999999993100 ) ) ;
#95 = CIRCLE ( 'NONE', #126, 0.2442629221054309400 ) ;
#96 = CARTESIAN_POINT ( 'NONE',  ( -1.187538674682156600, 0.1644913506797410500, -0.8249999999999992900 ) ) ;
#97 = ORIENTED_EDGE ( 'NONE', *, *, #609, .T. ) ;
#98 = CARTESIAN_POINT ( 'NONE',  ( -0.8336537963607541000, 0.8807370778945685700, 0.8250000000000006200 ) ) ;
#99 = EDGE_LOOP ( 'NONE', ( #1172, #1657, #1080, #49 ) ) ;
#100 = VECTOR ( 'NONE', #2266, 1000.000000000000100 ) ;
#101 = APPLICATION_CONTEXT ( 'automotive_design' ) ;
#102 = AXIS2_PLACEMENT_3D ( 'NONE', #3890, #3873, #120 ) ;
#103 = CLOSED_SHELL ( 'NONE', ( #2232, #2494, #2674, #2755, #1455, #1129, #858, #3024, #267, #1878, #2358, #1187, #3628, #520, #4072, #3826, #1727 ) ) ;
#104 = FACE_OUTER_BOUND ( 'NONE', #1653, .T. ) ;
#105 = CARTESIAN_POINT ( 'NONE',  ( 0.8000000000000011500, 1.125000000000000200, 0.4750000000000005900 ) ) ;
#106 = FILL_AREA_STYLE_COLOUR ( '', #2930 ) ;
#107 = ORIENTED_EDGE ( 'NONE', *, *, #1776, .T. ) ;
#108 = EDGE_CURVE ( 'NONE', #2420, #2700, #2448, .T. ) ;
#109 = EDGE_CURVE ( 'NONE', #3347, #2450, #1307, .T. ) ;
#110 = CARTESIAN_POINT ( 'NONE',  ( -1.194114123733047500, 0.2585246530445617900, 1.125000000000000700 ) ) ;
#111 = CARTESIAN_POINT ( 'NONE',  ( -0.7999999999999993800, 1.125000000000000000, -1.499999999999999600 ) ) ;
#112 = ORIENTED_EDGE ( 'NONE', *, *, #707, .F. ) ;
#113 = DIRECTION ( 'NONE',  ( -0.06975647374411661500, -0.9975640502598248600, 0.0000000000000000000 ) ) ;
#114 = VERTEX_POINT ( 'NONE', #2904 ) ;
#115 = CIRCLE ( 'NONE', #1976, 0.09426292210543119100 ) ;
#116 = EDGE_LOOP ( 'NONE', ( #353, #2084, #2677, #453 ) ) ;
#117 = CARTESIAN_POINT ( 'NONE',  ( -1.389536528938382800, 0.0000000000000000000, -0.8249999999999992900 ) ) ;
#118 = FACE_OUTER_BOUND ( 'NONE', #3739, .T. ) ;
#119 = EDGE_CURVE ( 'NONE', #1590, #595, #3115, .T. ) ;
#120 = DIRECTION ( 'NONE',  ( -0.03489949670250141300, -0.9993908270190956500, 0.0000000000000000000 ) ) ;
#121 = CARTESIAN_POINT ( 'NONE',  ( 0.8000000000000011500, 0.1500000000000004900, 1.354530240915513800 ) ) ;
#122 = DIRECTION ( 'NONE',  ( -0.0000000000000000000, -0.0000000000000000000, -1.000000000000000000 ) ) ;
#123 = DIRECTION ( 'NONE',  ( 1.000000000000000000, 1.932980447489556100E-014, 0.0000000000000000000 ) ) ;
#124 = CARTESIAN_POINT ( 'NONE',  ( -0.8000000000000012700, 0.9749999999999999800, 1.125000000000000700 ) ) ;
#125 = DIRECTION ( 'NONE',  ( 1.807003620809175400E-016, 0.0000000000000000000, 1.000000000000000000 ) ) ;
#126 = AXIS2_PLACEMENT_3D ( 'NONE', #2982, #2315, #2638 ) ;
#127 = ORIENTED_EDGE ( 'NONE', *, *, #881, .F. ) ;
#128 = DIRECTION ( 'NONE',  ( -0.0000000000000000000, -1.000000000000000000, -0.0000000000000000000 ) ) ;
#129 = ORIENTED_EDGE ( 'NONE', *, *, #3358, .T. ) ;
#130 = DIRECTION ( 'NONE',  ( 0.0000000000000000000, -0.0000000000000000000, -1.000000000000000000 ) ) ;
#131 = VECTOR ( 'NONE', #1624, 1000.000000000000000 ) ;
#132 = ORIENTED_EDGE ( 'NONE', *, *, #1362, .T. ) ;
#133 = VERTEX_POINT ( 'NONE', #3909 ) ;
#134 = DIRECTION ( 'NONE',  ( -1.000000000000000000, 0.0000000000000000000, 0.0000000000000000000 ) ) ;
#135 = CARTESIAN_POINT ( 'NONE',  ( -0.7999999999999988200, 1.125000000000000000, 1.499999999999998000 ) ) ;
#136 = CARTESIAN_POINT ( 'NONE',  ( 0.8000000000000012700, 1.125000000000000200, 1.125000000000000700 ) ) ;
#137 = FACE_OUTER_BOUND ( 'NONE', #866, .T. ) ;
#138 = CARTESIAN_POINT ( 'NONE',  ( -0.8000000000000012700, 1.125000000000000000, 1.125000000000000700 ) ) ;
#139 = DIRECTION ( 'NONE',  ( -1.000000000000000000, 0.0000000000000000000, 0.0000000000000000000 ) ) ;
#140 = ORIENTED_EDGE ( 'NONE', *, *, #1086, .T. ) ;
#141 = DIRECTION ( 'NONE',  ( -0.0000000000000000000, 1.000000000000000000, -0.0000000000000000000 ) ) ;
#142 = EDGE_CURVE ( 'NONE', #1501, #3068, #623, .T. ) ;
#143 = LINE ( 'NONE', #1955, #3460 ) ;
#144 = EDGE_CURVE ( 'NONE', #774, #1602, #2180, .T. ) ;
#145 = DIRECTION ( 'NONE',  ( -1.000000000000000000, 0.0000000000000000000, 0.0000000000000000000 ) ) ;
#146 = DIRECTION ( 'NONE',  ( -0.0000000000000000000, -0.0000000000000000000, -1.000000000000000000 ) ) ;
#147 = DIRECTION ( 'NONE',  ( -0.9975640502598248600, -0.06975647374411535200, 0.0000000000000000000 ) ) ;
#148 = CARTESIAN_POINT ( 'NONE',  ( 1.194114123733047000, 0.2585246530445617900, -1.124999999999999300 ) ) ;
#149 = VECTOR ( 'NONE', #356, 1000.000000000000000 ) ;
#150 = DIRECTION ( 'NONE',  ( -0.03489949670250141300, 0.9993908270190956500, -0.0000000000000000000 ) ) ;
#151 = ORIENTED_EDGE ( 'NONE', *, *, #3643, .T. ) ;
#152 = ORIENTED_EDGE ( 'NONE', *, *, #1362, .F. ) ;
#153 = VECTOR ( 'NONE', #2442, 1000.000000000000000 ) ;
#154 = CARTESIAN_POINT ( 'NONE',  ( -0.9278592960409377500, 0.8840268064337552000, 0.8250000000000006200 ) ) ;
#155 = ORIENTED_EDGE ( 'NONE', *, *, #2279, .F. ) ;
#156 = VERTEX_POINT ( 'NONE', #736 ) ;
#157 = FACE_OUTER_BOUND ( 'NONE', #3061, .T. ) ;
#158 = DIRECTION ( 'NONE',  ( -1.000000000000000000, 0.0000000000000000000, 0.0000000000000000000 ) ) ;
#159 = ORIENTED_EDGE ( 'NONE', *, *, #1897, .F. ) ;
#160 = AXIS2_PLACEMENT_3D ( 'NONE', #2303, #1680, #3897 ) ;
#161 = LINE ( 'NONE', #1803, #1712 ) ;
#162 = ORIENTED_EDGE ( 'NONE', *, *, #1643, .T. ) ;
#163 = ORIENTED_EDGE ( 'NONE', *, *, #1135, .T. ) ;
#164 = DIRECTION ( 'NONE',  ( 1.000000000000000000, 0.0000000000000000000, 0.0000000000000000000 ) ) ;
#165 = ADVANCED_FACE ( 'NONE', ( #1929 ), #3612, .F. ) ;
#166 = CARTESIAN_POINT ( 'NONE',  ( -1.099908624052864200, 0.2552349245053750500, -1.124999999999999300 ) ) ;
#167 = CARTESIAN_POINT ( 'NONE',  ( 1.077767920093801700, 0.8892617309391303000, 0.8250000000000006200 ) ) ;
#168 = EDGE_CURVE ( 'NONE', #298, #2142, #3861, .T. ) ;
#169 = AXIS2_PLACEMENT_3D ( 'NONE', #1120, #2952, #2036 ) ;
#170 = CARTESIAN_POINT ( 'NONE',  ( 1.099908624052863700, 0.2552349245053751600, -0.8249999999999992900 ) ) ;
#171 = VECTOR ( 'NONE', #909, 1000.000000000000100 ) ;
#172 = VECTOR ( 'NONE', #959, 1000.000000000000000 ) ;
#173 = CARTESIAN_POINT ( 'NONE',  ( 0.6545302409155162600, 0.1500000000000004900, -1.500000000000000000 ) ) ;
#174 = LINE ( 'NONE', #2300, #3051 ) ;
#175 = AXIS2_PLACEMENT_3D ( 'NONE', #3746, #21, #2510 ) ;
#176 = CARTESIAN_POINT ( 'NONE',  ( 1.389536528938382300, 0.0000000000000000000, 0.8250000000000006200 ) ) ;
#177 = CARTESIAN_POINT ( 'NONE',  ( 1.399999999999999700, 0.1496346075389735600, -0.1749999999999993800 ) ) ;
#178 = EDGE_LOOP ( 'NONE', ( #3961, #3748, #3498, #1104 ) ) ;
#179 = DIRECTION ( 'NONE',  ( 0.0000000000000000000, 0.9848077530122080200, -0.1736481776669307200 ) ) ;
#180 = DIRECTION ( 'NONE',  ( -0.9975640502598247500, 0.06975647374411818300, 0.0000000000000000000 ) ) ;
#181 = LINE ( 'NONE', #366, #1206 ) ;
#182 = ORIENTED_EDGE ( 'NONE', *, *, #373, .F. ) ;
#183 = ORIENTED_EDGE ( 'NONE', *, *, #2376, .T. ) ;
#184 = ADVANCED_FACE ( 'NONE', ( #1015 ), #3557, .T. ) ;
#185 = DIRECTION ( 'NONE',  ( 0.0000000000000000000, 0.0000000000000000000, 1.000000000000000000 ) ) ;
#186 = LINE ( 'NONE', #1703, #911 ) ;
#187 = AXIS2_PLACEMENT_3D ( 'NONE', #688, #3098, #89 ) ;
#188 = ORIENTED_EDGE ( 'NONE', *, *, #1458, .T. ) ;
#189 = EDGE_LOOP ( 'NONE', ( #3177, #218, #3663, #2064, #4057, #209, #3691, #1516, #2719, #3080, #3474, #1626 ) ) ;
#190 = CIRCLE ( 'NONE', #3593, 0.09426292210543119100 ) ;
#191 = EDGE_CURVE ( 'NONE', #578, #2676, #1117, .T. ) ;
#192 = EDGE_CURVE ( 'NONE', #3665, #508, #3210, .T. ) ;
#193 = DIRECTION ( 'NONE',  ( -0.0000000000000000000, -0.0000000000000000000, -1.000000000000000000 ) ) ;
#194 = ORIENTED_EDGE ( 'NONE', *, *, #3456, .F. ) ;
#195 = CARTESIAN_POINT ( 'NONE',  ( 0.9278592960409376400, 0.8840268064337552000, 0.4750000000000005900 ) ) ;
#196 = DIRECTION ( 'NONE',  ( -0.03489949670250106600, -0.9993908270190956500, 0.0000000000000000000 ) ) ;
#197 = DIRECTION ( 'NONE',  ( -0.9975640502598248600, -0.06975647374411535200, 0.0000000000000000000 ) ) ;
#198 = EDGE_CURVE ( 'NONE', #3719, #2200, #2278, .T. ) ;
#199 = LINE ( 'NONE', #1126, #836 ) ;
#200 = EDGE_CURVE ( 'NONE', #556, #3261, #387, .T. ) ;
#201 = ORIENTED_EDGE ( 'NONE', *, *, #1160, .F. ) ;
#202 = ORIENTED_EDGE ( 'NONE', *, *, #294, .T. ) ;
#203 = LINE ( 'NONE', #1664, #3423 ) ;
#204 = ADVANCED_FACE ( 'NONE', ( #3760 ), #4070, .F. ) ;
#205 = CARTESIAN_POINT ( 'NONE',  ( 0.8000000000000012700, 0.9749999999999999800, 1.125000000000000700 ) ) ;
#206 = MANIFOLD_SOLID_BREP ( 'LPattern1[1]', #1382 ) ;
#207 = CARTESIAN_POINT ( 'NONE',  ( 0.9499999999999997300, 0.2500000000000000600, 0.4750000000000005900 ) ) ;
#208 = EDGE_LOOP ( 'NONE', ( #3499, #3478, #2302, #1760 ) ) ;
#209 = ORIENTED_EDGE ( 'NONE', *, *, #2424, .F. ) ;
#210 = DIRECTION ( 'NONE',  ( -0.03489949670250106600, -0.9993908270190956500, 0.0000000000000000000 ) ) ;
#211 = LINE ( 'NONE', #547, #3427 ) ;
#212 = ORIENTED_EDGE ( 'NONE', *, *, #2268, .T. ) ;
#213 = PRESENTATION_STYLE_ASSIGNMENT (( #995 ) ) ;
#214 = ORIENTED_EDGE ( 'NONE', *, *, #2820, .T. ) ;
#215 = CARTESIAN_POINT ( 'NONE',  ( 0.8000000000000009300, 1.125000000000000200, -0.8249999999999992900 ) ) ;
#216 = VERTEX_POINT ( 'NONE', #3004 ) ;
#217 = LINE ( 'NONE', #3189, #2062 ) ;
#218 = ORIENTED_EDGE ( 'NONE', *, *, #3900, .F. ) ;
#219 = ORIENTED_EDGE ( 'NONE', *, *, #2124, .T. ) ;
#220 = AXIS2_PLACEMENT_3D ( 'NONE', #2655, #2699, #2970 ) ;
#221 = VECTOR ( 'NONE', #2919, 1000.000000000000000 ) ;
#222 = DIRECTION ( 'NONE',  ( -0.03489949670250106600, -0.9993908270190956500, 0.0000000000000000000 ) ) ;
#223 = EDGE_CURVE ( 'NONE', #3777, #1849, #190, .T. ) ;
#224 = DIRECTION ( 'NONE',  ( -0.0000000000000000000, -0.0000000000000000000, -1.000000000000000000 ) ) ;
#225 = LINE ( 'NONE', #1105, #3542 ) ;
#226 = DIRECTION ( 'NONE',  ( -0.0000000000000000000, -0.0000000000000000000, -1.000000000000000000 ) ) ;
#227 = ADVANCED_FACE ( 'NONE', ( #2087 ), #490, .F. ) ;
#228 = CARTESIAN_POINT ( 'NONE',  ( -0.8336537963607542100, 0.8807370778945685700, 0.4750000000000005900 ) ) ;
#229 = ORIENTED_EDGE ( 'NONE', *, *, #2115, .T. ) ;
#230 = AXIS2_PLACEMENT_3D ( 'NONE', #148, #3303, #1724 ) ;
#231 = VERTEX_POINT ( 'NONE', #386 ) ;
#232 = VECTOR ( 'NONE', #3882, 1000.000000000000000 ) ;
#233 = PLANE ( 'NONE',  #1344 ) ;
#234 = ORIENTED_EDGE ( 'NONE', *, *, #2400, .F. ) ;
#235 = DIRECTION ( 'NONE',  ( -0.0000000000000000000, -0.0000000000000000000, -1.000000000000000000 ) ) ;
#236 = ORIENTED_EDGE ( 'NONE', *, *, #2065, .T. ) ;
#237 = DIRECTION ( 'NONE',  ( 1.932980447489556100E-014, -1.000000000000000000, 0.0000000000000000000 ) ) ;
#238 = EDGE_LOOP ( 'NONE', ( #2834, #2000, #3018, #1186 ) ) ;
#239 = CARTESIAN_POINT ( 'NONE',  ( -0.9500000000000001800, 0.2500000000000000600, -0.8249999999999992900 ) ) ;
#240 = VERTEX_POINT ( 'NONE', #2513 ) ;
#241 = STYLED_ITEM ( 'NONE', ( #259 ), #1936 ) ;
#242 = EDGE_CURVE ( 'NONE', #2518, #79, #534, .T. ) ;
#243 = STYLED_ITEM ( 'NONE', ( #573 ), #403 ) ;
#244 = ADVANCED_FACE ( 'NONE', ( #3455 ), #649, .F. ) ;
#245 = DIRECTION ( 'NONE',  ( 0.0000000000000000000, 0.0000000000000000000, 1.000000000000000000 ) ) ;
#246 = CIRCLE ( 'NONE', #3875, 0.09426292210543098200 ) ;
#247 = PLANE ( 'NONE',  #2766 ) ;
#248 = ORIENTED_EDGE ( 'NONE', *, *, #3953, .T. ) ;
#249 = DIRECTION ( 'NONE',  ( -0.0000000000000000000, -0.0000000000000000000, -1.000000000000000000 ) ) ;
#250 = CYLINDRICAL_SURFACE ( 'NONE', #2019, 0.09426292210543163500 ) ;
#251 = DIRECTION ( 'NONE',  ( 0.0000000000000000000, 0.0000000000000000000, 1.000000000000000000 ) ) ;
#252 = ORIENTED_EDGE ( 'NONE', *, *, #3191, .T. ) ;
#253 = CYLINDRICAL_SURFACE ( 'NONE', #954, 0.2442629221054309400 ) ;
#254 = EDGE_CURVE ( 'NONE', #3849, #2363, #3662, .T. ) ;
#255 = ORIENTED_EDGE ( 'NONE', *, *, #2376, .F. ) ;
#256 = ORIENTED_EDGE ( 'NONE', *, *, #746, .F. ) ;
#257 = VECTOR ( 'NONE', #3653, 1000.000000000000000 ) ;
#258 = ORIENTED_EDGE ( 'NONE', *, *, #469, .T. ) ;
#259 = PRESENTATION_STYLE_ASSIGNMENT (( #2176 ) ) ;
#261 = ORIENTED_EDGE ( 'NONE', *, *, #3839, .T. ) ;
#260 = DIRECTION ( 'NONE',  ( -0.9993908270190957600, -0.03489949670250142000, 0.0000000000000000000 ) ) ;
#262 = PRESENTATION_STYLE_ASSIGNMENT (( #1395 ) ) ;
#263 = VERTEX_POINT ( 'NONE', #3441 ) ;
#264 = CARTESIAN_POINT ( 'NONE',  ( -0.6545302409155150400, 0.1500000000000004900, 1.499999999999998000 ) ) ;
#265 = AXIS2_PLACEMENT_3D ( 'NONE', #1386, #1371, #3547 ) ;
#266 = FACE_OUTER_BOUND ( 'NONE', #2702, .T. ) ;
#267 = ADVANCED_FACE ( 'NONE', ( #2812 ), #1572, .T. ) ;
#268 = CARTESIAN_POINT ( 'NONE',  ( -0.8336537963607542100, 0.9749999999999996400, 0.1750000000000006800 ) ) ;
#269 = VECTOR ( 'NONE', #2908, 1000.000000000000000 ) ;
#270 = AXIS2_PLACEMENT_3D ( 'NONE', #1987, #1669, #3581 ) ;
#271 = LINE ( 'NONE', #1404, #471 ) ;
#272 = DIRECTION ( 'NONE',  ( 1.000000000000000000, 0.0000000000000000000, 0.0000000000000000000 ) ) ;
#273 = EDGE_CURVE ( 'NONE', #2978, #11, #332, .T. ) ;
#274 = DIRECTION ( 'NONE',  ( 0.03489949670250141300, -0.9993908270190956500, 0.0000000000000000000 ) ) ;
#275 = CARTESIAN_POINT ( 'NONE',  ( -0.8000000000000016000, 0.9749999999999999800, -0.8249999999999992900 ) ) ;
#276 = CLOSED_SHELL ( 'NONE', ( #3065, #2579, #244, #2825, #1241, #1432, #2098, #1205, #1577, #1773, #2693, #3649, #3490, #969 ) ) ;
#277 = CARTESIAN_POINT ( 'NONE',  ( -0.8000000000000014900, 1.125000000000000000, -0.1749999999999993800 ) ) ;
#278 = VECTOR ( 'NONE', #521, 1000.000000000000000 ) ;
#279 = MANIFOLD_SOLID_BREP ( 'LPattern1[2]', #1251 ) ;
#280 = ORIENTED_EDGE ( 'NONE', *, *, #4027, .F. ) ;
#281 = EDGE_LOOP ( 'NONE', ( #2204, #3011, #811, #1248 ) ) ;
#282 = AXIS2_PLACEMENT_3D ( 'NONE', #3590, #146, #483 ) ;
#283 = ORIENTED_EDGE ( 'NONE', *, *, #1726, .F. ) ;
#284 = ADVANCED_FACE ( 'NONE', ( #2621 ), #1889, .F. ) ;
#285 = VERTEX_POINT ( 'NONE', #3492 ) ;
#286 = CARTESIAN_POINT ( 'NONE',  ( 1.389536528938382100, 0.0000000000000000000, 0.4750000000000005900 ) ) ;
#287 = PRESENTATION_STYLE_ASSIGNMENT (( #1711 ) ) ;
#288 = EDGE_CURVE ( 'NONE', #3852, #2252, #1633, .T. ) ;
#289 = CARTESIAN_POINT ( 'NONE',  ( 1.187538674682155900, 0.1644913506797416000, 0.1750000000000006800 ) ) ;
#290 = DIRECTION ( 'NONE',  ( 0.9975640502598248600, 0.06975647374411599000, -0.0000000000000000000 ) ) ;
#291 = VERTEX_POINT ( 'NONE', #38 ) ;
#292 = DIRECTION ( 'NONE',  ( 0.03489949670250141300, 0.9993908270190956500, -0.0000000000000000000 ) ) ;
#293 = AXIS2_PLACEMENT_3D ( 'NONE', #1738, #3983, #2024 ) ;
#294 = EDGE_CURVE ( 'NONE', #3963, #82, #1253, .T. ) ;
#295 = PLANE ( 'NONE',  #1537 ) ;
#296 = VECTOR ( 'NONE', #2069, 1000.000000000000000 ) ;
#297 = DIRECTION ( 'NONE',  ( -0.06975647374411599000, 0.9975640502598249700, 0.0000000000000000000 ) ) ;
#298 = VERTEX_POINT ( 'NONE', #1582 ) ;
#299 = DIRECTION ( 'NONE',  ( -0.0000000000000000000, -0.0000000000000000000, -1.000000000000000000 ) ) ;
#300 = DIRECTION ( 'NONE',  ( 0.03489949670250141300, -0.9993908270190956500, 0.0000000000000000000 ) ) ;
#301 = ORIENTED_EDGE ( 'NONE', *, *, #3998, .T. ) ;
#302 = ADVANCED_FACE ( 'NONE', ( #2488 ), #2028, .T. ) ;
#303 = SURFACE_STYLE_FILL_AREA ( #834 ) ;
#304 = DIRECTION ( 'NONE',  ( -0.0000000000000000000, -0.0000000000000000000, -1.000000000000000000 ) ) ;
#305 = AXIS2_PLACEMENT_3D ( 'NONE', #2374, #226, #552 ) ;
#306 = ORIENTED_EDGE ( 'NONE', *, *, #396, .T. ) ;
#307 = COLOUR_RGB ( '',0.7921568627450980000, 0.8196078431372548800, 0.9333333333333333500 ) ;
#308 = VERTEX_POINT ( 'NONE', #675 ) ;
#309 = DIRECTION ( 'NONE',  ( 0.0000000000000000000, 0.0000000000000000000, -1.000000000000000000 ) ) ;
#310 = VERTEX_POINT ( 'NONE', #1919 ) ;
#311 = VECTOR ( 'NONE', #2226, 1000.000000000000000 ) ;
#312 = ORIENTED_EDGE ( 'NONE', *, *, #1542, .T. ) ;
#313 = ORIENTED_EDGE ( 'NONE', *, *, #1110, .F. ) ;
#314 = CARTESIAN_POINT ( 'NONE',  ( -0.7999999999999993800, 1.125000000000000000, -1.499999999999999600 ) ) ;
#315 = LINE ( 'NONE', #2156, #1530 ) ;
#316 = CARTESIAN_POINT ( 'NONE',  ( -0.8000000000000013800, 1.125000000000000000, 0.1750000000000006800 ) ) ;
#317 = DIRECTION ( 'NONE',  ( -0.06975647374411661500, -0.9975640502598248600, 0.0000000000000000000 ) ) ;
#318 = VECTOR ( 'NONE', #733, 1000.000000000000000 ) ;
#319 = EDGE_CURVE ( 'NONE', #3068, #291, #1460, .T. ) ;
#320 = EDGE_CURVE ( 'NONE', #2907, #3825, #960, .T. ) ;
#321 = CARTESIAN_POINT ( 'NONE',  ( -1.077767920093802000, 0.8892617309391303000, -0.8249999999999992900 ) ) ;
#322 = ORIENTED_EDGE ( 'NONE', *, *, #1032, .F. ) ;
#323 = ADVANCED_FACE ( 'NONE', ( #3501 ), #3156, .T. ) ;
#324 = CARTESIAN_POINT ( 'NONE',  ( -0.7999999999999988200, 1.449999999999999500, 1.442693731269747000 ) ) ;
#325 = VERTEX_POINT ( 'NONE', #1632 ) ;
#326 = LINE ( 'NONE', #1728, #278 ) ;
#327 = CARTESIAN_POINT ( 'NONE',  ( -1.187538674682156300, 0.1644913506797410500, -0.1749999999999993800 ) ) ;
#328 = DIRECTION ( 'NONE',  ( -0.0000000000000000000, -0.0000000000000000000, -1.000000000000000000 ) ) ;
#329 = ORIENTED_EDGE ( 'NONE', *, *, #2268, .F. ) ;
#330 = EDGE_CURVE ( 'NONE', #3836, #1659, #2666, .T. ) ;
#331 = VERTEX_POINT ( 'NONE', #2626 ) ;
#332 = CIRCLE ( 'NONE', #871, 0.09426292210543119100 ) ;
#333 = ORIENTED_EDGE ( 'NONE', *, *, #3998, .F. ) ;
#334 =( GEOMETRIC_REPRESENTATION_CONTEXT ( 3 ) GLOBAL_UNCERTAINTY_ASSIGNED_CONTEXT ( ( #1180 ) ) GLOBAL_UNIT_ASSIGNED_CONTEXT ( ( #1137, #3595, #780 ) ) REPRESENTATION_CONTEXT ( 'NONE', 'WORKASPACE' ) );
#335 = DIRECTION ( 'NONE',  ( 0.0000000000000000000, 0.0000000000000000000, 1.000000000000000000 ) ) ;
#336 = ORIENTED_EDGE ( 'NONE', *, *, #4060, .F. ) ;
#337 = DIRECTION ( 'NONE',  ( -0.03489949670250141300, 0.9993908270190956500, 0.0000000000000000000 ) ) ;
#338 = EDGE_CURVE ( 'NONE', #1026, #984, #1401, .T. ) ;
#339 = CARTESIAN_POINT ( 'NONE',  ( -1.194114123733047700, 0.2585246530445617900, -0.1749999999999993800 ) ) ;
#340 = VECTOR ( 'NONE', #760, 1000.000000000000000 ) ;
#341 = DIRECTION ( 'NONE',  ( 0.9993908270190957600, -0.03489949670250107300, 0.0000000000000000000 ) ) ;
#342 =( LENGTH_UNIT ( ) NAMED_UNIT ( * ) SI_UNIT ( .MILLI., .METRE. ) );
#343 = ORIENTED_EDGE ( 'NONE', *, *, #2667, .F. ) ;
#344 = FACE_OUTER_BOUND ( 'NONE', #4019, .T. ) ;
#345 = EDGE_CURVE ( 'NONE', #2760, #2648, #1113, .T. ) ;
#346 = DIRECTION ( 'NONE',  ( -0.0000000000000000000, -1.000000000000000000, -0.0000000000000000000 ) ) ;
#347 = ORIENTED_EDGE ( 'NONE', *, *, #616, .T. ) ;
#348 = EDGE_CURVE ( 'NONE', #3458, #1836, #2126, .T. ) ;
#349 = LINE ( 'NONE', #264, #1800 ) ;
#350 = CARTESIAN_POINT ( 'NONE',  ( 0.8336537963607541000, 1.124999999999999800, 0.8250000000000006200 ) ) ;
#351 = ORIENTED_EDGE ( 'NONE', *, *, #848, .F. ) ;
#352 = ORIENTED_EDGE ( 'NONE', *, *, #57, .F. ) ;
#353 = ORIENTED_EDGE ( 'NONE', *, *, #1668, .F. ) ;
#354 = VECTOR ( 'NONE', #1103, 1000.000000000000000 ) ;
#355 = DIRECTION ( 'NONE',  ( 1.000000000000000000, 0.0000000000000000000, 0.0000000000000000000 ) ) ;
#356 = DIRECTION ( 'NONE',  ( -0.0000000000000000000, 1.000000000000000000, -0.0000000000000000000 ) ) ;
#357 = DIRECTION ( 'NONE',  ( 0.0000000000000000000, 0.0000000000000000000, 1.000000000000000000 ) ) ;
#358 = ORIENTED_EDGE ( 'NONE', *, *, #2788, .F. ) ;
#359 = DIRECTION ( 'NONE',  ( 1.000000000000000000, 0.0000000000000000000, 0.0000000000000000000 ) ) ;
#360 = FACE_OUTER_BOUND ( 'NONE', #2635, .T. ) ;
#361 = VERTEX_POINT ( 'NONE', #1317 ) ;
#362 = AXIS2_PLACEMENT_3D ( 'NONE', #1764, #1474, #3678 ) ;
#363 = VECTOR ( 'NONE', #3081, 1000.000000000000000 ) ;
#364 = LINE ( 'NONE', #2520, #1384 ) ;
#365 = ADVANCED_FACE ( 'NONE', ( #4064 ), #3506, .F. ) ;
#366 = CARTESIAN_POINT ( 'NONE',  ( 1.177075203620538500, 0.01485674314076785600, 1.125000000000000700 ) ) ;
#367 = SURFACE_STYLE_FILL_AREA ( #3906 ) ;
#368 = CARTESIAN_POINT ( 'NONE',  ( -1.099908624052863900, 0.2552349245053750500, -0.1749999999999993800 ) ) ;
#369 = CARTESIAN_POINT ( 'NONE',  ( 0.8336537963607539800, 0.8807370778945685700, 0.4750000000000005900 ) ) ;
#370 = CARTESIAN_POINT ( 'NONE',  ( -1.400000000000000100, 0.1496346075389733400, 0.1750000000000006800 ) ) ;
#371 = AXIS2_PLACEMENT_3D ( 'NONE', #1489, #2711, #1164 ) ;
#372 = CARTESIAN_POINT ( 'NONE',  ( -1.389536528938382300, 0.0000000000000000000, 0.8250000000000006200 ) ) ;
#373 = EDGE_CURVE ( 'NONE', #2524, #715, #1299, .T. ) ;
#374 = ORIENTED_EDGE ( 'NONE', *, *, #1229, .T. ) ;
#375 = VECTOR ( 'NONE', #4002, 1000.000000000000000 ) ;
#376 = DIRECTION ( 'NONE',  ( -0.0000000000000000000, -0.0000000000000000000, -1.000000000000000000 ) ) ;
#377 = ORIENTED_EDGE ( 'NONE', *, *, #1159, .F. ) ;
#378 = VERTEX_POINT ( 'NONE', #3241 ) ;
#379 = DIRECTION ( 'NONE',  ( -1.000000000000000000, 0.0000000000000000000, 0.0000000000000000000 ) ) ;
#380 = LINE ( 'NONE', #589, #2223 ) ;
#381 = ORIENTED_EDGE ( 'NONE', *, *, #3050, .F. ) ;
#382 = ADVANCED_FACE ( 'NONE', ( #3110 ), #1647, .T. ) ;
#383 = ORIENTED_EDGE ( 'NONE', *, *, #1691, .T. ) ;
#384 = CARTESIAN_POINT ( 'NONE',  ( -0.4572970168999269700, 1.449999999999999500, -1.129092482447643800 ) ) ;
#385 = AXIS2_PLACEMENT_3D ( 'NONE', #3338, #1141, #2681 ) ;
#386 = CARTESIAN_POINT ( 'NONE',  ( -0.8000000000000014900, 0.9749999999999999800, -0.1749999999999993800 ) ) ;
#387 = LINE ( 'NONE', #2672, #1834 ) ;
#388 = DIRECTION ( 'NONE',  ( 0.0000000000000000000, 0.0000000000000000000, 1.000000000000000000 ) ) ;
#389 = SURFACE_SIDE_STYLE ('',( #845 ) ) ;
#390 = ORIENTED_EDGE ( 'NONE', *, *, #2210, .F. ) ;
#391 = DIRECTION ( 'NONE',  ( -1.000000000000000000, 0.0000000000000000000, 0.0000000000000000000 ) ) ;
#392 = FACE_OUTER_BOUND ( 'NONE', #2630, .T. ) ;
#393 = ORIENTED_EDGE ( 'NONE', *, *, #1292, .T. ) ;
#394 = DIRECTION ( 'NONE',  ( -1.000000000000000000, 0.0000000000000000000, 0.0000000000000000000 ) ) ;
#395 = EDGE_CURVE ( 'NONE', #216, #2813, #1827, .T. ) ;
#396 = EDGE_CURVE ( 'NONE', #1346, #2676, #2963, .T. ) ;
#397 = DIRECTION ( 'NONE',  ( -0.0000000000000000000, -0.0000000000000000000, -1.000000000000000000 ) ) ;
#398 = CARTESIAN_POINT ( 'NONE',  ( 1.399999999999999500, 0.1496346075389735600, -0.8249999999999992900 ) ) ;
#399 = ORIENTED_EDGE ( 'NONE', *, *, #970, .T. ) ;
#400 = LINE ( 'NONE', #3645, #1369 ) ;
#401 = LINE ( 'NONE', #2612, #2591 ) ;
#402 = ADVANCED_FACE ( 'NONE', ( #1924 ), #485, .F. ) ;
#403 = MANIFOLD_SOLID_BREP ( 'Cut-Extrude1', #103 ) ;
#404 = CARTESIAN_POINT ( 'NONE',  ( -1.400000000000000100, 0.1496346075389733400, -0.4749999999999993100 ) ) ;
#405 = ORIENTED_EDGE ( 'NONE', *, *, #1257, .F. ) ;
#406 = VECTOR ( 'NONE', #1868, 1000.000000000000000 ) ;
#407 = EDGE_CURVE ( 'NONE', #3313, #1501, #771, .T. ) ;
#408 = ORIENTED_EDGE ( 'NONE', *, *, #2977, .F. ) ;
#409 = CARTESIAN_POINT ( 'NONE',  ( -0.8000000000000014900, 1.125000000000000000, -0.1749999999999993800 ) ) ;
#410 = ORIENTED_EDGE ( 'NONE', *, *, #2625, .T. ) ;
#411 = VECTOR ( 'NONE', #1316, 1000.000000000000000 ) ;
#412 = ORIENTED_EDGE ( 'NONE', *, *, #3253, .F. ) ;
#413 = VECTOR ( 'NONE', #1246, 1000.000000000000000 ) ;
#414 = EDGE_CURVE ( 'NONE', #3151, #1584, #1734, .T. ) ;
#415 = CARTESIAN_POINT ( 'NONE',  ( 0.8000000000000011500, 0.9749999999999999800, 0.4750000000000005900 ) ) ;
#416 = CARTESIAN_POINT ( 'NONE',  ( 0.8336537963607537600, 0.8807370778945685700, -1.124999999999999300 ) ) ;
#417 = DIRECTION ( 'NONE',  ( -1.000000000000000000, 0.0000000000000000000, 0.0000000000000000000 ) ) ;
#418 = FACE_OUTER_BOUND ( 'NONE', #4037, .T. ) ;
#419 = PLANE ( 'NONE',  #2327 ) ;
#420 = ORIENTED_EDGE ( 'NONE', *, *, #1283, .F. ) ;
#421 = DIRECTION ( 'NONE',  ( -0.9975640502598248600, 0.06975647374411662900, -0.0000000000000000000 ) ) ;
#422 =( LENGTH_UNIT ( ) NAMED_UNIT ( * ) SI_UNIT ( .MILLI., .METRE. ) );
#423 = DIRECTION ( 'NONE',  ( -0.0000000000000000000, -0.0000000000000000000, -1.000000000000000000 ) ) ;
#424 = CARTESIAN_POINT ( 'NONE',  ( 0.8336537963607539800, 1.124999999999999800, 0.1750000000000006800 ) ) ;
#425 = VERTEX_POINT ( 'NONE', #3256 ) ;
#426 = DIRECTION ( 'NONE',  ( 0.9975640502598248600, 0.06975647374411535200, 0.0000000000000000000 ) ) ;
#427 = EDGE_LOOP ( 'NONE', ( #1322, #3809, #792, #1780 ) ) ;
#428 = DIRECTION ( 'NONE',  ( -1.000000000000000000, 0.0000000000000000000, 0.0000000000000000000 ) ) ;
#429 = LINE ( 'NONE', #475, #3552 ) ;
#430 = EDGE_CURVE ( 'NONE', #133, #2503, #1502, .T. ) ;
#431 = DIRECTION ( 'NONE',  ( -1.000000000000000000, 0.0000000000000000000, 0.0000000000000000000 ) ) ;
#432 = ORIENTED_EDGE ( 'NONE', *, *, #2502, .T. ) ;
#433 = ORIENTED_EDGE ( 'NONE', *, *, #3675, .T. ) ;
#434 = DIRECTION ( 'NONE',  ( 0.0000000000000000000, 0.0000000000000000000, 1.000000000000000000 ) ) ;
#435 = VERTEX_POINT ( 'NONE', #778 ) ;
#436 = CARTESIAN_POINT ( 'NONE',  ( 0.8336537963607538700, 0.9749999999999997600, -0.1749999999999993800 ) ) ;
#437 = EDGE_LOOP ( 'NONE', ( #553, #1398, #2683, #3709, #3249, #3729, #1627, #152, #2918, #3905, #1540, #2270 ) ) ;
#438 = CARTESIAN_POINT ( 'NONE',  ( -0.9278592960409378600, 0.8840268064337552000, 0.4750000000000005900 ) ) ;
#439 =( NAMED_UNIT ( * ) SI_UNIT ( $, .STERADIAN. ) SOLID_ANGLE_UNIT ( ) );
#440 = AXIS2_PLACEMENT_3D ( 'NONE', #3957, #4008, #1465 ) ;
#441 = CARTESIAN_POINT ( 'NONE',  ( -1.177075203620538700, 0.01485674314076785600, -0.1749999999999993800 ) ) ;
#442 = DIRECTION ( 'NONE',  ( 0.0000000000000000000, -0.0000000000000000000, 1.000000000000000000 ) ) ;
#443 = FACE_OUTER_BOUND ( 'NONE', #1231, .T. ) ;
#444 = CARTESIAN_POINT ( 'NONE',  ( -1.194114123733047700, 0.2585246530445617900, 0.4750000000000005900 ) ) ;
#445 = ORIENTED_EDGE ( 'NONE', *, *, #144, .F. ) ;
#446 = PLANE ( 'NONE',  #3382 ) ;
#447 = PRODUCT_CONTEXT ( 'NONE', #101, 'mechanical' ) ;
#448 = AXIS2_PLACEMENT_3D ( 'NONE', #3213, #1675, #1358 ) ;
#449 =( GEOMETRIC_REPRESENTATION_CONTEXT ( 3 ) GLOBAL_UNCERTAINTY_ASSIGNED_CONTEXT ( ( #1427 ) ) GLOBAL_UNIT_ASSIGNED_CONTEXT ( ( #3559, #1641, #2312 ) ) REPRESENTATION_CONTEXT ( 'NONE', 'WORKASPACE' ) );
#450 = ORIENTED_EDGE ( 'NONE', *, *, #1982, .T. ) ;
#451 = VECTOR ( 'NONE', #3367, 1000.000000000000000 ) ;
#452 = CARTESIAN_POINT ( 'NONE',  ( -1.177075203620539000, 0.01485674314076785600, -1.124999999999999300 ) ) ;
#453 = ORIENTED_EDGE ( 'NONE', *, *, #242, .T. ) ;
#454 = EDGE_CURVE ( 'NONE', #1659, #3684, #2333, .T. ) ;
#455 = AXIS2_PLACEMENT_3D ( 'NONE', #2631, #2905, #465 ) ;
#456 = DIRECTION ( 'NONE',  ( 1.000000000000000000, -9.664902237447750300E-015, 0.0000000000000000000 ) ) ;
#457 = CARTESIAN_POINT ( 'NONE',  ( 1.177075203620538300, 0.01485674314076785600, 0.1750000000000006800 ) ) ;
#458 = ORIENTED_EDGE ( 'NONE', *, *, #1640, .T. ) ;
#459 = PLANE ( 'NONE',  #1494 ) ;
#460 = VECTOR ( 'NONE', #2369, 1000.000000000000000 ) ;
#461 = ORIENTED_EDGE ( 'NONE', *, *, #2304, .F. ) ;
#462 = DIRECTION ( 'NONE',  ( -1.000000000000000000, 0.0000000000000000000, 0.0000000000000000000 ) ) ;
#463 = VECTOR ( 'NONE', #2895, 1000.000000000000000 ) ;
#464 = ORIENTED_EDGE ( 'NONE', *, *, #1640, .F. ) ;
#465 = DIRECTION ( 'NONE',  ( 1.000000000000000000, 0.0000000000000000000, 0.0000000000000000000 ) ) ;
#466 = LINE ( 'NONE', #853, #2157 ) ;
#467 = LINE ( 'NONE', #3811, #2947 ) ;
#468 = CARTESIAN_POINT ( 'NONE',  ( -1.194114123733047900, 0.2585246530445617900, -1.124999999999999300 ) ) ;
#469 = EDGE_CURVE ( 'NONE', #2220, #3043, #80, .T. ) ;
#470 = PLANE ( 'NONE',  #102 ) ;
#471 = VECTOR ( 'NONE', #2023, 1000.000000000000000 ) ;
#472 = CARTESIAN_POINT ( 'NONE',  ( -0.4572970168999269700, 1.449999999999999500, -1.129092482447643800 ) ) ;
#473 = DIRECTION ( 'NONE',  ( -0.06975647374411818300, -0.9975640502598247500, 0.0000000000000000000 ) ) ;
#474 = ADVANCED_FACE ( 'NONE', ( #1786 ), #484, .F. ) ;
#475 = CARTESIAN_POINT ( 'NONE',  ( -0.7999999999999988200, 1.125000000000000000, 1.499999999999998000 ) ) ;
#476 = ORIENTED_EDGE ( 'NONE', *, *, #3703, .T. ) ;
#477 = AXIS2_PLACEMENT_3D ( 'NONE', #384, #991, #1945 ) ;
#478 = CARTESIAN_POINT ( 'NONE',  ( -0.9278592960409379800, 0.8840268064337552000, -0.1749999999999993800 ) ) ;
#479 = CIRCLE ( 'NONE', #581, 0.2442629221054311600 ) ;
#480 = ORIENTED_EDGE ( 'NONE', *, *, #319, .F. ) ;
#481 = EDGE_LOOP ( 'NONE', ( #1484, #23 ) ) ;
#482 = DIRECTION ( 'NONE',  ( -0.0000000000000000000, -0.0000000000000000000, -1.000000000000000000 ) ) ;
#483 = DIRECTION ( 'NONE',  ( 1.000000000000000000, 0.0000000000000000000, 0.0000000000000000000 ) ) ;
#484 = PLANE ( 'NONE',  #169 ) ;
#485 = CYLINDRICAL_SURFACE ( 'NONE', #2871, 0.09426292210543119100 ) ;
#486 = LINE ( 'NONE', #2728, #3258 ) ;
#487 = ORIENTED_EDGE ( 'NONE', *, *, #3892, .F. ) ;
#488 = CARTESIAN_POINT ( 'NONE',  ( -0.9278592960409378600, 0.8840268064337552000, 0.1750000000000006800 ) ) ;
#489 = ORIENTED_EDGE ( 'NONE', *, *, #655, .T. ) ;
#490 = CYLINDRICAL_SURFACE ( 'NONE', #1820, 0.09426292210543141300 ) ;
#491 = EDGE_CURVE ( 'NONE', #3558, #2542, #3257, .T. ) ;
#492 = CARTESIAN_POINT ( 'NONE',  ( -0.8000000000000016000, 1.125000000000000000, -1.124999999999999300 ) ) ;
#493 = ORIENTED_EDGE ( 'NONE', *, *, #3829, .T. ) ;
#494 = FACE_OUTER_BOUND ( 'NONE', #1115, .T. ) ;
#495 = CARTESIAN_POINT ( 'NONE',  ( 0.0000000000000000000, 1.449999999999999500, 0.0000000000000000000 ) ) ;
#496 = ADVANCED_FACE ( 'NONE', ( #4017 ), #3591, .F. ) ;
#497 = AXIS2_PLACEMENT_3D ( 'NONE', #947, #3121, #976 ) ;
#498 = CARTESIAN_POINT ( 'NONE',  ( -0.7999999999999988200, 0.9749999999999999800, 1.499999999999998000 ) ) ;
#499 = CARTESIAN_POINT ( 'NONE',  ( -1.187538674682156300, 0.1644913506797411300, -0.4749999999999993100 ) ) ;
#500 = FILL_AREA_STYLE_COLOUR ( '', #1198 ) ;
#501 = VECTOR ( 'NONE', #3979, 1000.000000000000000 ) ;
#502 = PLANE ( 'NONE',  #2534 ) ;
#503 = VERTEX_POINT ( 'NONE', #3936 ) ;
#504 = CARTESIAN_POINT ( 'NONE',  ( 1.389536528938382100, 0.0000000000000000000, -0.1749999999999993800 ) ) ;
#505 = VERTEX_POINT ( 'NONE', #3922 ) ;
#506 = LINE ( 'NONE', #2338, #3932 ) ;
#507 = CARTESIAN_POINT ( 'NONE',  ( -0.8000000000000014900, 1.125000000000000000, -0.4749999999999993100 ) ) ;
#508 = VERTEX_POINT ( 'NONE', #2020 ) ;
#509 = VERTEX_POINT ( 'NONE', #167 ) ;
#510 = AXIS2_PLACEMENT_3D ( 'NONE', #2685, #3670, #2378 ) ;
#511 = AXIS2_PLACEMENT_3D ( 'NONE', #2495, #920, #3768 ) ;
#512 = ORIENTED_EDGE ( 'NONE', *, *, #3707, .F. ) ;
#513 = EDGE_CURVE ( 'NONE', #2735, #1923, #186, .T. ) ;
#514 = CARTESIAN_POINT ( 'NONE',  ( 0.8000000000000000400, 0.9749999999999999800, -1.500000000000000000 ) ) ;
#515 = CARTESIAN_POINT ( 'NONE',  ( -1.194114123733047700, 0.2585246530445617900, 0.4750000000000005900 ) ) ;
#516 = FACE_OUTER_BOUND ( 'NONE', #2423, .T. ) ;
#517 = LINE ( 'NONE', #2876, #3947 ) ;
#518 = CARTESIAN_POINT ( 'NONE',  ( 1.077767920093801700, 0.8892617309391303000, 1.125000000000000700 ) ) ;
#519 = LINE ( 'NONE', #1872, #559 ) ;
#520 = ADVANCED_FACE ( 'NONE', ( #3913 ), #2368, .T. ) ;
#521 = DIRECTION ( 'NONE',  ( -0.0000000000000000000, -0.0000000000000000000, -1.000000000000000000 ) ) ;
#522 = VECTOR ( 'NONE', #3539, 1000.000000000000000 ) ;
#523 = DIRECTION ( 'NONE',  ( -1.000000000000000000, 9.664902237447748700E-015, 0.0000000000000000000 ) ) ;
#524 = DIRECTION ( 'NONE',  ( -1.000000000000000000, 0.0000000000000000000, 0.0000000000000000000 ) ) ;
#525 = EDGE_LOOP ( 'NONE', ( #2195, #3741, #405, #1116 ) ) ;
#526 = DIRECTION ( 'NONE',  ( -1.000000000000000000, 1.288653631659700000E-014, -0.0000000000000000000 ) ) ;
#527 = ORIENTED_EDGE ( 'NONE', *, *, #1517, .T. ) ;
#528 = ORIENTED_EDGE ( 'NONE', *, *, #373, .T. ) ;
#529 = DIRECTION ( 'NONE',  ( -0.0000000000000000000, -0.0000000000000000000, -1.000000000000000000 ) ) ;
#530 = VECTOR ( 'NONE', #1672, 1000.000000000000000 ) ;
#531 = AXIS2_PLACEMENT_3D ( 'NONE', #495, #1087, #2607 ) ;
#532 = VERTEX_POINT ( 'NONE', #2199 ) ;
#533 = ORIENTED_EDGE ( 'NONE', *, *, #608, .T. ) ;
#534 = CIRCLE ( 'NONE', #3954, 0.1215028102841714700 ) ;
#535 = EDGE_CURVE ( 'NONE', #1245, #774, #2484, .T. ) ;
#536 = EDGE_CURVE ( 'NONE', #939, #3007, #713, .T. ) ;
#537 = ADVANCED_FACE ( 'NONE', ( #3062 ), #3794, .F. ) ;
#538 = CARTESIAN_POINT ( 'NONE',  ( 1.194114123733047300, 0.2585246530445617900, -0.1749999999999993800 ) ) ;
#539 = ORIENTED_EDGE ( 'NONE', *, *, #1048, .T. ) ;
#540 = CARTESIAN_POINT ( 'NONE',  ( -0.9499999999999999600, 0.2500000000000000600, 0.4750000000000005900 ) ) ;
#541 = CARTESIAN_POINT ( 'NONE',  ( 0.8000000000000011500, 1.125000000000000200, 0.4750000000000005900 ) ) ;
#542 = CARTESIAN_POINT ( 'NONE',  ( -1.177075203620538700, 0.01485674314076785600, -0.1749999999999993800 ) ) ;
#543 = VECTOR ( 'NONE', #2387, 1000.000000000000000 ) ;
#544 = EDGE_CURVE ( 'NONE', #737, #3856, #1628, .T. ) ;
#545 = LINE ( 'NONE', #316, #149 ) ;
#546 = AXIS2_PLACEMENT_3D ( 'NONE', #215, #3030, #3340 ) ;
#547 = CARTESIAN_POINT ( 'NONE',  ( 1.177075203620538300, 0.01485674314076785600, -0.1749999999999993800 ) ) ;
#548 = CARTESIAN_POINT ( 'NONE',  ( -1.400000000000000400, 0.1496346075389733400, -0.8249999999999992900 ) ) ;
#549 = VECTOR ( 'NONE', #1240, 1000.000000000000000 ) ;
#550 = ORIENTED_EDGE ( 'NONE', *, *, #41, .F. ) ;
#551 = EDGE_CURVE ( 'NONE', #2791, #578, #3965, .T. ) ;
#552 = DIRECTION ( 'NONE',  ( -1.000000000000000000, 0.0000000000000000000, 0.0000000000000000000 ) ) ;
#553 = ORIENTED_EDGE ( 'NONE', *, *, #1874, .F. ) ;
#554 = DIRECTION ( 'NONE',  ( 0.0000000000000000000, 0.0000000000000000000, 1.000000000000000000 ) ) ;
#555 = ADVANCED_FACE ( 'NONE', ( #667 ), #2233, .T. ) ;
#556 = VERTEX_POINT ( 'NONE', #3182 ) ;
#557 = CYLINDRICAL_SURFACE ( 'NONE', #3915, 0.2442629221054310500 ) ;
#558 = ORIENTED_EDGE ( 'NONE', *, *, #3752, .T. ) ;
#559 = VECTOR ( 'NONE', #3766, 1000.000000000000000 ) ;
#560 = EDGE_CURVE ( 'NONE', #1783, #1343, #2025, .T. ) ;
#561 = CARTESIAN_POINT ( 'NONE',  ( 0.8336537963607538700, 1.124999999999999800, -0.1749999999999993800 ) ) ;
#562 = EDGE_CURVE ( 'NONE', #957, #2907, #1822, .T. ) ;
#563 = FACE_OUTER_BOUND ( 'NONE', #1376, .T. ) ;
#564 = DIRECTION ( 'NONE',  ( -0.0000000000000000000, -0.0000000000000000000, -1.000000000000000000 ) ) ;
#565 = CARTESIAN_POINT ( 'NONE',  ( 0.8000000000000012700, 1.125000000000000000, 1.499999999999997300 ) ) ;
#566 = AXIS2_PLACEMENT_3D ( 'NONE', #538, #4030, #3369 ) ;
#567 = ORIENTED_EDGE ( 'NONE', *, *, #4027, .T. ) ;
#568 = VECTOR ( 'NONE', #2657, 1000.000000000000100 ) ;
#569 = DIRECTION ( 'NONE',  ( 0.06975647374411818300, 0.9975640502598247500, -0.0000000000000000000 ) ) ;
#570 = EDGE_LOOP ( 'NONE', ( #2154, #202, #236, #982, #1798, #3060, #107, #4069, #229, #3345, #2045, #2120 ) ) ;
#571 = CARTESIAN_POINT ( 'NONE',  ( 0.8336537963607541000, 0.9749999999999997600, 0.8250000000000006200 ) ) ;
#572 = ORIENTED_EDGE ( 'NONE', *, *, #3409, .T. ) ;
#573 = PRESENTATION_STYLE_ASSIGNMENT (( #1992 ) ) ;
#574 = DIRECTION ( 'NONE',  ( -0.0000000000000000000, -0.0000000000000000000, -1.000000000000000000 ) ) ;
#575 = VECTOR ( 'NONE', #880, 1000.000000000000100 ) ;
#576 = VERTEX_POINT ( 'NONE', #2217 ) ;
#577 = DIRECTION ( 'NONE',  ( -0.03489949670250141300, 0.9993908270190956500, -0.0000000000000000000 ) ) ;
#578 = VERTEX_POINT ( 'NONE', #2249 ) ;
#579 = AXIS2_PLACEMENT_3D ( 'NONE', #3907, #113, #1667 ) ;
#580 = EDGE_CURVE ( 'NONE', #1208, #2735, #3400, .T. ) ;
#581 = AXIS2_PLACEMENT_3D ( 'NONE', #1999, #434, #2321 ) ;
#582 = ORIENTED_EDGE ( 'NONE', *, *, #2188, .T. ) ;
#583 = CARTESIAN_POINT ( 'NONE',  ( 1.194114123733047500, 0.2585246530445617900, 0.8250000000000006200 ) ) ;
#584 = FACE_OUTER_BOUND ( 'NONE', #1001, .T. ) ;
#585 = DIRECTION ( 'NONE',  ( 0.03489949670250141300, -0.9993908270190956500, 0.0000000000000000000 ) ) ;
#586 = CARTESIAN_POINT ( 'NONE',  ( -0.8336537963607542100, 1.124999999999999300, -0.1749999999999993800 ) ) ;
#587 = FACE_OUTER_BOUND ( 'NONE', #2959, .T. ) ;
#588 = ADVANCED_FACE ( 'NONE', ( #2436 ), #2540, .F. ) ;
#589 = CARTESIAN_POINT ( 'NONE',  ( 1.187538674682155900, 0.1644913506797415500, -0.4749999999999993100 ) ) ;
#590 = EDGE_LOOP ( 'NONE', ( #3129, #1986, #3758, #3090 ) ) ;
#591 = MECHANICAL_DESIGN_GEOMETRIC_PRESENTATION_REPRESENTATION (  '', ( #2805 ), #2731 ) ;
#592 = VERTEX_POINT ( 'NONE', #84 ) ;
#593 = FACE_OUTER_BOUND ( 'NONE', #3247, .T. ) ;
#594 = CARTESIAN_POINT ( 'NONE',  ( -0.9278592960409379800, 0.8840268064337552000, -0.1749999999999993800 ) ) ;
#595 = VERTEX_POINT ( 'NONE', #3194 ) ;
#596 = DIRECTION ( 'NONE',  ( -0.06975647374411818300, -0.9975640502598247500, 0.0000000000000000000 ) ) ;
#597 = EDGE_LOOP ( 'NONE', ( #1649, #3207, #3778, #212 ) ) ;
#598 = CIRCLE ( 'NONE', #2185, 0.09426292210543141300 ) ;
#599 = PLANE ( 'NONE',  #3186 ) ;
#600 = ORIENTED_EDGE ( 'NONE', *, *, #812, .T. ) ;
#601 = CARTESIAN_POINT ( 'NONE',  ( 0.8336537963607539800, 0.9749999999999997600, 0.4750000000000005900 ) ) ;
#602 = CARTESIAN_POINT ( 'NONE',  ( 1.077767920093801500, 0.8892617309391303000, 0.4750000000000005900 ) ) ;
#603 = FACE_OUTER_BOUND ( 'NONE', #815, .T. ) ;
#604 = ORIENTED_EDGE ( 'NONE', *, *, #616, .F. ) ;
#605 = CARTESIAN_POINT ( 'NONE',  ( -0.9278592960409379800, 0.8840268064337552000, -0.8249999999999992900 ) ) ;
#606 = LINE ( 'NONE', #286, #3740 ) ;
#607 = EDGE_LOOP ( 'NONE', ( #3158, #3854, #4062, #3578 ) ) ;
#608 = EDGE_CURVE ( 'NONE', #240, #1245, #181, .T. ) ;
#609 = EDGE_CURVE ( 'NONE', #1826, #2175, #2616, .T. ) ;
#610 = CYLINDRICAL_SURFACE ( 'NONE', #293, 0.09426292210543119100 ) ;
#611 = DIRECTION ( 'NONE',  ( 0.0000000000000000000, 1.000000000000000000, 0.0000000000000000000 ) ) ;
#612 = EDGE_CURVE ( 'NONE', #741, #2341, #31, .T. ) ;
#613 = ORIENTED_EDGE ( 'NONE', *, *, #491, .F. ) ;
#614 = FILL_AREA_STYLE ('',( #1840 ) ) ;
#615 = CARTESIAN_POINT ( 'NONE',  ( -0.4572970168999269700, 1.449999999999999500, -1.007589672163472300 ) ) ;
#616 = EDGE_CURVE ( 'NONE', #2252, #3975, #2909, .T. ) ;
#617 = ORIENTED_EDGE ( 'NONE', *, *, #551, .T. ) ;
#618 = ORIENTED_EDGE ( 'NONE', *, *, #3346, .F. ) ;
#619 = ORIENTED_EDGE ( 'NONE', *, *, #3036, .T. ) ;
#620 = DIRECTION ( 'NONE',  ( -0.0000000000000000000, -0.0000000000000000000, -1.000000000000000000 ) ) ;
#621 = ORIENTED_EDGE ( 'NONE', *, *, #2689, .T. ) ;
#622 = VERTEX_POINT ( 'NONE', #1939 ) ;
#623 = LINE ( 'NONE', #1682, #1215 ) ;
#624 = ADVANCED_FACE ( 'NONE', ( #3152 ), #955, .T. ) ;
#625 = DIRECTION ( 'NONE',  ( -0.03489949670250106600, -0.9993908270190956500, 0.0000000000000000000 ) ) ;
#626 = ORIENTED_EDGE ( 'NONE', *, *, #1874, .T. ) ;
#627 = PLANE ( 'NONE',  #1915 ) ;
#628 = ADVANCED_FACE ( 'NONE', ( #2324 ), #1025, .F. ) ;
#629 = CARTESIAN_POINT ( 'NONE',  ( -1.187538674682156300, 0.1644913506797411300, -0.1749999999999993800 ) ) ;
#630 = EDGE_CURVE ( 'NONE', #503, #1900, #2563, .T. ) ;
#631 = CARTESIAN_POINT ( 'NONE',  ( -0.8336537963607541000, 0.8807370778945685700, 0.8250000000000006200 ) ) ;
#632 = CIRCLE ( 'NONE', #68, 0.2442629221054309400 ) ;
#633 = PLANE ( 'NONE',  #3299 ) ;
#634 = VECTOR ( 'NONE', #3561, 1000.000000000000000 ) ;
#635 = DIRECTION ( 'NONE',  ( -1.000000000000000000, -1.932980447489556100E-014, 0.0000000000000000000 ) ) ;
#636 = LINE ( 'NONE', #1534, #684 ) ;
#637 = AXIS2_PLACEMENT_3D ( 'NONE', #2054, #2712, #3656 ) ;
#638 = ORIENTED_EDGE ( 'NONE', *, *, #1229, .F. ) ;
#639 = LINE ( 'NONE', #653, #2691 ) ;
#640 = ORIENTED_EDGE ( 'NONE', *, *, #2213, .F. ) ;
#641 = ADVANCED_FACE ( 'NONE', ( #2522 ), #2849, .F. ) ;
#642 = ORIENTED_EDGE ( 'NONE', *, *, #3302, .F. ) ;
#643 = FACE_OUTER_BOUND ( 'NONE', #1452, .T. ) ;
#644 = ORIENTED_EDGE ( 'NONE', *, *, #3977, .F. ) ;
#645 = CARTESIAN_POINT ( 'NONE',  ( 1.177075203620538500, 0.01485674314076785600, 1.125000000000000700 ) ) ;
#646 = FACE_OUTER_BOUND ( 'NONE', #2548, .T. ) ;
#647 = LINE ( 'NONE', #436, #269 ) ;
#648 = CARTESIAN_POINT ( 'NONE',  ( -1.389536528938382800, 0.0000000000000000000, -0.8249999999999992900 ) ) ;
#649 = PLANE ( 'NONE',  #1417 ) ;
#650 = AXIS2_PLACEMENT_3D ( 'NONE', #2850, #72, #355 ) ;
#651 = AXIS2_PLACEMENT_3D ( 'NONE', #1385, #2633, #130 ) ;
#652 = DIRECTION ( 'NONE',  ( 0.0000000000000000000, 0.0000000000000000000, 1.000000000000000000 ) ) ;
#653 = CARTESIAN_POINT ( 'NONE',  ( -0.8000000000000013800, 1.125000000000000000, 0.4750000000000005900 ) ) ;
#654 = LINE ( 'NONE', #3518, #3589 ) ;
#655 = EDGE_CURVE ( 'NONE', #2967, #2220, #1581, .T. ) ;
#656 = DIRECTION ( 'NONE',  ( -0.9975640502598248600, -0.06975647374411535200, 0.0000000000000000000 ) ) ;
#657 = DIRECTION ( 'NONE',  ( -1.000000000000000000, 0.0000000000000000000, 0.0000000000000000000 ) ) ;
#658 = ORIENTED_EDGE ( 'NONE', *, *, #1953, .F. ) ;
#659 = FACE_OUTER_BOUND ( 'NONE', #3085, .T. ) ;
#660 = CARTESIAN_POINT ( 'NONE',  ( 0.8000000000000000400, 0.9749999999999999800, -1.500000000000000000 ) ) ;
#661 = DIRECTION ( 'NONE',  ( -0.0000000000000000000, -0.0000000000000000000, -1.000000000000000000 ) ) ;
#662 = CARTESIAN_POINT ( 'NONE',  ( 1.077767920093801500, 0.8892617309391303000, 0.1750000000000006800 ) ) ;
#663 = ORIENTED_EDGE ( 'NONE', *, *, #1930, .T. ) ;
#664 = DIRECTION ( 'NONE',  ( 1.000000000000000000, -1.288653631659700000E-014, 0.0000000000000000000 ) ) ;
#665 = EDGE_CURVE ( 'NONE', #556, #2074, #1350, .T. ) ;
#666 = ORIENTED_EDGE ( 'NONE', *, *, #683, .F. ) ;
#667 = FACE_OUTER_BOUND ( 'NONE', #3755, .T. ) ;
#668 = LINE ( 'NONE', #2716, #1300 ) ;
#669 = VERTEX_POINT ( 'NONE', #1697 ) ;
#670 = ORIENTED_EDGE ( 'NONE', *, *, #3842, .T. ) ;
#671 = ORIENTED_EDGE ( 'NONE', *, *, #1842, .T. ) ;
#672 = STYLED_ITEM ( 'NONE', ( #213 ), #2073 ) ;
#673 = DIRECTION ( 'NONE',  ( 1.000000000000000000, -0.0000000000000000000, -2.710505431213762600E-016 ) ) ;
#674 = DIRECTION ( 'NONE',  ( 1.000000000000000000, -1.288653631659700000E-014, 0.0000000000000000000 ) ) ;
#675 = CARTESIAN_POINT ( 'NONE',  ( 0.9278592960409374200, 0.8840268064337552000, -0.8249999999999992900 ) ) ;
#676 = VECTOR ( 'NONE', #25, 1000.000000000000000 ) ;
#677 = EDGE_CURVE ( 'NONE', #1405, #939, #3058, .T. ) ;
#678 = DIRECTION ( 'NONE',  ( -0.0000000000000000000, -0.0000000000000000000, -1.000000000000000000 ) ) ;
#679 = CARTESIAN_POINT ( 'NONE',  ( -1.400000000000000100, 0.1496346075389733400, 0.4750000000000005900 ) ) ;
#680 = LINE ( 'NONE', #121, #1023 ) ;
#681 = ADVANCED_FACE ( 'NONE', ( #659 ), #446, .F. ) ;
#682 = ORIENTED_EDGE ( 'NONE', *, *, #1228, .F. ) ;
#683 = EDGE_CURVE ( 'NONE', #1923, #2648, #3908, .T. ) ;
#684 = VECTOR ( 'NONE', #290, 1000.000000000000100 ) ;
#685 = CARTESIAN_POINT ( 'NONE',  ( 0.8000000000000009300, 1.125000000000000200, -0.8249999999999992900 ) ) ;
#686 = ORIENTED_EDGE ( 'NONE', *, *, #414, .F. ) ;
#687 = LINE ( 'NONE', #749, #3180 ) ;
#688 = CARTESIAN_POINT ( 'NONE',  ( -0.4572970168999269700, 1.349999999999999400, -1.129092482447643800 ) ) ;
#689 = DIRECTION ( 'NONE',  ( -1.000000000000000000, 1.288653631659700000E-014, -0.0000000000000000000 ) ) ;
#690 = DIRECTION ( 'NONE',  ( -1.000000000000000000, 0.0000000000000000000, 0.0000000000000000000 ) ) ;
#691 = ORIENTED_EDGE ( 'NONE', *, *, #2164, .F. ) ;
#692 = CARTESIAN_POINT ( 'NONE',  ( -1.077767920093801700, 0.8892617309391303000, -0.1749999999999993800 ) ) ;
#693 = VECTOR ( 'NONE', #890, 1000.000000000000000 ) ;
#694 = ORIENTED_EDGE ( 'NONE', *, *, #766, .F. ) ;
#695 = VECTOR ( 'NONE', #274, 1000.000000000000000 ) ;
#696 = FACE_OUTER_BOUND ( 'NONE', #2329, .T. ) ;
#697 = DIRECTION ( 'NONE',  ( 0.0000000000000000000, 0.0000000000000000000, 1.000000000000000000 ) ) ;
#698 = CIRCLE ( 'NONE', #3587, 0.2442629221054309400 ) ;
#699 = DIRECTION ( 'NONE',  ( -1.000000000000000000, 0.0000000000000000000, 0.0000000000000000000 ) ) ;
#700 = DIRECTION ( 'NONE',  ( -1.000000000000000000, -1.932980447489556100E-014, 0.0000000000000000000 ) ) ;
#701 = CARTESIAN_POINT ( 'NONE',  ( 0.8000000000000012700, 0.9749999999999999800, 1.125000000000000700 ) ) ;
#702 = CARTESIAN_POINT ( 'NONE',  ( -0.8336537963607542100, 0.8807370778945685700, 0.4750000000000005900 ) ) ;
#703 = AXIS2_PLACEMENT_3D ( 'NONE', #3006, #2359, #1482 ) ;
#704 = PLANE ( 'NONE',  #1485 ) ;
#705 = DIRECTION ( 'NONE',  ( -0.03489949670250141300, 0.9993908270190956500, -0.0000000000000000000 ) ) ;
#706 = DIRECTION ( 'NONE',  ( 0.0000000000000000000, 0.0000000000000000000, 1.000000000000000000 ) ) ;
#707 = EDGE_CURVE ( 'NONE', #1483, #1425, #765, .T. ) ;
#708 = AXIS2_PLACEMENT_3D ( 'NONE', #3868, #1971, #431 ) ;
#709 = ORIENTED_EDGE ( 'NONE', *, *, #2449, .T. ) ;
#710 = EDGE_LOOP ( 'NONE', ( #2271, #3469, #3919, #3163 ) ) ;
#711 = VERTEX_POINT ( 'NONE', #3869 ) ;
#712 = CLOSED_SHELL ( 'NONE', ( #2794, #1152, #3341, #1559 ) ) ;
#713 = LINE ( 'NONE', #2032, #3312 ) ;
#714 = EDGE_LOOP ( 'NONE', ( #3223, #691, #3318, #1957 ) ) ;
#715 = VERTEX_POINT ( 'NONE', #2309 ) ;
#716 = DIRECTION ( 'NONE',  ( -0.0000000000000000000, -0.0000000000000000000, -1.000000000000000000 ) ) ;
#717 = DIRECTION ( 'NONE',  ( -0.0000000000000000000, -0.0000000000000000000, -1.000000000000000000 ) ) ;
#718 = AXIS2_PLACEMENT_3D ( 'NONE', #583, #3350, #272 ) ;
#719 = CARTESIAN_POINT ( 'NONE',  ( 1.077767920093801500, 0.8892617309391303000, -0.4749999999999993100 ) ) ;
#720 = CARTESIAN_POINT ( 'NONE',  ( -0.8000000000000016000, 0.9749999999999999800, -0.8249999999999992900 ) ) ;
#721 = CARTESIAN_POINT ( 'NONE',  ( -0.8000000000000012700, 0.9749999999999999800, 0.8250000000000006200 ) ) ;
#722 = VERTEX_POINT ( 'NONE', #3543 ) ;
#723 = DIRECTION ( 'NONE',  ( -0.06975647374411829400, 0.9975640502598247500, 0.0000000000000000000 ) ) ;
#724 = CARTESIAN_POINT ( 'NONE',  ( 1.399999999999999700, 0.1496346075389735600, -0.1749999999999993800 ) ) ;
#725 = CARTESIAN_POINT ( 'NONE',  ( -0.8000000000000016000, 1.125000000000000000, -0.8249999999999992900 ) ) ;
#726 = FACE_OUTER_BOUND ( 'NONE', #2642, .T. ) ;
#727 = ORIENTED_EDGE ( 'NONE', *, *, #330, .F. ) ;
#728 = CARTESIAN_POINT ( 'NONE',  ( -1.194114123733047700, 0.2585246530445617900, 0.4750000000000005900 ) ) ;
#729 = DIRECTION ( 'NONE',  ( -0.0000000000000000000, -0.0000000000000000000, -1.000000000000000000 ) ) ;
#730 = FILL_AREA_STYLE ('',( #2600 ) ) ;
#731 = EDGE_CURVE ( 'NONE', #3040, #2074, #3449, .T. ) ;
#732 = EDGE_CURVE ( 'NONE', #3028, #3558, #429, .T. ) ;
#733 = DIRECTION ( 'NONE',  ( -0.0000000000000000000, -0.0000000000000000000, -1.000000000000000000 ) ) ;
#734 = FACE_OUTER_BOUND ( 'NONE', #597, .T. ) ;
#735 = CARTESIAN_POINT ( 'NONE',  ( -0.8336537963607541000, 0.8807370778945685700, 1.125000000000000700 ) ) ;
#736 = CARTESIAN_POINT ( 'NONE',  ( 1.177075203620538100, 0.01485674314076785600, -0.8249999999999992900 ) ) ;
#737 = VERTEX_POINT ( 'NONE', #2935 ) ;
#738 = CIRCLE ( 'NONE', #2382, 0.2442629221054309400 ) ;
#739 = ORIENTED_EDGE ( 'NONE', *, *, #1851, .F. ) ;
#740 = LINE ( 'NONE', #2525, #1761 ) ;
#741 = VERTEX_POINT ( 'NONE', #1972 ) ;
#742 = DIRECTION ( 'NONE',  ( -1.000000000000000000, 1.288653631659700000E-014, -0.0000000000000000000 ) ) ;
#743 = ORIENTED_EDGE ( 'NONE', *, *, #254, .F. ) ;
#744 = VECTOR ( 'NONE', #1830, 1000.000000000000000 ) ;
#745 = VERTEX_POINT ( 'NONE', #3912 ) ;
#746 = EDGE_CURVE ( 'NONE', #2735, #2760, #2807, .T. ) ;
#747 = DIRECTION ( 'NONE',  ( 1.000000000000000000, 9.664902237447750300E-015, -0.0000000000000000000 ) ) ;
#748 = DIRECTION ( 'NONE',  ( -1.000000000000000000, 0.0000000000000000000, 0.0000000000000000000 ) ) ;
#749 = CARTESIAN_POINT ( 'NONE',  ( 0.8000000000000000400, 0.9749999999999999800, -1.500000000000000000 ) ) ;
#750 = CARTESIAN_POINT ( 'NONE',  ( -0.8336537963607543200, 1.124999999999999300, -0.8249999999999992900 ) ) ;
#751 = LINE ( 'NONE', #1155, #4001 ) ;
#752 = AXIS2_PLACEMENT_3D ( 'NONE', #1622, #2917, #3832 ) ;
#753 = CYLINDRICAL_SURFACE ( 'NONE', #786, 0.09426292210543098200 ) ;
#754 = CARTESIAN_POINT ( 'NONE',  ( -0.4572970168999269700, 1.449999999999999500, -1.250595292731815400 ) ) ;
#755 = VECTOR ( 'NONE', #3802, 1000.000000000000000 ) ;
#756 = DIRECTION ( 'NONE',  ( 0.06975647374411828000, -0.9975640502598247500, 0.0000000000000000000 ) ) ;
#757 = EDGE_CURVE ( 'NONE', #1501, #737, #479, .T. ) ;
#758 = PLANE ( 'NONE',  #651 ) ;
#759 = DIRECTION ( 'NONE',  ( -0.0000000000000000000, -0.0000000000000000000, -1.000000000000000000 ) ) ;
#760 = DIRECTION ( 'NONE',  ( -0.0000000000000000000, -0.0000000000000000000, -1.000000000000000000 ) ) ;
#761 = DIRECTION ( 'NONE',  ( 1.000000000000000000, -1.288653631659700000E-014, 0.0000000000000000000 ) ) ;
#762 = ORIENTED_EDGE ( 'NONE', *, *, #3416, .F. ) ;
#763 = CARTESIAN_POINT ( 'NONE',  ( -1.077767920093801500, 0.8892617309391303000, 0.8250000000000006200 ) ) ;
#764 = CARTESIAN_POINT ( 'NONE',  ( -0.8336537963607539800, 1.124999999999999300, 0.8250000000000006200 ) ) ;
#765 = LINE ( 'NONE', #2962, #1294 ) ;
#766 = EDGE_CURVE ( 'NONE', #331, #1538, #1498, .T. ) ;
#767 = DIRECTION ( 'NONE',  ( -0.0000000000000000000, -0.0000000000000000000, -1.000000000000000000 ) ) ;
#768 = VERTEX_POINT ( 'NONE', #154 ) ;
#769 = EDGE_CURVE ( 'NONE', #2384, #3136, #2081, .T. ) ;
#770 = ORIENTED_EDGE ( 'NONE', *, *, #2933, .T. ) ;
#771 = LINE ( 'NONE', #1372, #2393 ) ;
#772 = VECTOR ( 'NONE', #1551, 1000.000000000000000 ) ;
#773 = ORIENTED_EDGE ( 'NONE', *, *, #3977, .T. ) ;
#774 = VERTEX_POINT ( 'NONE', #2922 ) ;
#775 = CYLINDRICAL_SURFACE ( 'NONE', #708, 0.2442629221054309400 ) ;
#776 = CARTESIAN_POINT ( 'NONE',  ( -0.7999999999999993800, 0.9749999999999999800, -1.499999999999999600 ) ) ;
#777 = CARTESIAN_POINT ( 'NONE',  ( -0.9278592960409379800, 0.8840268064337552000, -1.124999999999999300 ) ) ;
#778 = CARTESIAN_POINT ( 'NONE',  ( 1.099908624052864200, 0.2552349245053751600, 1.125000000000000700 ) ) ;
#779 = CARTESIAN_POINT ( 'NONE',  ( -0.7999999999999993800, 0.9749999999999999800, -1.499999999999999600 ) ) ;
#780 =( NAMED_UNIT ( * ) SI_UNIT ( $, .STERADIAN. ) SOLID_ANGLE_UNIT ( ) );
#781 = CARTESIAN_POINT ( 'NONE',  ( 0.8336537963607538700, 1.124999999999999800, -0.1749999999999993800 ) ) ;
#782 = CIRCLE ( 'NONE', #3150, 0.2442629221054307100 ) ;
#783 = CARTESIAN_POINT ( 'NONE',  ( -1.400000000000000400, 0.1496346075389733400, -0.8249999999999992900 ) ) ;
#784 = DIRECTION ( 'NONE',  ( 0.0000000000000000000, 0.0000000000000000000, 1.000000000000000000 ) ) ;
#785 = PRESENTATION_STYLE_ASSIGNMENT (( #2284 ) ) ;
#786 = AXIS2_PLACEMENT_3D ( 'NONE', #3211, #1342, #1913 ) ;
#787 = ORIENTED_EDGE ( 'NONE', *, *, #3327, .T. ) ;
#788 = VECTOR ( 'NONE', #2058, 1000.000000000000000 ) ;
#789 = CARTESIAN_POINT ( 'NONE',  ( 1.399999999999999900, 0.1496346075389735600, 1.125000000000000700 ) ) ;
#790 = EDGE_CURVE ( 'NONE', #2450, #3473, #3659, .T. ) ;
#791 = DIRECTION ( 'NONE',  ( -0.0000000000000000000, 0.0000000000000000000, -1.000000000000000000 ) ) ;
#792 = ORIENTED_EDGE ( 'NONE', *, *, #1086, .F. ) ;
#793 = VECTOR ( 'NONE', #2402, 1000.000000000000100 ) ;
#794 = ORIENTED_EDGE ( 'NONE', *, *, #2364, .T. ) ;
#795 = CARTESIAN_POINT ( 'NONE',  ( 0.8336537963607539800, 0.8807370778945685700, 0.4750000000000005900 ) ) ;
#796 = FACE_BOUND ( 'NONE', #37, .T. ) ;
#797 = VECTOR ( 'NONE', #742, 1000.000000000000000 ) ;
#798 = ORIENTED_EDGE ( 'NONE', *, *, #2847, .F. ) ;
#799 = ADVANCED_FACE ( 'NONE', ( #1782 ), #2758, .F. ) ;
#800 = DIRECTION ( 'NONE',  ( -1.000000000000000000, 0.0000000000000000000, 0.0000000000000000000 ) ) ;
#801 = FACE_OUTER_BOUND ( 'NONE', #481, .T. ) ;
#802 = CIRCLE ( 'NONE', #1744, 0.1215028102841714700 ) ;
#803 = AXIS2_PLACEMENT_3D ( 'NONE', #1374, #2286, #3538 ) ;
#804 = PLANE ( 'NONE',  #1158 ) ;
#805 = VECTOR ( 'NONE', #2669, 1000.000000000000000 ) ;
#806 = PLANE ( 'NONE',  #3742 ) ;
#807 = ORIENTED_EDGE ( 'NONE', *, *, #612, .T. ) ;
#808 = CARTESIAN_POINT ( 'NONE',  ( 0.8000000000000012700, 1.125000000000000000, 1.499999999999997300 ) ) ;
#809 = PLANE ( 'NONE',  #1334 ) ;
#810 = CARTESIAN_POINT ( 'NONE',  ( -0.8000000000000013800, 1.125000000000000000, 0.4750000000000005900 ) ) ;
#811 = ORIENTED_EDGE ( 'NONE', *, *, #1614, .F. ) ;
#812 = EDGE_CURVE ( 'NONE', #3107, #768, #1975, .T. ) ;
#813 = EDGE_CURVE ( 'NONE', #2740, #768, #1917, .T. ) ;
#814 = EDGE_LOOP ( 'NONE', ( #1713, #1463, #412, #3064 ) ) ;
#815 = EDGE_LOOP ( 'NONE', ( #432, #798, #1785, #1269 ) ) ;
#816 = ORIENTED_EDGE ( 'NONE', *, *, #119, .F. ) ;
#817 = ADVANCED_FACE ( 'NONE', ( #2216 ), #2717, .F. ) ;
#818 = DIRECTION ( 'NONE',  ( -0.0000000000000000000, -0.0000000000000000000, -1.000000000000000000 ) ) ;
#819 = VECTOR ( 'NONE', #2556, 1000.000000000000000 ) ;
#820 = DIRECTION ( 'NONE',  ( 0.0000000000000000000, 0.0000000000000000000, 1.000000000000000000 ) ) ;
#821 = ORIENTED_EDGE ( 'NONE', *, *, #1614, .T. ) ;
#822 = CARTESIAN_POINT ( 'NONE',  ( -1.187538674682156300, 0.1644913506797410500, -0.4749999999999993100 ) ) ;
#823 = VERTEX_POINT ( 'NONE', #2408 ) ;
#824 = VECTOR ( 'NONE', #2238, 1000.000000000000000 ) ;
#825 = CARTESIAN_POINT ( 'NONE',  ( -1.194114123733047700, 0.2585246530445617900, -0.1749999999999993800 ) ) ;
#826 = DIRECTION ( 'NONE',  ( 0.9975640502598248600, 0.06975647374411599000, -0.0000000000000000000 ) ) ;
#827 = EDGE_CURVE ( 'NONE', #1954, #216, #3251, .T. ) ;
#828 = CARTESIAN_POINT ( 'NONE',  ( 1.399999999999999900, 0.1496346075389735600, 0.8250000000000006200 ) ) ;
#829 = CARTESIAN_POINT ( 'NONE',  ( -0.9278592960409377500, 0.8840268064337552000, 1.125000000000000700 ) ) ;
#830 = ORIENTED_EDGE ( 'NONE', *, *, #1445, .F. ) ;
#831 = EDGE_CURVE ( 'NONE', #823, #3089, #1396, .T. ) ;
#832 = DIRECTION ( 'NONE',  ( 0.06975647374411599000, 0.9975640502598249700, -0.0000000000000000000 ) ) ;
#833 = AXIS2_PLACEMENT_3D ( 'NONE', #369, #12, #964 ) ;
#834 = FILL_AREA_STYLE ('',( #1705 ) ) ;
#835 = CARTESIAN_POINT ( 'NONE',  ( -1.194114123733047700, 0.2585246530445617900, -0.4749999999999993100 ) ) ;
#836 = VECTOR ( 'NONE', #2703, 1000.000000000000000 ) ;
#837 = DIRECTION ( 'NONE',  ( -0.06975647374411818300, -0.9975640502598247500, 0.0000000000000000000 ) ) ;
#838 = FACE_OUTER_BOUND ( 'NONE', #178, .T. ) ;
#839 = DIRECTION ( 'NONE',  ( -1.000000000000000000, 0.0000000000000000000, 0.0000000000000000000 ) ) ;
#840 = ADVANCED_FACE ( 'NONE', ( #3797 ), #2060, .F. ) ;
#841 = DIRECTION ( 'NONE',  ( 0.03489949670250141300, 0.9993908270190956500, -0.0000000000000000000 ) ) ;
#842 = VERTEX_POINT ( 'NONE', #1130 ) ;
#843 = COLOUR_RGB ( '',1.000000000000000000, 1.000000000000000000, 1.000000000000000000 ) ;
#844 = ORIENTED_EDGE ( 'NONE', *, *, #1292, .F. ) ;
#845 = SURFACE_STYLE_FILL_AREA ( #3442 ) ;
#846 = ORIENTED_EDGE ( 'NONE', *, *, #2279, .T. ) ;
#847 = PLANE ( 'NONE',  #1150 ) ;
#848 = EDGE_CURVE ( 'NONE', #2175, #1826, #3357, .T. ) ;
#849 = CARTESIAN_POINT ( 'NONE',  ( 0.6545302409155163700, 0.1500000000000004900, -1.354530240915516200 ) ) ;
#850 = EDGE_LOOP ( 'NONE', ( #1326, #1349, #2342, #619 ) ) ;
#851 = CARTESIAN_POINT ( 'NONE',  ( -0.9500000000000000700, 0.2500000000000000600, -0.4749999999999993100 ) ) ;
#852 = LINE ( 'NONE', #3101, #744 ) ;
#853 = CARTESIAN_POINT ( 'NONE',  ( -0.8000000000000014900, 0.9749999999999999800, -0.1749999999999993800 ) ) ;
#854 = DIRECTION ( 'NONE',  ( -0.0000000000000000000, -0.0000000000000000000, -1.000000000000000000 ) ) ;
#855 = VECTOR ( 'NONE', #150, 1000.000000000000000 ) ;
#856 = DIRECTION ( 'NONE',  ( 0.0000000000000000000, 1.000000000000000000, 0.0000000000000000000 ) ) ;
#857 = LINE ( 'NONE', #3305, #4018 ) ;
#858 = ADVANCED_FACE ( 'NONE', ( #2122 ), #3342, .T. ) ;
#859 = ORIENTED_EDGE ( 'NONE', *, *, #2576, .F. ) ;
#860 = CARTESIAN_POINT ( 'NONE',  ( 1.077767920093801500, 0.8892617309391303000, 0.1750000000000006800 ) ) ;
#861 = DIRECTION ( 'NONE',  ( 1.000000000000000000, 1.932980447489556100E-014, 0.0000000000000000000 ) ) ;
#862 = ORIENTED_EDGE ( 'NONE', *, *, #119, .T. ) ;
#863 = CARTESIAN_POINT ( 'NONE',  ( 1.194114123733047500, 0.2585246530445617900, 1.125000000000000700 ) ) ;
#864 = VECTOR ( 'NONE', #2846, 1000.000000000000000 ) ;
#865 = PRODUCT_RELATED_PRODUCT_CATEGORY ( 'part', '', ( #2772 ) ) ;
#866 = EDGE_LOOP ( 'NONE', ( #3763, #2123, #34, #539 ) ) ;
#867 = ORIENTED_EDGE ( 'NONE', *, *, #2911, .T. ) ;
#868 = VECTOR ( 'NONE', #147, 1000.000000000000100 ) ;
#869 = EDGE_CURVE ( 'NONE', #1811, #2991, #326, .T. ) ;
#870 = CIRCLE ( 'NONE', #3164, 0.2442629221054309400 ) ;
#871 = AXIS2_PLACEMENT_3D ( 'NONE', #1866, #3462, #1608 ) ;
#872 = ORIENTED_EDGE ( 'NONE', *, *, #3054, .T. ) ;
#873 = DIRECTION ( 'NONE',  ( -0.0000000000000000000, -0.0000000000000000000, -1.000000000000000000 ) ) ;
#874 = VERTEX_POINT ( 'NONE', #1424 ) ;
#875 = PLANE ( 'NONE',  #371 ) ;
#876 = CARTESIAN_POINT ( 'NONE',  ( 0.8000000000000011500, 1.125000000000000200, 0.1750000000000006800 ) ) ;
#877 = ORIENTED_EDGE ( 'NONE', *, *, #942, .F. ) ;
#878 = CARTESIAN_POINT ( 'NONE',  ( 1.399999999999999700, 0.1496346075389735600, -0.4749999999999993100 ) ) ;
#879 = ADVANCED_FACE ( 'NONE', ( #1249 ), #3031, .T. ) ;
#880 = DIRECTION ( 'NONE',  ( -0.9975640502598248600, 0.06975647374411662900, -0.0000000000000000000 ) ) ;
#881 = EDGE_CURVE ( 'NONE', #435, #622, #1681, .T. ) ;
#882 = LINE ( 'NONE', #2599, #1844 ) ;
#883 = CARTESIAN_POINT ( 'NONE',  ( 1.187538674682155900, 0.1644913506797416000, 0.4750000000000005900 ) ) ;
#884 = ORIENTED_EDGE ( 'NONE', *, *, #1784, .F. ) ;
#885 = ORIENTED_EDGE ( 'NONE', *, *, #1990, .F. ) ;
#886 = CARTESIAN_POINT ( 'NONE',  ( -0.4572970168999269700, 1.349999999999999400, -1.129092482447643800 ) ) ;
#887 = CYLINDRICAL_SURFACE ( 'NONE', #3417, 0.2442629221054310500 ) ;
#888 = ORIENTED_EDGE ( 'NONE', *, *, #535, .T. ) ;
#889 = EDGE_CURVE ( 'NONE', #3883, #3519, #2335, .T. ) ;
#890 = DIRECTION ( 'NONE',  ( -0.0000000000000000000, -0.0000000000000000000, -1.000000000000000000 ) ) ;
#891 = LINE ( 'NONE', #3332, #460 ) ;
#892 = PLANE ( 'NONE',  #1045 ) ;
#893 = EDGE_LOOP ( 'NONE', ( #670, #390, #885, #1902 ) ) ;
#894 = AXIS2_PLACEMENT_3D ( 'NONE', #2016, #2344, #784 ) ;
#895 = ORIENTED_EDGE ( 'NONE', *, *, #3830, .F. ) ;
#896 = LINE ( 'NONE', #3387, #3738 ) ;
#897 = ADVANCED_FACE ( 'NONE', ( #1504 ), #1756, .T. ) ;
#898 = VECTOR ( 'NONE', #1547, 1000.000000000000000 ) ;
#899 = CARTESIAN_POINT ( 'NONE',  ( -1.194114123733047700, 0.2585246530445617900, 0.4750000000000005900 ) ) ;
#900 = EDGE_CURVE ( 'NONE', #3975, #2225, #668, .T. ) ;
#901 = LINE ( 'NONE', #1695, #855 ) ;
#902 = CARTESIAN_POINT ( 'NONE',  ( -1.187538674682156600, 0.1644913506797411300, -0.8249999999999992900 ) ) ;
#903 = CARTESIAN_POINT ( 'NONE',  ( 0.8000000000000000400, 1.449999999999999500, -1.442693731269748800 ) ) ;
#904 = DIRECTION ( 'NONE',  ( 0.0000000000000000000, 0.0000000000000000000, 1.000000000000000000 ) ) ;
#905 = AXIS2_PLACEMENT_3D ( 'NONE', #2628, #1706, #179 ) ;
#906 = ORIENTED_EDGE ( 'NONE', *, *, #1211, .T. ) ;
#907 = CARTESIAN_POINT ( 'NONE',  ( 0.8336537963607541000, 0.9749999999999997600, 1.125000000000000700 ) ) ;
#908 = ORIENTED_EDGE ( 'NONE', *, *, #952, .F. ) ;
#909 = DIRECTION ( 'NONE',  ( 0.9975640502598248600, 0.06975647374411599000, -0.0000000000000000000 ) ) ;
#910 = VERTEX_POINT ( 'NONE', #1196 ) ;
#911 = VECTOR ( 'NONE', #2653, 1000.000000000000100 ) ;
#912 = EDGE_LOOP ( 'NONE', ( #3426, #2562, #1707, #480, #1457, #694, #1255, #7, #1302, #3600, #1737, #201 ) ) ;
#913 = ADVANCED_FACE ( 'NONE', ( #3711 ), #2421, .F. ) ;
#914 = DIRECTION ( 'NONE',  ( -0.9975640502598248600, -0.06975647374411597700, 0.0000000000000000000 ) ) ;
#915 = ORIENTED_EDGE ( 'NONE', *, *, #1238, .F. ) ;
#916 = EDGE_CURVE ( 'NONE', #3089, #2806, #1212, .T. ) ;
#917 = DIRECTION ( 'NONE',  ( -0.0000000000000000000, -0.0000000000000000000, -1.000000000000000000 ) ) ;
#918 = AXIS2_PLACEMENT_3D ( 'NONE', #3762, #3135, #965 ) ;
#919 = FACE_OUTER_BOUND ( 'NONE', #1674, .T. ) ;
#920 = DIRECTION ( 'NONE',  ( -0.0000000000000000000, 1.000000000000000000, -0.0000000000000000000 ) ) ;
#921 = CARTESIAN_POINT ( 'NONE',  ( -1.400000000000000400, 0.1496346075389733400, -1.124999999999999300 ) ) ;
#922 = LINE ( 'NONE', #2879, #1262 ) ;
#923 = CARTESIAN_POINT ( 'NONE',  ( -0.7999999999999988200, 1.125000000000000000, 1.499999999999998000 ) ) ;
#924 = ORIENTED_EDGE ( 'NONE', *, *, #2870, .F. ) ;
#925 = AXIS2_PLACEMENT_3D ( 'NONE', #2671, #237, #861 ) ;
#926 = ORIENTED_EDGE ( 'NONE', *, *, #3567, .T. ) ;
#927 = LINE ( 'NONE', #3071, #1133 ) ;
#928 = ADVANCED_FACE ( 'NONE', ( #137 ), #3688, .F. ) ;
#929 = DIRECTION ( 'NONE',  ( 0.03489949670250106600, 0.9993908270190956500, 0.0000000000000000000 ) ) ;
#930 = EDGE_LOOP ( 'NONE', ( #1869, #2125, #2490, #1689 ) ) ;
#931 = ADVANCED_FACE ( 'NONE', ( #2856 ), #892, .F. ) ;
#932 = LINE ( 'NONE', #3244, #3475 ) ;
#933 = CARTESIAN_POINT ( 'NONE',  ( 1.389536528938382100, 0.0000000000000000000, 0.4750000000000005900 ) ) ;
#934 = ORIENTED_EDGE ( 'NONE', *, *, #943, .T. ) ;
#935 = FACE_OUTER_BOUND ( 'NONE', #3277, .T. ) ;
#936 = ORIENTED_EDGE ( 'NONE', *, *, #2497, .T. ) ;
#937 = ORIENTED_EDGE ( 'NONE', *, *, #319, .T. ) ;
#938 = VECTOR ( 'NONE', #3827, 1000.000000000000000 ) ;
#939 = VERTEX_POINT ( 'NONE', #268 ) ;
#940 = CARTESIAN_POINT ( 'NONE',  ( -0.7426937312697476900, 1.449999999999999500, 1.442693731269747000 ) ) ;
#941 = ORIENTED_EDGE ( 'NONE', *, *, #3865, .F. ) ;
#942 = EDGE_CURVE ( 'NONE', #1900, #2991, #380, .T. ) ;
#943 = EDGE_CURVE ( 'NONE', #3963, #939, #1588, .T. ) ;
#944 = VECTOR ( 'NONE', #125, 1000.000000000000000 ) ;
#945 = DIRECTION ( 'NONE',  ( 0.9848077530122080200, -0.1736481776669307200, -3.915012586086818000E-016 ) ) ;
#946 = DIRECTION ( 'NONE',  ( -0.03489949670250106600, -0.9993908270190956500, 0.0000000000000000000 ) ) ;
#947 = CARTESIAN_POINT ( 'NONE',  ( -0.8336537963607542100, 0.8807370778945685700, 0.4750000000000005900 ) ) ;
#948 = FILL_AREA_STYLE ('',( #1276 ) ) ;
#949 = ORIENTED_EDGE ( 'NONE', *, *, #3253, .T. ) ;
#950 = CARTESIAN_POINT ( 'NONE',  ( -0.9278592960409377500, 0.8840268064337552000, 1.125000000000000700 ) ) ;
#951 = CARTESIAN_POINT ( 'NONE',  ( 1.077767920093801500, 0.8892617309391303000, -0.1749999999999993800 ) ) ;
#952 = EDGE_CURVE ( 'NONE', #285, #3151, #3365, .T. ) ;
#953 = VERTEX_POINT ( 'NONE', #2777 ) ;
#954 = AXIS2_PLACEMENT_3D ( 'NONE', #2083, #3017, #3333 ) ;
#955 = CYLINDRICAL_SURFACE ( 'NONE', #1284, 0.2442629221054311600 ) ;
#956 = DIRECTION ( 'NONE',  ( -1.000000000000000000, 0.0000000000000000000, 0.0000000000000000000 ) ) ;
#957 = VERTEX_POINT ( 'NONE', #3391 ) ;
#958 = ORIENTED_EDGE ( 'NONE', *, *, #3989, .T. ) ;
#959 = DIRECTION ( 'NONE',  ( -0.0000000000000000000, -0.0000000000000000000, -1.000000000000000000 ) ) ;
#960 = LINE ( 'NONE', #370, #1210 ) ;
#961 = EDGE_CURVE ( 'NONE', #2648, #3759, #870, .T. ) ;
#962 = LINE ( 'NONE', #2137, #2443 ) ;
#963 = ORIENTED_EDGE ( 'NONE', *, *, #1635, .F. ) ;
#964 = DIRECTION ( 'NONE',  ( -1.000000000000000000, 0.0000000000000000000, 0.0000000000000000000 ) ) ;
#965 = DIRECTION ( 'NONE',  ( 1.000000000000000000, -1.288653631659700000E-014, 0.0000000000000000000 ) ) ;
#966 = LINE ( 'NONE', #96, #1549 ) ;
#967 = CARTESIAN_POINT ( 'NONE',  ( 0.8336537963607539800, 1.124999999999999800, 0.4750000000000005900 ) ) ;
#968 = PLANE ( 'NONE',  #3398 ) ;
#969 = ADVANCED_FACE ( 'NONE', ( #3914 ), #4067, .T. ) ;
#970 = EDGE_CURVE ( 'NONE', #1483, #3558, #3806, .T. ) ;
#971 = DIRECTION ( 'NONE',  ( 0.06975647374411828000, -0.9975640502598247500, 0.0000000000000000000 ) ) ;
#972 = EDGE_CURVE ( 'NONE', #1213, #2816, #486, .T. ) ;
#973 = DIRECTION ( 'NONE',  ( -0.0000000000000000000, -0.0000000000000000000, -1.000000000000000000 ) ) ;
#974 = LINE ( 'NONE', #2897, #634 ) ;
#975 = DIRECTION ( 'NONE',  ( 0.9975640502598248600, -0.06975647374411599000, 0.0000000000000000000 ) ) ;
#976 = DIRECTION ( 'NONE',  ( 1.000000000000000000, 0.0000000000000000000, 0.0000000000000000000 ) ) ;
#977 = DIRECTION ( 'NONE',  ( 1.000000000000000000, 0.0000000000000000000, 0.0000000000000000000 ) ) ;
#978 = ORIENTED_EDGE ( 'NONE', *, *, #3643, .F. ) ;
#979 = VECTOR ( 'NONE', #4010, 1000.000000000000000 ) ;
#980 = AXIS2_PLACEMENT_3D ( 'NONE', #3229, #3517, #3563 ) ;
#981 = ORIENTED_EDGE ( 'NONE', *, *, #1324, .T. ) ;
#982 = ORIENTED_EDGE ( 'NONE', *, *, #2452, .T. ) ;
#983 = DIRECTION ( 'NONE',  ( 0.9975640502598248600, -0.06975647374411599000, 0.0000000000000000000 ) ) ;
#984 = VERTEX_POINT ( 'NONE', #2457 ) ;
#985 = VECTOR ( 'NONE', #3722, 1000.000000000000000 ) ;
#986 = EDGE_LOOP ( 'NONE', ( #3428, #2803, #420, #71 ) ) ;
#987 = CARTESIAN_POINT ( 'NONE',  ( -1.194114123733047700, 0.2585246530445617900, -0.4749999999999993100 ) ) ;
#988 = FACE_OUTER_BOUND ( 'NONE', #1373, .T. ) ;
#989 = LINE ( 'NONE', #645, #172 ) ;
#990 = ADVANCED_FACE ( 'NONE', ( #36 ), #3048, .F. ) ;
#991 = DIRECTION ( 'NONE',  ( 0.0000000000000000000, 1.000000000000000000, 0.0000000000000000000 ) ) ;
#992 = DIRECTION ( 'NONE',  ( -0.0000000000000000000, -0.0000000000000000000, -1.000000000000000000 ) ) ;
#993 = DIRECTION ( 'NONE',  ( 0.9993908270190957600, 0.03489949670250142000, -0.0000000000000000000 ) ) ;
#994 = AXIS2_PLACEMENT_3D ( 'NONE', #228, #3022, #1467 ) ;
#995 = SURFACE_STYLE_USAGE ( .BOTH. , #3138 ) ;
#996 = CIRCLE ( 'NONE', #3530, 0.09426292210543119100 ) ;
#997 = EDGE_CURVE ( 'NONE', #3354, #3759, #2127, .T. ) ;
#998 = PRESENTATION_LAYER_ASSIGNMENT (  '', '', ( #2475 ) ) ;
#999 = CARTESIAN_POINT ( 'NONE',  ( 0.8000000000000009300, 1.125000000000000200, -0.8249999999999992900 ) ) ;
#1000 = CARTESIAN_POINT ( 'NONE',  ( 0.9499999999999996200, 0.2500000000000000600, -0.1749999999999993800 ) ) ;
#1001 = EDGE_LOOP ( 'NONE', ( #2106, #280, #2886, #1810 ) ) ;
#1002 = VECTOR ( 'NONE', #2859, 1000.000000000000000 ) ;
#1003 = DIRECTION ( 'NONE',  ( 1.000000000000000000, -9.664902237447750300E-015, 0.0000000000000000000 ) ) ;
#1004 = DIRECTION ( 'NONE',  ( 1.000000000000000000, -9.664902237447750300E-015, 0.0000000000000000000 ) ) ;
#1005 =( NAMED_UNIT ( * ) SI_UNIT ( $, .STERADIAN. ) SOLID_ANGLE_UNIT ( ) );
#1006 = CARTESIAN_POINT ( 'NONE',  ( -0.8336537963607542100, 0.8807370778945685700, 0.4750000000000005900 ) ) ;
#1007 = ORIENTED_EDGE ( 'NONE', *, *, #2348, .F. ) ;
#1008 = CARTESIAN_POINT ( 'NONE',  ( 1.177075203620538100, 0.01485674314076785600, -1.124999999999999300 ) ) ;
#1009 = EDGE_LOOP ( 'NONE', ( #383, #2305, #3337, #1507 ) ) ;
#1010 = VECTOR ( 'NONE', #1019, 1000.000000000000000 ) ;
#1011 = VERTEX_POINT ( 'NONE', #605 ) ;
#1012 = ADVANCED_FACE ( 'NONE', ( #3605 ), #1792, .F. ) ;
#1013 = EDGE_LOOP ( 'NONE', ( #2585, #941, #1739, #2670 ) ) ;
#1014 = CARTESIAN_POINT ( 'NONE',  ( 0.8336537963607538700, 0.8807370778945685700, -0.4749999999999993100 ) ) ;
#1015 = FACE_OUTER_BOUND ( 'NONE', #427, .T. ) ;
#1016 = ORIENTED_EDGE ( 'NONE', *, *, #3054, .F. ) ;
#1017 = DIRECTION ( 'NONE',  ( -0.9993908270190957600, 0.03489949670250142000, 0.0000000000000000000 ) ) ;
#1018 = CARTESIAN_POINT ( 'NONE',  ( -1.187538674682156600, 0.1644913506797411300, -0.8249999999999992900 ) ) ;
#1019 = DIRECTION ( 'NONE',  ( -1.000000000000000000, -1.932980447489556100E-014, 0.0000000000000000000 ) ) ;
#1020 = EDGE_CURVE ( 'NONE', #2104, #2486, #2029, .T. ) ;
#1021 = EDGE_CURVE ( 'NONE', #1567, #3796, #962, .T. ) ;
#1022 = CARTESIAN_POINT ( 'NONE',  ( 1.177075203620538500, 0.01485674314076785600, 1.125000000000000700 ) ) ;
#1023 = VECTOR ( 'NONE', #73, 1000.000000000000000 ) ;
#1024 = ORIENTED_EDGE ( 'NONE', *, *, #1871, .T. ) ;
#1025 = PLANE ( 'NONE',  #1898 ) ;
#1026 = VERTEX_POINT ( 'NONE', #4 ) ;
#1027 = EDGE_CURVE ( 'NONE', #2806, #331, #3063, .T. ) ;
#1028 = LINE ( 'NONE', #1631, #1471 ) ;
#1029 = DIRECTION ( 'NONE',  ( 0.03489949670250141300, -0.9993908270190956500, 0.0000000000000000000 ) ) ;
#1030 = ORIENTED_EDGE ( 'NONE', *, *, #3703, .F. ) ;
#1031 = VECTOR ( 'NONE', #2428, 1000.000000000000000 ) ;
#1032 = EDGE_CURVE ( 'NONE', #2220, #3568, #3263, .T. ) ;
#1033 = CARTESIAN_POINT ( 'NONE',  ( -1.399999999999999900, 0.1496346075389733400, 1.125000000000000700 ) ) ;
#1034 = CARTESIAN_POINT ( 'NONE',  ( 1.187538674682155700, 0.1644913506797416000, -0.8249999999999992900 ) ) ;
#1035 = EDGE_LOOP ( 'NONE', ( #129, #127, #1264, #1168 ) ) ;
#1036 = DIRECTION ( 'NONE',  ( -0.0000000000000000000, -0.0000000000000000000, -1.000000000000000000 ) ) ;
#1037 = LINE ( 'NONE', #1280, #2419 ) ;
#1038 = VERTEX_POINT ( 'NONE', #940 ) ;
#1039 = AXIS2_PLACEMENT_3D ( 'NONE', #835, #3981, #1154 ) ;
#1040 = VERTEX_POINT ( 'NONE', #2177 ) ;
#1041 = FACE_OUTER_BOUND ( 'NONE', #3575, .T. ) ;
#1042 = DIRECTION ( 'NONE',  ( -0.0000000000000000000, -0.0000000000000000000, -1.000000000000000000 ) ) ;
#1043 = LINE ( 'NONE', #3757, #2377 ) ;
#1044 = DIRECTION ( 'NONE',  ( -1.000000000000000000, 0.0000000000000000000, 0.0000000000000000000 ) ) ;
#1045 = AXIS2_PLACEMENT_3D ( 'NONE', #3057, #2446, #2756 ) ;
#1046 = CARTESIAN_POINT ( 'NONE',  ( 1.177075203620538500, 0.01485674314076785600, 0.8250000000000006200 ) ) ;
#1047 = CARTESIAN_POINT ( 'NONE',  ( 1.389536528938381900, 0.0000000000000000000, -0.8249999999999992900 ) ) ;
#1048 = EDGE_CURVE ( 'NONE', #3852, #11, #3705, .T. ) ;
#1049 = ORIENTED_EDGE ( 'NONE', *, *, #2151, .T. ) ;
#1050 = DIRECTION ( 'NONE',  ( -3.975407965780186700E-016, 0.0000000000000000000, -1.000000000000000000 ) ) ;
#1051 = ORIENTED_EDGE ( 'NONE', *, *, #707, .T. ) ;
#1052 = DIRECTION ( 'NONE',  ( 0.0000000000000000000, 0.0000000000000000000, 1.000000000000000000 ) ) ;
#1053 = VECTOR ( 'NONE', #656, 1000.000000000000100 ) ;
#1054 = ORIENTED_EDGE ( 'NONE', *, *, #1125, .F. ) ;
#1055 = ORIENTED_EDGE ( 'NONE', *, *, #2095, .T. ) ;
#1056 = DIRECTION ( 'NONE',  ( -0.0000000000000000000, -0.0000000000000000000, -1.000000000000000000 ) ) ;
#1057 = DIRECTION ( 'NONE',  ( 1.000000000000000000, 0.0000000000000000000, -0.0000000000000000000 ) ) ;
#1058 = DIRECTION ( 'NONE',  ( 0.9975640502598248600, 0.06975647374411535200, 0.0000000000000000000 ) ) ;
#1059 = SURFACE_STYLE_USAGE ( .BOTH. , #389 ) ;
#1060 = ORIENTED_EDGE ( 'NONE', *, *, #2267, .T. ) ;
#1061 = DIRECTION ( 'NONE',  ( -0.03489949670250106600, -0.9993908270190956500, 0.0000000000000000000 ) ) ;
#1062 = ORIENTED_EDGE ( 'NONE', *, *, #1191, .T. ) ;
#1063 = DIRECTION ( 'NONE',  ( -0.0000000000000000000, -0.0000000000000000000, -1.000000000000000000 ) ) ;
#1064 = DIRECTION ( 'NONE',  ( -0.0000000000000000000, -0.0000000000000000000, -1.000000000000000000 ) ) ;
#1065 = VECTOR ( 'NONE', #456, 1000.000000000000000 ) ;
#1066 = PRODUCT_DEFINITION ( 'UNKNOWN', '', #2746, #1974 ) ;
#1067 = ORIENTED_EDGE ( 'NONE', *, *, #491, .T. ) ;
#1068 = DIRECTION ( 'NONE',  ( -1.000000000000000000, 0.0000000000000000000, 0.0000000000000000000 ) ) ;
#1069 = DIRECTION ( 'NONE',  ( -1.000000000000000000, 0.0000000000000000000, 0.0000000000000000000 ) ) ;
#1070 = DIRECTION ( 'NONE',  ( -0.9975640502598248600, 0.06975647374411662900, -0.0000000000000000000 ) ) ;
#1071 = EDGE_CURVE ( 'NONE', #3136, #1826, #2957, .T. ) ;
#1072 = AXIS2_PLACEMENT_3D ( 'NONE', #1014, #1311, #1912 ) ;
#1073 = CARTESIAN_POINT ( 'NONE',  ( 1.194114123733047500, 0.2585246530445617900, 0.8250000000000006200 ) ) ;
#1074 = PLANE ( 'NONE',  #2461 ) ;
#1075 = DIRECTION ( 'NONE',  ( -1.000000000000000000, 0.0000000000000000000, 0.0000000000000000000 ) ) ;
#1076 = DIRECTION ( 'NONE',  ( -1.000000000000000000, 0.0000000000000000000, 0.0000000000000000000 ) ) ;
#1077 = ORIENTED_EDGE ( 'NONE', *, *, #2725, .T. ) ;
#1078 = VECTOR ( 'NONE', #2790, 1000.000000000000000 ) ;
#1079 = CARTESIAN_POINT ( 'NONE',  ( -1.399999999999999900, 0.1496346075389733400, 0.8250000000000006200 ) ) ;
#1080 = ORIENTED_EDGE ( 'NONE', *, *, #430, .F. ) ;
#1081 = ORIENTED_EDGE ( 'NONE', *, *, #3142, .T. ) ;
#1082 = VERTEX_POINT ( 'NONE', #1553 ) ;
#1083 = LINE ( 'NONE', #170, #1426 ) ;
#1084 = ORIENTED_EDGE ( 'NONE', *, *, #869, .T. ) ;
#1085 = VECTOR ( 'NONE', #2792, 1000.000000000000000 ) ;
#1086 = EDGE_CURVE ( 'NONE', #745, #156, #2222, .T. ) ;
#1087 = DIRECTION ( 'NONE',  ( 0.0000000000000000000, 1.000000000000000000, 0.0000000000000000000 ) ) ;
#1088 = CARTESIAN_POINT ( 'NONE',  ( -1.194114123733047500, 0.2585246530445617900, 0.8250000000000006200 ) ) ;
#1089 = DIRECTION ( 'NONE',  ( -0.0000000000000000000, -1.000000000000000000, -0.0000000000000000000 ) ) ;
#1090 = CARTESIAN_POINT ( 'NONE',  ( -1.077767920093801700, 0.8892617309391303000, -0.1749999999999993800 ) ) ;
#1091 = CARTESIAN_POINT ( 'NONE',  ( -0.7999999999999988200, 0.9749999999999999800, 1.499999999999998000 ) ) ;
#1092 = FACE_OUTER_BOUND ( 'NONE', #3454, .T. ) ;
#1093 = DIRECTION ( 'NONE',  ( -0.9975640502598247500, 0.06975647374411818300, 0.0000000000000000000 ) ) ;
#1094 = FACE_OUTER_BOUND ( 'NONE', #3406, .T. ) ;
#1095 = ORIENTED_EDGE ( 'NONE', *, *, #2124, .F. ) ;
#1096 = CARTESIAN_POINT ( 'NONE',  ( -1.177075203620539000, 0.01485674314076785600, -0.8249999999999992900 ) ) ;
#1097 = AXIS2_PLACEMENT_3D ( 'NONE', #3572, #759, #2950 ) ;
#1098 =( NAMED_UNIT ( * ) SI_UNIT ( $, .STERADIAN. ) SOLID_ANGLE_UNIT ( ) );
#1099 = EDGE_CURVE ( 'NONE', #2158, #3437, #3439, .T. ) ;
#1100 = CARTESIAN_POINT ( 'NONE',  ( 1.077767920093801500, 0.8892617309391303000, 0.4750000000000005900 ) ) ;
#1101 = ADVANCED_FACE ( 'NONE', ( #3393 ), #1845, .T. ) ;
#1102 = DIRECTION ( 'NONE',  ( 1.000000000000000000, 0.0000000000000000000, 0.0000000000000000000 ) ) ;
#1103 = DIRECTION ( 'NONE',  ( -3.975407965780186200E-016, -0.0000000000000000000, -1.000000000000000000 ) ) ;
#1104 = ORIENTED_EDGE ( 'NONE', *, *, #2213, .T. ) ;
#1105 = CARTESIAN_POINT ( 'NONE',  ( 0.8000000000000012700, 1.125000000000000200, 0.8250000000000006200 ) ) ;
#1106 = CARTESIAN_POINT ( 'NONE',  ( 1.399999999999999900, 0.1496346075389735600, 1.125000000000000700 ) ) ;
#1107 = VECTOR ( 'NONE', #2972, 1000.000000000000000 ) ;
#1108 =( LENGTH_UNIT ( ) NAMED_UNIT ( * ) SI_UNIT ( .MILLI., .METRE. ) );
#1109 = ORIENTED_EDGE ( 'NONE', *, *, #1524, .F. ) ;
#1110 = EDGE_CURVE ( 'NONE', #3819, #741, #1151, .T. ) ;
#1111 = ORIENTED_EDGE ( 'NONE', *, *, #330, .T. ) ;
#1112 = DIRECTION ( 'NONE',  ( -0.1736481776669307200, 0.9848077530122080200, 0.0000000000000000000 ) ) ;
#1113 = LINE ( 'NONE', #452, #2568 ) ;
#1114 = VECTOR ( 'NONE', #1817, 1000.000000000000000 ) ;
#1115 = EDGE_LOOP ( 'NONE', ( #3154, #3582, #3385, #3610 ) ) ;
#1116 = ORIENTED_EDGE ( 'NONE', *, *, #108, .T. ) ;
#1117 = LINE ( 'NONE', #2375, #3611 ) ;
#1118 = DIRECTION ( 'NONE',  ( -1.000000000000000000, 0.0000000000000000000, 0.0000000000000000000 ) ) ;
#1119 = PRESENTATION_LAYER_ASSIGNMENT (  '', '', ( #3349 ) ) ;
#1120 = CARTESIAN_POINT ( 'NONE',  ( 0.8000000000000011500, 0.9749999999999999800, 0.4750000000000005900 ) ) ;
#1121 = PLANE ( 'NONE',  #1428 ) ;
#1122 = ORIENTED_EDGE ( 'NONE', *, *, #407, .F. ) ;
#1123 = DIRECTION ( 'NONE',  ( -0.0000000000000000000, -0.0000000000000000000, -1.000000000000000000 ) ) ;
#1124 = CARTESIAN_POINT ( 'NONE',  ( -1.077767920093801500, 0.8892617309391303000, 0.8250000000000006200 ) ) ;
#1125 = EDGE_CURVE ( 'NONE', #741, #595, #1043, .T. ) ;
#1126 = CARTESIAN_POINT ( 'NONE',  ( 1.187538674682155900, 0.1644913506797416000, 0.4750000000000005900 ) ) ;
#1127 = DIRECTION ( 'NONE',  ( 1.000000000000000000, 1.932980447489556100E-014, 0.0000000000000000000 ) ) ;
#1128 = CARTESIAN_POINT ( 'NONE',  ( -0.8336537963607544300, 0.8807370778945685700, -1.124999999999999300 ) ) ;
#1129 = ADVANCED_FACE ( 'NONE', ( #2426 ), #1885, .T. ) ;
#1130 = CARTESIAN_POINT ( 'NONE',  ( -1.099908624052864200, 0.2552349245053750500, -0.8249999999999992900 ) ) ;
#1131 = LINE ( 'NONE', #3999, #296 ) ;
#1132 = ORIENTED_EDGE ( 'NONE', *, *, #3327, .F. ) ;
#1133 = VECTOR ( 'NONE', #4035, 1000.000000000000100 ) ;
#1134 = PLANE ( 'NONE',  #2920 ) ;
#1135 = EDGE_CURVE ( 'NONE', #1040, #576, #519, .T. ) ;
#1136 = AXIS2_PLACEMENT_3D ( 'NONE', #2572, #3201, #761 ) ;
#1137 =( LENGTH_UNIT ( ) NAMED_UNIT ( * ) SI_UNIT ( .MILLI., .METRE. ) );
#1138 = ORIENTED_EDGE ( 'NONE', *, *, #943, .F. ) ;
#1139 = FACE_OUTER_BOUND ( 'NONE', #2505, .T. ) ;
#1140 = ORIENTED_EDGE ( 'NONE', *, *, #889, .F. ) ;
#1141 = DIRECTION ( 'NONE',  ( -0.0000000000000000000, -0.0000000000000000000, -1.000000000000000000 ) ) ;
#1142 = FILL_AREA_STYLE_COLOUR ( '', #3717 ) ;
#1143 = ORIENTED_EDGE ( 'NONE', *, *, #3782, .T. ) ;
#1144 = CARTESIAN_POINT ( 'NONE',  ( 1.099908624052864200, 0.2552349245053751600, 1.125000000000000700 ) ) ;
#1145 = ORIENTED_EDGE ( 'NONE', *, *, #3167, .T. ) ;
#1146 = LINE ( 'NONE', #2415, #695 ) ;
#1147 = ORIENTED_EDGE ( 'NONE', *, *, #1191, .F. ) ;
#1148 = CIRCLE ( 'NONE', #2163, 0.09426292210543141300 ) ;
#1149 = ORIENTED_EDGE ( 'NONE', *, *, #1953, .T. ) ;
#1150 = AXIS2_PLACEMENT_3D ( 'NONE', #205, #2399, #523 ) ;
#1151 = CIRCLE ( 'NONE', #1665, 0.09426292210543119100 ) ;
#1152 = ADVANCED_FACE ( 'NONE', ( #3297 ), #3785, .T. ) ;
#1153 = DIRECTION ( 'NONE',  ( 0.9975640502598248600, 0.06975647374411599000, -0.0000000000000000000 ) ) ;
#1154 = DIRECTION ( 'NONE',  ( -1.000000000000000000, 0.0000000000000000000, 0.0000000000000000000 ) ) ;
#1155 = CARTESIAN_POINT ( 'NONE',  ( 0.8000000000000010400, 1.125000000000000200, -0.4749999999999993100 ) ) ;
#1156 = VECTOR ( 'NONE', #2351, 1000.000000000000000 ) ;
#1157 = VERTEX_POINT ( 'NONE', #594 ) ;
#1158 = AXIS2_PLACEMENT_3D ( 'NONE', #1100, #1720, #3288 ) ;
#1159 = EDGE_CURVE ( 'NONE', #1157, #16, #315, .T. ) ;
#1160 = EDGE_CURVE ( 'NONE', #3725, #4029, #3840, .T. ) ;
#1161 = ORIENTED_EDGE ( 'NONE', *, *, #2821, .T. ) ;
#1162 = VECTOR ( 'NONE', #841, 1000.000000000000000 ) ;
#1163 = EDGE_LOOP ( 'NONE', ( #2742, #155, #3360, #2580 ) ) ;
#1164 = DIRECTION ( 'NONE',  ( -0.03489949670250141300, 0.9993908270190956500, 0.0000000000000000000 ) ) ;
#1165 = ORIENTED_EDGE ( 'NONE', *, *, #3920, .T. ) ;
#1166 = SURFACE_STYLE_FILL_AREA ( #3321 ) ;
#1167 = DIRECTION ( 'NONE',  ( -0.9975640502598248600, 0.06975647374411662900, -0.0000000000000000000 ) ) ;
#1168 = ORIENTED_EDGE ( 'NONE', *, *, #3692, .T. ) ;
#1169 = PLANE ( 'NONE',  #1531 ) ;
#1170 = ADVANCED_FACE ( 'NONE', ( #646 ), #295, .F. ) ;
#1171 = DIRECTION ( 'NONE',  ( -1.000000000000000000, -1.932980447489556100E-014, 0.0000000000000000000 ) ) ;
#1172 = ORIENTED_EDGE ( 'NONE', *, *, #2308, .T. ) ;
#1173 = EDGE_CURVE ( 'NONE', #1320, #2390, #1772, .T. ) ;
#1174 = DIRECTION ( 'NONE',  ( 1.000000000000000000, -9.664902237447750300E-015, 0.0000000000000000000 ) ) ;
#1175 = LINE ( 'NONE', #2047, #340 ) ;
#1176 = ORIENTED_EDGE ( 'NONE', *, *, #2308, .F. ) ;
#1177 = FACE_OUTER_BOUND ( 'NONE', #1013, .T. ) ;
#1178 = CARTESIAN_POINT ( 'NONE',  ( 0.8336537963607538700, 0.8807370778945685700, -0.1749999999999993800 ) ) ;
#1179 = CARTESIAN_POINT ( 'NONE',  ( -0.8000000000000012700, 1.125000000000000000, 1.125000000000000700 ) ) ;
#1180 = UNCERTAINTY_MEASURE_WITH_UNIT (LENGTH_MEASURE( 1.000000000000000100E-005 ), #1137, 'distance_accuracy_value', 'NONE');
#1181 = VERTEX_POINT ( 'NONE', #3418 ) ;
#1182 = ORIENTED_EDGE ( 'NONE', *, *, #1841, .T. ) ;
#1183 = LINE ( 'NONE', #4050, #549 ) ;
#1184 = ORIENTED_EDGE ( 'NONE', *, *, #3536, .T. ) ;
#1185 = EDGE_LOOP ( 'NONE', ( #3203, #1973, #1331, #1060 ) ) ;
#1186 = ORIENTED_EDGE ( 'NONE', *, *, #3487, .T. ) ;
#1187 = ADVANCED_FACE ( 'NONE', ( #1239 ), #3092, .T. ) ;
#1188 = DIRECTION ( 'NONE',  ( 1.000000000000000000, 0.0000000000000000000, 0.0000000000000000000 ) ) ;
#1189 = VERTEX_POINT ( 'NONE', #1532 ) ;
#1190 = LINE ( 'NONE', #1962, #1568 ) ;
#1191 = EDGE_CURVE ( 'NONE', #1214, #3276, #1721, .T. ) ;
#1192 = CARTESIAN_POINT ( 'NONE',  ( 1.099908624052863700, 0.2552349245053751600, -1.124999999999999300 ) ) ;
#1193 = ORIENTED_EDGE ( 'NONE', *, *, #2537, .T. ) ;
#1194 = DIRECTION ( 'NONE',  ( -1.807003620809175400E-016, -0.0000000000000000000, -1.000000000000000000 ) ) ;
#1195 = VECTOR ( 'NONE', #1918, 1000.000000000000000 ) ;
#1196 = CARTESIAN_POINT ( 'NONE',  ( -1.389536528938382500, 0.0000000000000000000, -0.1749999999999993800 ) ) ;
#1197 = FACE_OUTER_BOUND ( 'NONE', #714, .T. ) ;
#1198 = COLOUR_RGB ( '',0.7921568627450980000, 0.8196078431372548800, 0.9333333333333333500 ) ;
#1199 = AXIS2_PLACEMENT_3D ( 'NONE', #2814, #2802, #2826 ) ;
#1200 = DIRECTION ( 'NONE',  ( 0.9975640502598248600, -0.06975647374411599000, 0.0000000000000000000 ) ) ;
#1201 = DIRECTION ( 'NONE',  ( -0.0000000000000000000, -0.0000000000000000000, -1.000000000000000000 ) ) ;
#1202 = DIRECTION ( 'NONE',  ( 1.000000000000000000, 0.0000000000000000000, -0.0000000000000000000 ) ) ;
#1203 = EDGE_LOOP ( 'NONE', ( #1589, #1938, #3233, #2713, #2544, #1353, #1714, #3732, #2030, #1227, #2465, #55 ) ) ;
#1204 = FILL_AREA_STYLE ('',( #1550 ) ) ;
#1205 = ADVANCED_FACE ( 'NONE', ( #1336 ), #2602, .F. ) ;
#1206 = VECTOR ( 'NONE', #983, 1000.000000000000100 ) ;
#1207 = AXIS2_PLACEMENT_3D ( 'NONE', #3088, #3102, #4053 ) ;
#1208 = VERTEX_POINT ( 'NONE', #783 ) ;
#1209 = ORIENTED_EDGE ( 'NONE', *, *, #3059, .F. ) ;
#1210 = VECTOR ( 'NONE', #3562, 1000.000000000000000 ) ;
#1211 = EDGE_CURVE ( 'NONE', #2417, #16, #3896, .T. ) ;
#1212 = LINE ( 'NONE', #3415, #575 ) ;
#1213 = VERTEX_POINT ( 'NONE', #1952 ) ;
#1214 = VERTEX_POINT ( 'NONE', #3864 ) ;
#1215 = VECTOR ( 'NONE', #1725, 1000.000000000000000 ) ;
#1216 = CARTESIAN_POINT ( 'NONE',  ( -1.400000000000000100, 0.1496346075389733400, -0.1749999999999993800 ) ) ;
#1217 = DIRECTION ( 'NONE',  ( -1.000000000000000000, 0.0000000000000000000, 0.0000000000000000000 ) ) ;
#1218 = VECTOR ( 'NONE', #3003, 1000.000000000000100 ) ;
#1219 = EDGE_LOOP ( 'NONE', ( #2590, #3962, #1896, #3377 ) ) ;
#1220 = CARTESIAN_POINT ( 'NONE',  ( 0.8000000000000011500, 0.9749999999999999800, 0.1750000000000006800 ) ) ;
#1221 = LINE ( 'NONE', #3045, #451 ) ;
#1222 = CARTESIAN_POINT ( 'NONE',  ( 0.9278592960409375300, 0.8840268064337552000, -0.1749999999999993800 ) ) ;
#1223 = AXIS2_PLACEMENT_3D ( 'NONE', #1607, #1017, #1837 ) ;
#1224 = CARTESIAN_POINT ( 'NONE',  ( -0.8336537963607544300, 0.8807370778945685700, -0.8249999999999992900 ) ) ;
#1225 = ORIENTED_EDGE ( 'NONE', *, *, #2778, .T. ) ;
#1226 = PRESENTATION_STYLE_ASSIGNMENT (( #3016 ) ) ;
#1227 = ORIENTED_EDGE ( 'NONE', *, *, #2566, .F. ) ;
#1228 = EDGE_CURVE ( 'NONE', #2231, #842, #1858, .T. ) ;
#1229 = EDGE_CURVE ( 'NONE', #1567, #2133, #901, .T. ) ;
#1230 = FACE_OUTER_BOUND ( 'NONE', #3183, .T. ) ;
#1231 = EDGE_LOOP ( 'NONE', ( #2218, #666, #1354, #3197 ) ) ;
#1232 = ORIENTED_EDGE ( 'NONE', *, *, #2931, .F. ) ;
#1233 = CIRCLE ( 'NONE', #4051, 0.09426292210543163500 ) ;
#1234 = ORIENTED_EDGE ( 'NONE', *, *, #3416, .T. ) ;
#1235 = CYLINDRICAL_SURFACE ( 'NONE', #4040, 0.09426292210543098200 ) ;
#1236 = ORIENTED_EDGE ( 'NONE', *, *, #997, .T. ) ;
#1237 = DIRECTION ( 'NONE',  ( 1.807003620809175400E-016, 0.0000000000000000000, 1.000000000000000000 ) ) ;
#1238 = EDGE_CURVE ( 'NONE', #1038, #3028, #1486, .T. ) ;
#1239 = FACE_OUTER_BOUND ( 'NONE', #2215, .T. ) ;
#1240 = DIRECTION ( 'NONE',  ( 1.000000000000000000, 9.664902237447750300E-015, -0.0000000000000000000 ) ) ;
#1241 = ADVANCED_FACE ( 'NONE', ( #2998 ), #459, .F. ) ;
#1242 = DIRECTION ( 'NONE',  ( -0.0000000000000000000, -0.0000000000000000000, -1.000000000000000000 ) ) ;
#1243 = EDGE_CURVE ( 'NONE', #823, #3437, #2558, .T. ) ;
#1244 = AXIS2_PLACEMENT_3D ( 'NONE', #1275, #3477, #1596 ) ;
#1245 = VERTEX_POINT ( 'NONE', #2273 ) ;
#1246 = DIRECTION ( 'NONE',  ( -1.000000000000000000, 1.288653631659700000E-014, -0.0000000000000000000 ) ) ;
#1247 = ORIENTED_EDGE ( 'NONE', *, *, #1020, .T. ) ;
#1248 = ORIENTED_EDGE ( 'NONE', *, *, #560, .T. ) ;
#1249 = FACE_OUTER_BOUND ( 'NONE', #570, .T. ) ;
#1250 = CARTESIAN_POINT ( 'NONE',  ( 1.194114123733047300, 0.2585246530445617900, 0.4750000000000005900 ) ) ;
#1251 = CLOSED_SHELL ( 'NONE', ( #3695, #1409, #3787, #3973, #3374, #496, #2407, #817, #2078, #2530, #2136, #2810, #1860, #555 ) ) ;
#1252 = ORIENTED_EDGE ( 'NONE', *, *, #2474, .T. ) ;
#1253 = LINE ( 'NONE', #1289, #2763 ) ;
#1254 = AXIS2_PLACEMENT_3D ( 'NONE', #277, #3074, #2470 ) ;
#1255 = ORIENTED_EDGE ( 'NONE', *, *, #2425, .F. ) ;
#1256 = ADVANCED_FACE ( 'NONE', ( #2473 ), #2206, .T. ) ;
#1257 = EDGE_CURVE ( 'NONE', #2420, #114, #698, .T. ) ;
#1258 = CARTESIAN_POINT ( 'NONE',  ( -0.7999999999999988200, 1.125000000000000000, 1.499999999999998000 ) ) ;
#1259 = ORIENTED_EDGE ( 'NONE', *, *, #1982, .F. ) ;
#1260 = DIRECTION ( 'NONE',  ( 0.06975647374411536600, -0.9975640502598249700, 0.0000000000000000000 ) ) ;
#1261 = SURFACE_STYLE_USAGE ( .BOTH. , #2815 ) ;
#1262 = VECTOR ( 'NONE', #2297, 1000.000000000000000 ) ;
#1263 = DIRECTION ( 'NONE',  ( -1.000000000000000000, 0.0000000000000000000, 0.0000000000000000000 ) ) ;
#1264 = ORIENTED_EDGE ( 'NONE', *, *, #2537, .F. ) ;
#1265 = AXIS2_PLACEMENT_3D ( 'NONE', #2201, #388, #1263 ) ;
#1266 = CIRCLE ( 'NONE', #833, 0.2442629221054311600 ) ;
#1267 = CARTESIAN_POINT ( 'NONE',  ( 1.194114123733047000, 0.2585246530445617900, -0.8249999999999992900 ) ) ;
#1268 = VERTEX_POINT ( 'NONE', #2287 ) ;
#1269 = ORIENTED_EDGE ( 'NONE', *, *, #2037, .T. ) ;
#1270 = FACE_OUTER_BOUND ( 'NONE', #3783, .T. ) ;
#1271 = CARTESIAN_POINT ( 'NONE',  ( 0.9278592960409375300, 0.8840268064337552000, -0.1749999999999993800 ) ) ;
#1272 = ORIENTED_EDGE ( 'NONE', *, *, #757, .T. ) ;
#1273 = ORIENTED_EDGE ( 'NONE', *, *, #2449, .F. ) ;
#1274 = ADVANCED_FACE ( 'NONE', ( #3046 ), #2012, .F. ) ;
#1275 = CARTESIAN_POINT ( 'NONE',  ( -1.194114123733047500, 0.2585246530445617900, 1.125000000000000700 ) ) ;
#1276 = FILL_AREA_STYLE_COLOUR ( '', #2860 ) ;
#1277 = ORIENTED_EDGE ( 'NONE', *, *, #1243, .F. ) ;
#1278 = AXIS2_PLACEMENT_3D ( 'NONE', #3784, #2839, #657 ) ;
#1279 = CARTESIAN_POINT ( 'NONE',  ( -0.8000000000000014900, 0.9749999999999999800, -0.1749999999999993800 ) ) ;
#1280 = CARTESIAN_POINT ( 'NONE',  ( -0.8000000000000012700, 1.125000000000000000, 1.125000000000000700 ) ) ;
#1281 = CIRCLE ( 'NONE', #448, 0.09426292210543119100 ) ;
#1282 = VERTEX_POINT ( 'NONE', #3206 ) ;
#1283 = EDGE_CURVE ( 'NONE', #576, #308, #1383, .T. ) ;
#1284 = AXIS2_PLACEMENT_3D ( 'NONE', #3209, #376, #2262 ) ;
#1285 = VECTOR ( 'NONE', #2051, 1000.000000000000000 ) ;
#1286 = CIRCLE ( 'NONE', #175, 0.2442629221054308200 ) ;
#1287 = DIRECTION ( 'NONE',  ( 0.0000000000000000000, 0.0000000000000000000, 1.000000000000000000 ) ) ;
#1288 = LINE ( 'NONE', #2385, #3699 ) ;
#1289 = CARTESIAN_POINT ( 'NONE',  ( -0.8000000000000013800, 0.9749999999999999800, 0.4750000000000005900 ) ) ;
#1290 = CARTESIAN_POINT ( 'NONE',  ( 0.8000000000000010400, 0.9749999999999999800, -0.1749999999999993800 ) ) ;
#1291 = DIRECTION ( 'NONE',  ( -0.0000000000000000000, -0.0000000000000000000, -1.000000000000000000 ) ) ;
#1292 = EDGE_CURVE ( 'NONE', #3107, #3339, #3099, .T. ) ;
#1293 = ORIENTED_EDGE ( 'NONE', *, *, #3328, .T. ) ;
#1294 = VECTOR ( 'NONE', #1050, 1000.000000000000000 ) ;
#1295 = CARTESIAN_POINT ( 'NONE',  ( -1.187538674682156300, 0.1644913506797410500, 0.1750000000000006800 ) ) ;
#1296 = ORIENTED_EDGE ( 'NONE', *, *, #812, .F. ) ;
#1297 = CLOSED_SHELL ( 'NONE', ( #1472, #3414, #3993, #3086, #323, #2059, #3669, #3448, #2463, #3106, #2380, #30, #879, #2961 ) ) ;
#1298 = CARTESIAN_POINT ( 'NONE',  ( 0.8000000000000012700, 1.125000000000000200, 1.125000000000000700 ) ) ;
#1299 = CIRCLE ( 'NONE', #3457, 0.2442629221054310500 ) ;
#1300 = VECTOR ( 'NONE', #1171, 1000.000000000000000 ) ;
#1301 = AXIS2_PLACEMENT_3D ( 'NONE', #1224, #3399, #4066 ) ;
#1302 = ORIENTED_EDGE ( 'NONE', *, *, #1099, .F. ) ;
#1303 = VERTEX_POINT ( 'NONE', #1651 ) ;
#1304 = CARTESIAN_POINT ( 'NONE',  ( 1.187538674682156100, 0.1644913506797416000, 1.125000000000000700 ) ) ;
#1305 = DIRECTION ( 'NONE',  ( -1.000000000000000000, 0.0000000000000000000, 0.0000000000000000000 ) ) ;
#1306 =( NAMED_UNIT ( * ) PLANE_ANGLE_UNIT ( ) SI_UNIT ( $, .RADIAN. ) );
#1307 = CIRCLE ( 'NONE', #1692, 0.2442629221054309400 ) ;
#1308 = EDGE_CURVE ( 'NONE', #1268, #2571, #3540, .T. ) ;
#1309 = CARTESIAN_POINT ( 'NONE',  ( -1.400000000000000100, 0.1496346075389733400, 0.4750000000000005900 ) ) ;
#1310 = ORIENTED_EDGE ( 'NONE', *, *, #2474, .F. ) ;
#1311 = DIRECTION ( 'NONE',  ( -0.0000000000000000000, 0.0000000000000000000, -1.000000000000000000 ) ) ;
#1312 = EDGE_CURVE ( 'NONE', #361, #2518, #3743, .T. ) ;
#1313 = DIRECTION ( 'NONE',  ( 0.9975640502598248600, -0.06975647374411599000, 0.0000000000000000000 ) ) ;
#1314 = CIRCLE ( 'NONE', #2652, 0.1215028102841714700 ) ;
#1315 = ADVANCED_FACE ( 'NONE', ( #418 ), #2902, .F. ) ;
#1316 = DIRECTION ( 'NONE',  ( -0.0000000000000000000, -0.0000000000000000000, -1.000000000000000000 ) ) ;
#1317 = CARTESIAN_POINT ( 'NONE',  ( -0.4572970168999269700, 1.349999999999999400, -1.007589672163472300 ) ) ;
#1318 = DIRECTION ( 'NONE',  ( 0.06975647374411536600, -0.9975640502598249700, 0.0000000000000000000 ) ) ;
#1319 = PLANE ( 'NONE',  #3799 ) ;
#1320 = VERTEX_POINT ( 'NONE', #764 ) ;
#1321 = LINE ( 'NONE', #810, #3726 ) ;
#1322 = ORIENTED_EDGE ( 'NONE', *, *, #3479, .T. ) ;
#1323 = ORIENTED_EDGE ( 'NONE', *, *, #3278, .T. ) ;
#1324 = EDGE_CURVE ( 'NONE', #3568, #2791, #2892, .T. ) ;
#1325 = LINE ( 'NONE', #3701, #693 ) ;
#1326 = ORIENTED_EDGE ( 'NONE', *, *, #972, .T. ) ;
#1327 = PRODUCT_DEFINITION_SHAPE ( 'NONE', 'NONE',  #1066 ) ;
#1328 = CARTESIAN_POINT ( 'NONE',  ( -0.8336537963607542100, 0.9749999999999996400, 0.4750000000000005900 ) ) ;
#1329 = LINE ( 'NONE', #1815, #3835 ) ;
#1330 = FACE_OUTER_BOUND ( 'NONE', #3630, .T. ) ;
#1331 = ORIENTED_EDGE ( 'NONE', *, *, #2115, .F. ) ;
#1332 = DIRECTION ( 'NONE',  ( -0.0000000000000000000, 1.000000000000000000, -0.0000000000000000000 ) ) ;
#1333 = DIRECTION ( 'NONE',  ( -1.000000000000000000, 1.288653631659700000E-014, -0.0000000000000000000 ) ) ;
#1334 = AXIS2_PLACEMENT_3D ( 'NONE', #1751, #2956, #3306 ) ;
#1335 =( NAMED_UNIT ( * ) PLANE_ANGLE_UNIT ( ) SI_UNIT ( $, .RADIAN. ) );
#1336 = FACE_OUTER_BOUND ( 'NONE', #1035, .T. ) ;
#1337 = CARTESIAN_POINT ( 'NONE',  ( -0.4572970168999269700, 1.349999999999999400, -1.007589672163472300 ) ) ;
#1338 = EDGE_CURVE ( 'NONE', #2237, #3883, #3348, .T. ) ;
#1339 = AXIS2_PLACEMENT_3D ( 'NONE', #3927, #2055, #1127 ) ;
#1340 = ADVANCED_FACE ( 'NONE', ( #118 ), #502, .F. ) ;
#1341 = CARTESIAN_POINT ( 'NONE',  ( -1.077767920093801500, 0.8892617309391303000, 1.125000000000000700 ) ) ;
#1342 = DIRECTION ( 'NONE',  ( -0.0000000000000000000, -0.0000000000000000000, -1.000000000000000000 ) ) ;
#1343 = VERTEX_POINT ( 'NONE', #721 ) ;
#1344 = AXIS2_PLACEMENT_3D ( 'NONE', #2759, #1797, #2437 ) ;
#1345 = PLANE ( 'NONE',  #980 ) ;
#1346 = VERTEX_POINT ( 'NONE', #3335 ) ;
#1347 =( LENGTH_UNIT ( ) NAMED_UNIT ( * ) SI_UNIT ( .MILLI., .METRE. ) );
#1348 = VERTEX_POINT ( 'NONE', #781 ) ;
#1349 = ORIENTED_EDGE ( 'NONE', *, *, #1517, .F. ) ;
#1350 = LINE ( 'NONE', #2277, #530 ) ;
#1351 = UNCERTAINTY_MEASURE_WITH_UNIT (LENGTH_MEASURE( 1.000000000000000100E-005 ), #2915, 'distance_accuracy_value', 'NONE');
#1352 = DIRECTION ( 'NONE',  ( -0.9975640502598248600, -0.06975647374411535200, 0.0000000000000000000 ) ) ;
#1353 = ORIENTED_EDGE ( 'NONE', *, *, #2996, .F. ) ;
#1354 = ORIENTED_EDGE ( 'NONE', *, *, #513, .F. ) ;
#1355 = VECTOR ( 'NONE', #197, 1000.000000000000100 ) ;
#1356 = ORIENTED_EDGE ( 'NONE', *, *, #732, .F. ) ;
#1357 = AXIS2_PLACEMENT_3D ( 'NONE', #124, #3217, #3895 ) ;
#1358 = DIRECTION ( 'NONE',  ( 1.000000000000000000, 0.0000000000000000000, 0.0000000000000000000 ) ) ;
#1359 = DIRECTION ( 'NONE',  ( -0.0000000000000000000, -0.0000000000000000000, -1.000000000000000000 ) ) ;
#1360 =( NAMED_UNIT ( * ) PLANE_ANGLE_UNIT ( ) SI_UNIT ( $, .RADIAN. ) );
#1361 = EDGE_CURVE ( 'NONE', #745, #505, #1618, .T. ) ;
#1362 = EDGE_CURVE ( 'NONE', #2390, #1448, #3193, .T. ) ;
#1363 = CARTESIAN_POINT ( 'NONE',  ( -1.077767920093801500, 0.8892617309391303000, 1.125000000000000700 ) ) ;
#1364 = CARTESIAN_POINT ( 'NONE',  ( -1.077767920093802000, 0.8892617309391303000, -0.8249999999999992900 ) ) ;
#1365 = VECTOR ( 'NONE', #2988, 1000.000000000000100 ) ;
#1366 = CYLINDRICAL_SURFACE ( 'NONE', #1600, 0.2442629221054309400 ) ;
#1367 = FILL_AREA_STYLE ('',( #3239 ) ) ;
#1368 = ORIENTED_EDGE ( 'NONE', *, *, #3487, .F. ) ;
#1369 = VECTOR ( 'NONE', #1466, 1000.000000000000000 ) ;
#1370 = EDGE_CURVE ( 'NONE', #669, #1282, #4049, .T. ) ;
#1371 = DIRECTION ( 'NONE',  ( 0.06975647374411599000, 0.9975640502598249700, -0.0000000000000000000 ) ) ;
#1372 = CARTESIAN_POINT ( 'NONE',  ( 1.077767920093801300, 0.8892617309391303000, -0.8249999999999992900 ) ) ;
#1373 = EDGE_LOOP ( 'NONE', ( #2526, #3231, #2129, #1236 ) ) ;
#1374 = CARTESIAN_POINT ( 'NONE',  ( 1.177075203620538300, 0.01485674314076785600, -0.1749999999999993800 ) ) ;
#1375 = DIRECTION ( 'NONE',  ( -0.0000000000000000000, -0.0000000000000000000, -1.000000000000000000 ) ) ;
#1376 = EDGE_LOOP ( 'NONE', ( #895, #3754, #2001, #2250 ) ) ;
#1377 = CARTESIAN_POINT ( 'NONE',  ( -0.9278592960409379800, 0.8840268064337552000, -0.4749999999999993100 ) ) ;
#1378 = PRESENTATION_LAYER_ASSIGNMENT (  '', '', ( #3551 ) ) ;
#1379 = ORIENTED_EDGE ( 'NONE', *, *, #2847, .T. ) ;
#1380 = CIRCLE ( 'NONE', #3671, 0.09426292210543119100 ) ;
#1381 = CLOSED_SHELL ( 'NONE', ( #799, #3298, #1012, #990, #1256, #3270, #227, #2733, #537, #913, #3124, #931, #3951, #2651 ) ) ;
#1382 = CLOSED_SHELL ( 'NONE', ( #474, #204, #1509, #302, #1789, #1340, #1916, #3929, #1862, #624, #365, #1745, #3602, #2981 ) ) ;
#1383 = CIRCLE ( 'NONE', #2866, 0.09426292210543119100 ) ;
#1384 = VECTOR ( 'NONE', #946, 1000.000000000000100 ) ;
#1385 = CARTESIAN_POINT ( 'NONE',  ( 0.0000000000000000000, 0.1500000000000004900, 0.0000000000000000000 ) ) ;
#1386 = CARTESIAN_POINT ( 'NONE',  ( 1.177075203620538300, 0.01485674314076785600, 0.4750000000000005900 ) ) ;
#1387 = VECTOR ( 'NONE', #78, 1000.000000000000000 ) ;
#1388 = CARTESIAN_POINT ( 'NONE',  ( 1.389536528938382100, 0.0000000000000000000, -0.1749999999999993800 ) ) ;
#1389 = DIRECTION ( 'NONE',  ( -0.0000000000000000000, -0.0000000000000000000, -1.000000000000000000 ) ) ;
#1390 = DIRECTION ( 'NONE',  ( -0.0000000000000000000, -0.0000000000000000000, -1.000000000000000000 ) ) ;
#1391 = CARTESIAN_POINT ( 'NONE',  ( -0.7999999999999988200, 1.125000000000000000, 1.499999999999998000 ) ) ;
#1392 = EDGE_CURVE ( 'NONE', #114, #2294, #1666, .T. ) ;
#1393 = DIRECTION ( 'NONE',  ( -0.0000000000000000000, -0.0000000000000000000, -1.000000000000000000 ) ) ;
#1394 = ORIENTED_EDGE ( 'NONE', *, *, #1574, .T. ) ;
#1395 = SURFACE_STYLE_USAGE ( .BOTH. , #3544 ) ;
#1396 = LINE ( 'NONE', #3959, #568 ) ;
#1397 = ORIENTED_EDGE ( 'NONE', *, *, #952, .T. ) ;
#1398 = ORIENTED_EDGE ( 'NONE', *, *, #813, .F. ) ;
#1399 = DIRECTION ( 'NONE',  ( -0.0000000000000000000, -0.0000000000000000000, -1.000000000000000000 ) ) ;
#1400 = CARTESIAN_POINT ( 'NONE',  ( -1.099908624052863900, 0.2552349245053750500, -0.1749999999999993800 ) ) ;
#1401 = LINE ( 'NONE', #3227, #3604 ) ;
#1402 = VECTOR ( 'NONE', #3113, 1000.000000000000000 ) ;
#1403 = CARTESIAN_POINT ( 'NONE',  ( 0.8336537963607541000, 1.124999999999999800, 1.125000000000000700 ) ) ;
#1404 = CARTESIAN_POINT ( 'NONE',  ( 1.389536528938382300, 0.0000000000000000000, 1.125000000000000700 ) ) ;
#1405 = VERTEX_POINT ( 'NONE', #488 ) ;
#1406 = DIRECTION ( 'NONE',  ( -0.9975640502598248600, -0.06975647374411535200, 0.0000000000000000000 ) ) ;
#1407 = ORIENTED_EDGE ( 'NONE', *, *, #2831, .T. ) ;
#1408 = CARTESIAN_POINT ( 'NONE',  ( -0.8336537963607544300, 0.9749999999999996400, -1.124999999999999300 ) ) ;
#1409 = ADVANCED_FACE ( 'NONE', ( #1442 ), #610, .F. ) ;
#1410 = DIRECTION ( 'NONE',  ( -1.000000000000000000, 0.0000000000000000000, 0.0000000000000000000 ) ) ;
#1411 = ORIENTED_EDGE ( 'NONE', *, *, #191, .F. ) ;
#1412 = LINE ( 'NONE', #2916, #1065 ) ;
#1413 = PRESENTATION_LAYER_ASSIGNMENT (  '', '', ( #2661 ) ) ;
#1414 = DIRECTION ( 'NONE',  ( -0.9993908270190957600, -0.03489949670250142000, 0.0000000000000000000 ) ) ;
#1415 = DIRECTION ( 'NONE',  ( 0.0000000000000000000, -1.000000000000000000, 0.0000000000000000000 ) ) ;
#1416 = EDGE_CURVE ( 'NONE', #3911, #3849, #1960, .T. ) ;
#1417 = AXIS2_PLACEMENT_3D ( 'NONE', #2865, #993, #3772 ) ;
#1418 = CARTESIAN_POINT ( 'NONE',  ( -0.4572970168999269700, 1.349999999999999400, -1.129092482447643800 ) ) ;
#1419 = SURFACE_STYLE_USAGE ( .BOTH. , #2319 ) ;
#1420 = VECTOR ( 'NONE', #299, 1000.000000000000000 ) ;
#1421 =( NAMED_UNIT ( * ) PLANE_ANGLE_UNIT ( ) SI_UNIT ( $, .RADIAN. ) );
#1422 = ORIENTED_EDGE ( 'NONE', *, *, #2139, .T. ) ;
#1423 = LINE ( 'NONE', #507, #788 ) ;
#1424 = CARTESIAN_POINT ( 'NONE',  ( 0.9499999999999998400, 0.2500000000000000600, 0.8250000000000006200 ) ) ;
#1425 = VERTEX_POINT ( 'NONE', #3294 ) ;
#1426 = VECTOR ( 'NONE', #3594, 1000.000000000000000 ) ;
#1427 = UNCERTAINTY_MEASURE_WITH_UNIT (LENGTH_MEASURE( 1.000000000000000100E-005 ), #3559, 'distance_accuracy_value', 'NONE');
#1428 = AXIS2_PLACEMENT_3D ( 'NONE', #2679, #3317, #524 ) ;
#1429 = ORIENTED_EDGE ( 'NONE', *, *, #2611, .T. ) ;
#1430 = SURFACE_STYLE_FILL_AREA ( #1204 ) ;
#1431 = ORIENTED_EDGE ( 'NONE', *, *, #81, .F. ) ;
#1432 = ADVANCED_FACE ( 'NONE', ( #2511 ), #2085, .F. ) ;
#1433 = CARTESIAN_POINT ( 'NONE',  ( 0.8000000000000000400, 1.125000000000000000, -1.500000000000000000 ) ) ;
#1434 = DIRECTION ( 'NONE',  ( -1.000000000000000000, -0.0000000000000000000, 2.710505431213762100E-016 ) ) ;
#1435 = VECTOR ( 'NONE', #2372, 1000.000000000000000 ) ;
#1437 = ORIENTED_EDGE ( 'NONE', *, *, #2334, .T. ) ;
#1436 = DIRECTION ( 'NONE',  ( -1.000000000000000000, 0.0000000000000000000, 0.0000000000000000000 ) ) ;
#1438 = VECTOR ( 'NONE', #1064, 1000.000000000000000 ) ;
#1439 = PLANE ( 'NONE',  #637 ) ;
#1440 = DIRECTION ( 'NONE',  ( -0.0000000000000000000, -0.0000000000000000000, -1.000000000000000000 ) ) ;
#1441 = CARTESIAN_POINT ( 'NONE',  ( 0.8000000000000012700, 0.9749999999999999800, 1.125000000000000700 ) ) ;
#1442 = FACE_OUTER_BOUND ( 'NONE', #2467, .T. ) ;
#1443 = DIRECTION ( 'NONE',  ( 0.9848077530122080200, 0.1736481776669307200, -3.915012586086818000E-016 ) ) ;
#1444 = AXIS2_PLACEMENT_3D ( 'NONE', #3362, #260, #585 ) ;
#1445 = EDGE_CURVE ( 'NONE', #715, #1026, #751, .T. ) ;
#1446 = EDGE_CURVE ( 'NONE', #3856, #263, #2310, .T. ) ;
#1447 =( LENGTH_UNIT ( ) NAMED_UNIT ( * ) SI_UNIT ( .MILLI., .METRE. ) );
#1448 = VERTEX_POINT ( 'NONE', #1708 ) ;
#1449 = CARTESIAN_POINT ( 'NONE',  ( 1.099908624052863900, 0.2552349245053751600, 0.4750000000000005900 ) ) ;
#1450 = ORIENTED_EDGE ( 'NONE', *, *, #2066, .T. ) ;
#1451 = EDGE_CURVE ( 'NONE', #3437, #2903, #2371, .T. ) ;
#1452 = EDGE_LOOP ( 'NONE', ( #3775, #3503, #739, #2276 ) ) ;
#1453 = VERTEX_POINT ( 'NONE', #2386 ) ;
#1454 = DIRECTION ( 'NONE',  ( 0.06975647374411818300, 0.9975640502598247500, -0.0000000000000000000 ) ) ;
#1455 = ADVANCED_FACE ( 'NONE', ( #1906 ), #809, .F. ) ;
#1456 = DIRECTION ( 'NONE',  ( 0.03489949670250141300, -0.9993908270190956500, 0.0000000000000000000 ) ) ;
#1457 = ORIENTED_EDGE ( 'NONE', *, *, #2911, .F. ) ;
#1458 = EDGE_CURVE ( 'NONE', #1659, #3355, #3945, .T. ) ;
#1459 = ORIENTED_EDGE ( 'NONE', *, *, #1911, .F. ) ;
#1460 = CIRCLE ( 'NONE', #28, 0.2442629221054311600 ) ;
#1461 = AXIS2_PLACEMENT_3D ( 'NONE', #2198, #22, #44 ) ;
#1462 = DIRECTION ( 'NONE',  ( 0.03489949670250141300, -0.9993908270190956500, 0.0000000000000000000 ) ) ;
#1463 = ORIENTED_EDGE ( 'NONE', *, *, #4055, .F. ) ;
#1464 = DIRECTION ( 'NONE',  ( -0.9975640502598248600, 0.06975647374411662900, -0.0000000000000000000 ) ) ;
#1465 = DIRECTION ( 'NONE',  ( -1.000000000000000000, 0.0000000000000000000, 0.0000000000000000000 ) ) ;
#1466 = DIRECTION ( 'NONE',  ( -0.0000000000000000000, -0.0000000000000000000, -1.000000000000000000 ) ) ;
#1467 = DIRECTION ( 'NONE',  ( 1.000000000000000000, 0.0000000000000000000, -0.0000000000000000000 ) ) ;
#1468 = SURFACE_STYLE_FILL_AREA ( #2561 ) ;
#1469 = EDGE_LOOP ( 'NONE', ( #1520, #3807, #1030, #794 ) ) ;
#1470 = AXIS2_PLACEMENT_3D ( 'NONE', #2675, #856, #3613 ) ;
#1471 = VECTOR ( 'NONE', #2864, 1000.000000000000000 ) ;
#1472 = ADVANCED_FACE ( 'NONE', ( #1092 ), #2945, .F. ) ;
#1473 = EDGE_CURVE ( 'NONE', #3043, #910, #2993, .T. ) ;
#1474 = DIRECTION ( 'NONE',  ( 9.664902237447748700E-015, 1.000000000000000000, -0.0000000000000000000 ) ) ;
#1475 = ORIENTED_EDGE ( 'NONE', *, *, #3752, .F. ) ;
#1476 = LINE ( 'NONE', #3668, #979 ) ;
#1477 = ORIENTED_EDGE ( 'NONE', *, *, #3302, .T. ) ;
#1478 = DIRECTION ( 'NONE',  ( -0.0000000000000000000, 1.000000000000000000, -0.0000000000000000000 ) ) ;
#1479 = SURFACE_STYLE_FILL_AREA ( #614 ) ;
#1480 = VERTEX_POINT ( 'NONE', #1511 ) ;
#1481 = DIRECTION ( 'NONE',  ( -1.000000000000000000, 0.0000000000000000000, 3.975407965780185700E-016 ) ) ;
#1482 = DIRECTION ( 'NONE',  ( -1.000000000000000000, 0.0000000000000000000, 0.0000000000000000000 ) ) ;
#1483 = VERTEX_POINT ( 'NONE', #2353 ) ;
#1484 = ORIENTED_EDGE ( 'NONE', *, *, #3616, .T. ) ;
#1485 = AXIS2_PLACEMENT_3D ( 'NONE', #3259, #2883, #1058 ) ;
#1486 = LINE ( 'NONE', #1391, #67 ) ;
#1487 = CARTESIAN_POINT ( 'NONE',  ( 1.194114123733047000, 0.2585246530445617900, -0.8249999999999992900 ) ) ;
#1488 = EDGE_LOOP ( 'NONE', ( #2500, #2960, #1894, #3281 ) ) ;
#1489 = CARTESIAN_POINT ( 'NONE',  ( 0.9278592960409376400, 0.8840268064337552000, 0.4750000000000005900 ) ) ;
#1490 = VECTOR ( 'NONE', #3863, 1000.000000000000100 ) ;
#1491 = CARTESIAN_POINT ( 'NONE',  ( -0.4572970168999269700, 1.449999999999999500, -1.007589672163472300 ) ) ;
#1492 = DIRECTION ( 'NONE',  ( 1.000000000000000000, 0.0000000000000000000, 0.0000000000000000000 ) ) ;
#1493 = ADVANCED_FACE ( 'NONE', ( #2254 ), #2144, .F. ) ;
#1494 = AXIS2_PLACEMENT_3D ( 'NONE', #1022, #2615, #3232 ) ;
#1495 = EDGE_CURVE ( 'NONE', #2200, #2542, #3639, .T. ) ;
#1496 = AXIS2_PLACEMENT_3D ( 'NONE', #98, #1287, #54 ) ;
#1497 = EDGE_LOOP ( 'NONE', ( #762, #1007, #1605, #3820 ) ) ;
#1498 = CIRCLE ( 'NONE', #2336, 0.09426292210543098200 ) ;
#1499 = DIRECTION ( 'NONE',  ( -1.000000000000000000, 0.0000000000000000000, 0.0000000000000000000 ) ) ;
#1500 = ORIENTED_EDGE ( 'NONE', *, *, #3617, .F. ) ;
#1501 = VERTEX_POINT ( 'NONE', #3680 ) ;
#1502 = LINE ( 'NONE', #136, #2173 ) ;
#1503 = CARTESIAN_POINT ( 'NONE',  ( -0.7999999999999988200, 0.9749999999999999800, 1.499999999999998000 ) ) ;
#1504 = FACE_OUTER_BOUND ( 'NONE', #3436, .T. ) ;
#1505 = ORIENTED_EDGE ( 'NONE', *, *, #4056, .F. ) ;
#1506 = EDGE_LOOP ( 'NONE', ( #3397, #1757, #343, #2829 ) ) ;
#1507 = ORIENTED_EDGE ( 'NONE', *, *, #1635, .T. ) ;
#1508 = EDGE_CURVE ( 'NONE', #2167, #1638, #3344, .T. ) ;
#1509 = ADVANCED_FACE ( 'NONE', ( #3094 ), #875, .F. ) ;
#1510 = LINE ( 'NONE', #275, #1886 ) ;
#1511 = CARTESIAN_POINT ( 'NONE',  ( -0.9500000000000000700, 0.2500000000000000600, -0.1749999999999993800 ) ) ;
#1512 = PRESENTATION_LAYER_ASSIGNMENT (  '', '', ( #241 ) ) ;
#1513 = CYLINDRICAL_SURFACE ( 'NONE', #385, 0.2442629221054311600 ) ;
#1514 = CARTESIAN_POINT ( 'NONE',  ( -1.099908624052863700, 0.2552349245053750500, 1.125000000000000700 ) ) ;
#1515 = DIRECTION ( 'NONE',  ( -0.0000000000000000000, 0.0000000000000000000, -1.000000000000000000 ) ) ;
#1516 = ORIENTED_EDGE ( 'NONE', *, *, #2725, .F. ) ;
#1517 = EDGE_CURVE ( 'NONE', #231, #2816, #466, .T. ) ;
#1518 = ORIENTED_EDGE ( 'NONE', *, *, #562, .T. ) ;
#1519 = CIRCLE ( 'NONE', #3636, 0.09426292210543141300 ) ;
#1520 = ORIENTED_EDGE ( 'NONE', *, *, #3769, .T. ) ;
#1521 = LINE ( 'NONE', #1046, #3384 ) ;
#1522 = EDGE_LOOP ( 'NONE', ( #1234, #613, #1356, #663 ) ) ;
#1523 = LINE ( 'NONE', #2017, #463 ) ;
#1524 = EDGE_CURVE ( 'NONE', #308, #745, #1146, .T. ) ;
#1525 = ORIENTED_EDGE ( 'NONE', *, *, #2800, .T. ) ;
#1526 = CARTESIAN_POINT ( 'NONE',  ( -1.177075203620538500, 0.01485674314076785600, 0.8250000000000006200 ) ) ;
#1527 = VECTOR ( 'NONE', #3395, 1000.000000000000000 ) ;
#1528 = ADVANCED_FACE ( 'NONE', ( #603 ), #2751, .T. ) ;
#1529 = FACE_OUTER_BOUND ( 'NONE', #2521, .T. ) ;
#1530 = VECTOR ( 'NONE', #620, 1000.000000000000000 ) ;
#1531 = AXIS2_PLACEMENT_3D ( 'NONE', #3658, #1481, #3311 ) ;
#1532 = CARTESIAN_POINT ( 'NONE',  ( -0.8336537963607541000, 1.124999999999999300, 0.1750000000000006800 ) ) ;
#1533 = DIRECTION ( 'NONE',  ( -0.0000000000000000000, -0.0000000000000000000, -1.000000000000000000 ) ) ;
#1534 = CARTESIAN_POINT ( 'NONE',  ( -1.177075203620538500, 0.01485674314076785600, 0.8250000000000006200 ) ) ;
#1535 = ORIENTED_EDGE ( 'NONE', *, *, #1257, .T. ) ;
#1536 = DIRECTION ( 'NONE',  ( 1.000000000000000000, 0.0000000000000000000, 0.0000000000000000000 ) ) ;
#1537 = AXIS2_PLACEMENT_3D ( 'NONE', #321, #2801, #929 ) ;
#1538 = VERTEX_POINT ( 'NONE', #1192 ) ;
#1539 = ORIENTED_EDGE ( 'NONE', *, *, #192, .T. ) ;
#1540 = ORIENTED_EDGE ( 'NONE', *, *, #3117, .F. ) ;
#1541 = VECTOR ( 'NONE', #1690, 1000.000000000000000 ) ;
#1542 = EDGE_CURVE ( 'NONE', #2322, #3254, #2110, .T. ) ;
#1543 = DIRECTION ( 'NONE',  ( -0.0000000000000000000, -0.0000000000000000000, -1.000000000000000000 ) ) ;
#1544 = AXIS2_PLACEMENT_3D ( 'NONE', #3624, #2388, #3296 ) ;
#1545 = ORIENTED_EDGE ( 'NONE', *, *, #881, .T. ) ;
#1546 = ORIENTED_EDGE ( 'NONE', *, *, #3125, .T. ) ;
#1547 = DIRECTION ( 'NONE',  ( 1.000000000000000000, -0.0000000000000000000, -4.065758146820642100E-016 ) ) ;
#1548 = DIRECTION ( 'NONE',  ( -1.000000000000000000, 0.0000000000000000000, 0.0000000000000000000 ) ) ;
#1549 = VECTOR ( 'NONE', #1352, 1000.000000000000100 ) ;
#1550 = FILL_AREA_STYLE_COLOUR ( '', #3942 ) ;
#1551 = DIRECTION ( 'NONE',  ( -0.0000000000000000000, -1.000000000000000000, -0.0000000000000000000 ) ) ;
#1552 = AXIS2_PLACEMENT_3D ( 'NONE', #138, #2269, #123 ) ;
#1553 = CARTESIAN_POINT ( 'NONE',  ( 1.099908624052863900, 0.2552349245053751600, 0.4750000000000005900 ) ) ;
#1554 = LINE ( 'NONE', #2418, #1420 ) ;
#1555 = EDGE_LOOP ( 'NONE', ( #618, #1176, #1505, #1977, #2848, #2178, #2877, #2838, #1814, #1500, #3545, #816 ) ) ;
#1556 = CARTESIAN_POINT ( 'NONE',  ( 1.399999999999999500, 0.1496346075389735600, -0.8249999999999992900 ) ) ;
#1557 = LINE ( 'NONE', #3461, #2292 ) ;
#1558 = ORIENTED_EDGE ( 'NONE', *, *, #108, .F. ) ;
#1559 = ADVANCED_FACE ( 'NONE', ( #266 ), #247, .F. ) ;
#1560 = LINE ( 'NONE', #2119, #3130 ) ;
#1561 = ORIENTED_EDGE ( 'NONE', *, *, #3842, .F. ) ;
#1562 = EDGE_CURVE ( 'NONE', #2133, #1348, #3694, .T. ) ;
#1563 = EDGE_CURVE ( 'NONE', #1448, #325, #1233, .T. ) ;
#1564 = VECTOR ( 'NONE', #2202, 1000.000000000000000 ) ;
#1565 = ORIENTED_EDGE ( 'NONE', *, *, #1990, .T. ) ;
#1566 = CARTESIAN_POINT ( 'NONE',  ( -0.8336537963607544300, 0.8807370778945685700, -0.8249999999999992900 ) ) ;
#1567 = VERTEX_POINT ( 'NONE', #1825 ) ;
#1568 = VECTOR ( 'NONE', #421, 1000.000000000000100 ) ;
#1569 = CARTESIAN_POINT ( 'NONE',  ( -1.389536528938382500, 0.0000000000000000000, 0.1750000000000006800 ) ) ;
#1570 = VECTOR ( 'NONE', #2603, 1000.000000000000000 ) ;
#1571 = DIRECTION ( 'NONE',  ( 0.9975640502598248600, 0.06975647374411535200, 0.0000000000000000000 ) ) ;
#1572 = PLANE ( 'NONE',  #3510 ) ;
#1573 =( NAMED_UNIT ( * ) SI_UNIT ( $, .STERADIAN. ) SOLID_ANGLE_UNIT ( ) );
#1574 = EDGE_CURVE ( 'NONE', #1849, #3276, #1329, .T. ) ;
#1575 = LINE ( 'NONE', #3166, #755 ) ;
#1576 = AXIS2_PLACEMENT_3D ( 'NONE', #2183, #2512, #1305 ) ;
#1577 = ADVANCED_FACE ( 'NONE', ( #516 ), #2429, .F. ) ;
#1578 = DIRECTION ( 'NONE',  ( 0.9975640502598248600, -0.06975647374411599000, 0.0000000000000000000 ) ) ;
#1579 = CARTESIAN_POINT ( 'NONE',  ( -0.8336537963607543200, 0.8807370778945685700, -0.1749999999999993800 ) ) ;
#1580 = ORIENTED_EDGE ( 'NONE', *, *, #3626, .T. ) ;
#1581 = CIRCLE ( 'NONE', #3015, 0.09426292210543141300 ) ;
#1582 = CARTESIAN_POINT ( 'NONE',  ( -1.187538674682156300, 0.1644913506797411300, 0.4750000000000005900 ) ) ;
#1583 = DIRECTION ( 'NONE',  ( -9.664902237447748700E-015, 1.000000000000000000, 0.0000000000000000000 ) ) ;
#1584 = VERTEX_POINT ( 'NONE', #2726 ) ;
#1585 = CARTESIAN_POINT ( 'NONE',  ( 0.8000000000000010400, 1.125000000000000200, -0.1749999999999993800 ) ) ;
#1586 = ORIENTED_EDGE ( 'NONE', *, *, #4055, .T. ) ;
#1587 = VECTOR ( 'NONE', #1089, 1000.000000000000000 ) ;
#1588 = LINE ( 'NONE', #3375, #2528 ) ;
#1589 = ORIENTED_EDGE ( 'NONE', *, *, #1740, .F. ) ;
#1590 = VERTEX_POINT ( 'NONE', #571 ) ;
#1591 = CARTESIAN_POINT ( 'NONE',  ( -1.400000000000000400, 0.1496346075389733400, -0.8249999999999992900 ) ) ;
#1592 = VECTOR ( 'NONE', #2589, 1000.000000000000000 ) ;
#1593 = EDGE_CURVE ( 'NONE', #2486, #1320, #896, .T. ) ;
#1594 = DIRECTION ( 'NONE',  ( -0.0000000000000000000, -0.0000000000000000000, -1.000000000000000000 ) ) ;
#1595 = ADVANCED_FACE ( 'NONE', ( #988 ), #3410, .F. ) ;
#1596 = DIRECTION ( 'NONE',  ( -1.000000000000000000, 0.0000000000000000000, 0.0000000000000000000 ) ) ;
#1597 = CIRCLE ( 'NONE', #1265, 0.2442629221054310500 ) ;
#1598 = DIRECTION ( 'NONE',  ( 0.03489949670250141300, 0.9993908270190956500, -0.0000000000000000000 ) ) ;
#1599 = PLANE ( 'NONE',  #2360 ) ;
#1600 = AXIS2_PLACEMENT_3D ( 'NONE', #3535, #1359, #3200 ) ;
#1601 = FACE_OUTER_BOUND ( 'NONE', #3329, .T. ) ;
#1602 = VERTEX_POINT ( 'NONE', #1304 ) ;
#1603 = LINE ( 'NONE', #540, #2416 ) ;
#1604 = CARTESIAN_POINT ( 'NONE',  ( 0.9278592960409377500, 0.8840268064337552000, 0.8250000000000006200 ) ) ;
#1605 = ORIENTED_EDGE ( 'NONE', *, *, #2900, .F. ) ;
#1606 = VECTOR ( 'NONE', #1434, 1000.000000000000000 ) ;
#1607 = CARTESIAN_POINT ( 'NONE',  ( -0.9278592960409379800, 0.8840268064337552000, -0.8249999999999992900 ) ) ;
#1608 = DIRECTION ( 'NONE',  ( 1.000000000000000000, 0.0000000000000000000, 0.0000000000000000000 ) ) ;
#1609 = ORIENTED_EDGE ( 'NONE', *, *, #1446, .T. ) ;
#1610 = DIRECTION ( 'NONE',  ( -0.0000000000000000000, -0.0000000000000000000, -1.000000000000000000 ) ) ;
#1611 = LINE ( 'NONE', #3453, #2307 ) ;
#1612 = LINE ( 'NONE', #3855, #797 ) ;
#1613 = ORIENTED_EDGE ( 'NONE', *, *, #560, .F. ) ;
#1614 = EDGE_CURVE ( 'NONE', #1783, #2104, #60, .T. ) ;
#1615 = AXIS2_PLACEMENT_3D ( 'NONE', #1696, #2343, #723 ) ;
#1616 = LINE ( 'NONE', #1220, #4045 ) ;
#1617 = VECTOR ( 'NONE', #86, 1000.000000000000000 ) ;
#1618 = LINE ( 'NONE', #3019, #805 ) ;
#1619 = DIRECTION ( 'NONE',  ( -1.000000000000000000, 0.0000000000000000000, 0.0000000000000000000 ) ) ;
#1620 = DIRECTION ( 'NONE',  ( -0.0000000000000000000, 0.0000000000000000000, -1.000000000000000000 ) ) ;
#1621 = SURFACE_SIDE_STYLE ('',( #1468 ) ) ;
#1622 = CARTESIAN_POINT ( 'NONE',  ( -0.4572970168999269700, 1.349999999999999400, -1.129092482447643800 ) ) ;
#1623 = ORIENTED_EDGE ( 'NONE', *, *, #2188, .F. ) ;
#1624 = DIRECTION ( 'NONE',  ( -0.0000000000000000000, 1.000000000000000000, -0.0000000000000000000 ) ) ;
#1625 = ORIENTED_EDGE ( 'NONE', *, *, #1361, .F. ) ;
#1626 = ORIENTED_EDGE ( 'NONE', *, *, #6, .F. ) ;
#1627 = ORIENTED_EDGE ( 'NONE', *, *, #1563, .F. ) ;
#1628 = LINE ( 'NONE', #999, #819 ) ;
#1629 = ORIENTED_EDGE ( 'NONE', *, *, #1308, .F. ) ;
#1630 = EDGE_LOOP ( 'NONE', ( #4022, #2182, #347, #2912, #1437, #1687, #1867, #2891, #2433, #2811, #1795, #2410 ) ) ;
#1631 = CARTESIAN_POINT ( 'NONE',  ( 0.8000000000000011500, 1.125000000000000200, 0.4750000000000005900 ) ) ;
#1632 = CARTESIAN_POINT ( 'NONE',  ( -1.187538674682156100, 0.1644913506797411300, 0.8250000000000006200 ) ) ;
#1633 = LINE ( 'NONE', #3147, #824 ) ;
#1634 = EDGE_CURVE ( 'NONE', #4020, #3719, #217, .T. ) ;
#1635 = EDGE_CURVE ( 'NONE', #4009, #1189, #2011, .T. ) ;
#1636 = DIRECTION ( 'NONE',  ( -0.0000000000000000000, -0.0000000000000000000, -1.000000000000000000 ) ) ;
#1637 = CARTESIAN_POINT ( 'NONE',  ( -1.400000000000000100, 0.1496346075389733400, 0.4750000000000005900 ) ) ;
#1638 = VERTEX_POINT ( 'NONE', #660 ) ;
#1639 = DIRECTION ( 'NONE',  ( 0.03489949670250106600, 0.9993908270190956500, 0.0000000000000000000 ) ) ;
#1640 = EDGE_CURVE ( 'NONE', #3825, #669, #2596, .T. ) ;
#1641 =( NAMED_UNIT ( * ) PLANE_ANGLE_UNIT ( ) SI_UNIT ( $, .RADIAN. ) );
#1642 = LINE ( 'NONE', #3683, #3982 ) ;
#1643 = EDGE_CURVE ( 'NONE', #3339, #3812, #2649, .T. ) ;
#1644 = ORIENTED_EDGE ( 'NONE', *, *, #2706, .F. ) ;
#1645 = CARTESIAN_POINT ( 'NONE',  ( -0.8000000000000012700, 0.9749999999999999800, 1.125000000000000700 ) ) ;
#1646 = CARTESIAN_POINT ( 'NONE',  ( 0.8000000000000011500, 1.125000000000000200, 0.4750000000000005900 ) ) ;
#1647 = PLANE ( 'NONE',  #1748 ) ;
#1648 = DIRECTION ( 'NONE',  ( 1.000000000000000000, 0.0000000000000000000, -4.065758146820641600E-016 ) ) ;
#1649 = ORIENTED_EDGE ( 'NONE', *, *, #1308, .T. ) ;
#1650 = LINE ( 'NONE', #3859, #3879 ) ;
#1651 = CARTESIAN_POINT ( 'NONE',  ( 1.077767920093801500, 0.8892617309391303000, 0.4750000000000005900 ) ) ;
#1652 = AXIS2_PLACEMENT_3D ( 'NONE', #3891, #1057, #2926 ) ;
#1653 = EDGE_LOOP ( 'NONE', ( #1525, #1922, #807, #1165, #533, #888, #2613, #1193, #3712, #3133, #2687, #3633 ) ) ;
#1654 = DIRECTION ( 'NONE',  ( -0.0000000000000000000, -0.0000000000000000000, -1.000000000000000000 ) ) ;
#1655 = EDGE_LOOP ( 'NONE', ( #3597, #963, #2595, #1024 ) ) ;
#1656 = VECTOR ( 'NONE', #66, 1000.000000000000000 ) ;
#1657 = ORIENTED_EDGE ( 'NONE', *, *, #3537, .F. ) ;
#1658 = CARTESIAN_POINT ( 'NONE',  ( -1.187538674682156300, 0.1644913506797411300, 0.4750000000000005900 ) ) ;
#1659 = VERTEX_POINT ( 'NONE', #2256 ) ;
#1660 = VECTOR ( 'NONE', #2468, 1000.000000000000000 ) ;
#1661 = ORIENTED_EDGE ( 'NONE', *, *, #3978, .T. ) ;
#1662 = EDGE_LOOP ( 'NONE', ( #2837, #2906, #234, #1411, #1970, #3383, #644, #3033, #2169, #743, #1310, #3521 ) ) ;
#1663 = CARTESIAN_POINT ( 'NONE',  ( -0.8336537963607543200, 0.8807370778945685700, -0.1749999999999993800 ) ) ;
#1664 = CARTESIAN_POINT ( 'NONE',  ( -0.8000000000000012700, 0.9749999999999999800, 0.8250000000000006200 ) ) ;
#1665 = AXIS2_PLACEMENT_3D ( 'NONE', #1835, #2190, #956 ) ;
#1666 = LINE ( 'NONE', #1768, #17 ) ;
#1667 = DIRECTION ( 'NONE',  ( 0.9975640502598248600, -0.06975647374411661500, 0.0000000000000000000 ) ) ;
#1668 = EDGE_CURVE ( 'NONE', #33, #79, #1767, .T. ) ;
#1669 = DIRECTION ( 'NONE',  ( -0.9993908270190957600, 0.03489949670250142000, 0.0000000000000000000 ) ) ;
#1670 = EDGE_CURVE ( 'NONE', #156, #823, #1812, .T. ) ;
#1671 = VECTOR ( 'NONE', #1036, 1000.000000000000000 ) ;
#1672 = DIRECTION ( 'NONE',  ( -0.0000000000000000000, -0.0000000000000000000, -1.000000000000000000 ) ) ;
#1673 = DIRECTION ( 'NONE',  ( -0.0000000000000000000, -0.0000000000000000000, -1.000000000000000000 ) ) ;
#1674 = EDGE_LOOP ( 'NONE', ( #1732, #3704, #77, #709 ) ) ;
#1675 = DIRECTION ( 'NONE',  ( -0.0000000000000000000, -0.0000000000000000000, -1.000000000000000000 ) ) ;
#1676 = CARTESIAN_POINT ( 'NONE',  ( -0.8336537963607543200, 1.124999999999999300, -1.124999999999999300 ) ) ;
#1677 = AXIS2_PLACEMENT_3D ( 'NONE', #2039, #791, #3923 ) ;
#1678 = CARTESIAN_POINT ( 'NONE',  ( 0.8000000000000011500, 1.125000000000000200, 0.1750000000000006800 ) ) ;
#1679 = ORIENTED_EDGE ( 'NONE', *, *, #677, .F. ) ;
#1680 = DIRECTION ( 'NONE',  ( 9.664902237447748700E-015, 1.000000000000000000, -0.0000000000000000000 ) ) ;
#1681 = LINE ( 'NONE', #1144, #3497 ) ;
#1682 = CARTESIAN_POINT ( 'NONE',  ( 1.077767920093801300, 0.8892617309391303000, -0.8249999999999992900 ) ) ;
#1683 = EDGE_LOOP ( 'NONE', ( #2647, #4048, #924, #433 ) ) ;
#1684 = ORIENTED_EDGE ( 'NONE', *, *, #2689, .F. ) ;
#1685 = COLOUR_RGB ( '',0.2509803921568627400, 0.2509803921568627400, 0.2509803921568627400 ) ;
#1686 = VECTOR ( 'NONE', #2042, 1000.000000000000000 ) ;
#1687 = ORIENTED_EDGE ( 'NONE', *, *, #1228, .T. ) ;
#1688 = CARTESIAN_POINT ( 'NONE',  ( 0.0000000000000000000, 0.0000000000000000000, 0.0000000000000000000 ) ) ;
#1689 = ORIENTED_EDGE ( 'NONE', *, *, #1857, .T. ) ;
#1690 = DIRECTION ( 'NONE',  ( -0.0000000000000000000, -0.0000000000000000000, -1.000000000000000000 ) ) ;
#1691 = EDGE_CURVE ( 'NONE', #1189, #953, #3531, .T. ) ;
#1692 = AXIS2_PLACEMENT_3D ( 'NONE', #444, #3248, #2320 ) ;
#1693 = EDGE_LOOP ( 'NONE', ( #2361, #1765 ) ) ;
#1694 = DIRECTION ( 'NONE',  ( -0.0000000000000000000, -1.000000000000000000, -0.0000000000000000000 ) ) ;
#1695 = CARTESIAN_POINT ( 'NONE',  ( 1.077767920093801500, 0.8892617309391303000, -0.1749999999999993800 ) ) ;
#1696 = CARTESIAN_POINT ( 'NONE',  ( -1.399999999999999900, 0.1496346075389733400, 1.125000000000000700 ) ) ;
#1697 = CARTESIAN_POINT ( 'NONE',  ( -1.177075203620538700, 0.01485674314076785600, 0.1750000000000006800 ) ) ;
#1698 = PLANE ( 'NONE',  #2033 ) ;
#1699 = ORIENTED_EDGE ( 'NONE', *, *, #3191, .F. ) ;
#1700 = VECTOR ( 'NONE', #1464, 1000.000000000000100 ) ;
#1701 = EDGE_CURVE ( 'NONE', #2967, #3035, #3390, .T. ) ;
#1702 = ADVANCED_FACE ( 'NONE', ( #3293 ), #599, .F. ) ;
#1703 = CARTESIAN_POINT ( 'NONE',  ( -1.177075203620539000, 0.01485674314076785600, -0.8249999999999992900 ) ) ;
#1704 = EDGE_LOOP ( 'NONE', ( #862, #1054, #313, #671 ) ) ;
#1705 = FILL_AREA_STYLE_COLOUR ( '', #843 ) ;
#1706 = DIRECTION ( 'NONE',  ( -2.669326763241011000E-016, -0.1736481776669307200, -0.9848077530122080200 ) ) ;
#1707 = ORIENTED_EDGE ( 'NONE', *, *, #3195, .F. ) ;
#1708 = CARTESIAN_POINT ( 'NONE',  ( -1.099908624052863700, 0.2552349245053750500, 0.8250000000000006200 ) ) ;
#1709 = VECTOR ( 'NONE', #2928, 1000.000000000000000 ) ;
#1710 = ORIENTED_EDGE ( 'NONE', *, *, #536, .T. ) ;
#1711 = SURFACE_STYLE_USAGE ( .BOTH. , #3644 ) ;
#1712 = VECTOR ( 'NONE', #292, 1000.000000000000000 ) ;
#1713 = ORIENTED_EDGE ( 'NONE', *, *, #2282, .T. ) ;
#1714 = ORIENTED_EDGE ( 'NONE', *, *, #3125, .F. ) ;
#1715 = CARTESIAN_POINT ( 'NONE',  ( 1.194114123733047500, 0.2585246530445617900, 1.125000000000000700 ) ) ;
#1716 = AXIS2_PLACEMENT_3D ( 'NONE', #14, #1610, #977 ) ;
#1717 = CIRCLE ( 'NONE', #477, 0.1215028102841714700 ) ;
#1718 = LINE ( 'NONE', #3120, #3696 ) ;
#1719 = EDGE_CURVE ( 'NONE', #2237, #953, #2698, .T. ) ;
#1720 = DIRECTION ( 'NONE',  ( -0.9993908270190957600, -0.03489949670250142000, 0.0000000000000000000 ) ) ;
#1721 = CIRCLE ( 'NONE', #1890, 0.09426292210543119100 ) ;
#1722 = CARTESIAN_POINT ( 'NONE',  ( 0.8336537963607539800, 0.8807370778945685700, 0.1750000000000006800 ) ) ;
#1723 = DIRECTION ( 'NONE',  ( -0.06975647374411818300, -0.9975640502598247500, 0.0000000000000000000 ) ) ;
#1724 = DIRECTION ( 'NONE',  ( 1.000000000000000000, 0.0000000000000000000, 0.0000000000000000000 ) ) ;
#1725 = DIRECTION ( 'NONE',  ( -0.0000000000000000000, -0.0000000000000000000, -1.000000000000000000 ) ) ;
#1726 = EDGE_CURVE ( 'NONE', #3136, #2384, #1717, .T. ) ;
#1727 = ADVANCED_FACE ( 'NONE', ( #801 ), #3504, .T. ) ;
#1728 = CARTESIAN_POINT ( 'NONE',  ( 1.187538674682155900, 0.1644913506797416000, -0.1749999999999993800 ) ) ;
#1729 = ORIENTED_EDGE ( 'NONE', *, *, #2005, .T. ) ;
#1730 = EDGE_CURVE ( 'NONE', #3967, #3665, #2469, .T. ) ;
#1731 = ORIENTED_EDGE ( 'NONE', *, *, #2870, .T. ) ;
#1732 = ORIENTED_EDGE ( 'NONE', *, *, #41, .T. ) ;
#1733 = DIRECTION ( 'NONE',  ( -2.669326763241011000E-016, 0.1736481776669307200, -0.9848077530122080200 ) ) ;
#1734 = LINE ( 'NONE', #1388, #1541 ) ;
#1735 = CARTESIAN_POINT ( 'NONE',  ( -1.187538674682156600, 0.1644913506797411300, -1.124999999999999300 ) ) ;
#1736 = CARTESIAN_POINT ( 'NONE',  ( 0.9499999999999998400, 0.2500000000000000600, 1.125000000000000700 ) ) ;
#1737 = ORIENTED_EDGE ( 'NONE', *, *, #3466, .F. ) ;
#1738 = CARTESIAN_POINT ( 'NONE',  ( 0.8336537963607538700, 0.8807370778945685700, -0.1749999999999993800 ) ) ;
#1739 = ORIENTED_EDGE ( 'NONE', *, *, #3764, .F. ) ;
#1740 = EDGE_CURVE ( 'NONE', #592, #1843, #1616, .T. ) ;
#1741 = CARTESIAN_POINT ( 'NONE',  ( -0.9499999999999999600, 0.2500000000000000600, 0.4750000000000005900 ) ) ;
#1742 = ORIENTED_EDGE ( 'NONE', *, *, #191, .T. ) ;
#1743 = AXIS2_PLACEMENT_3D ( 'NONE', #1267, #335, #2808 ) ;
#1744 = AXIS2_PLACEMENT_3D ( 'NONE', #3407, #611, #1848 ) ;
#1745 = ADVANCED_FACE ( 'NONE', ( #1041 ), #3734, .F. ) ;
#1746 = DIRECTION ( 'NONE',  ( 0.0000000000000000000, 1.000000000000000000, 0.0000000000000000000 ) ) ;
#1747 = EDGE_CURVE ( 'NONE', #1157, #3918, #115, .T. ) ;
#1748 = AXIS2_PLACEMENT_3D ( 'NONE', #416, #1620, #394 ) ;
#1749 = CARTESIAN_POINT ( 'NONE',  ( -0.9278592960409378600, 0.8840268064337552000, 0.4750000000000005900 ) ) ;
#1750 = LINE ( 'NONE', #2708, #501 ) ;
#1751 = CARTESIAN_POINT ( 'NONE',  ( -0.7999999999999988200, 1.125000000000000000, 1.499999999999998000 ) ) ;
#1752 = DIRECTION ( 'NONE',  ( 0.9975640502598248600, 0.06975647374411599000, -0.0000000000000000000 ) ) ;
#1753 = EDGE_LOOP ( 'NONE', ( #2541, #4059, #2921, #3560 ) ) ;
#1754 = LINE ( 'NONE', #2257, #100 ) ;
#1755 = CARTESIAN_POINT ( 'NONE',  ( -0.6545302409155150400, 0.1500000000000004900, 1.354530240915514200 ) ) ;
#1756 = PLANE ( 'NONE',  #3008 ) ;
#1757 = ORIENTED_EDGE ( 'NONE', *, *, #630, .F. ) ;
#1758 = VECTOR ( 'NONE', #397, 1000.000000000000000 ) ;
#1759 = AXIS2_PLACEMENT_3D ( 'NONE', #1418, #3025, #245 ) ;
#1760 = ORIENTED_EDGE ( 'NONE', *, *, #2164, .T. ) ;
#1761 = VECTOR ( 'NONE', #3481, 1000.000000000000000 ) ;
#1762 = ORIENTED_EDGE ( 'NONE', *, *, #3242, .T. ) ;
#1763 = DIRECTION ( 'NONE',  ( -0.9975640502598248600, 0.06975647374411597700, 0.0000000000000000000 ) ) ;
#1764 = CARTESIAN_POINT ( 'NONE',  ( 0.8000000000000010400, 0.9749999999999999800, -0.1749999999999993800 ) ) ;
#1765 = ORIENTED_EDGE ( 'NONE', *, *, #1726, .T. ) ;
#1766 = CARTESIAN_POINT ( 'NONE',  ( -1.400000000000000400, 0.1496346075389733400, -0.8249999999999992900 ) ) ;
#1767 = LINE ( 'NONE', #3476, #1956 ) ;
#1769 = EDGE_LOOP ( 'NONE', ( #2619, #1821, #3990, #410 ) ) ;
#1768 = CARTESIAN_POINT ( 'NONE',  ( 1.177075203620538300, 0.01485674314076785600, 0.4750000000000005900 ) ) ;
#1770 = DIRECTION ( 'NONE',  ( 0.9975640502598248600, 0.06975647374411599000, -0.0000000000000000000 ) ) ;
#1771 = DIRECTION ( 'NONE',  ( -0.03489949670250141300, 0.9993908270190956500, -0.0000000000000000000 ) ) ;
#1772 = CIRCLE ( 'NONE', #2660, 0.2442629221054308200 ) ;
#1773 = ADVANCED_FACE ( 'NONE', ( #3435 ), #557, .T. ) ;
#1774 =( GEOMETRIC_REPRESENTATION_CONTEXT ( 3 ) GLOBAL_UNCERTAINTY_ASSIGNED_CONTEXT ( ( #3788 ) ) GLOBAL_UNIT_ASSIGNED_CONTEXT ( ( #342, #3176, #1573 ) ) REPRESENTATION_CONTEXT ( 'NONE', 'WORKASPACE' ) );
#1775 = CIRCLE ( 'NONE', #2230, 0.2442629221054307100 ) ;
#1776 = EDGE_CURVE ( 'NONE', #3883, #298, #598, .T. ) ;
#1777 = CARTESIAN_POINT ( 'NONE',  ( -0.8336537963607543200, 0.8807370778945685700, -0.1749999999999993800 ) ) ;
#1778 = EDGE_LOOP ( 'NONE', ( #2985, #3114, #884, #2107 ) ) ;
#1779 = CARTESIAN_POINT ( 'NONE',  ( 0.8000000000000012700, 0.9749999999999999800, 1.499999999999997300 ) ) ;
#1780 = ORIENTED_EDGE ( 'NONE', *, *, #1361, .T. ) ;
#1781 = DIRECTION ( 'NONE',  ( -0.0000000000000000000, -0.0000000000000000000, -1.000000000000000000 ) ) ;
#1782 = FACE_OUTER_BOUND ( 'NONE', #1926, .T. ) ;
#1783 = VERTEX_POINT ( 'NONE', #1645 ) ;
#1784 = EDGE_CURVE ( 'NONE', #2806, #3313, #3584, .T. ) ;
#1785 = ORIENTED_EDGE ( 'NONE', *, *, #2334, .F. ) ;
#1786 = FACE_OUTER_BOUND ( 'NONE', #3420, .T. ) ;
#1787 = VECTOR ( 'NONE', #3238, 1000.000000000000000 ) ;
#1788 = ORIENTED_EDGE ( 'NONE', *, *, #3361, .T. ) ;
#1789 = ADVANCED_FACE ( 'NONE', ( #2153 ), #1979, .F. ) ;
#1790 = PLANE ( 'NONE',  #3793 ) ;
#1791 = FACE_OUTER_BOUND ( 'NONE', #2767, .T. ) ;
#1792 = PLANE ( 'NONE',  #3376 ) ;
#1793 = LINE ( 'NONE', #3548, #2451 ) ;
#1794 = AXIS2_PLACEMENT_3D ( 'NONE', #3275, #3850, #462 ) ;
#1795 = ORIENTED_EDGE ( 'NONE', *, *, #57, .T. ) ;
#1796 = LINE ( 'NONE', #2174, #1995 ) ;
#1797 = DIRECTION ( 'NONE',  ( 4.003990144861515700E-016, -0.1736481776669307200, 0.9848077530122080200 ) ) ;
#1798 = ORIENTED_EDGE ( 'NONE', *, *, #3269, .T. ) ;
#1799 = EDGE_CURVE ( 'NONE', #1480, #2417, #3833, .T. ) ;
#1800 = VECTOR ( 'NONE', #1194, 1000.000000000000000 ) ;
#1801 = ORIENTED_EDGE ( 'NONE', *, *, #1574, .F. ) ;
#1802 = PLANE ( 'NONE',  #2782 ) ;
#1803 = CARTESIAN_POINT ( 'NONE',  ( -0.9278592960409379800, 0.8840268064337552000, -0.8249999999999992900 ) ) ;
#1804 = ORIENTED_EDGE ( 'NONE', *, *, #677, .T. ) ;
#1805 = ADVANCED_FACE ( 'NONE', ( #2989 ), #470, .F. ) ;
#1806 = LINE ( 'NONE', #2337, #1901 ) ;
#1807 = CARTESIAN_POINT ( 'NONE',  ( -1.194114123733047900, 0.2585246530445617900, -1.124999999999999300 ) ) ;
#1808 = ORIENTED_EDGE ( 'NONE', *, *, #2749, .F. ) ;
#1809 = LINE ( 'NONE', #3373, #2466 ) ;
#1810 = ORIENTED_EDGE ( 'NONE', *, *, #1911, .T. ) ;
#1811 = VERTEX_POINT ( 'NONE', #2925 ) ;
#1812 = LINE ( 'NONE', #4061, #2793 ) ;
#1813 = VECTOR ( 'NONE', #1673, 1000.000000000000000 ) ;
#1814 = ORIENTED_EDGE ( 'NONE', *, *, #3402, .F. ) ;
#1815 = CARTESIAN_POINT ( 'NONE',  ( 0.9278592960409375300, 0.8840268064337552000, -0.1749999999999993800 ) ) ;
#1816 = SURFACE_SIDE_STYLE ('',( #1430 ) ) ;
#1817 = DIRECTION ( 'NONE',  ( -0.0000000000000000000, -0.0000000000000000000, -1.000000000000000000 ) ) ;
#1818 = AXIS2_PLACEMENT_3D ( 'NONE', #1831, #1515, #3368 ) ;
#1819 = EDGE_CURVE ( 'NONE', #3473, #1405, #2365, .T. ) ;
#1820 = AXIS2_PLACEMENT_3D ( 'NONE', #339, #661, #3790 ) ;
#1821 = ORIENTED_EDGE ( 'NONE', *, *, #198, .T. ) ;
#1822 = LINE ( 'NONE', #1295, #1053 ) ;
#1823 = DIRECTION ( 'NONE',  ( -0.0000000000000000000, -0.0000000000000000000, -1.000000000000000000 ) ) ;
#1824 = VERTEX_POINT ( 'NONE', #415 ) ;
#1825 = CARTESIAN_POINT ( 'NONE',  ( 1.099908624052863900, 0.2552349245053751600, -0.1749999999999993800 ) ) ;
#1826 = VERTEX_POINT ( 'NONE', #2581 ) ;
#1827 = LINE ( 'NONE', #1966, #1010 ) ;
#1828 = DIRECTION ( 'NONE',  ( -0.0000000000000000000, -0.0000000000000000000, -1.000000000000000000 ) ) ;
#1829 = ORIENTED_EDGE ( 'NONE', *, *, #1643, .F. ) ;
#1830 = DIRECTION ( 'NONE',  ( 0.06975647374411828000, -0.9975640502598247500, 0.0000000000000000000 ) ) ;
#1831 = CARTESIAN_POINT ( 'NONE',  ( 0.8336537963607541000, 0.8807370778945685700, 0.8250000000000006200 ) ) ;
#1832 = ORIENTED_EDGE ( 'NONE', *, *, #1931, .F. ) ;
#1833 = AXIS2_PLACEMENT_3D ( 'NONE', #3012, #832, #1763 ) ;
#1834 = VECTOR ( 'NONE', #826, 1000.000000000000100 ) ;
#1835 = CARTESIAN_POINT ( 'NONE',  ( 0.8336537963607541000, 0.8807370778945685700, 1.125000000000000700 ) ) ;
#1836 = VERTEX_POINT ( 'NONE', #1033 ) ;
#1837 = DIRECTION ( 'NONE',  ( -0.03489949670250141300, -0.9993908270190956500, 0.0000000000000000000 ) ) ;
#1838 = AXIS2_PLACEMENT_3D ( 'NONE', #105, #2283, #2313 ) ;
#1839 = LINE ( 'NONE', #3021, #2352 ) ;
#1840 = FILL_AREA_STYLE_COLOUR ( '', #307 ) ;
#1841 = EDGE_CURVE ( 'NONE', #503, #1811, #1190, .T. ) ;
#1842 = EDGE_CURVE ( 'NONE', #3819, #1590, #1523, .T. ) ;
#1843 = VERTEX_POINT ( 'NONE', #2330 ) ;
#1844 = VECTOR ( 'NONE', #1333, 1000.000000000000000 ) ;
#1845 = PLANE ( 'NONE',  #3724 ) ;
#1846 = ORIENTED_EDGE ( 'NONE', *, *, #536, .F. ) ;
#1847 = LINE ( 'NONE', #2130, #1031 ) ;
#1848 = DIRECTION ( 'NONE',  ( 0.0000000000000000000, 0.0000000000000000000, 1.000000000000000000 ) ) ;
#1849 = VERTEX_POINT ( 'NONE', #2296 ) ;
#1850 = LINE ( 'NONE', #2214, #1564 ) ;
#1851 = EDGE_CURVE ( 'NONE', #1011, #3852, #1281, .T. ) ;
#1852 = ORIENTED_EDGE ( 'NONE', *, *, #192, .F. ) ;
#1853 = ORIENTED_EDGE ( 'NONE', *, *, #1071, .T. ) ;
#1854 = DIRECTION ( 'NONE',  ( 0.9975640502598248600, -0.06975647374411661500, 0.0000000000000000000 ) ) ;
#1855 = VECTOR ( 'NONE', #2736, 1000.000000000000000 ) ;
#1856 = DIRECTION ( 'NONE',  ( -1.000000000000000000, 0.0000000000000000000, 0.0000000000000000000 ) ) ;
#1857 = EDGE_CURVE ( 'NONE', #4020, #1268, #1903, .T. ) ;
#1858 = LINE ( 'NONE', #3262, #3950 ) ;
#1859 = AXIS2_PLACEMENT_3D ( 'NONE', #863, #854, #3352 ) ;
#1860 = ADVANCED_FACE ( 'NONE', ( #2508 ), #3588, .F. ) ;
#1861 = DIRECTION ( 'NONE',  ( -0.0000000000000000000, -0.0000000000000000000, -1.000000000000000000 ) ) ;
#1862 = ADVANCED_FACE ( 'NONE', ( #3690 ), #804, .F. ) ;
#1863 = PRESENTATION_STYLE_ASSIGNMENT (( #1419 ) ) ;
#1864 = CARTESIAN_POINT ( 'NONE',  ( 1.177075203620538100, 0.01485674314076785600, -0.8249999999999992900 ) ) ;
#1865 = CARTESIAN_POINT ( 'NONE',  ( 1.187538674682156100, 0.1644913506797415500, 0.8250000000000006200 ) ) ;
#1866 = CARTESIAN_POINT ( 'NONE',  ( -0.8336537963607544300, 0.8807370778945685700, -1.124999999999999300 ) ) ;
#1867 = ORIENTED_EDGE ( 'NONE', *, *, #3190, .T. ) ;
#1868 = DIRECTION ( 'NONE',  ( -0.0000000000000000000, -0.0000000000000000000, -1.000000000000000000 ) ) ;
#1869 = ORIENTED_EDGE ( 'NONE', *, *, #3546, .F. ) ;
#1870 = VECTOR ( 'NONE', #971, 1000.000000000000000 ) ;
#1871 = EDGE_CURVE ( 'NONE', #2762, #2328, #3041, .T. ) ;
#1872 = CARTESIAN_POINT ( 'NONE',  ( 0.8000000000000009300, 0.9749999999999999800, -0.8249999999999992900 ) ) ;
#1873 = ORIENTED_EDGE ( 'NONE', *, *, #831, .T. ) ;
#1874 = EDGE_CURVE ( 'NONE', #768, #3812, #1380, .T. ) ;
#1875 = ORIENTED_EDGE ( 'NONE', *, *, #848, .T. ) ;
#1876 = CARTESIAN_POINT ( 'NONE',  ( -0.8336537963607544300, 0.9749999999999996400, -0.8249999999999992900 ) ) ;
#1877 = VERTEX_POINT ( 'NONE', #176 ) ;
#1878 = ADVANCED_FACE ( 'NONE', ( #796, #3781 ), #3601, .T. ) ;
#1879 = DIRECTION ( 'NONE',  ( -0.9975640502598248600, 0.06975647374411662900, -0.0000000000000000000 ) ) ;
#1880 =( LENGTH_UNIT ( ) NAMED_UNIT ( * ) SI_UNIT ( .MILLI., .METRE. ) );
#1881 = VECTOR ( 'NONE', #2958, 1000.000000000000000 ) ;
#1882 = DIRECTION ( 'NONE',  ( -0.9993908270190957600, -0.03489949670250142000, 0.0000000000000000000 ) ) ;
#1883 = STYLED_ITEM ( 'NONE', ( #1226 ), #3609 ) ;
#1884 = UNCERTAINTY_MEASURE_WITH_UNIT (LENGTH_MEASURE( 1.000000000000000100E-005 ), #1108, 'distance_accuracy_value', 'NONE');
#1885 = PLANE ( 'NONE',  #2239 ) ;
#1886 = VECTOR ( 'NONE', #2514, 1000.000000000000000 ) ;
#1887 = VERTEX_POINT ( 'NONE', #289 ) ;
#1888 = DIRECTION ( 'NONE',  ( -1.000000000000000000, -0.0000000000000000000, 2.710505431213762100E-016 ) ) ;
#1889 = PLANE ( 'NONE',  #918 ) ;
#1890 = AXIS2_PLACEMENT_3D ( 'NONE', #2072, #1242, #1856 ) ;
#1891 = AXIS2_PLACEMENT_3D ( 'NONE', #1271, #3096, #337 ) ;
#1892 = DIRECTION ( 'NONE',  ( 0.03489949670250106600, 0.9993908270190956500, 0.0000000000000000000 ) ) ;
#1893 = DIRECTION ( 'NONE',  ( 0.03489949670250106600, 0.9993908270190956500, 0.0000000000000000000 ) ) ;
#1894 = ORIENTED_EDGE ( 'NONE', *, *, #2842, .F. ) ;
#1895 = VECTOR ( 'NONE', #1771, 1000.000000000000000 ) ;
#1896 = ORIENTED_EDGE ( 'NONE', *, *, #2800, .F. ) ;
#1897 = EDGE_CURVE ( 'NONE', #737, #291, #1325, .T. ) ;
#1898 = AXIS2_PLACEMENT_3D ( 'NONE', #1341, #3170, #1639 ) ;
#1899 = ORIENTED_EDGE ( 'NONE', *, *, #3592, .T. ) ;
#1900 = VERTEX_POINT ( 'NONE', #878 ) ;
#1901 = VECTOR ( 'NONE', #3904, 1000.000000000000000 ) ;
#1902 = ORIENTED_EDGE ( 'NONE', *, *, #2788, .T. ) ;
#1903 = LINE ( 'NONE', #776, #2939 ) ;
#1904 = EDGE_LOOP ( 'NONE', ( #2784, #1699, #3834, #1609 ) ) ;
#1905 = DIRECTION ( 'NONE',  ( 1.000000000000000000, 0.0000000000000000000, -0.0000000000000000000 ) ) ;
#1906 = FACE_OUTER_BOUND ( 'NONE', #1522, .T. ) ;
#1907 = VECTOR ( 'NONE', #1313, 1000.000000000000100 ) ;
#1908 = DIRECTION ( 'NONE',  ( 0.9993908270190957600, 0.03489949670250142000, -0.0000000000000000000 ) ) ;
#1909 = CARTESIAN_POINT ( 'NONE',  ( 0.8000000000000000400, 1.125000000000000000, -1.500000000000000000 ) ) ;
#1910 = CARTESIAN_POINT ( 'NONE',  ( 1.194114123733047300, 0.2585246530445617900, 0.4750000000000005900 ) ) ;
#1911 = EDGE_CURVE ( 'NONE', #2002, #1448, #3482, .T. ) ;
#1912 = DIRECTION ( 'NONE',  ( -1.000000000000000000, 0.0000000000000000000, 0.0000000000000000000 ) ) ;
#1913 = DIRECTION ( 'NONE',  ( -1.000000000000000000, 0.0000000000000000000, 0.0000000000000000000 ) ) ;
#1914 = EDGE_LOOP ( 'NONE', ( #3943, #10, #83, #2565 ) ) ;
#1915 = AXIS2_PLACEMENT_3D ( 'NONE', #2536, #317, #2828 ) ;
#1916 = ADVANCED_FACE ( 'NONE', ( #360 ), #2480, .F. ) ;
#1917 = LINE ( 'NONE', #2099, #1162 ) ;
#1918 = DIRECTION ( 'NONE',  ( -0.0000000000000000000, -0.0000000000000000000, -1.000000000000000000 ) ) ;
#1919 = CARTESIAN_POINT ( 'NONE',  ( 0.8000000000000012700, 1.125000000000000200, 0.8250000000000006200 ) ) ;
#1920 = EDGE_CURVE ( 'NONE', #2991, #3796, #4042, .T. ) ;
#1921 = DIRECTION ( 'NONE',  ( 0.0000000000000000000, 1.000000000000000000, 0.0000000000000000000 ) ) ;
#1922 = ORIENTED_EDGE ( 'NONE', *, *, #1110, .T. ) ;
#1923 = VERTEX_POINT ( 'NONE', #3056 ) ;
#1924 = FACE_OUTER_BOUND ( 'NONE', #1947, .T. ) ;
#1925 = VECTOR ( 'NONE', #2121, 1000.000000000000100 ) ;
#1926 = EDGE_LOOP ( 'NONE', ( #3984, #3660, #3055, #3378 ) ) ;
#1927 = EDGE_LOOP ( 'NONE', ( #3857, #1558, #658, #214 ) ) ;
#1928 = CARTESIAN_POINT ( 'NONE',  ( 0.9278592960409377500, 0.8840268064337552000, 1.125000000000000700 ) ) ;
#1929 = FACE_OUTER_BOUND ( 'NONE', #1914, .T. ) ;
#1930 = EDGE_CURVE ( 'NONE', #3028, #2571, #2203, .T. ) ;
#1931 = EDGE_CURVE ( 'NONE', #3179, #3555, #2006, .T. ) ;
#1932 = DIRECTION ( 'NONE',  ( 0.0000000000000000000, -1.000000000000000000, 0.0000000000000000000 ) ) ;
#1933 = DIRECTION ( 'NONE',  ( 1.000000000000000000, 0.0000000000000000000, 0.0000000000000000000 ) ) ;
#1934 = DIRECTION ( 'NONE',  ( -0.0000000000000000000, -0.0000000000000000000, -1.000000000000000000 ) ) ;
#1935 = AXIS2_PLACEMENT_3D ( 'NONE', #1128, #554, #1492 ) ;
#1936 = MANIFOLD_SOLID_BREP ( 'LPattern1[3]', #3549 ) ;
#1937 = FACE_OUTER_BOUND ( 'NONE', #1203, .T. ) ;
#1938 = ORIENTED_EDGE ( 'NONE', *, *, #2587, .F. ) ;
#1939 = CARTESIAN_POINT ( 'NONE',  ( 1.099908624052864200, 0.2552349245053751600, 0.8250000000000006200 ) ) ;
#1940 = ORIENTED_EDGE ( 'NONE', *, *, #3753, .F. ) ;
#1941 = FACE_OUTER_BOUND ( 'NONE', #607, .T. ) ;
#1942 = CARTESIAN_POINT ( 'NONE',  ( 1.177075203620538300, 0.01485674314076785600, 0.4750000000000005900 ) ) ;
#1943 = ORIENTED_EDGE ( 'NONE', *, *, #1099, .T. ) ;
#1944 = CIRCLE ( 'NONE', #566, 0.2442629221054309400 ) ;
#1945 = DIRECTION ( 'NONE',  ( 0.0000000000000000000, 0.0000000000000000000, 1.000000000000000000 ) ) ;
#1946 = CARTESIAN_POINT ( 'NONE',  ( 0.9499999999999998400, 0.2500000000000000600, 1.125000000000000700 ) ) ;
#1947 = EDGE_LOOP ( 'NONE', ( #626, #1829, #844, #600 ) ) ;
#1948 = AXIS2_PLACEMENT_3D ( 'NONE', #1715, #917, #18 ) ;
#1949 = CARTESIAN_POINT ( 'NONE',  ( -0.7999999999999993800, 1.125000000000000000, -1.499999999999999600 ) ) ;
#1950 = PRESENTATION_STYLE_ASSIGNMENT (( #1059 ) ) ;
#1951 = ORIENTED_EDGE ( 'NONE', *, *, #1338, .F. ) ;
#1952 = CARTESIAN_POINT ( 'NONE',  ( -0.8336537963607543200, 0.9749999999999996400, -0.4749999999999993100 ) ) ;
#1953 = EDGE_CURVE ( 'NONE', #2366, #2420, #3386, .T. ) ;
#1954 = VERTEX_POINT ( 'NONE', #4052 ) ;
#1955 = CARTESIAN_POINT ( 'NONE',  ( -0.9278592960409378600, 0.8840268064337552000, 0.1750000000000006800 ) ) ;
#1956 = VECTOR ( 'NONE', #3798, 1000.000000000000000 ) ;
#1957 = ORIENTED_EDGE ( 'NONE', *, *, #1243, .T. ) ;
#1958 = FACE_OUTER_BOUND ( 'NONE', #116, .T. ) ;
#1959 = ORIENTED_EDGE ( 'NONE', *, *, #3381, .F. ) ;
#1960 = LINE ( 'NONE', #2405, #2261 ) ;
#1961 = DIRECTION ( 'NONE',  ( 0.0000000000000000000, 0.0000000000000000000, 1.000000000000000000 ) ) ;
#1962 = CARTESIAN_POINT ( 'NONE',  ( 1.187538674682155900, 0.1644913506797415500, -0.1749999999999993800 ) ) ;
#1963 = LINE ( 'NONE', #94, #1490 ) ;
#1964 = DIRECTION ( 'NONE',  ( -0.0000000000000000000, -0.0000000000000000000, -1.000000000000000000 ) ) ;
#1965 = AXIS2_PLACEMENT_3D ( 'NONE', #1777, #3697, #1188 ) ;
#1966 = CARTESIAN_POINT ( 'NONE',  ( -0.8000000000000016000, 1.125000000000000000, -1.124999999999999300 ) ) ;
#1967 = CARTESIAN_POINT ( 'NONE',  ( -0.8000000000000013800, 0.9749999999999999800, 0.4750000000000005900 ) ) ;
#1968 = CARTESIAN_POINT ( 'NONE',  ( 0.8000000000000000400, 1.125000000000000000, -1.500000000000000000 ) ) ;
#1969 = DIRECTION ( 'NONE',  ( 1.000000000000000000, 0.0000000000000000000, 0.0000000000000000000 ) ) ;
#1970 = ORIENTED_EDGE ( 'NONE', *, *, #551, .F. ) ;
#1971 = DIRECTION ( 'NONE',  ( -0.0000000000000000000, -0.0000000000000000000, -1.000000000000000000 ) ) ;
#1972 = CARTESIAN_POINT ( 'NONE',  ( 0.9278592960409377500, 0.8840268064337552000, 1.125000000000000700 ) ) ;
#1973 = ORIENTED_EDGE ( 'NONE', *, *, #3953, .F. ) ;
#1974 = PRODUCT_DEFINITION_CONTEXT ( 'detailed design', #2003, 'design' ) ;
#1975 = LINE ( 'NONE', #829, #3598 ) ;
#1976 = AXIS2_PLACEMENT_3D ( 'NONE', #1663, #716, #3901 ) ;
#1977 = ORIENTED_EDGE ( 'NONE', *, *, #3242, .F. ) ;
#1978 = ORIENTED_EDGE ( 'NONE', *, *, #2953, .T. ) ;
#1979 = PLANE ( 'NONE',  #265 ) ;
#1980 = DIRECTION ( 'NONE',  ( 0.9975640502598248600, 0.06975647374411599000, -0.0000000000000000000 ) ) ;
#1981 = VECTOR ( 'NONE', #2355, 1000.000000000000100 ) ;
#1982 = EDGE_CURVE ( 'NONE', #3276, #3665, #1809, .T. ) ;
#1983 = EDGE_CURVE ( 'NONE', #3354, #1011, #161, .T. ) ;
#1984 = ORIENTED_EDGE ( 'NONE', *, *, #2749, .T. ) ;
#1985 = DIRECTION ( 'NONE',  ( -0.0000000000000000000, -0.0000000000000000000, -1.000000000000000000 ) ) ;
#1986 = ORIENTED_EDGE ( 'NONE', *, *, #1446, .F. ) ;
#1987 = CARTESIAN_POINT ( 'NONE',  ( -0.9278592960409378600, 0.8840268064337552000, 0.4750000000000005900 ) ) ;
#1988 = CARTESIAN_POINT ( 'NONE',  ( 0.8336537963607537600, 0.8807370778945685700, -0.8249999999999992900 ) ) ;
#1989 = FACE_OUTER_BOUND ( 'NONE', #893, .T. ) ;
#1990 = EDGE_CURVE ( 'NONE', #1425, #1997, #56, .T. ) ;
#1991 = DIRECTION ( 'NONE',  ( -0.1710878697460359000, 0.9702875252478138100, -0.1710878697460358200 ) ) ;
#1992 = SURFACE_STYLE_USAGE ( .BOTH. , #2317 ) ;
#1993 = CARTESIAN_POINT ( 'NONE',  ( 1.399999999999999700, 0.1496346075389735600, 0.1750000000000006800 ) ) ;
#1994 = PLANE ( 'NONE',  #1357 ) ;
#1995 = VECTOR ( 'NONE', #2212, 1000.000000000000000 ) ;
#1996 = CARTESIAN_POINT ( 'NONE',  ( 0.8336537963607541000, 0.8807370778945685700, 0.8250000000000006200 ) ) ;
#1997 = VERTEX_POINT ( 'NONE', #2456 ) ;
#1998 = VECTOR ( 'NONE', #224, 1000.000000000000000 ) ;
#1999 = CARTESIAN_POINT ( 'NONE',  ( 0.8336537963607537600, 0.8807370778945685700, -0.8249999999999992900 ) ) ;
#2000 = ORIENTED_EDGE ( 'NONE', *, *, #3432, .F. ) ;
#2001 = ORIENTED_EDGE ( 'NONE', *, *, #2931, .T. ) ;
#2002 = VERTEX_POINT ( 'NONE', #3737 ) ;
#2003 = APPLICATION_CONTEXT ( 'automotive_design' ) ;
#2004 = CLOSED_SHELL ( 'NONE', ( #2034, #928, #4028, #165, #1528, #1170, #2890, #3316, #1493, #3005, #2427, #1595, #1101, #4011 ) ) ;
#2005 = EDGE_CURVE ( 'NONE', #1082, #1303, #2251, .T. ) ;
#2006 = CIRCLE ( 'NONE', #2686, 0.2442629221054310500 ) ;
#2007 = ORIENTED_EDGE ( 'NONE', *, *, #2990, .T. ) ;
#2008 = CARTESIAN_POINT ( 'NONE',  ( 0.8000000000000011500, 1.125000000000000200, 0.4750000000000005900 ) ) ;
#2009 = CARTESIAN_POINT ( 'NONE',  ( -1.099908624052863900, 0.2552349245053750500, 0.1750000000000006800 ) ) ;
#2010 = DIRECTION ( 'NONE',  ( -1.000000000000000000, 0.0000000000000000000, 0.0000000000000000000 ) ) ;
#2011 = LINE ( 'NONE', #2863, #411 ) ;
#2012 = PLANE ( 'NONE',  #579 ) ;
#2013 = VECTOR ( 'NONE', #1823, 1000.000000000000000 ) ;
#2014 = EDGE_CURVE ( 'NONE', #1836, #556, #852, .T. ) ;
#2015 = LINE ( 'NONE', #1949, #2114 ) ;
#2016 = CARTESIAN_POINT ( 'NONE',  ( -0.4572970168999269700, 1.449999999999999500, -1.129092482447643800 ) ) ;
#2017 = CARTESIAN_POINT ( 'NONE',  ( 0.8336537963607541000, 0.9749999999999997600, 1.125000000000000700 ) ) ;
#2018 = CARTESIAN_POINT ( 'NONE',  ( 0.9278592960409374200, 0.8840268064337552000, -0.8249999999999992900 ) ) ;
#2019 = AXIS2_PLACEMENT_3D ( 'NONE', #3240, #729, #1619 ) ;
#2020 = CARTESIAN_POINT ( 'NONE',  ( 1.177075203620538300, 0.01485674314076785600, -0.4749999999999993100 ) ) ;
#2021 = PLANE ( 'NONE',  #1677 ) ;
#2022 = ORIENTED_EDGE ( 'NONE', *, *, #3116, .F. ) ;
#2023 = DIRECTION ( 'NONE',  ( -0.0000000000000000000, -0.0000000000000000000, -1.000000000000000000 ) ) ;
#2024 = DIRECTION ( 'NONE',  ( -1.000000000000000000, 0.0000000000000000000, 0.0000000000000000000 ) ) ;
#2025 = LINE ( 'NONE', #3851, #1002 ) ;
#2026 = ORIENTED_EDGE ( 'NONE', *, *, #27, .F. ) ;
#2027 = ORIENTED_EDGE ( 'NONE', *, *, #3198, .F. ) ;
#2028 = CYLINDRICAL_SURFACE ( 'NONE', #2588, 0.2442629221054309400 ) ;
#2029 = LINE ( 'NONE', #1179, #2765 ) ;
#2030 = ORIENTED_EDGE ( 'NONE', *, *, #3727, .F. ) ;
#2031 = ORIENTED_EDGE ( 'NONE', *, *, #2095, .F. ) ;
#2032 = CARTESIAN_POINT ( 'NONE',  ( -0.8000000000000013800, 0.9749999999999999800, 0.1750000000000006800 ) ) ;
#2033 = AXIS2_PLACEMENT_3D ( 'NONE', #3885, #1052, #2966 ) ;
#2034 = ADVANCED_FACE ( 'NONE', ( #643 ), #2885, .F. ) ;
#2035 = CARTESIAN_POINT ( 'NONE',  ( -1.399999999999999900, 0.1496346075389733400, 0.8250000000000006200 ) ) ;
#2036 = DIRECTION ( 'NONE',  ( -1.000000000000000000, 9.664902237447748700E-015, 0.0000000000000000000 ) ) ;
#2037 = EDGE_CURVE ( 'NONE', #2225, #2813, #1611, .T. ) ;
#2038 = MECHANICAL_DESIGN_GEOMETRIC_PRESENTATION_REPRESENTATION (  '', ( #3866 ), #3219 ) ;
#2039 = CARTESIAN_POINT ( 'NONE',  ( 0.8336537963607541000, 0.8807370778945685700, 1.125000000000000700 ) ) ;
#2040 = PLANE ( 'NONE',  #905 ) ;
#2041 = DIRECTION ( 'NONE',  ( 0.0000000000000000000, 0.0000000000000000000, 1.000000000000000000 ) ) ;
#2042 = DIRECTION ( 'NONE',  ( -0.0000000000000000000, -0.0000000000000000000, -1.000000000000000000 ) ) ;
#2043 = LINE ( 'NONE', #3650, #2140 ) ;
#2044 = AXIS2_PLACEMENT_3D ( 'NONE', #1556, #4073, #596 ) ;
#2045 = ORIENTED_EDGE ( 'NONE', *, *, #109, .T. ) ;
#2046 = CIRCLE ( 'NONE', #1039, 0.2442629221054309400 ) ;
#2047 = CARTESIAN_POINT ( 'NONE',  ( -0.8336537963607543200, 0.9749999999999996400, -0.1749999999999993800 ) ) ;
#2048 = DIRECTION ( 'NONE',  ( -0.1710878697460358200, 0.9702875252478137000, 0.1710878697460359000 ) ) ;
#2049 = ORIENTED_EDGE ( 'NONE', *, *, #630, .T. ) ;
#2050 = ORIENTED_EDGE ( 'NONE', *, *, #3727, .T. ) ;
#2051 = DIRECTION ( 'NONE',  ( -0.0000000000000000000, -0.0000000000000000000, -1.000000000000000000 ) ) ;
#2052 = LINE ( 'NONE', #3619, #2464 ) ;
#2053 = ORIENTED_EDGE ( 'NONE', *, *, #1841, .F. ) ;
#2054 = CARTESIAN_POINT ( 'NONE',  ( -1.177075203620538700, 0.01485674314076785600, 0.4750000000000005900 ) ) ;
#2055 = DIRECTION ( 'NONE',  ( 1.932980447489556100E-014, -1.000000000000000000, 0.0000000000000000000 ) ) ;
#2056 = LINE ( 'NONE', #3494, #406 ) ;
#2057 = VERTEX_POINT ( 'NONE', #3750 ) ;
#2058 = DIRECTION ( 'NONE',  ( -0.0000000000000000000, 1.000000000000000000, -0.0000000000000000000 ) ) ;
#2059 = ADVANCED_FACE ( 'NONE', ( #3139 ), #48, .F. ) ;
#2060 = PLANE ( 'NONE',  #510 ) ;
#2061 = ORIENTED_EDGE ( 'NONE', *, *, #3565, .T. ) ;
#2062 = VECTOR ( 'NONE', #673, 1000.000000000000000 ) ;
#2063 = FACE_OUTER_BOUND ( 'NONE', #1778, .T. ) ;
#2064 = ORIENTED_EDGE ( 'NONE', *, *, #345, .F. ) ;
#2065 = EDGE_CURVE ( 'NONE', #82, #2762, #639, .T. ) ;
#2066 = EDGE_CURVE ( 'NONE', #3856, #1040, #1850, .T. ) ;
#2067 = VECTOR ( 'NONE', #210, 1000.000000000000100 ) ;
#2068 = DIRECTION ( 'NONE',  ( 0.9975640502598248600, -0.06975647374411661500, 0.0000000000000000000 ) ) ;
#2069 = DIRECTION ( 'NONE',  ( -0.0000000000000000000, -0.0000000000000000000, -1.000000000000000000 ) ) ;
#2070 = EDGE_CURVE ( 'NONE', #2104, #532, #1037, .T. ) ;
#2071 = PLANE ( 'NONE',  #3127 ) ;
#2072 = CARTESIAN_POINT ( 'NONE',  ( 0.8336537963607538700, 0.8807370778945685700, -0.4749999999999993100 ) ) ;
#2073 = MANIFOLD_SOLID_BREP ( 'LPattern1[5]', #1381 ) ;
#2074 = VERTEX_POINT ( 'NONE', #372 ) ;
#2075 = EDGE_CURVE ( 'NONE', #1811, #1567, #2504, .T. ) ;
#2076 = ORIENTED_EDGE ( 'NONE', *, *, #27, .T. ) ;
#2077 = ORIENTED_EDGE ( 'NONE', *, *, #3328, .F. ) ;
#2078 = ADVANCED_FACE ( 'NONE', ( #935 ), #968, .F. ) ;
#2079 = CARTESIAN_POINT ( 'NONE',  ( 1.077767920093801300, 0.8892617309391303000, -1.124999999999999300 ) ) ;
#2080 = AXIS2_PLACEMENT_3D ( 'NONE', #3100, #1828, #3710 ) ;
#2081 = CIRCLE ( 'NONE', #894, 0.1215028102841714700 ) ;
#2082 = CARTESIAN_POINT ( 'NONE',  ( 1.187538674682156100, 0.1644913506797416000, 1.125000000000000700 ) ) ;
#2083 = CARTESIAN_POINT ( 'NONE',  ( -1.194114123733047900, 0.2585246530445617900, -0.8249999999999992900 ) ) ;
#2084 = ORIENTED_EDGE ( 'NONE', *, *, #3616, .F. ) ;
#2085 = PLANE ( 'NONE',  #3429 ) ;
#2086 = EDGE_LOOP ( 'NONE', ( #1742, #3404, #2022, #2955 ) ) ;
#2087 = FACE_OUTER_BOUND ( 'NONE', #2089, .T. ) ;
#2088 = CARTESIAN_POINT ( 'NONE',  ( -0.9278592960409377500, 0.8840268064337552000, 1.125000000000000700 ) ) ;
#2089 = EDGE_LOOP ( 'NONE', ( #773, #322, #3252, #2100 ) ) ;
#2090 = CARTESIAN_POINT ( 'NONE',  ( 0.8000000000000012700, 1.125000000000000000, 1.499999999999997300 ) ) ;
#2091 = ORIENTED_EDGE ( 'NONE', *, *, #2400, .T. ) ;
#2092 = APPLICATION_PROTOCOL_DEFINITION ( 'draft international standard', 'automotive_design', 1998, #2003 ) ;
#2093 = EDGE_CURVE ( 'NONE', #1181, #3430, #740, .T. ) ;
#2094 = LINE ( 'NONE', #2018, #2924 ) ;
#2095 = EDGE_CURVE ( 'NONE', #3043, #2791, #3991, .T. ) ;
#2096 = DIRECTION ( 'NONE',  ( -1.000000000000000000, 0.0000000000000000000, 0.0000000000000000000 ) ) ;
#2097 = CARTESIAN_POINT ( 'NONE',  ( 1.177075203620538300, 0.01485674314076785600, -0.4749999999999993100 ) ) ;
#2098 = ADVANCED_FACE ( 'NONE', ( #1230 ), #627, .F. ) ;
#2099 = CARTESIAN_POINT ( 'NONE',  ( -0.9278592960409377500, 0.8840268064337552000, 0.8250000000000006200 ) ) ;
#2100 = ORIENTED_EDGE ( 'NONE', *, *, #1701, .T. ) ;
#2101 = LINE ( 'NONE', #876, #153 ) ;
#2102 = PRESENTATION_LAYER_ASSIGNMENT (  '', '', ( #1883 ) ) ;
#2103 = ORIENTED_EDGE ( 'NONE', *, *, #2139, .F. ) ;
#2104 = VERTEX_POINT ( 'NONE', #3465 ) ;
#2105 = CARTESIAN_POINT ( 'NONE',  ( 0.9499999999999996200, 0.2500000000000000600, -0.4749999999999993100 ) ) ;
#2106 = ORIENTED_EDGE ( 'NONE', *, *, #1563, .T. ) ;
#2107 = ORIENTED_EDGE ( 'NONE', *, *, #1027, .T. ) ;
#2108 = CARTESIAN_POINT ( 'NONE',  ( 0.8000000000000011500, 1.125000000000000200, 0.1750000000000006800 ) ) ;
#2109 = CARTESIAN_POINT ( 'NONE',  ( 0.8000000000000012700, 0.9749999999999999800, 1.499999999999997300 ) ) ;
#2110 = LINE ( 'NONE', #860, #1855 ) ;
#2111 = LINE ( 'NONE', #1658, #1813 ) ;
#2112 = AXIS2_PLACEMENT_3D ( 'NONE', #735, #1985, #3847 ) ;
#2113 = AXIS2_PLACEMENT_3D ( 'NONE', #3489, #2209, #2263 ) ;
#2114 = VECTOR ( 'NONE', #1694, 1000.000000000000000 ) ;
#2115 = EDGE_CURVE ( 'NONE', #2142, #2832, #3525, .T. ) ;
#2116 = AXIS2_PLACEMENT_3D ( 'NONE', #3810, #2531, #3523 ) ;
#2117 = DIRECTION ( 'NONE',  ( -0.0000000000000000000, -0.0000000000000000000, -1.000000000000000000 ) ) ;
#2118 = DIRECTION ( 'NONE',  ( -0.0000000000000000000, -0.0000000000000000000, -1.000000000000000000 ) ) ;
#2119 = CARTESIAN_POINT ( 'NONE',  ( 0.8336537963607541000, 1.124999999999999800, 1.125000000000000700 ) ) ;
#2120 = ORIENTED_EDGE ( 'NONE', *, *, #790, .T. ) ;
#2121 = DIRECTION ( 'NONE',  ( 0.9975640502598248600, -0.06975647374411599000, 0.0000000000000000000 ) ) ;
#2122 = FACE_OUTER_BOUND ( 'NONE', #3838, .T. ) ;
#2123 = ORIENTED_EDGE ( 'NONE', *, *, #3278, .F. ) ;
#2124 = EDGE_CURVE ( 'NONE', #1836, #3040, #2056, .T. ) ;
#2125 = ORIENTED_EDGE ( 'NONE', *, *, #3401, .F. ) ;
#2126 = LINE ( 'NONE', #92, #2441 ) ;
#2127 = LINE ( 'NONE', #239, #1114 ) ;
#2128 = ORIENTED_EDGE ( 'NONE', *, *, #1871, .F. ) ;
#2129 = ORIENTED_EDGE ( 'NONE', *, *, #1983, .F. ) ;
#2130 = CARTESIAN_POINT ( 'NONE',  ( -1.389536528938382500, 0.0000000000000000000, -0.1749999999999993800 ) ) ;
#2131 = VECTOR ( 'NONE', #2656, 1000.000000000000000 ) ;
#2132 = CARTESIAN_POINT ( 'NONE',  ( 0.8000000000000012700, 0.9749999999999999800, 0.8250000000000006200 ) ) ;
#2133 = VERTEX_POINT ( 'NONE', #3791 ) ;
#2134 = AXIS2_PLACEMENT_3D ( 'NONE', #3713, #2776, #1536 ) ;
#2135 = DIRECTION ( 'NONE',  ( -0.0000000000000000000, -0.0000000000000000000, -1.000000000000000000 ) ) ;
#2136 = ADVANCED_FACE ( 'NONE', ( #2196 ), #1599, .F. ) ;
#2137 = CARTESIAN_POINT ( 'NONE',  ( 1.099908624052863900, 0.2552349245053751600, -0.1749999999999993800 ) ) ;
#2138 = LINE ( 'NONE', #2082, #2357 ) ;
#2139 = EDGE_CURVE ( 'NONE', #3347, #669, #1575, .T. ) ;
#2140 = VECTOR ( 'NONE', #222, 1000.000000000000100 ) ;
#2141 = MANIFOLD_SOLID_BREP ( 'Boss-Extrude4[2]', #276 ) ;
#2142 = VERTEX_POINT ( 'NONE', #679 ) ;
#2143 = EDGE_CURVE ( 'NONE', #3682, #2700, #3488, .T. ) ;
#2144 = PLANE ( 'NONE',  #2745 ) ;
#2145 = CIRCLE ( 'NONE', #1935, 0.2442629221054307100 ) ;
#2146 = DIRECTION ( 'NONE',  ( 0.0000000000000000000, 0.0000000000000000000, 1.000000000000000000 ) ) ;
#2147 =( NAMED_UNIT ( * ) SI_UNIT ( $, .STERADIAN. ) SOLID_ANGLE_UNIT ( ) );
#2148 = ORIENTED_EDGE ( 'NONE', *, *, #4006, .F. ) ;
#2149 = CIRCLE ( 'NONE', #1759, 0.1215028102841714700 ) ;
#2150 = DIRECTION ( 'NONE',  ( 1.000000000000000000, 9.664902237447750300E-015, -0.0000000000000000000 ) ) ;
#2151 = EDGE_CURVE ( 'NONE', #1453, #2366, #996, .T. ) ;
#2152 = ORIENTED_EDGE ( 'NONE', *, *, #732, .T. ) ;
#2153 = FACE_OUTER_BOUND ( 'NONE', #3803, .T. ) ;
#2154 = ORIENTED_EDGE ( 'NONE', *, *, #2722, .T. ) ;
#2155 = AXIS2_PLACEMENT_3D ( 'NONE', #3424, #249, #1548 ) ;
#2156 = CARTESIAN_POINT ( 'NONE',  ( -0.9278592960409379800, 0.8840268064337552000, -0.1749999999999993800 ) ) ;
#2157 = VECTOR ( 'NONE', #2118, 1000.000000000000000 ) ;
#2158 = VERTEX_POINT ( 'NONE', #1008 ) ;
#2159 = VECTOR ( 'NONE', #1888, 1000.000000000000000 ) ;
#2160 = FACE_OUTER_BOUND ( 'NONE', #814, .T. ) ;
#2161 = DIRECTION ( 'NONE',  ( 0.0000000000000000000, 0.0000000000000000000, 1.000000000000000000 ) ) ;
#2162 = AXIS2_PLACEMENT_3D ( 'NONE', #3128, #1543, #1217 ) ;
#2163 = AXIS2_PLACEMENT_3D ( 'NONE', #987, #59, #379 ) ;
#2164 = EDGE_CURVE ( 'NONE', #3089, #2903, #2707, .T. ) ;
#2165 = CARTESIAN_POINT ( 'NONE',  ( -0.4572970168999269700, 1.449999999999999500, -1.129092482447643800 ) ) ;
#2166 = AXIS2_PLACEMENT_3D ( 'NONE', #70, #2564, #697 ) ;
#2167 = VERTEX_POINT ( 'NONE', #1968 ) ;
#2168 = CARTESIAN_POINT ( 'NONE',  ( 0.8336537963607538700, 0.9749999999999997600, -0.1749999999999993800 ) ) ;
#2169 = ORIENTED_EDGE ( 'NONE', *, *, #3769, .F. ) ;
#2170 = ORIENTED_EDGE ( 'NONE', *, *, #2245, .T. ) ;
#2171 = EDGE_LOOP ( 'NONE', ( #1762, #859, #1832, #301 ) ) ;
#2172 = ADVANCED_FACE ( 'NONE', ( #3648 ), #1994, .F. ) ;
#2173 = VECTOR ( 'NONE', #3860, 1000.000000000000000 ) ;
#2174 = CARTESIAN_POINT ( 'NONE',  ( -0.8000000000000014900, 0.9749999999999999800, -0.1749999999999993800 ) ) ;
#2175 = VERTEX_POINT ( 'NONE', #3564 ) ;
#2176 = SURFACE_STYLE_USAGE ( .BOTH. , #1816 ) ;
#2177 = CARTESIAN_POINT ( 'NONE',  ( 0.8000000000000009300, 0.9749999999999999800, -0.8249999999999992900 ) ) ;
#2178 = ORIENTED_EDGE ( 'NONE', *, *, #3358, .F. ) ;
#2179 = AXIS2_PLACEMENT_3D ( 'NONE', #3800, #2241, #3507 ) ;
#2180 = LINE ( 'NONE', #2604, #1981 ) ;
#2181 = DIRECTION ( 'NONE',  ( 0.0000000000000000000, 0.0000000000000000000, 1.000000000000000000 ) ) ;
#2182 = ORIENTED_EDGE ( 'NONE', *, *, #288, .T. ) ;
#2183 = CARTESIAN_POINT ( 'NONE',  ( -0.8336537963607541000, 0.8807370778945685700, 1.125000000000000700 ) ) ;
#2184 = CARTESIAN_POINT ( 'NONE',  ( -0.8000000000000014900, 1.125000000000000000, -0.4749999999999993100 ) ) ;
#2185 = AXIS2_PLACEMENT_3D ( 'NONE', #728, #1399, #134 ) ;
#2186 = LINE ( 'NONE', #3331, #2872 ) ;
#2187 = EDGE_CURVE ( 'NONE', #3078, #3035, #1963, .T. ) ;
#2188 = EDGE_CURVE ( 'NONE', #3911, #2658, #174, .T. ) ;
#2189 = LINE ( 'NONE', #1909, #2586 ) ;
#2190 = DIRECTION ( 'NONE',  ( -0.0000000000000000000, -0.0000000000000000000, -1.000000000000000000 ) ) ;
#2191 = ORIENTED_EDGE ( 'NONE', *, *, #731, .T. ) ;
#2192 = ORIENTED_EDGE ( 'NONE', *, *, #1021, .T. ) ;
#2193 = FACE_OUTER_BOUND ( 'NONE', #3599, .T. ) ;
#2194 = PLANE ( 'NONE',  #1891 ) ;
#2195 = ORIENTED_EDGE ( 'NONE', *, *, #2566, .T. ) ;
#2196 = FACE_OUTER_BOUND ( 'NONE', #1683, .T. ) ;
#2197 = VERTEX_POINT ( 'NONE', #2869 ) ;
#2198 = CARTESIAN_POINT ( 'NONE',  ( -0.4572970168999269700, 1.449999999999999500, -1.129092482447643800 ) ) ;
#2199 = CARTESIAN_POINT ( 'NONE',  ( -0.8336537963607539800, 1.124999999999999300, 1.125000000000000700 ) ) ;
#2200 = VERTEX_POINT ( 'NONE', #3230 ) ;
#2201 = CARTESIAN_POINT ( 'NONE',  ( 0.8336537963607541000, 0.8807370778945685700, 0.8250000000000006200 ) ) ;
#2202 = DIRECTION ( 'NONE',  ( 0.0000000000000000000, -1.000000000000000000, 0.0000000000000000000 ) ) ;
#2203 = LINE ( 'NONE', #923, #1085 ) ;
#2204 = ORIENTED_EDGE ( 'NONE', *, *, #3117, .T. ) ;
#2205 = EDGE_CURVE ( 'NONE', #3261, #2593, #2314, .T. ) ;
#2206 = CYLINDRICAL_SURFACE ( 'NONE', #3215, 0.2442629221054308200 ) ;
#2207 = FACE_OUTER_BOUND ( 'NONE', #2833, .T. ) ;
#2208 = LINE ( 'NONE', #3245, #2430 ) ;
#2209 = DIRECTION ( 'NONE',  ( 0.0000000000000000000, 0.0000000000000000000, 1.000000000000000000 ) ) ;
#2210 = EDGE_CURVE ( 'NONE', #1997, #3889, #3844, .T. ) ;
#2211 = ADVANCED_FACE ( 'NONE', ( #3745 ), #1319, .F. ) ;
#2212 = DIRECTION ( 'NONE',  ( 1.000000000000000000, 9.664902237447750300E-015, -0.0000000000000000000 ) ) ;
#2213 = EDGE_CURVE ( 'NONE', #842, #2997, #2208, .T. ) ;
#2214 = CARTESIAN_POINT ( 'NONE',  ( 0.8000000000000009300, 1.125000000000000200, -0.8249999999999992900 ) ) ;
#2215 = EDGE_LOOP ( 'NONE', ( #2688, #3403, #3072, #3304 ) ) ;
#2216 = FACE_OUTER_BOUND ( 'NONE', #2444, .T. ) ;
#2217 = CARTESIAN_POINT ( 'NONE',  ( 0.8336537963607537600, 0.9749999999999997600, -0.8249999999999992900 ) ) ;
#2218 = ORIENTED_EDGE ( 'NONE', *, *, #345, .T. ) ;
#2219 = EDGE_CURVE ( 'NONE', #263, #3010, #654, .T. ) ;
#2220 = VERTEX_POINT ( 'NONE', #2260 ) ;
#2221 = PLANE ( 'NONE',  #3673 ) ;
#2222 = CIRCLE ( 'NONE', #1743, 0.2442629221054309400 ) ;
#2223 = VECTOR ( 'NONE', #2432, 1000.000000000000100 ) ;
#2224 = ORIENTED_EDGE ( 'NONE', *, *, #3632, .F. ) ;
#2225 = VERTEX_POINT ( 'NONE', #750 ) ;
#2226 = DIRECTION ( 'NONE',  ( -0.0000000000000000000, -0.0000000000000000000, -1.000000000000000000 ) ) ;
#2227 = CARTESIAN_POINT ( 'NONE',  ( -1.400000000000000100, 0.1496346075389733400, -0.4749999999999993100 ) ) ;
#2228 = DIRECTION ( 'NONE',  ( -1.000000000000000000, 0.0000000000000000000, 0.0000000000000000000 ) ) ;
#2229 = DIRECTION ( 'NONE',  ( -1.000000000000000000, -1.932980447489556100E-014, 0.0000000000000000000 ) ) ;
#2230 = AXIS2_PLACEMENT_3D ( 'NONE', #3272, #820, #2370 ) ;
#2231 = VERTEX_POINT ( 'NONE', #1364 ) ;
#2232 = ADVANCED_FACE ( 'NONE', ( #563 ), #2896, .F. ) ;
#2233 = PLANE ( 'NONE',  #1072 ) ;
#2234 = VECTOR ( 'NONE', #3773, 1000.000000000000000 ) ;
#2235 = PLANE ( 'NONE',  #2240 ) ;
#2236 = COLOUR_RGB ( '',0.7921568627450980000, 0.8196078431372548800, 0.9333333333333333500 ) ;
#2237 = VERTEX_POINT ( 'NONE', #2884 ) ;
#2238 = DIRECTION ( 'NONE',  ( 1.000000000000000000, 9.664902237447750300E-015, -0.0000000000000000000 ) ) ;
#2239 = AXIS2_PLACEMENT_3D ( 'NONE', #1258, #3744, #32 ) ;
#2240 = AXIS2_PLACEMENT_3D ( 'NONE', #3185, #699, #3841 ) ;
#2241 = DIRECTION ( 'NONE',  ( -0.0000000000000000000, -0.0000000000000000000, -1.000000000000000000 ) ) ;
#2242 = CARTESIAN_POINT ( 'NONE',  ( 1.077767920093801700, 0.8892617309391303000, 0.8250000000000006200 ) ) ;
#2243 = ORIENTED_EDGE ( 'NONE', *, *, #2610, .F. ) ;
#2244 = FACE_OUTER_BOUND ( 'NONE', #4014, .T. ) ;
#2245 = EDGE_CURVE ( 'NONE', #622, #509, #20, .T. ) ;
#2246 = AXIS2_PLACEMENT_3D ( 'NONE', #498, #3290, #2665 ) ;
#2247 = ORIENTED_EDGE ( 'NONE', *, *, #2625, .F. ) ;
#2248 = CIRCLE ( 'NONE', #230, 0.2442629221054309400 ) ;
#2249 = CARTESIAN_POINT ( 'NONE',  ( -1.389536528938382500, 0.0000000000000000000, -0.4749999999999993100 ) ) ;
#2250 = ORIENTED_EDGE ( 'NONE', *, *, #1312, .F. ) ;
#2251 = LINE ( 'NONE', #602, #3733 ) ;
#2252 = VERTEX_POINT ( 'NONE', #720 ) ;
#2253 = DIRECTION ( 'NONE',  ( 0.03489949670250141300, 0.9993908270190956500, -0.0000000000000000000 ) ) ;
#2254 = FACE_OUTER_BOUND ( 'NONE', #2748, .T. ) ;
#2255 = CIRCLE ( 'NONE', #2113, 0.2442629221054309400 ) ;
#2256 = CARTESIAN_POINT ( 'NONE',  ( 1.399999999999999700, 0.1496346075389735600, 0.4750000000000005900 ) ) ;
#2257 = CARTESIAN_POINT ( 'NONE',  ( -1.187538674682156100, 0.1644913506797410500, 0.8250000000000006200 ) ) ;
#2258 = AXIS2_PLACEMENT_3D ( 'NONE', #1279, #1583, #3165 ) ;
#2259 = DIRECTION ( 'NONE',  ( -1.000000000000000000, 0.0000000000000000000, 0.0000000000000000000 ) ) ;
#2260 = CARTESIAN_POINT ( 'NONE',  ( -1.187538674682156300, 0.1644913506797411300, -0.1749999999999993800 ) ) ;
#2261 = VECTOR ( 'NONE', #3968, 1000.000000000000000 ) ;
#2262 = DIRECTION ( 'NONE',  ( -1.000000000000000000, 0.0000000000000000000, 0.0000000000000000000 ) ) ;
#2263 = DIRECTION ( 'NONE',  ( 1.000000000000000000, 0.0000000000000000000, 0.0000000000000000000 ) ) ;
#2264 = EDGE_LOOP ( 'NONE', ( #1252, #3434, #2854, #527 ) ) ;
#2265 = DIRECTION ( 'NONE',  ( -0.0000000000000000000, -0.0000000000000000000, -1.000000000000000000 ) ) ;
#2266 = DIRECTION ( 'NONE',  ( -0.9975640502598248600, -0.06975647374411535200, 0.0000000000000000000 ) ) ;
#2267 = EDGE_CURVE ( 'NONE', #2142, #2907, #3792, .T. ) ;
#2268 = EDGE_CURVE ( 'NONE', #3889, #1268, #2015, .T. ) ;
#2269 = DIRECTION ( 'NONE',  ( 1.932980447489556100E-014, -1.000000000000000000, 0.0000000000000000000 ) ) ;
#2270 = ORIENTED_EDGE ( 'NONE', *, *, #2899, .F. ) ;
#2271 = ORIENTED_EDGE ( 'NONE', *, *, #2646, .T. ) ;
#2272 = ORIENTED_EDGE ( 'NONE', *, *, #1524, .T. ) ;
#2273 = CARTESIAN_POINT ( 'NONE',  ( 1.389536528938382300, 0.0000000000000000000, 1.125000000000000700 ) ) ;
#2274 = SURFACE_STYLE_FILL_AREA ( #730 ) ;
#2275 = ORIENTED_EDGE ( 'NONE', *, *, #3409, .F. ) ;
#2276 = ORIENTED_EDGE ( 'NONE', *, *, #3509, .T. ) ;
#2277 = CARTESIAN_POINT ( 'NONE',  ( -1.389536528938382300, 0.0000000000000000000, 1.125000000000000700 ) ) ;
#2278 = LINE ( 'NONE', #173, #2131 ) ;
#2279 = EDGE_CURVE ( 'NONE', #1245, #1877, #271, .T. ) ;
#2280 = APPLICATION_PROTOCOL_DEFINITION ( 'draft international standard', 'automotive_design', 1998, #101 ) ;
#2281 = FACE_OUTER_BOUND ( 'NONE', #3638, .T. ) ;
#2282 = EDGE_CURVE ( 'NONE', #984, #1214, #3144, .T. ) ;
#2283 = DIRECTION ( 'NONE',  ( 1.000000000000000000, 0.0000000000000000000, -0.0000000000000000000 ) ) ;
#2284 = SURFACE_STYLE_USAGE ( .BOTH. , #3874 ) ;
#2285 = DIRECTION ( 'NONE',  ( 0.06975647374411818300, 0.9975640502598247500, -0.0000000000000000000 ) ) ;
#2286 = DIRECTION ( 'NONE',  ( 0.06975647374411599000, 0.9975640502598249700, -0.0000000000000000000 ) ) ;
#2287 = CARTESIAN_POINT ( 'NONE',  ( -0.7999999999999993800, 0.9749999999999999800, -1.499999999999999600 ) ) ;
#2288 = AXIS2_PLACEMENT_3D ( 'NONE', #515, #2640, #139 ) ;
#2289 = LINE ( 'NONE', #2097, #1218 ) ;
#2290 = CARTESIAN_POINT ( 'NONE',  ( -0.4572970168999269700, 1.349999999999999400, -1.250595292731815400 ) ) ;
#2291 = DIRECTION ( 'NONE',  ( 1.000000000000000000, 0.0000000000000000000, 0.0000000000000000000 ) ) ;
#2292 = VECTOR ( 'NONE', #625, 1000.000000000000100 ) ;
#2293 = CARTESIAN_POINT ( 'NONE',  ( 0.9278592960409374200, 0.8840268064337552000, -1.124999999999999300 ) ) ;
#2294 = VERTEX_POINT ( 'NONE', #457 ) ;
#2295 = CYLINDRICAL_SURFACE ( 'NONE', #2080, 0.09426292210543119100 ) ;
#2296 = CARTESIAN_POINT ( 'NONE',  ( 0.9278592960409375300, 0.8840268064337552000, -0.1749999999999993800 ) ) ;
#2297 = DIRECTION ( 'NONE',  ( -0.03489949670250141300, 0.9993908270190956500, -0.0000000000000000000 ) ) ;
#2298 = ORIENTED_EDGE ( 'NONE', *, *, #3014, .T. ) ;
#2299 = CARTESIAN_POINT ( 'NONE',  ( 1.389536528938381900, 0.0000000000000000000, -1.124999999999999300 ) ) ;
#2300 = CARTESIAN_POINT ( 'NONE',  ( -0.8000000000000014900, 1.125000000000000000, -0.1749999999999993800 ) ) ;
#2301 = VECTOR ( 'NONE', #1291, 1000.000000000000000 ) ;
#2302 = ORIENTED_EDGE ( 'NONE', *, *, #916, .F. ) ;
#2303 = CARTESIAN_POINT ( 'NONE',  ( 0.8000000000000009300, 0.9749999999999999800, -0.8249999999999992900 ) ) ;
#2304 = EDGE_CURVE ( 'NONE', #1824, #592, #1288, .T. ) ;
#2305 = ORIENTED_EDGE ( 'NONE', *, *, #1719, .F. ) ;
#2306 = PLANE ( 'NONE',  #1615 ) ;
#2307 = VECTOR ( 'NONE', #26, 1000.000000000000000 ) ;
#2308 = EDGE_CURVE ( 'NONE', #310, #3228, #225, .T. ) ;
#2309 = CARTESIAN_POINT ( 'NONE',  ( 0.8336537963607538700, 1.124999999999999800, -0.4749999999999993100 ) ) ;
#2310 = LINE ( 'NONE', #3925, #1435 ) ;
#2311 = VECTOR ( 'NONE', #3870, 1000.000000000000000 ) ;
#2312 =( NAMED_UNIT ( * ) SI_UNIT ( $, .STERADIAN. ) SOLID_ANGLE_UNIT ( ) );
#2313 = DIRECTION ( 'NONE',  ( -0.0000000000000000000, 0.0000000000000000000, -1.000000000000000000 ) ) ;
#2314 = LINE ( 'NONE', #2929, #318 ) ;
#2315 = DIRECTION ( 'NONE',  ( 0.0000000000000000000, 0.0000000000000000000, 1.000000000000000000 ) ) ;
#2316 = MECHANICAL_DESIGN_GEOMETRIC_PRESENTATION_REPRESENTATION (  '', ( #1883 ), #91 ) ;
#2317 = SURFACE_SIDE_STYLE ('',( #2274 ) ) ;
#2318 = CARTESIAN_POINT ( 'NONE',  ( -1.187538674682156100, 0.1644913506797411300, 1.125000000000000700 ) ) ;
#2319 = SURFACE_SIDE_STYLE ('',( #367 ) ) ;
#2320 = DIRECTION ( 'NONE',  ( -1.000000000000000000, 0.0000000000000000000, 0.0000000000000000000 ) ) ;
#2321 = DIRECTION ( 'NONE',  ( -1.000000000000000000, 0.0000000000000000000, 0.0000000000000000000 ) ) ;
#2322 = VERTEX_POINT ( 'NONE', #3292 ) ;
#2323 = CARTESIAN_POINT ( 'NONE',  ( -1.187538674682156100, 0.1644913506797411300, 1.125000000000000700 ) ) ;
#2324 = FACE_OUTER_BOUND ( 'NONE', #2721, .T. ) ;
#2325 = MANIFOLD_SOLID_BREP ( 'LPattern1[4]', #1297 ) ;
#2326 = AXIS2_PLACEMENT_3D ( 'NONE', #542, #2768, #914 ) ;
#2327 = AXIS2_PLACEMENT_3D ( 'NONE', #725, #158, #1961 ) ;
#2328 = VERTEX_POINT ( 'NONE', #3606 ) ;
#2329 = EDGE_LOOP ( 'NONE', ( #1984, #2128, #3886, #572 ) ) ;
#2330 = CARTESIAN_POINT ( 'NONE',  ( 0.8336537963607539800, 0.9749999999999997600, 0.1750000000000006800 ) ) ;
#2331 = CARTESIAN_POINT ( 'NONE',  ( -0.8336537963607541000, 0.8807370778945685700, 1.125000000000000700 ) ) ;
#2332 = CARTESIAN_POINT ( 'NONE',  ( 0.8000000000000012700, 1.125000000000000000, 1.499999999999997300 ) ) ;
#2333 = LINE ( 'NONE', #3903, #3364 ) ;
#2334 = EDGE_CURVE ( 'NONE', #2225, #2231, #1775, .T. ) ;
#2335 = LINE ( 'NONE', #3647, #1686 ) ;
#2336 = AXIS2_PLACEMENT_3D ( 'NONE', #3569, #1393, #2291 ) ;
#2337 = CARTESIAN_POINT ( 'NONE',  ( -0.8336537963607539800, 1.124999999999999300, 1.125000000000000700 ) ) ;
#2338 = CARTESIAN_POINT ( 'NONE',  ( -1.187538674682156600, 0.1644913506797410500, -1.124999999999999300 ) ) ;
#2339 = ORIENTED_EDGE ( 'NONE', *, *, #1730, .T. ) ;
#2340 = CARTESIAN_POINT ( 'NONE',  ( 1.194114123733047300, 0.2585246530445617900, 0.4750000000000005900 ) ) ;
#2341 = VERTEX_POINT ( 'NONE', #1736 ) ;
#2342 = ORIENTED_EDGE ( 'NONE', *, *, #2690, .F. ) ;
#2343 = DIRECTION ( 'NONE',  ( 0.9975640502598247500, 0.06975647374411829400, -0.0000000000000000000 ) ) ;
#2344 = DIRECTION ( 'NONE',  ( 0.0000000000000000000, 1.000000000000000000, 0.0000000000000000000 ) ) ;
#2345 = ORIENTED_EDGE ( 'NONE', *, *, #2304, .T. ) ;
#2346 = DIRECTION ( 'NONE',  ( -1.000000000000000000, 0.0000000000000000000, 0.0000000000000000000 ) ) ;
#2347 = FACE_OUTER_BOUND ( 'NONE', #850, .T. ) ;
#2348 = EDGE_CURVE ( 'NONE', #2447, #2571, #3996, .T. ) ;
#2349 = CARTESIAN_POINT ( 'NONE',  ( -0.8000000000000013800, 1.125000000000000000, 0.4750000000000005900 ) ) ;
#2350 = CARTESIAN_POINT ( 'NONE',  ( 1.187538674682155900, 0.1644913506797416000, -0.4749999999999993100 ) ) ;
#2351 = DIRECTION ( 'NONE',  ( 1.000000000000000000, -9.664902237447750300E-015, 0.0000000000000000000 ) ) ;
#2352 = VECTOR ( 'NONE', #1167, 1000.000000000000100 ) ;
#2353 = CARTESIAN_POINT ( 'NONE',  ( 0.7426937312697500200, 1.449999999999999500, 1.442693731269746300 ) ) ;
#2354 = EDGE_LOOP ( 'NONE', ( #2479, #4041, #352, #2668 ) ) ;
#2355 = DIRECTION ( 'NONE',  ( -0.9975640502598248600, 0.06975647374411662900, -0.0000000000000000000 ) ) ;
#2356 = EDGE_LOOP ( 'NONE', ( #493, #915, #1209, #2569 ) ) ;
#2357 = VECTOR ( 'NONE', #2117, 1000.000000000000000 ) ;
#2358 = ADVANCED_FACE ( 'NONE', ( #3187 ), #2040, .T. ) ;
#2359 = DIRECTION ( 'NONE',  ( -0.0000000000000000000, -0.0000000000000000000, -1.000000000000000000 ) ) ;
#2360 = AXIS2_PLACEMENT_3D ( 'NONE', #1585, #2844, #664 ) ;
#2361 = ORIENTED_EDGE ( 'NONE', *, *, #769, .T. ) ;
#2362 = VECTOR ( 'NONE', #193, 1000.000000000000000 ) ;
#2363 = VERTEX_POINT ( 'NONE', #2984 ) ;
#2364 = EDGE_CURVE ( 'NONE', #2658, #2363, #857, .T. ) ;
#2365 = LINE ( 'NONE', #438, #15 ) ;
#2366 = VERTEX_POINT ( 'NONE', #195 ) ;
#2367 = DIRECTION ( 'NONE',  ( 0.0000000000000000000, 0.0000000000000000000, 1.000000000000000000 ) ) ;
#2368 = PLANE ( 'NONE',  #2246 ) ;
#2369 = DIRECTION ( 'NONE',  ( -0.0000000000000000000, -0.0000000000000000000, -1.000000000000000000 ) ) ;
#2370 = DIRECTION ( 'NONE',  ( 1.000000000000000000, 0.0000000000000000000, 0.0000000000000000000 ) ) ;
#2371 = LINE ( 'NONE', #3274, #2887 ) ;
#2372 = DIRECTION ( 'NONE',  ( -0.0000000000000000000, -0.0000000000000000000, -1.000000000000000000 ) ) ;
#2373 = CYLINDRICAL_SURFACE ( 'NONE', #511, 0.1215028102841714700 ) ;
#2374 = CARTESIAN_POINT ( 'NONE',  ( 0.8336537963607539800, 0.8807370778945685700, 0.1750000000000006800 ) ) ;
#2375 = CARTESIAN_POINT ( 'NONE',  ( -1.177075203620538700, 0.01485674314076785600, -0.4749999999999993100 ) ) ;
#2376 = EDGE_CURVE ( 'NONE', #3519, #957, #1519, .T. ) ;
#2377 = VECTOR ( 'NONE', #1861, 1000.000000000000000 ) ;
#2378 = DIRECTION ( 'NONE',  ( 0.0000000000000000000, 0.0000000000000000000, 1.000000000000000000 ) ) ;
#2379 = EDGE_CURVE ( 'NONE', #1082, #2322, #3821, .T. ) ;
#2380 = ADVANCED_FACE ( 'NONE', ( #2244 ), #3178, .T. ) ;
#2381 = DIRECTION ( 'NONE',  ( 0.0000000000000000000, 0.0000000000000000000, 1.000000000000000000 ) ) ;
#2382 = AXIS2_PLACEMENT_3D ( 'NONE', #3747, #2146, #1 ) ;
#2383 = CARTESIAN_POINT ( 'NONE',  ( -0.9278592960409379800, 0.8840268064337552000, -0.8249999999999992900 ) ) ;
#2384 = VERTEX_POINT ( 'NONE', #3000 ) ;
#2385 = CARTESIAN_POINT ( 'NONE',  ( 0.8000000000000011500, 0.9749999999999999800, 0.4750000000000005900 ) ) ;
#2386 = CARTESIAN_POINT ( 'NONE',  ( 0.8336537963607539800, 0.9749999999999997600, 0.4750000000000005900 ) ) ;
#2387 = DIRECTION ( 'NONE',  ( -1.000000000000000000, 1.288653631659700000E-014, -0.0000000000000000000 ) ) ;
#2388 = DIRECTION ( 'NONE',  ( -0.0000000000000000000, -0.0000000000000000000, -1.000000000000000000 ) ) ;
#2389 = ORIENTED_EDGE ( 'NONE', *, *, #3675, .F. ) ;
#2390 = VERTEX_POINT ( 'NONE', #763 ) ;
#2391 = EDGE_LOOP ( 'NONE', ( #3524, #3388, #3326, #3020 ) ) ;
#2392 = DIRECTION ( 'NONE',  ( -0.0000000000000000000, -0.0000000000000000000, -1.000000000000000000 ) ) ;
#2393 = VECTOR ( 'NONE', #3574, 1000.000000000000000 ) ;
#2394 = UNCERTAINTY_MEASURE_WITH_UNIT (LENGTH_MEASURE( 1.000000000000000100E-005 ), #4036, 'distance_accuracy_value', 'NONE');
#2395 = ORIENTED_EDGE ( 'NONE', *, *, #2773, .T. ) ;
#2396 = ORIENTED_EDGE ( 'NONE', *, *, #3805, .T. ) ;
#2397 = AXIS2_PLACEMENT_3D ( 'NONE', #2090, #1443, #1112 ) ;
#2398 = AXIS2_PLACEMENT_3D ( 'NONE', #1688, #3586, #3283 ) ;
#2399 = DIRECTION ( 'NONE',  ( 9.664902237447748700E-015, 1.000000000000000000, -0.0000000000000000000 ) ) ;
#2400 = EDGE_CURVE ( 'NONE', #2676, #2417, #2046, .T. ) ;
#2401 = MECHANICAL_DESIGN_GEOMETRIC_PRESENTATION_REPRESENTATION (  '', ( #243 ), #3168 ) ;
#2402 = DIRECTION ( 'NONE',  ( -0.03489949670250106600, -0.9993908270190956500, 0.0000000000000000000 ) ) ;
#2403 = ORIENTED_EDGE ( 'NONE', *, *, #769, .F. ) ;
#2404 = CARTESIAN_POINT ( 'NONE',  ( 1.187538674682155700, 0.1644913506797415500, -1.124999999999999300 ) ) ;
#2405 = CARTESIAN_POINT ( 'NONE',  ( -0.8000000000000014900, 1.125000000000000000, -0.1749999999999993800 ) ) ;
#2406 = CARTESIAN_POINT ( 'NONE',  ( 1.399999999999999500, 0.1496346075389735600, -0.8249999999999992900 ) ) ;
#2407 = ADVANCED_FACE ( 'NONE', ( #1270 ), #1074, .F. ) ;
#2408 = CARTESIAN_POINT ( 'NONE',  ( 1.389536528938381900, 0.0000000000000000000, -0.8249999999999992900 ) ) ;
#2409 = CIRCLE ( 'NONE', #2179, 0.09426292210543119100 ) ;
#2410 = ORIENTED_EDGE ( 'NONE', *, *, #1983, .T. ) ;
#2411 = AXIS2_PLACEMENT_3D ( 'NONE', #3618, #3902, #2951 ) ;
#2412 = CYLINDRICAL_SURFACE ( 'NONE', #1461, 0.1215028102841714700 ) ;
#2413 = CARTESIAN_POINT ( 'NONE',  ( 0.8336537963607537600, 0.9749999999999997600, -1.124999999999999300 ) ) ;
#2414 = ORIENTED_EDGE ( 'NONE', *, *, #3432, .T. ) ;
#2415 = CARTESIAN_POINT ( 'NONE',  ( 0.9278592960409374200, 0.8840268064337552000, -0.8249999999999992900 ) ) ;
#2416 = VECTOR ( 'NONE', #1781, 1000.000000000000000 ) ;
#2417 = VERTEX_POINT ( 'NONE', #851 ) ;
#2418 = CARTESIAN_POINT ( 'NONE',  ( -0.8000000000000016000, 1.125000000000000000, -0.8249999999999992900 ) ) ;
#2419 = VECTOR ( 'NONE', #2229, 1000.000000000000000 ) ;
#2420 = VERTEX_POINT ( 'NONE', #207 ) ;
#2421 = PLANE ( 'NONE',  #2326 ) ;
#2422 = ORIENTED_EDGE ( 'NONE', *, *, #4004, .T. ) ;
#2423 = EDGE_LOOP ( 'NONE', ( #2170, #333, #3872, #1545 ) ) ;
#2424 = EDGE_CURVE ( 'NONE', #3634, #2057, #506, .T. ) ;
#2425 = EDGE_CURVE ( 'NONE', #2903, #331, #2830, .T. ) ;
#2426 = FACE_OUTER_BOUND ( 'NONE', #3622, .T. ) ;
#2427 = ADVANCED_FACE ( 'NONE', ( #2460 ), #253, .T. ) ;
#2428 = DIRECTION ( 'NONE',  ( -0.0000000000000000000, -0.0000000000000000000, -1.000000000000000000 ) ) ;
#2429 = PLANE ( 'NONE',  #1444 ) ;
#2430 = VECTOR ( 'NONE', #1375, 1000.000000000000000 ) ;
#2431 = DIRECTION ( 'NONE',  ( -0.06975647374411829400, 0.9975640502598247500, 0.0000000000000000000 ) ) ;
#2432 = DIRECTION ( 'NONE',  ( -0.9975640502598248600, 0.06975647374411662900, -0.0000000000000000000 ) ) ;
#2433 = ORIENTED_EDGE ( 'NONE', *, *, #580, .T. ) ;
#2434 = EDGE_CURVE ( 'NONE', #1208, #2057, #2543, .T. ) ;
#2435 = ORIENTED_EDGE ( 'NONE', *, *, #2773, .F. ) ;
#2436 = FACE_OUTER_BOUND ( 'NONE', #437, .T. ) ;
#2437 = DIRECTION ( 'NONE',  ( 0.0000000000000000000, -0.9848077530122080200, -0.1736481776669307200 ) ) ;
#2438 = EDGE_LOOP ( 'NONE', ( #2551, #2557, #1623, #3038 ) ) ;
#2439 = DIRECTION ( 'NONE',  ( 0.9975640502598247500, 0.06975647374411829400, -0.0000000000000000000 ) ) ;
#2440 = ORIENTED_EDGE ( 'NONE', *, *, #1238, .T. ) ;
#2441 = VECTOR ( 'NONE', #74, 1000.000000000000100 ) ;
#2442 = DIRECTION ( 'NONE',  ( 0.0000000000000000000, -1.000000000000000000, 0.0000000000000000000 ) ) ;
#2443 = VECTOR ( 'NONE', #2796, 1000.000000000000000 ) ;
#2444 = EDGE_LOOP ( 'NONE', ( #3412, #29, #2529, #1084 ) ) ;
#2445 = ADVANCED_FACE ( 'NONE', ( #2934 ), #2710, .F. ) ;
#2446 = DIRECTION ( 'NONE',  ( -0.9993908270190957600, 0.03489949670250142000, 0.0000000000000000000 ) ) ;
#2447 = VERTEX_POINT ( 'NONE', #1755 ) ;
#2448 = LINE ( 'NONE', #3553, #1592 ) ;
#2449 = EDGE_CURVE ( 'NONE', #2450, #1282, #1603, .T. ) ;
#2450 = VERTEX_POINT ( 'NONE', #1741 ) ;
#2451 = VECTOR ( 'NONE', #2601, 1000.000000000000000 ) ;
#2452 = EDGE_CURVE ( 'NONE', #2762, #4009, #1321, .T. ) ;
#2453 = CARTESIAN_POINT ( 'NONE',  ( 0.8336537963607538700, 0.8807370778945685700, -0.1749999999999993800 ) ) ;
#2454 = DIRECTION ( 'NONE',  ( 0.0000000000000000000, 0.0000000000000000000, 1.000000000000000000 ) ) ;
#2455 = VECTOR ( 'NONE', #1174, 1000.000000000000000 ) ;
#2456 = CARTESIAN_POINT ( 'NONE',  ( -0.7426937312697482500, 1.449999999999999500, -1.442693731269748300 ) ) ;
#2457 = CARTESIAN_POINT ( 'NONE',  ( 0.8000000000000010400, 0.9749999999999999800, -0.4749999999999993100 ) ) ;
#2458 = ORIENTED_EDGE ( 'NONE', *, *, #2552, .F. ) ;
#2459 = ORIENTED_EDGE ( 'NONE', *, *, #1283, .T. ) ;
#2460 = FACE_OUTER_BOUND ( 'NONE', #2354, .T. ) ;
#2461 = AXIS2_PLACEMENT_3D ( 'NONE', #2697, #3026, #2068 ) ;
#2462 = ORIENTED_EDGE ( 'NONE', *, *, #2205, .T. ) ;
#2463 = ADVANCED_FACE ( 'NONE', ( #3034 ), #2071, .F. ) ;
#2464 = VECTOR ( 'NONE', #3291, 1000.000000000000000 ) ;
#2465 = ORIENTED_EDGE ( 'NONE', *, *, #2143, .F. ) ;
#2466 = VECTOR ( 'NONE', #300, 1000.000000000000000 ) ;
#2467 = EDGE_LOOP ( 'NONE', ( #1062, #1801, #3159, #1586 ) ) ;
#2468 = DIRECTION ( 'NONE',  ( 0.03489949670250141300, -0.9993908270190956500, 0.0000000000000000000 ) ) ;
#2469 = LINE ( 'NONE', #2559, #938 ) ;
#2470 = DIRECTION ( 'NONE',  ( 1.000000000000000000, 1.932980447489556100E-014, 0.0000000000000000000 ) ) ;
#2471 = VECTOR ( 'NONE', #1594, 1000.000000000000000 ) ;
#2472 = AXIS2_PLACEMENT_3D ( 'NONE', #2165, #346, #309 ) ;
#2473 = FACE_OUTER_BOUND ( 'NONE', #1469, .T. ) ;
#2474 = EDGE_CURVE ( 'NONE', #2816, #3849, #1423, .T. ) ;
#2475 = STYLED_ITEM ( 'NONE', ( #287 ), #206 ) ;
#2476 = DIRECTION ( 'NONE',  ( -0.9975640502598248600, -0.06975647374411597700, 0.0000000000000000000 ) ) ;
#2477 = CARTESIAN_POINT ( 'NONE',  ( -1.077767920093801700, 0.8892617309391303000, 0.4750000000000005900 ) ) ;
#2478 = CARTESIAN_POINT ( 'NONE',  ( -1.177075203620538700, 0.01485674314076785600, -0.4749999999999993100 ) ) ;
#2479 = ORIENTED_EDGE ( 'NONE', *, *, #961, .T. ) ;
#2480 = PLANE ( 'NONE',  #3887 ) ;
#2481 = DIRECTION ( 'NONE',  ( 0.1710878697460359000, -0.9702875252478137000, 0.1710878697460357900 ) ) ;
#2482 = ORIENTED_EDGE ( 'NONE', *, *, #916, .T. ) ;
#2483 = ORIENTED_EDGE ( 'NONE', *, *, #2771, .T. ) ;
#2484 = LINE ( 'NONE', #789, #35 ) ;
#2485 = ORIENTED_EDGE ( 'NONE', *, *, #1562, .F. ) ;
#2486 = VERTEX_POINT ( 'NONE', #2673 ) ;
#2487 = CARTESIAN_POINT ( 'NONE',  ( 1.099908624052863900, 0.2552349245053751600, -0.4749999999999993100 ) ) ;
#2488 = FACE_OUTER_BOUND ( 'NONE', #525, .T. ) ;
#2489 = CARTESIAN_POINT ( 'NONE',  ( -0.7999999999999993800, 1.125000000000000000, -1.499999999999999600 ) ) ;
#2490 = ORIENTED_EDGE ( 'NONE', *, *, #1634, .F. ) ;
#2491 = EDGE_CURVE ( 'NONE', #2888, #3078, #400, .T. ) ;
#2492 = EDGE_CURVE ( 'NONE', #435, #3179, #2979, .T. ) ;
#2493 = VECTOR ( 'NONE', #1770, 1000.000000000000100 ) ;
#2494 = ADVANCED_FACE ( 'NONE', ( #593 ), #1169, .F. ) ;
#2495 = CARTESIAN_POINT ( 'NONE',  ( -0.4572970168999269700, 1.349999999999999400, -1.129092482447643800 ) ) ;
#2496 = EDGE_LOOP ( 'NONE', ( #1629, #3314, #2247, #2553 ) ) ;
#2497 = EDGE_CURVE ( 'NONE', #2133, #2524, #1221, .T. ) ;
#2498 = DIRECTION ( 'NONE',  ( 1.000000000000000000, 0.0000000000000000000, 0.0000000000000000000 ) ) ;
#2499 = CARTESIAN_POINT ( 'NONE',  ( 0.9278592960409376400, 0.8840268064337552000, 0.1750000000000006800 ) ) ;
#2500 = ORIENTED_EDGE ( 'NONE', *, *, #3143, .T. ) ;
#2501 = CARTESIAN_POINT ( 'NONE',  ( -0.8336537963607544300, 0.9749999999999996400, -0.8249999999999992900 ) ) ;
#2502 = EDGE_CURVE ( 'NONE', #2813, #425, #2145, .T. ) ;
#2503 = VERTEX_POINT ( 'NONE', #1441 ) ;
#2504 = CIRCLE ( 'NONE', #1716, 0.09426292210543098200 ) ;
#2505 = EDGE_LOOP ( 'NONE', ( #926, #1049, #1149, #1535, #1661, #1111, #3570, #3343, #1729, #2395, #2937, #2298 ) ) ;
#2506 = AXIS2_PLACEMENT_3D ( 'NONE', #2489, #2739, #3396 ) ;
#2507 = EDGE_LOOP ( 'NONE', ( #558, #1140, #1951, #3969 ) ) ;
#2508 = FACE_OUTER_BOUND ( 'NONE', #2639, .T. ) ;
#2509 = ORIENTED_EDGE ( 'NONE', *, *, #348, .T. ) ;
#2510 = DIRECTION ( 'NONE',  ( 1.000000000000000000, 0.0000000000000000000, 0.0000000000000000000 ) ) ;
#2511 = FACE_OUTER_BOUND ( 'NONE', #2662, .T. ) ;
#2512 = DIRECTION ( 'NONE',  ( -0.0000000000000000000, -0.0000000000000000000, -1.000000000000000000 ) ) ;
#2513 = CARTESIAN_POINT ( 'NONE',  ( 1.177075203620538500, 0.01485674314076785600, 1.125000000000000700 ) ) ;
#2514 = DIRECTION ( 'NONE',  ( -0.0000000000000000000, -0.0000000000000000000, -1.000000000000000000 ) ) ;
#2515 = VECTOR ( 'NONE', #705, 1000.000000000000000 ) ;
#2516 = EDGE_CURVE ( 'NONE', #1877, #2197, #3681, .T. ) ;
#2517 = DIRECTION ( 'NONE',  ( 0.0000000000000000000, 0.0000000000000000000, 1.000000000000000000 ) ) ;
#2518 = VERTEX_POINT ( 'NONE', #3685 ) ;
#2519 = EDGE_CURVE ( 'NONE', #3309, #3405, #1476, .T. ) ;
#2520 = CARTESIAN_POINT ( 'NONE',  ( -1.077767920093801700, 0.8892617309391303000, 0.1750000000000006800 ) ) ;
#2521 = EDGE_LOOP ( 'NONE', ( #1539, #978, #512, #2339 ) ) ;
#2522 = FACE_OUTER_BOUND ( 'NONE', #986, .T. ) ;
#2523 = DIRECTION ( 'NONE',  ( 0.1710878697460357900, -0.9702875252478137000, -0.1710878697460359000 ) ) ;
#2524 = VERTEX_POINT ( 'NONE', #2704 ) ;
#2525 = CARTESIAN_POINT ( 'NONE',  ( 0.8000000000000010400, 1.125000000000000200, -0.1749999999999993800 ) ) ;
#2526 = ORIENTED_EDGE ( 'NONE', *, *, #3900, .T. ) ;
#2527 = PRESENTATION_LAYER_ASSIGNMENT (  '', '', ( #2805 ) ) ;
#2528 = VECTOR ( 'NONE', #3723, 1000.000000000000000 ) ;
#2529 = ORIENTED_EDGE ( 'NONE', *, *, #2075, .F. ) ;
#2530 = ADVANCED_FACE ( 'NONE', ( #2193 ), #887, .T. ) ;
#2531 = DIRECTION ( 'NONE',  ( 0.9975640502598247500, 0.06975647374411829400, -0.0000000000000000000 ) ) ;
#2532 = EDGE_LOOP ( 'NONE', ( #867, #3105, #1122, #1184 ) ) ;
#2533 = DIRECTION ( 'NONE',  ( 0.0000000000000000000, 0.0000000000000000000, 1.000000000000000000 ) ) ;
#2534 = AXIS2_PLACEMENT_3D ( 'NONE', #3938, #1093, #837 ) ;
#2535 = CARTESIAN_POINT ( 'NONE',  ( -1.187538674682156600, 0.1644913506797410500, -0.8249999999999992900 ) ) ;
#2536 = CARTESIAN_POINT ( 'NONE',  ( 1.187538674682156100, 0.1644913506797415500, 1.125000000000000700 ) ) ;
#2537 = EDGE_CURVE ( 'NONE', #1602, #435, #3470, .T. ) ;
#2538 = AXIS2_PLACEMENT_3D ( 'NONE', #1996, #767, #1076 ) ;
#2539 = LINE ( 'NONE', #1646, #3330 ) ;
#2540 = PLANE ( 'NONE',  #1496 ) ;
#2541 = ORIENTED_EDGE ( 'NONE', *, *, #2187, .T. ) ;
#2542 = VERTEX_POINT ( 'NONE', #2109 ) ;
#2543 = LINE ( 'NONE', #1766, #1998 ) ;
#2544 = ORIENTED_EDGE ( 'NONE', *, *, #1542, .F. ) ;
#2545 = ORIENTED_EDGE ( 'NONE', *, *, #320, .F. ) ;
#2546 = FACE_OUTER_BOUND ( 'NONE', #3334, .T. ) ;
#2547 = ADVANCED_FACE ( 'NONE', ( #3224 ), #2714, .F. ) ;
#2548 = EDGE_LOOP ( 'NONE', ( #1077, #640, #682, #1379 ) ) ;
#2549 = PLANE ( 'NONE',  #3443 ) ;
#2550 = DIRECTION ( 'NONE',  ( 0.9993908270190957600, -0.03489949670250107300, 0.0000000000000000000 ) ) ;
#2551 = ORIENTED_EDGE ( 'NONE', *, *, #254, .T. ) ;
#2552 = EDGE_CURVE ( 'NONE', #3339, #1783, #1183, .T. ) ;
#2553 = ORIENTED_EDGE ( 'NONE', *, *, #2348, .T. ) ;
#2554 = VECTOR ( 'NONE', #3199, 1000.000000000000000 ) ;
#2555 = LINE ( 'NONE', #314, #2159 ) ;
#2556 = DIRECTION ( 'NONE',  ( -1.000000000000000000, 1.288653631659700000E-014, -0.0000000000000000000 ) ) ;
#2557 = ORIENTED_EDGE ( 'NONE', *, *, #2364, .F. ) ;
#2558 = LINE ( 'NONE', #1047, #1570 ) ;
#2559 = CARTESIAN_POINT ( 'NONE',  ( 0.9499999999999996200, 0.2500000000000000600, -0.1749999999999993800 ) ) ;
#2560 = EDGE_CURVE ( 'NONE', #2002, #3458, #2875, .T. ) ;
#2561 = FILL_AREA_STYLE ('',( #2843 ) ) ;
#2562 = ORIENTED_EDGE ( 'NONE', *, *, #2219, .F. ) ;
#2563 = LINE ( 'NONE', #724, #1787 ) ;
#2564 = DIRECTION ( 'NONE',  ( 0.0000000000000000000, 1.000000000000000000, 0.0000000000000000000 ) ) ;
#2565 = ORIENTED_EDGE ( 'NONE', *, *, #3198, .T. ) ;
#2566 = EDGE_CURVE ( 'NONE', #2700, #2294, #738, .T. ) ;
#2567 = ORIENTED_EDGE ( 'NONE', *, *, #1920, .F. ) ;
#2568 = VECTOR ( 'NONE', #1980, 1000.000000000000100 ) ;
#2569 = ORIENTED_EDGE ( 'NONE', *, *, #2210, .T. ) ;
#2570 = EDGE_CURVE ( 'NONE', #1181, #1026, #3082, .T. ) ;
#2571 = VERTEX_POINT ( 'NONE', #1503 ) ;
#2572 = CARTESIAN_POINT ( 'NONE',  ( 0.8000000000000011500, 1.125000000000000200, 0.4750000000000005900 ) ) ;
#2573 = DIRECTION ( 'NONE',  ( -1.000000000000000000, 0.0000000000000000000, 0.0000000000000000000 ) ) ;
#2574 = MECHANICAL_DESIGN_GEOMETRIC_PRESENTATION_REPRESENTATION (  '', ( #3349 ), #334 ) ;
#2575 = LINE ( 'NONE', #2948, #2624 ) ;
#2576 = EDGE_CURVE ( 'NONE', #3555, #3960, #1560, .T. ) ;
#2577 = CARTESIAN_POINT ( 'NONE',  ( -1.099908624052863900, 0.2552349245053750500, 0.4750000000000005900 ) ) ;
#2578 = CIRCLE ( 'NONE', #282, 0.09426292210543098200 ) ;
#2579 = ADVANCED_FACE ( 'NONE', ( #3988 ), #2295, .F. ) ;
#2580 = ORIENTED_EDGE ( 'NONE', *, *, #3753, .T. ) ;
#2581 = CARTESIAN_POINT ( 'NONE',  ( -0.4572970168999269700, 1.349999999999999400, -1.007589672163472300 ) ) ;
#2582 = CARTESIAN_POINT ( 'NONE',  ( -1.389536528938382500, 0.0000000000000000000, 0.4750000000000005900 ) ) ;
#2583 = CARTESIAN_POINT ( 'NONE',  ( 0.8336537963607538700, 0.8807370778945685700, -0.4749999999999993100 ) ) ;
#2584 = DIRECTION ( 'NONE',  ( -1.000000000000000000, -1.932980447489556100E-014, 0.0000000000000000000 ) ) ;
#2585 = ORIENTED_EDGE ( 'NONE', *, *, #4056, .T. ) ;
#2586 = VECTOR ( 'NONE', #2523, 1000.000000000000100 ) ;
#2587 = EDGE_CURVE ( 'NONE', #3452, #592, #2101, .T. ) ;
#2588 = AXIS2_PLACEMENT_3D ( 'NONE', #1910, #45, #2228 ) ;
#2589 = DIRECTION ( 'NONE',  ( -0.0000000000000000000, -0.0000000000000000000, -1.000000000000000000 ) ) ;
#2590 = ORIENTED_EDGE ( 'NONE', *, *, #3346, .T. ) ;
#2591 = VECTOR ( 'NONE', #3216, 1000.000000000000000 ) ;
#2592 = CARTESIAN_POINT ( 'NONE',  ( 0.8336537963607537600, 0.8807370778945685700, -0.8249999999999992900 ) ) ;
#2593 = VERTEX_POINT ( 'NONE', #1526 ) ;
#2594 = ORIENTED_EDGE ( 'NONE', *, *, #869, .F. ) ;
#2595 = ORIENTED_EDGE ( 'NONE', *, *, #2452, .F. ) ;
#2596 = LINE ( 'NONE', #3843, #171 ) ;
#2597 = EDGE_LOOP ( 'NONE', ( #51, #1296, #2077, #13 ) ) ;
#2598 = ORIENTED_EDGE ( 'NONE', *, *, #1819, .T. ) ;
#2599 = CARTESIAN_POINT ( 'NONE',  ( 0.8000000000000010400, 1.125000000000000200, -0.1749999999999993800 ) ) ;
#2600 = FILL_AREA_STYLE_COLOUR ( '', #1685 ) ;
#2601 = DIRECTION ( 'NONE',  ( -0.0000000000000000000, 1.000000000000000000, -0.0000000000000000000 ) ) ;
#2602 = CYLINDRICAL_SURFACE ( 'NONE', #1948, 0.09426292210543098200 ) ;
#2603 = DIRECTION ( 'NONE',  ( -0.0000000000000000000, -0.0000000000000000000, -1.000000000000000000 ) ) ;
#2604 = CARTESIAN_POINT ( 'NONE',  ( 1.187538674682156100, 0.1644913506797415500, 1.125000000000000700 ) ) ;
#2605 = CARTESIAN_POINT ( 'NONE',  ( -0.9278592960409378600, 0.8840268064337552000, 0.4750000000000005900 ) ) ;
#2606 = ORIENTED_EDGE ( 'NONE', *, *, #2379, .T. ) ;
#2607 = DIRECTION ( 'NONE',  ( 0.0000000000000000000, -0.0000000000000000000, 1.000000000000000000 ) ) ;
#2608 = PLANE ( 'NONE',  #1652 ) ;
#2609 =( NAMED_UNIT ( * ) SI_UNIT ( $, .STERADIAN. ) SOLID_ANGLE_UNIT ( ) );
#2610 = EDGE_CURVE ( 'NONE', #1453, #1843, #3881, .T. ) ;
#2611 = EDGE_CURVE ( 'NONE', #2057, #2760, #3776, .T. ) ;
#2612 = CARTESIAN_POINT ( 'NONE',  ( 1.077767920093801500, 0.8892617309391303000, 0.4750000000000005900 ) ) ;
#2613 = ORIENTED_EDGE ( 'NONE', *, *, #144, .T. ) ;
#2614 = DIRECTION ( 'NONE',  ( 0.06975647374411536600, -0.9975640502598249700, 0.0000000000000000000 ) ) ;
#2615 = DIRECTION ( 'NONE',  ( 0.06975647374411599000, 0.9975640502598249700, -0.0000000000000000000 ) ) ;
#2616 = CIRCLE ( 'NONE', #2166, 0.1215028102841714700 ) ;
#2617 = CARTESIAN_POINT ( 'NONE',  ( 0.8336537963607537600, 0.9749999999999997600, -0.8249999999999992900 ) ) ;
#2618 = EDGE_LOOP ( 'NONE', ( #2809, #686, #908, #151 ) ) ;
#2619 = ORIENTED_EDGE ( 'NONE', *, *, #1634, .T. ) ;
#2620 = DIRECTION ( 'NONE',  ( -0.0000000000000000000, 0.0000000000000000000, -1.000000000000000000 ) ) ;
#2621 = FACE_OUTER_BOUND ( 'NONE', #590, .T. ) ;
#2622 = ORIENTED_EDGE ( 'NONE', *, *, #2690, .T. ) ;
#2623 = UNCERTAINTY_MEASURE_WITH_UNIT (LENGTH_MEASURE( 1.000000000000000100E-005 ), #422, 'distance_accuracy_value', 'NONE');
#2624 = VECTOR ( 'NONE', #128, 1000.000000000000000 ) ;
#2625 = EDGE_CURVE ( 'NONE', #2447, #4020, #349, .T. ) ;
#2626 = CARTESIAN_POINT ( 'NONE',  ( 1.187538674682155700, 0.1644913506797416000, -1.124999999999999300 ) ) ;
#2627 = CARTESIAN_POINT ( 'NONE',  ( -1.177075203620538700, 0.01485674314076785600, 0.4750000000000005900 ) ) ;
#2628 = CARTESIAN_POINT ( 'NONE',  ( -0.7999999999999993800, 0.9749999999999999800, -1.499999999999999600 ) ) ;
#2629 = DIRECTION ( 'NONE',  ( -0.0000000000000000000, -0.0000000000000000000, -1.000000000000000000 ) ) ;
#2630 = EDGE_LOOP ( 'NONE', ( #937, #159, #3661, #3735 ) ) ;
#2631 = CARTESIAN_POINT ( 'NONE',  ( -0.8336537963607542100, 0.8807370778945685700, 0.1750000000000006800 ) ) ;
#2632 = VECTOR ( 'NONE', #1879, 1000.000000000000100 ) ;
#2633 = DIRECTION ( 'NONE',  ( 0.0000000000000000000, -1.000000000000000000, 0.0000000000000000000 ) ) ;
#2634 = EDGE_CURVE ( 'NONE', #2910, #3634, #50, .T. ) ;
#2635 = EDGE_LOOP ( 'NONE', ( #1546, #2696, #3554, #188 ) ) ;
#2636 = CYLINDRICAL_SURFACE ( 'NONE', #4016, 0.09426292210543141300 ) ;
#2637 = DIRECTION ( 'NONE',  ( -0.0000000000000000000, -0.0000000000000000000, -1.000000000000000000 ) ) ;
#2638 = DIRECTION ( 'NONE',  ( -1.000000000000000000, 0.0000000000000000000, 0.0000000000000000000 ) ) ;
#2639 = EDGE_LOOP ( 'NONE', ( #949, #2738, #621, #3992, #1397, #3132, #1182, #3066, #374, #3995, #1731, #2994 ) ) ;
#2640 = DIRECTION ( 'NONE',  ( -0.0000000000000000000, -0.0000000000000000000, -1.000000000000000000 ) ) ;
#2641 = ORIENTED_EDGE ( 'NONE', *, *, #2267, .F. ) ;
#2642 = EDGE_LOOP ( 'NONE', ( #183, #3534, #3496, #87 ) ) ;
#2643 = LINE ( 'NONE', #719, #257 ) ;
#2644 = ORIENTED_EDGE ( 'NONE', *, *, #1740, .T. ) ;
#2645 = DIRECTION ( 'NONE',  ( 0.03489949670250141300, 0.9993908270190956500, -0.0000000000000000000 ) ) ;
#2646 = EDGE_CURVE ( 'NONE', #2074, #2593, #636, .T. ) ;
#2647 = ORIENTED_EDGE ( 'NONE', *, *, #1445, .T. ) ;
#2648 = VERTEX_POINT ( 'NONE', #3371 ) ;
#2649 = LINE ( 'NONE', #3491, #1195 ) ;
#2650 = LINE ( 'NONE', #1604, #4046 ) ;
#2651 = ADVANCED_FACE ( 'NONE', ( #3029 ), #1802, .F. ) ;
#2652 = AXIS2_PLACEMENT_3D ( 'NONE', #472, #1746, #3573 ) ;
#2653 = DIRECTION ( 'NONE',  ( 0.9975640502598248600, 0.06975647374411599000, -0.0000000000000000000 ) ) ;
#2654 = DIRECTION ( 'NONE',  ( 0.0000000000000000000, -1.000000000000000000, 0.0000000000000000000 ) ) ;
#2655 = CARTESIAN_POINT ( 'NONE',  ( -0.8336537963607542100, 0.8807370778945685700, 0.4750000000000005900 ) ) ;
#2656 = DIRECTION ( 'NONE',  ( 3.975407965780186700E-016, -0.0000000000000000000, 1.000000000000000000 ) ) ;
#2657 = DIRECTION ( 'NONE',  ( 0.06975647374411818300, 0.9975640502598247500, -0.0000000000000000000 ) ) ;
#2658 = VERTEX_POINT ( 'NONE', #586 ) ;
#2659 = VECTOR ( 'NONE', #3511, 1000.000000000000000 ) ;
#2660 = AXIS2_PLACEMENT_3D ( 'NONE', #631, #2181, #2783 ) ;
#2661 = STYLED_ITEM ( 'NONE', ( #262 ), #2799 ) ;
#2662 = EDGE_LOOP ( 'NONE', ( #2663, #1132, #2787, #846 ) ) ;
#2663 = ORIENTED_EDGE ( 'NONE', *, *, #2516, .T. ) ;
#2664 = CARTESIAN_POINT ( 'NONE',  ( -0.8336537963607541000, 0.8807370778945685700, 0.8250000000000006200 ) ) ;
#2665 = DIRECTION ( 'NONE',  ( 0.1736481776669307200, -0.9848077530122080200, 0.0000000000000000000 ) ) ;
#2666 = LINE ( 'NONE', #3845, #3804 ) ;
#2667 = EDGE_CURVE ( 'NONE', #3151, #503, #927, .T. ) ;
#2668 = ORIENTED_EDGE ( 'NONE', *, *, #683, .T. ) ;
#2669 = DIRECTION ( 'NONE',  ( -0.0000000000000000000, -0.0000000000000000000, -1.000000000000000000 ) ) ;
#2670 = ORIENTED_EDGE ( 'NONE', *, *, #2576, .T. ) ;
#2671 = CARTESIAN_POINT ( 'NONE',  ( -0.8000000000000013800, 1.125000000000000000, 0.4750000000000005900 ) ) ;
#2672 = CARTESIAN_POINT ( 'NONE',  ( -1.177075203620538500, 0.01485674314076785600, 1.125000000000000700 ) ) ;
#2673 = CARTESIAN_POINT ( 'NONE',  ( -0.8000000000000012700, 1.125000000000000000, 0.8250000000000006200 ) ) ;
#2674 = ADVANCED_FACE ( 'NONE', ( #5 ), #2764, .F. ) ;
#2675 = CARTESIAN_POINT ( 'NONE',  ( -0.4572970168999269700, 1.349999999999999400, -1.129092482447643800 ) ) ;
#2676 = VERTEX_POINT ( 'NONE', #2478 ) ;
#2677 = ORIENTED_EDGE ( 'NONE', *, *, #1312, .T. ) ;
#2678 = AXIS2_PLACEMENT_3D ( 'NONE', #3816, #1921, #442 ) ;
#2679 = CARTESIAN_POINT ( 'NONE',  ( 0.8336537963607539800, 0.8807370778945685700, 0.4750000000000005900 ) ) ;
#2680 = LINE ( 'NONE', #2108, #543 ) ;
#2681 = DIRECTION ( 'NONE',  ( -1.000000000000000000, 0.0000000000000000000, 0.0000000000000000000 ) ) ;
#2682 = DIRECTION ( 'NONE',  ( 1.000000000000000000, 0.0000000000000000000, 0.0000000000000000000 ) ) ;
#2683 = ORIENTED_EDGE ( 'NONE', *, *, #2953, .F. ) ;
#2684 = CIRCLE ( 'NONE', #2999, 0.09426292210543098200 ) ;
#2685 = CARTESIAN_POINT ( 'NONE',  ( -0.8000000000000012700, 1.125000000000000000, 1.125000000000000700 ) ) ;
#2686 = AXIS2_PLACEMENT_3D ( 'NONE', #3413, #2161, #3073 ) ;
#2687 = ORIENTED_EDGE ( 'NONE', *, *, #3764, .T. ) ;
#2688 = ORIENTED_EDGE ( 'NONE', *, *, #3565, .F. ) ;
#2689 = EDGE_CURVE ( 'NONE', #1849, #3967, #3677, .T. ) ;
#2690 = EDGE_CURVE ( 'NONE', #3918, #231, #1796, .T. ) ;
#2691 = VECTOR ( 'NONE', #2819, 1000.000000000000000 ) ;
#2692 = ORIENTED_EDGE ( 'NONE', *, *, #2151, .F. ) ;
#2693 = ADVANCED_FACE ( 'NONE', ( #1177 ), #3146, .F. ) ;
#2694 = PLANE ( 'NONE',  #1833 ) ;
#2695 = CARTESIAN_POINT ( 'NONE',  ( -0.9499999999999998400, 0.2500000000000000600, 1.125000000000000700 ) ) ;
#2696 = ORIENTED_EDGE ( 'NONE', *, *, #3142, .F. ) ;
#2697 = CARTESIAN_POINT ( 'NONE',  ( 1.187538674682155900, 0.1644913506797415500, -0.1749999999999993800 ) ) ;
#2698 = LINE ( 'NONE', #2477, #311 ) ;
#2700 = VERTEX_POINT ( 'NONE', #2774 ) ;
#2699 = DIRECTION ( 'NONE',  ( -0.0000000000000000000, -0.0000000000000000000, -1.000000000000000000 ) ) ;
#2701 = VECTOR ( 'NONE', #3917, 1000.000000000000000 ) ;
#2702 = EDGE_LOOP ( 'NONE', ( #351, #3483 ) ) ;
#2703 = DIRECTION ( 'NONE',  ( -0.0000000000000000000, -0.0000000000000000000, -1.000000000000000000 ) ) ;
#2704 = CARTESIAN_POINT ( 'NONE',  ( 1.077767920093801500, 0.8892617309391303000, -0.4749999999999993100 ) ) ;
#2705 = VECTOR ( 'NONE', #1406, 1000.000000000000100 ) ;
#2706 = EDGE_CURVE ( 'NONE', #3684, #1082, #2684, .T. ) ;
#2707 = LINE ( 'NONE', #398, #1671 ) ;
#2708 = CARTESIAN_POINT ( 'NONE',  ( -0.7426937312697482500, 1.449999999999999500, -1.499999999999999600 ) ) ;
#2709 = ORIENTED_EDGE ( 'NONE', *, *, #2379, .F. ) ;
#2710 = PLANE ( 'NONE',  #546 ) ;
#2711 = DIRECTION ( 'NONE',  ( 0.9993908270190957600, 0.03489949670250142000, -0.0000000000000000000 ) ) ;
#2712 = DIRECTION ( 'NONE',  ( -0.06975647374411599000, 0.9975640502598249700, 0.0000000000000000000 ) ) ;
#2713 = ORIENTED_EDGE ( 'NONE', *, *, #3989, .F. ) ;
#2714 = PLANE ( 'NONE',  #3935 ) ;
#2715 = ADVANCED_FACE ( 'NONE', ( #3467 ), #3126, .T. ) ;
#2716 = CARTESIAN_POINT ( 'NONE',  ( -0.8000000000000016000, 1.125000000000000000, -0.8249999999999992900 ) ) ;
#2717 = CYLINDRICAL_SURFACE ( 'NONE', #703, 0.09426292210543098200 ) ;
#2718 = ORIENTED_EDGE ( 'NONE', *, *, #2610, .T. ) ;
#2719 = ORIENTED_EDGE ( 'NONE', *, *, #2502, .F. ) ;
#2720 = SURFACE_STYLE_FILL_AREA ( #948 ) ;
#2721 = EDGE_LOOP ( 'NONE', ( #132, #1459, #1016, #2414 ) ) ;
#2722 = EDGE_CURVE ( 'NONE', #3473, #3963, #2781, .T. ) ;
#2723 = DIRECTION ( 'NONE',  ( -0.0000000000000000000, -0.0000000000000000000, -1.000000000000000000 ) ) ;
#2724 = ORIENTED_EDGE ( 'NONE', *, *, #1784, .T. ) ;
#2725 = EDGE_CURVE ( 'NONE', #425, #2997, #1557, .T. ) ;
#2726 = CARTESIAN_POINT ( 'NONE',  ( 1.389536528938382100, 0.0000000000000000000, -0.4749999999999993100 ) ) ;
#2727 = CARTESIAN_POINT ( 'NONE',  ( 1.077767920093801700, 0.8892617309391303000, 1.125000000000000700 ) ) ;
#2728 = CARTESIAN_POINT ( 'NONE',  ( -0.8000000000000014900, 0.9749999999999999800, -0.4749999999999993100 ) ) ;
#2729 = FACE_OUTER_BOUND ( 'NONE', #2618, .T. ) ;
#2730 = EDGE_LOOP ( 'NONE', ( #1145, #3009, #2692, #2718 ) ) ;
#2731 =( GEOMETRIC_REPRESENTATION_CONTEXT ( 3 ) GLOBAL_UNCERTAINTY_ASSIGNED_CONTEXT ( ( #3528 ) ) GLOBAL_UNIT_ASSIGNED_CONTEXT ( ( #4034, #3451, #3831 ) ) REPRESENTATION_CONTEXT ( 'NONE', 'WORKASPACE' ) );
#2732 = SURFACE_STYLE_FILL_AREA ( #3505 ) ;
#2733 = ADVANCED_FACE ( 'NONE', ( #1601 ), #3134, .F. ) ;
#2734 = CARTESIAN_POINT ( 'NONE',  ( 1.177075203620538300, 0.01485674314076785600, 0.1750000000000006800 ) ) ;
#2735 = VERTEX_POINT ( 'NONE', #648 ) ;
#2736 = DIRECTION ( 'NONE',  ( -0.03489949670250141300, 0.9993908270190956500, -0.0000000000000000000 ) ) ;
#2737 = VECTOR ( 'NONE', #1123, 1000.000000000000000 ) ;
#2738 = ORIENTED_EDGE ( 'NONE', *, *, #223, .T. ) ;
#2739 = DIRECTION ( 'NONE',  ( 2.710505431213762100E-016, -0.0000000000000000000, 1.000000000000000000 ) ) ;
#2740 = VERTEX_POINT ( 'NONE', #3161 ) ;
#2741 = CARTESIAN_POINT ( 'NONE',  ( 1.187538674682155900, 0.1644913506797415500, 0.4750000000000005900 ) ) ;
#2742 = ORIENTED_EDGE ( 'NONE', *, *, #3402, .T. ) ;
#2743 = LINE ( 'NONE', #2383, #2362 ) ;
#2744 = ORIENTED_EDGE ( 'NONE', *, *, #3546, .T. ) ;
#2745 = AXIS2_PLACEMENT_3D ( 'NONE', #548, #2439, #2761 ) ;
#2746 = PRODUCT_DEFINITION_FORMATION_WITH_SPECIFIED_SOURCE ( 'ANY', '', #2772, .NOT_KNOWN. ) ;
#2747 = ORIENTED_EDGE ( 'NONE', *, *, #1747, .T. ) ;
#2748 = EDGE_LOOP ( 'NONE', ( #1429, #256, #2857, #2975 ) ) ;
#2749 = EDGE_CURVE ( 'NONE', #3007, #2328, #545, .T. ) ;
#2750 = MECHANICAL_DESIGN_GEOMETRIC_PRESENTATION_REPRESENTATION (  '', ( #2475 ), #3243 ) ;
#2751 = CYLINDRICAL_SURFACE ( 'NONE', #3976, 0.2442629221054307100 ) ;
#2752 = LINE ( 'NONE', #324, #898 ) ;
#2753 = CARTESIAN_POINT ( 'NONE',  ( 0.8000000000000009300, 0.9749999999999999800, -1.124999999999999300 ) ) ;
#2754 = DIRECTION ( 'NONE',  ( -0.0000000000000000000, -0.0000000000000000000, -1.000000000000000000 ) ) ;
#2755 = ADVANCED_FACE ( 'NONE', ( #734 ), #3761, .F. ) ;
#2756 = DIRECTION ( 'NONE',  ( -0.03489949670250141300, -0.9993908270190956500, 0.0000000000000000000 ) ) ;
#2757 = ORIENTED_EDGE ( 'NONE', *, *, #3381, .T. ) ;
#2758 = CYLINDRICAL_SURFACE ( 'NONE', #4024, 0.09426292210543119100 ) ;
#2759 = CARTESIAN_POINT ( 'NONE',  ( 0.8000000000000012700, 0.9749999999999999800, 1.499999999999997300 ) ) ;
#2760 = VERTEX_POINT ( 'NONE', #3771 ) ;
#2761 = DIRECTION ( 'NONE',  ( -0.06975647374411829400, 0.9975640502598247500, 0.0000000000000000000 ) ) ;
#2762 = VERTEX_POINT ( 'NONE', #3440 ) ;
#2763 = VECTOR ( 'NONE', #3814, 1000.000000000000000 ) ;
#2764 = PLANE ( 'NONE',  #2506 ) ;
#2765 = VECTOR ( 'NONE', #4039, 1000.000000000000000 ) ;
#2766 = AXIS2_PLACEMENT_3D ( 'NONE', #886, #3027, #3698 ) ;
#2767 = EDGE_LOOP ( 'NONE', ( #2191, #52, #3828, #219 ) ) ;
#2768 = DIRECTION ( 'NONE',  ( -0.06975647374411599000, 0.9975640502598249700, 0.0000000000000000000 ) ) ;
#2769 = EDGE_LOOP ( 'NONE', ( #1161, #1095, #3880, #567 ) ) ;
#2770 = PRESENTATION_STYLE_ASSIGNMENT (( #1261 ) ) ;
#2771 = EDGE_CURVE ( 'NONE', #2197, #378, #43, .T. ) ;
#2772 = PRODUCT ( 'AD7995YRJZ-1500RL7', 'AD7995YRJZ-1500RL7', '', ( #447 ) ) ;
#2773 = EDGE_CURVE ( 'NONE', #1303, #3309, #1266, .T. ) ;
#2774 = CARTESIAN_POINT ( 'NONE',  ( 0.9499999999999997300, 0.2500000000000000600, 0.1750000000000006800 ) ) ;
#2775 = CIRCLE ( 'NONE', #3495, 0.2442629221054308200 ) ;
#2776 = DIRECTION ( 'NONE',  ( -0.0000000000000000000, -0.0000000000000000000, -1.000000000000000000 ) ) ;
#2777 = CARTESIAN_POINT ( 'NONE',  ( -1.077767920093801700, 0.8892617309391303000, 0.1750000000000006800 ) ) ;
#2778 = EDGE_CURVE ( 'NONE', #3261, #3607, #3986, .T. ) ;
#2779 = VERTEX_POINT ( 'NONE', #3789 ) ;
#2780 = ORIENTED_EDGE ( 'NONE', *, *, #1392, .T. ) ;
#2781 = CIRCLE ( 'NONE', #497, 0.09426292210543119100 ) ;
#2782 = AXIS2_PLACEMENT_3D ( 'NONE', #3083, #2454, #1202 ) ;
#2783 = DIRECTION ( 'NONE',  ( 1.000000000000000000, 0.0000000000000000000, 0.0000000000000000000 ) ) ;
#2784 = ORIENTED_EDGE ( 'NONE', *, *, #2219, .T. ) ;
#2785 = ORIENTED_EDGE ( 'NONE', *, *, #3116, .T. ) ;
#2786 = VECTOR ( 'NONE', #569, 1000.000000000000100 ) ;
#2787 = ORIENTED_EDGE ( 'NONE', *, *, #535, .F. ) ;
#2788 = EDGE_CURVE ( 'NONE', #1425, #2167, #2189, .T. ) ;
#2789 = ORIENTED_EDGE ( 'NONE', *, *, #1473, .T. ) ;
#2790 = DIRECTION ( 'NONE',  ( 0.06975647374411828000, -0.9975640502598247500, 0.0000000000000000000 ) ) ;
#2791 = VERTEX_POINT ( 'NONE', #2227 ) ;
#2792 = DIRECTION ( 'NONE',  ( -0.0000000000000000000, -1.000000000000000000, -0.0000000000000000000 ) ) ;
#2793 = VECTOR ( 'NONE', #975, 1000.000000000000100 ) ;
#2794 = ADVANCED_FACE ( 'NONE', ( #3372 ), #2412, .T. ) ;
#2795 = ORIENTED_EDGE ( 'NONE', *, *, #1370, .T. ) ;
#2796 = DIRECTION ( 'NONE',  ( -0.0000000000000000000, -0.0000000000000000000, -1.000000000000000000 ) ) ;
#2797 = LINE ( 'NONE', #3795, #3295 ) ;
#2798 = VECTOR ( 'NONE', #1578, 1000.000000000000100 ) ;
#2799 = ADVANCED_BREP_SHAPE_REPRESENTATION ( 'AD7995YRJZ-1500RL7', ( #2862, #206, #279, #1936, #2141, #2325, #2073, #3222, #403, #3609, #2398 ), #76 ) ;
#2800 = EDGE_CURVE ( 'NONE', #2503, #3819, #3627, .T. ) ;
#2801 = DIRECTION ( 'NONE',  ( 0.9993908270190957600, -0.03489949670250107300, 0.0000000000000000000 ) ) ;
#2802 = DIRECTION ( 'NONE',  ( 1.000000000000000000, 0.0000000000000000000, -1.807003620809175400E-016 ) ) ;
#2803 = ORIENTED_EDGE ( 'NONE', *, *, #2976, .F. ) ;
#2804 = DIRECTION ( 'NONE',  ( -0.0000000000000000000, -0.0000000000000000000, -1.000000000000000000 ) ) ;
#2805 = STYLED_ITEM ( 'NONE', ( #3871 ), #3222 ) ;
#2806 = VERTEX_POINT ( 'NONE', #1034 ) ;
#2807 = LINE ( 'NONE', #117, #4013 ) ;
#2808 = DIRECTION ( 'NONE',  ( 1.000000000000000000, 0.0000000000000000000, 0.0000000000000000000 ) ) ;
#2809 = ORIENTED_EDGE ( 'NONE', *, *, #3069, .T. ) ;
#2810 = ADVANCED_FACE ( 'NONE', ( #1941 ), #2608, .F. ) ;
#2811 = ORIENTED_EDGE ( 'NONE', *, *, #513, .T. ) ;
#2812 = FACE_OUTER_BOUND ( 'NONE', #2356, .T. ) ;
#2813 = VERTEX_POINT ( 'NONE', #1676 ) ;
#2814 = CARTESIAN_POINT ( 'NONE',  ( -0.7999999999999993800, 1.125000000000000000, -1.499999999999999600 ) ) ;
#2815 = SURFACE_SIDE_STYLE ('',( #2720 ) ) ;
#2816 = VERTEX_POINT ( 'NONE', #90 ) ;
#2817 = MECHANICAL_DESIGN_GEOMETRIC_PRESENTATION_REPRESENTATION (  '', ( #672 ), #1774 ) ;
#2818 = CARTESIAN_POINT ( 'NONE',  ( 1.399999999999999900, 0.1496346075389735600, 1.125000000000000700 ) ) ;
#2819 = DIRECTION ( 'NONE',  ( -0.0000000000000000000, 1.000000000000000000, -0.0000000000000000000 ) ) ;
#2820 = EDGE_CURVE ( 'NONE', #2366, #3682, #974, .T. ) ;
#2821 = EDGE_CURVE ( 'NONE', #325, #3040, #1754, .T. ) ;
#2822 = FACE_OUTER_BOUND ( 'NONE', #1655, .T. ) ;
#2823 = CARTESIAN_POINT ( 'NONE',  ( -0.9500000000000001800, 0.2500000000000000600, -1.124999999999999300 ) ) ;
#2824 = VECTOR ( 'NONE', #3411, 1000.000000000000000 ) ;
#2825 = ADVANCED_FACE ( 'NONE', ( #344 ), #1366, .T. ) ;
#2826 = DIRECTION ( 'NONE',  ( -1.807003620809175400E-016, 0.0000000000000000000, -1.000000000000000000 ) ) ;
#2827 = CARTESIAN_POINT ( 'NONE',  ( -0.4572970168999269700, 1.449999999999999500, -1.129092482447643800 ) ) ;
#2828 = DIRECTION ( 'NONE',  ( 0.9975640502598248600, -0.06975647374411661500, 0.0000000000000000000 ) ) ;
#2829 = ORIENTED_EDGE ( 'NONE', *, *, #414, .T. ) ;
#2830 = LINE ( 'NONE', #2404, #1700 ) ;
#2831 = EDGE_CURVE ( 'NONE', #3205, #3452, #1028, .T. ) ;
#2832 = VERTEX_POINT ( 'NONE', #2582 ) ;
#2833 = EDGE_LOOP ( 'NONE', ( #2861, #2027, #604, #1323 ) ) ;
#2834 = ORIENTED_EDGE ( 'NONE', *, *, #1173, .T. ) ;
#2835 = ORIENTED_EDGE ( 'NONE', *, *, #4006, .T. ) ;
#2836 = VECTOR ( 'NONE', #2135, 1000.000000000000000 ) ;
#2837 = ORIENTED_EDGE ( 'NONE', *, *, #3218, .F. ) ;
#2838 = ORIENTED_EDGE ( 'NONE', *, *, #2516, .F. ) ;
#2839 = DIRECTION ( 'NONE',  ( -0.0000000000000000000, -0.0000000000000000000, -1.000000000000000000 ) ) ;
#2840 = VECTOR ( 'NONE', #4007, 1000.000000000000100 ) ;
#2841 = VECTOR ( 'NONE', #1200, 1000.000000000000100 ) ;
#2842 = EDGE_CURVE ( 'NONE', #3309, #3205, #2539, .T. ) ;
#2843 = FILL_AREA_STYLE_COLOUR ( '', #2236 ) ;
#2844 = DIRECTION ( 'NONE',  ( -1.288653631659700000E-014, -1.000000000000000000, 0.0000000000000000000 ) ) ;
#2845 = COLOUR_RGB ( '',0.7921568627450980000, 0.8196078431372548800, 0.9333333333333333500 ) ;
#2846 = DIRECTION ( 'NONE',  ( 0.06975647374411828000, -0.9975640502598247500, 0.0000000000000000000 ) ) ;
#2847 = EDGE_CURVE ( 'NONE', #2231, #425, #1650, .T. ) ;
#2848 = ORIENTED_EDGE ( 'NONE', *, *, #2245, .F. ) ;
#2849 = CYLINDRICAL_SURFACE ( 'NONE', #3893, 0.09426292210543119100 ) ;
#2850 = CARTESIAN_POINT ( 'NONE',  ( -0.8336537963607542100, 0.8807370778945685700, 0.1750000000000006800 ) ) ;
#2851 = DIRECTION ( 'NONE',  ( -1.288653631659700000E-014, -1.000000000000000000, 0.0000000000000000000 ) ) ;
#2852 = CARTESIAN_POINT ( 'NONE',  ( 0.8336537963607538700, 0.8807370778945685700, -0.1749999999999993800 ) ) ;
#2853 = PLANE ( 'NONE',  #2880 ) ;
#2854 = ORIENTED_EDGE ( 'NONE', *, *, #3361, .F. ) ;
#2855 = EDGE_LOOP ( 'NONE', ( #283, #1853, #97, #2026 ) ) ;
#2856 = FACE_OUTER_BOUND ( 'NONE', #3693, .T. ) ;
#2857 = ORIENTED_EDGE ( 'NONE', *, *, #580, .F. ) ;
#2858 = EDGE_LOOP ( 'NONE', ( #19, #2403, #2076, #1875 ) ) ;
#2859 = DIRECTION ( 'NONE',  ( -0.0000000000000000000, -0.0000000000000000000, -1.000000000000000000 ) ) ;
#2860 = COLOUR_RGB ( '',0.7921568627450980000, 0.8196078431372548800, 0.9333333333333333500 ) ;
#2861 = ORIENTED_EDGE ( 'NONE', *, *, #827, .T. ) ;
#2862 = MANIFOLD_SOLID_BREP ( 'Boss-Extrude4[1]', #2874 ) ;
#2863 = CARTESIAN_POINT ( 'NONE',  ( -0.8336537963607541000, 1.124999999999999300, 0.4750000000000005900 ) ) ;
#2864 = DIRECTION ( 'NONE',  ( -0.0000000000000000000, -0.0000000000000000000, -1.000000000000000000 ) ) ;
#2865 = CARTESIAN_POINT ( 'NONE',  ( 0.9278592960409377500, 0.8840268064337552000, 1.125000000000000700 ) ) ;
#2866 = AXIS2_PLACEMENT_3D ( 'NONE', #3520, #2629, #1075 ) ;
#2867 = LINE ( 'NONE', #3480, #676 ) ;
#2868 = MECHANICAL_DESIGN_GEOMETRIC_PRESENTATION_REPRESENTATION (  '', ( #2661 ), #449 ) ;
#2869 = CARTESIAN_POINT ( 'NONE',  ( 1.399999999999999900, 0.1496346075389735600, 0.8250000000000006200 ) ) ;
#2870 = EDGE_CURVE ( 'NONE', #1348, #1181, #882, .T. ) ;
#2871 = AXIS2_PLACEMENT_3D ( 'NONE', #2898, #3214, #3876 ) ;
#2872 = VECTOR ( 'NONE', #1153, 1000.000000000000100 ) ;
#2873 = CARTESIAN_POINT ( 'NONE',  ( -0.8000000000000016000, 1.125000000000000000, -0.8249999999999992900 ) ) ;
#2874 = CLOSED_SHELL ( 'NONE', ( #402, #2172, #840, #3431, #2715, #628, #3356, #2211, #69, #3808, #88, #1805, #897, #588 ) ) ;
#2875 = CIRCLE ( 'NONE', #2155, 0.09426292210543163500 ) ;
#2876 = CARTESIAN_POINT ( 'NONE',  ( 1.077767920093801700, 0.8892617309391303000, 1.125000000000000700 ) ) ;
#2877 = ORIENTED_EDGE ( 'NONE', *, *, #2771, .F. ) ;
#2878 = LINE ( 'NONE', #3877, #3579 ) ;
#2879 = CARTESIAN_POINT ( 'NONE',  ( 1.077767920093801300, 0.8892617309391303000, -1.124999999999999300 ) ) ;
#2880 = AXIS2_PLACEMENT_3D ( 'NONE', #2535, #1318, #47 ) ;
#2881 = CARTESIAN_POINT ( 'NONE',  ( 0.8336537963607537600, 0.8807370778945685700, -1.124999999999999300 ) ) ;
#2882 = ORIENTED_EDGE ( 'NONE', *, *, #1799, .F. ) ;
#2883 = DIRECTION ( 'NONE',  ( 0.06975647374411536600, -0.9975640502598249700, 0.0000000000000000000 ) ) ;
#2884 = CARTESIAN_POINT ( 'NONE',  ( -1.077767920093801700, 0.8892617309391303000, 0.4750000000000005900 ) ) ;
#2885 = CYLINDRICAL_SURFACE ( 'NONE', #1301, 0.09426292210543119100 ) ;
#2886 = ORIENTED_EDGE ( 'NONE', *, *, #2560, .F. ) ;
#2887 = VECTOR ( 'NONE', #3608, 1000.000000000000100 ) ;
#2888 = VERTEX_POINT ( 'NONE', #63 ) ;
#2889 = FACE_OUTER_BOUND ( 'NONE', #189, .T. ) ;
#2890 = ADVANCED_FACE ( 'NONE', ( #838 ), #250, .F. ) ;
#2891 = ORIENTED_EDGE ( 'NONE', *, *, #46, .T. ) ;
#2892 = LINE ( 'NONE', #822, #2705 ) ;
#2893 = DIRECTION ( 'NONE',  ( 0.0000000000000000000, 0.0000000000000000000, 1.000000000000000000 ) ) ;
#2894 = AXIS2_PLACEMENT_3D ( 'NONE', #3817, #2550, #1893 ) ;
#2895 = DIRECTION ( 'NONE',  ( -0.0000000000000000000, -0.0000000000000000000, -1.000000000000000000 ) ) ;
#2896 = CYLINDRICAL_SURFACE ( 'NONE', #752, 0.1215028102841714700 ) ;
#2897 = CARTESIAN_POINT ( 'NONE',  ( 0.9278592960409376400, 0.8840268064337552000, 0.4750000000000005900 ) ) ;
#2898 = CARTESIAN_POINT ( 'NONE',  ( -0.8336537963607541000, 0.8807370778945685700, 1.125000000000000700 ) ) ;
#2899 = EDGE_CURVE ( 'NONE', #3812, #1343, #203, .T. ) ;
#2900 = EDGE_CURVE ( 'NONE', #2200, #2447, #680, .T. ) ;
#2901 =( NAMED_UNIT ( * ) SI_UNIT ( $, .STERADIAN. ) SOLID_ANGLE_UNIT ( ) );
#2902 = PLANE ( 'NONE',  #160 ) ;
#2903 = VERTEX_POINT ( 'NONE', #2914 ) ;
#2904 = CARTESIAN_POINT ( 'NONE',  ( 1.177075203620538300, 0.01485674314076785600, 0.4750000000000005900 ) ) ;
#2905 = DIRECTION ( 'NONE',  ( -0.0000000000000000000, -0.0000000000000000000, -1.000000000000000000 ) ) ;
#2906 = ORIENTED_EDGE ( 'NONE', *, *, #1211, .F. ) ;
#2907 = VERTEX_POINT ( 'NONE', #3515 ) ;
#2908 = DIRECTION ( 'NONE',  ( -0.0000000000000000000, -0.0000000000000000000, -1.000000000000000000 ) ) ;
#2909 = LINE ( 'NONE', #2873, #131 ) ;
#2910 = VERTEX_POINT ( 'NONE', #1018 ) ;
#2911 = EDGE_CURVE ( 'NONE', #1538, #3068, #922, .T. ) ;
#2912 = ORIENTED_EDGE ( 'NONE', *, *, #900, .T. ) ;
#2913 = CARTESIAN_POINT ( 'NONE',  ( 0.8336537963607541000, 0.8807370778945685700, 1.125000000000000700 ) ) ;
#2914 = CARTESIAN_POINT ( 'NONE',  ( 1.399999999999999500, 0.1496346075389735600, -1.124999999999999300 ) ) ;
#2915 =( LENGTH_UNIT ( ) NAMED_UNIT ( * ) SI_UNIT ( .MILLI., .METRE. ) );
#2916 = CARTESIAN_POINT ( 'NONE',  ( 0.8000000000000012700, 0.9749999999999999800, 0.8250000000000006200 ) ) ;
#2917 = DIRECTION ( 'NONE',  ( -0.0000000000000000000, 1.000000000000000000, -0.0000000000000000000 ) ) ;
#2918 = ORIENTED_EDGE ( 'NONE', *, *, #1173, .F. ) ;
#2919 = DIRECTION ( 'NONE',  ( 0.03489949670250141300, 0.9993908270190956500, -0.0000000000000000000 ) ) ;
#2920 = AXIS2_PLACEMENT_3D ( 'NONE', #3271, #2381, #3603 ) ;
#2921 = ORIENTED_EDGE ( 'NONE', *, *, #3592, .F. ) ;
#2922 = CARTESIAN_POINT ( 'NONE',  ( 1.399999999999999900, 0.1496346075389735600, 1.125000000000000700 ) ) ;
#2923 = DIRECTION ( 'NONE',  ( -0.0000000000000000000, -0.0000000000000000000, -1.000000000000000000 ) ) ;
#2924 = VECTOR ( 'NONE', #818, 1000.000000000000000 ) ;
#2925 = CARTESIAN_POINT ( 'NONE',  ( 1.187538674682155900, 0.1644913506797416000, -0.1749999999999993800 ) ) ;
#2926 = DIRECTION ( 'NONE',  ( -0.0000000000000000000, 0.0000000000000000000, -1.000000000000000000 ) ) ;
#2927 = DIRECTION ( 'NONE',  ( 0.0000000000000000000, 0.0000000000000000000, 1.000000000000000000 ) ) ;
#2928 = DIRECTION ( 'NONE',  ( -0.0000000000000000000, -0.0000000000000000000, -1.000000000000000000 ) ) ;
#2929 = CARTESIAN_POINT ( 'NONE',  ( -1.177075203620538500, 0.01485674314076785600, 1.125000000000000700 ) ) ;
#2930 = COLOUR_RGB ( '',0.7921568627450980000, 0.8196078431372548800, 0.9333333333333333500 ) ;
#2931 = EDGE_CURVE ( 'NONE', #79, #2518, #1314, .T. ) ;
#2932 = EDGE_LOOP ( 'NONE', ( #958, #4063, #2435, #2757 ) ) ;
#2933 = EDGE_CURVE ( 'NONE', #2341, #874, #3721, .T. ) ;
#2934 = FACE_OUTER_BOUND ( 'NONE', #1904, .T. ) ;
#2935 = CARTESIAN_POINT ( 'NONE',  ( 0.8336537963607537600, 1.124999999999999800, -0.8249999999999992900 ) ) ;
#2936 = ORIENTED_EDGE ( 'NONE', *, *, #2587, .T. ) ;
#2937 = ORIENTED_EDGE ( 'NONE', *, *, #2842, .T. ) ;
#2938 = ORIENTED_EDGE ( 'NONE', *, *, #2977, .T. ) ;
#2939 = VECTOR ( 'NONE', #1991, 1000.000000000000000 ) ;
#2940 = ORIENTED_EDGE ( 'NONE', *, *, #469, .F. ) ;
#2941 = SURFACE_STYLE_FILL_AREA ( #1367 ) ;
#2942 = DIRECTION ( 'NONE',  ( -0.0000000000000000000, 0.0000000000000000000, -1.000000000000000000 ) ) ;
#2943 = PLANE ( 'NONE',  #803 ) ;
#2944 = DIRECTION ( 'NONE',  ( -0.9975640502598248600, -0.06975647374411535200, 0.0000000000000000000 ) ) ;
#2945 = CYLINDRICAL_SURFACE ( 'NONE', #220, 0.09426292210543119100 ) ;
#2946 = CARTESIAN_POINT ( 'NONE',  ( -0.7999999999999993800, 0.9749999999999999800, -1.499999999999999600 ) ) ;
#2947 = VECTOR ( 'NONE', #973, 1000.000000000000000 ) ;
#2948 = CARTESIAN_POINT ( 'NONE',  ( -0.4572970168999269700, 1.449999999999999500, -1.250595292731815400 ) ) ;
#2949 = VECTOR ( 'NONE', #1390, 1000.000000000000000 ) ;
#2950 = DIRECTION ( 'NONE',  ( 1.000000000000000000, 0.0000000000000000000, 0.0000000000000000000 ) ) ;
#2951 = DIRECTION ( 'NONE',  ( -0.9975640502598248600, -0.06975647374411597700, 0.0000000000000000000 ) ) ;
#2952 = DIRECTION ( 'NONE',  ( 9.664902237447748700E-015, 1.000000000000000000, -0.0000000000000000000 ) ) ;
#2953 = EDGE_CURVE ( 'NONE', #2593, #2740, #632, .T. ) ;
#2954 =( NAMED_UNIT ( * ) SI_UNIT ( $, .STERADIAN. ) SOLID_ANGLE_UNIT ( ) );
#2955 = ORIENTED_EDGE ( 'NONE', *, *, #3632, .T. ) ;
#2956 = DIRECTION ( 'NONE',  ( -4.065758146820641600E-016, 0.0000000000000000000, -1.000000000000000000 ) ) ;
#2957 = LINE ( 'NONE', #615, #772 ) ;
#2958 = DIRECTION ( 'NONE',  ( 1.000000000000000000, 9.664902237447750300E-015, -0.0000000000000000000 ) ) ;
#2959 = EDGE_LOOP ( 'NONE', ( #1943, #1277, #3801, #1143 ) ) ;
#2960 = ORIENTED_EDGE ( 'NONE', *, *, #2831, .F. ) ;
#2961 = ADVANCED_FACE ( 'NONE', ( #3077 ), #1134, .F. ) ;
#2962 = CARTESIAN_POINT ( 'NONE',  ( 0.7426937312697500200, 1.449999999999999500, 1.499999999999997300 ) ) ;
#2963 = LINE ( 'NONE', #441, #3013 ) ;
#2964 = VECTOR ( 'NONE', #2481, 1000.000000000000100 ) ;
#2965 = EDGE_LOOP ( 'NONE', ( #1679, #550, #3824, #464, #2545, #3363, #255, #1475, #4044, #336, #1808, #1846 ) ) ;
#2966 = DIRECTION ( 'NONE',  ( 1.000000000000000000, 0.0000000000000000000, -0.0000000000000000000 ) ) ;
#2967 = VERTEX_POINT ( 'NONE', #1400 ) ;
#2968 = DIRECTION ( 'NONE',  ( -0.0000000000000000000, 0.0000000000000000000, -1.000000000000000000 ) ) ;
#2969 = CARTESIAN_POINT ( 'NONE',  ( -1.187538674682156300, 0.1644913506797410500, -0.1749999999999993800 ) ) ;
#2970 = DIRECTION ( 'NONE',  ( -1.000000000000000000, 0.0000000000000000000, 0.0000000000000000000 ) ) ;
#2971 = FACE_OUTER_BOUND ( 'NONE', #1693, .T. ) ;
#2972 = DIRECTION ( 'NONE',  ( -0.0000000000000000000, 1.000000000000000000, -0.0000000000000000000 ) ) ;
#2973 = STYLED_ITEM ( 'NONE', ( #1950 ), #2141 ) ;
#2974 = LINE ( 'NONE', #3667, #2493 ) ;
#2975 = ORIENTED_EDGE ( 'NONE', *, *, #2434, .T. ) ;
#2976 = EDGE_CURVE ( 'NONE', #308, #4029, #2094, .T. ) ;
#2977 = EDGE_CURVE ( 'NONE', #1346, #1480, #95, .T. ) ;
#2978 = VERTEX_POINT ( 'NONE', #777 ) ;
#2979 = LINE ( 'NONE', #2727, #1895 ) ;
#2980 = DIRECTION ( 'NONE',  ( -0.0000000000000000000, -0.0000000000000000000, -1.000000000000000000 ) ) ;
#2981 = ADVANCED_FACE ( 'NONE', ( #1937 ), #3921, .T. ) ;
#2982 = CARTESIAN_POINT ( 'NONE',  ( -1.194114123733047700, 0.2585246530445617900, -0.1749999999999993800 ) ) ;
#2983 = DIRECTION ( 'NONE',  ( 0.06975647374411818300, 0.9975640502598247500, -0.0000000000000000000 ) ) ;
#2984 = CARTESIAN_POINT ( 'NONE',  ( -0.8336537963607542100, 1.124999999999999300, -0.4749999999999993100 ) ) ;
#2985 = ORIENTED_EDGE ( 'NONE', *, *, #766, .T. ) ;
#2986 = FACE_OUTER_BOUND ( 'NONE', #99, .T. ) ;
#2987 = ORIENTED_EDGE ( 'NONE', *, *, #3692, .F. ) ;
#2988 = DIRECTION ( 'NONE',  ( 0.06975647374411818300, 0.9975640502598247500, -0.0000000000000000000 ) ) ;
#2989 = FACE_OUTER_BOUND ( 'NONE', #2597, .T. ) ;
#2990 = EDGE_CURVE ( 'NONE', #532, #711, #2775, .T. ) ;
#2991 = VERTEX_POINT ( 'NONE', #2350 ) ;
#2992 = DIRECTION ( 'NONE',  ( 0.9975640502598247500, 0.06975647374411829400, -0.0000000000000000000 ) ) ;
#2993 = LINE ( 'NONE', #1216, #1527 ) ;
#2994 = ORIENTED_EDGE ( 'NONE', *, *, #2093, .T. ) ;
#2995 = LINE ( 'NONE', #4047, #2013 ) ;
#2996 = EDGE_CURVE ( 'NONE', #1887, #2322, #2578, .T. ) ;
#2997 = VERTEX_POINT ( 'NONE', #166 ) ;
#2998 = FACE_OUTER_BOUND ( 'NONE', #1163, .T. ) ;
#2999 = AXIS2_PLACEMENT_3D ( 'NONE', #1250, #992, #2498 ) ;
#3000 = CARTESIAN_POINT ( 'NONE',  ( -0.4572970168999269700, 1.449999999999999500, -1.250595292731815400 ) ) ;
#3001 = CARTESIAN_POINT ( 'NONE',  ( -1.077767920093801700, 0.8892617309391303000, 0.4750000000000005900 ) ) ;
#3002 = UNCERTAINTY_MEASURE_WITH_UNIT (LENGTH_MEASURE( 1.000000000000000100E-005 ), #1880, 'distance_accuracy_value', 'NONE');
#3003 = DIRECTION ( 'NONE',  ( 0.9975640502598248600, -0.06975647374411599000, 0.0000000000000000000 ) ) ;
#3004 = CARTESIAN_POINT ( 'NONE',  ( -0.8000000000000016000, 1.125000000000000000, -1.124999999999999300 ) ) ;
#3005 = ADVANCED_FACE ( 'NONE', ( #443 ), #3635, .F. ) ;
#3006 = CARTESIAN_POINT ( 'NONE',  ( 1.194114123733047300, 0.2585246530445617900, -0.1749999999999993800 ) ) ;
#3007 = VERTEX_POINT ( 'NONE', #3289 ) ;
#3008 = AXIS2_PLACEMENT_3D ( 'NONE', #3944, #185, #3974 ) ;
#3009 = ORIENTED_EDGE ( 'NONE', *, *, #2820, .F. ) ;
#3010 = VERTEX_POINT ( 'NONE', #3934 ) ;
#3011 = ORIENTED_EDGE ( 'NONE', *, *, #1020, .F. ) ;
#3012 = CARTESIAN_POINT ( 'NONE',  ( 1.177075203620538100, 0.01485674314076785600, -0.8249999999999992900 ) ) ;
#3013 = VECTOR ( 'NONE', #122, 1000.000000000000000 ) ;
#3014 = EDGE_CURVE ( 'NONE', #3205, #1824, #3672, .T. ) ;
#3015 = AXIS2_PLACEMENT_3D ( 'NONE', #3556, #1042, #3221 ) ;
#3016 = SURFACE_STYLE_USAGE ( .BOTH. , #3955 ) ;
#3017 = DIRECTION ( 'NONE',  ( -0.0000000000000000000, -0.0000000000000000000, -1.000000000000000000 ) ) ;
#3018 = ORIENTED_EDGE ( 'NONE', *, *, #2990, .F. ) ;
#3019 = CARTESIAN_POINT ( 'NONE',  ( 0.9499999999999995100, 0.2500000000000000600, -0.8249999999999992900 ) ) ;
#3020 = ORIENTED_EDGE ( 'NONE', *, *, #1125, .T. ) ;
#3021 = CARTESIAN_POINT ( 'NONE',  ( 1.187538674682155900, 0.1644913506797415500, 0.1750000000000006800 ) ) ;
#3022 = DIRECTION ( 'NONE',  ( 0.0000000000000000000, 0.0000000000000000000, 1.000000000000000000 ) ) ;
#3023 = VECTOR ( 'NONE', #1063, 1000.000000000000000 ) ;
#3024 = ADVANCED_FACE ( 'NONE', ( #1989 ), #806, .T. ) ;
#3025 = DIRECTION ( 'NONE',  ( 0.0000000000000000000, 1.000000000000000000, 0.0000000000000000000 ) ) ;
#3026 = DIRECTION ( 'NONE',  ( -0.06975647374411661500, -0.9975640502598248600, 0.0000000000000000000 ) ) ;
#3027 = DIRECTION ( 'NONE',  ( 0.0000000000000000000, 1.000000000000000000, 0.0000000000000000000 ) ) ;
#3028 = VERTEX_POINT ( 'NONE', #135 ) ;
#3029 = FACE_OUTER_BOUND ( 'NONE', #1662, .T. ) ;
#3030 = DIRECTION ( 'NONE',  ( 1.000000000000000000, 0.0000000000000000000, -0.0000000000000000000 ) ) ;
#3031 = PLANE ( 'NONE',  #994 ) ;
#3032 = MECHANICAL_DESIGN_GEOMETRIC_PRESENTATION_REPRESENTATION (  '', ( #241 ), #3615 ) ;
#3033 = ORIENTED_EDGE ( 'NONE', *, *, #2187, .F. ) ;
#3034 = FACE_OUTER_BOUND ( 'NONE', #1185, .T. ) ;
#3035 = VERTEX_POINT ( 'NONE', #3255 ) ;
#3036 = EDGE_CURVE ( 'NONE', #3918, #1213, #1175, .T. ) ;
#3037 = AXIS2_PLACEMENT_3D ( 'NONE', #702, #423, #748 ) ;
#3038 = ORIENTED_EDGE ( 'NONE', *, *, #1416, .T. ) ;
#3039 = DIRECTION ( 'NONE',  ( 1.000000000000000000, 0.0000000000000000000, -0.0000000000000000000 ) ) ;
#3040 = VERTEX_POINT ( 'NONE', #2035 ) ;
#3041 = LINE ( 'NONE', #2349, #3285 ) ;
#3043 = VERTEX_POINT ( 'NONE', #3964 ) ;
#3042 = DIRECTION ( 'NONE',  ( -1.000000000000000000, 0.0000000000000000000, 0.0000000000000000000 ) ) ;
#3044 = PLANE ( 'NONE',  #925 ) ;
#3045 = CARTESIAN_POINT ( 'NONE',  ( 1.077767920093801500, 0.8892617309391303000, -0.1749999999999993800 ) ) ;
#3046 = FACE_OUTER_BOUND ( 'NONE', #208, .T. ) ;
#3047 = ADVANCED_FACE ( 'NONE', ( #587 ), #2694, .F. ) ;
#3048 = PLANE ( 'NONE',  #1254 ) ;
#3049 = FACE_OUTER_BOUND ( 'NONE', #3366, .T. ) ;
#3050 = EDGE_CURVE ( 'NONE', #2832, #3347, #2186, .T. ) ;
#3051 = VECTOR ( 'NONE', #2584, 1000.000000000000000 ) ;
#3052 = UNCERTAINTY_MEASURE_WITH_UNIT (LENGTH_MEASURE( 1.000000000000000100E-005 ), #3267, 'distance_accuracy_value', 'NONE');
#3053 = PLANE ( 'NONE',  #362 ) ;
#3054 = EDGE_CURVE ( 'NONE', #711, #2002, #2043, .T. ) ;
#3055 = ORIENTED_EDGE ( 'NONE', *, *, #1747, .F. ) ;
#3056 = CARTESIAN_POINT ( 'NONE',  ( -1.177075203620539000, 0.01485674314076785600, -0.8249999999999992900 ) ) ;
#3057 = CARTESIAN_POINT ( 'NONE',  ( -0.9278592960409379800, 0.8840268064337552000, -0.1749999999999993800 ) ) ;
#3058 = CIRCLE ( 'NONE', #455, 0.09426292210543119100 ) ;
#3059 = EDGE_CURVE ( 'NONE', #1997, #1038, #1750, .T. ) ;
#3060 = ORIENTED_EDGE ( 'NONE', *, *, #1338, .T. ) ;
#3061 = EDGE_LOOP ( 'NONE', ( #3654, #1368, #3284, #1247 ) ) ;
#3062 = FACE_OUTER_BOUND ( 'NONE', #3940, .T. ) ;
#3063 = LINE ( 'NONE', #3751, #1402 ) ;
#3064 = ORIENTED_EDGE ( 'NONE', *, *, #3779, .T. ) ;
#3065 = ADVANCED_FACE ( 'NONE', ( #3818 ), #847, .F. ) ;
#3066 = ORIENTED_EDGE ( 'NONE', *, *, #2075, .T. ) ;
#3067 = DIRECTION ( 'NONE',  ( -1.000000000000000000, 0.0000000000000000000, 0.0000000000000000000 ) ) ;
#3068 = VERTEX_POINT ( 'NONE', #2079 ) ;
#3069 = EDGE_CURVE ( 'NONE', #508, #1584, #2289, .T. ) ;
#3070 = CARTESIAN_POINT ( 'NONE',  ( -1.194114123733047500, 0.2585246530445617900, 0.8250000000000006200 ) ) ;
#3071 = CARTESIAN_POINT ( 'NONE',  ( 1.399999999999999700, 0.1496346075389735600, -0.1749999999999993800 ) ) ;
#3072 = ORIENTED_EDGE ( 'NONE', *, *, #198, .F. ) ;
#3073 = DIRECTION ( 'NONE',  ( -1.000000000000000000, 0.0000000000000000000, 0.0000000000000000000 ) ) ;
#3074 = DIRECTION ( 'NONE',  ( 1.932980447489556100E-014, -1.000000000000000000, 0.0000000000000000000 ) ) ;
#3075 = LINE ( 'NONE', #2818, #3815 ) ;
#3076 = AXIS2_PLACEMENT_3D ( 'NONE', #1722, #2942, #1069 ) ;
#3077 = FACE_OUTER_BOUND ( 'NONE', #2965, .T. ) ;
#3078 = VERTEX_POINT ( 'NONE', #3623 ) ;
#3079 = CARTESIAN_POINT ( 'NONE',  ( 1.399999999999999700, 0.1496346075389735600, 0.1750000000000006800 ) ) ;
#3080 = ORIENTED_EDGE ( 'NONE', *, *, #395, .F. ) ;
#3081 = DIRECTION ( 'NONE',  ( -0.0000000000000000000, -1.000000000000000000, -0.0000000000000000000 ) ) ;
#3082 = LINE ( 'NONE', #3736, #3571 ) ;
#3083 = CARTESIAN_POINT ( 'NONE',  ( -0.8336537963607543200, 0.8807370778945685700, -0.4749999999999993100 ) ) ;
#3084 = CARTESIAN_POINT ( 'NONE',  ( 0.9278592960409376400, 0.8840268064337552000, 0.4750000000000005900 ) ) ;
#3085 = EDGE_LOOP ( 'NONE', ( #163, #2459, #2272, #140, #3204, #1873, #2482, #2724, #3514, #1272, #3097, #1450 ) ) ;
#3086 = ADVANCED_FACE ( 'NONE', ( #2822 ), #3044, .F. ) ;
#3087 = FACE_OUTER_BOUND ( 'NONE', #3946, .T. ) ;
#3088 = CARTESIAN_POINT ( 'NONE',  ( -0.8000000000000016000, 0.9749999999999999800, -0.8249999999999992900 ) ) ;
#3089 = VERTEX_POINT ( 'NONE', #2406 ) ;
#3090 = ORIENTED_EDGE ( 'NONE', *, *, #1897, .T. ) ;
#3091 = EDGE_CURVE ( 'NONE', #1584, #1900, #3325, .T. ) ;
#3092 = PLANE ( 'NONE',  #75 ) ;
#3093 = PRESENTATION_LAYER_ASSIGNMENT (  '', '', ( #243 ) ) ;
#3094 = FACE_OUTER_BOUND ( 'NONE', #1927, .T. ) ;
#3095 = LINE ( 'NONE', #3145, #413 ) ;
#3096 = DIRECTION ( 'NONE',  ( 0.9993908270190957600, 0.03489949670250142000, -0.0000000000000000000 ) ) ;
#3097 = ORIENTED_EDGE ( 'NONE', *, *, #544, .T. ) ;
#3098 = DIRECTION ( 'NONE',  ( 0.0000000000000000000, 1.000000000000000000, 0.0000000000000000000 ) ) ;
#3099 = CIRCLE ( 'NONE', #2112, 0.09426292210543119100 ) ;
#3100 = CARTESIAN_POINT ( 'NONE',  ( 0.8336537963607541000, 0.8807370778945685700, 1.125000000000000700 ) ) ;
#3101 = CARTESIAN_POINT ( 'NONE',  ( -1.399999999999999900, 0.1496346075389733400, 1.125000000000000700 ) ) ;
#3102 = DIRECTION ( 'NONE',  ( -9.664902237447748700E-015, 1.000000000000000000, 0.0000000000000000000 ) ) ;
#3103 = AXIS2_PLACEMENT_3D ( 'NONE', #110, #1636, #417 ) ;
#3104 = DIRECTION ( 'NONE',  ( 1.000000000000000000, 0.0000000000000000000, -0.0000000000000000000 ) ) ;
#3105 = ORIENTED_EDGE ( 'NONE', *, *, #142, .F. ) ;
#3106 = ADVANCED_FACE ( 'NONE', ( #3172 ), #1439, .F. ) ;
#3107 = VERTEX_POINT ( 'NONE', #2088 ) ;
#3108 = ORIENTED_EDGE ( 'NONE', *, *, #2560, .T. ) ;
#3109 = ORIENTED_EDGE ( 'NONE', *, *, #3920, .F. ) ;
#3110 = FACE_OUTER_BOUND ( 'NONE', #912, .T. ) ;
#3111 = PRESENTATION_LAYER_ASSIGNMENT (  '', '', ( #672 ) ) ;
#3112 = ORIENTED_EDGE ( 'NONE', *, *, #942, .T. ) ;
#3113 = DIRECTION ( 'NONE',  ( -0.0000000000000000000, -0.0000000000000000000, -1.000000000000000000 ) ) ;
#3114 = ORIENTED_EDGE ( 'NONE', *, *, #3536, .F. ) ;
#3115 = CIRCLE ( 'NONE', #2538, 0.09426292210543119100 ) ;
#3116 = EDGE_CURVE ( 'NONE', #910, #1346, #2974, .T. ) ;
#3117 = EDGE_CURVE ( 'NONE', #1343, #2486, #1642, .T. ) ;
#3118 = CARTESIAN_POINT ( 'NONE',  ( 0.8000000000000000400, 0.9749999999999999800, -1.500000000000000000 ) ) ;
#3119 = CIRCLE ( 'NONE', #1794, 0.2442629221054309400 ) ;
#3120 = CARTESIAN_POINT ( 'NONE',  ( -0.7999999999999993800, 1.125000000000000000, -1.499999999999999600 ) ) ;
#3121 = DIRECTION ( 'NONE',  ( -0.0000000000000000000, -0.0000000000000000000, -1.000000000000000000 ) ) ;
#3122 = VECTOR ( 'NONE', #717, 1000.000000000000000 ) ;
#3123 = FILL_AREA_STYLE_COLOUR ( '', #2845 ) ;
#3124 = ADVANCED_FACE ( 'NONE', ( #3767 ), #2, .T. ) ;
#3125 = EDGE_CURVE ( 'NONE', #3355, #1887, #1839, .T. ) ;
#3126 = CYLINDRICAL_SURFACE ( 'NONE', #1576, 0.2442629221054308200 ) ;
#3127 = AXIS2_PLACEMENT_3D ( 'NONE', #3972, #2992, #2431 ) ;
#3128 = CARTESIAN_POINT ( 'NONE',  ( 0.8336537963607537600, 0.8807370778945685700, -1.124999999999999300 ) ) ;
#3129 = ORIENTED_EDGE ( 'NONE', *, *, #3195, .T. ) ;
#3130 = VECTOR ( 'NONE', #2754, 1000.000000000000000 ) ;
#3131 = CARTESIAN_POINT ( 'NONE',  ( -0.7999999999999993800, 1.125000000000000000, -1.499999999999999600 ) ) ;
#3132 = ORIENTED_EDGE ( 'NONE', *, *, #2667, .T. ) ;
#3133 = ORIENTED_EDGE ( 'NONE', *, *, #1931, .T. ) ;
#3134 = PLANE ( 'NONE',  #3718 ) ;
#3135 = DIRECTION ( 'NONE',  ( -1.288653631659700000E-014, -1.000000000000000000, 0.0000000000000000000 ) ) ;
#3136 = VERTEX_POINT ( 'NONE', #1491 ) ;
#3137 = PLANE ( 'NONE',  #2678 ) ;
#3138 = SURFACE_SIDE_STYLE ('',( #1479 ) ) ;
#3139 = FACE_OUTER_BOUND ( 'NONE', #2507, .T. ) ;
#3140 = VECTOR ( 'NONE', #141, 1000.000000000000000 ) ;
#3141 = CIRCLE ( 'NONE', #3949, 0.2442629221054311600 ) ;
#3142 = EDGE_CURVE ( 'NONE', #3684, #1887, #199, .T. ) ;
#3143 = EDGE_CURVE ( 'NONE', #3405, #3452, #2680, .T. ) ;
#3144 = LINE ( 'NONE', #3260, #1156 ) ;
#3145 = CARTESIAN_POINT ( 'NONE',  ( 0.8000000000000012700, 1.125000000000000200, 1.125000000000000700 ) ) ;
#3146 = PLANE ( 'NONE',  #3765 ) ;
#3147 = CARTESIAN_POINT ( 'NONE',  ( -0.8000000000000016000, 0.9749999999999999800, -0.8249999999999992900 ) ) ;
#3148 = PLANE ( 'NONE',  #2258 ) ;
#3149 = CARTESIAN_POINT ( 'NONE',  ( -1.400000000000000100, 0.1496346075389733400, -0.1749999999999993800 ) ) ;
#3150 = AXIS2_PLACEMENT_3D ( 'NONE', #1006, #652, #359 ) ;
#3151 = VERTEX_POINT ( 'NONE', #504 ) ;
#3152 = FACE_OUTER_BOUND ( 'NONE', #2932, .T. ) ;
#3153 = ORIENTED_EDGE ( 'NONE', *, *, #338, .F. ) ;
#3154 = ORIENTED_EDGE ( 'NONE', *, *, #2424, .T. ) ;
#3155 = CARTESIAN_POINT ( 'NONE',  ( -1.389536528938382500, 0.0000000000000000000, 0.4750000000000005900 ) ) ;
#3156 = CYLINDRICAL_SURFACE ( 'NONE', #3037, 0.2442629221054307100 ) ;
#3157 = VECTOR ( 'NONE', #304, 1000.000000000000000 ) ;
#3158 = ORIENTED_EDGE ( 'NONE', *, *, #338, .T. ) ;
#3159 = ORIENTED_EDGE ( 'NONE', *, *, #223, .F. ) ;
#3160 = CARTESIAN_POINT ( 'NONE',  ( 0.9278592960409374200, 0.8840268064337552000, -0.8249999999999992900 ) ) ;
#3161 = CARTESIAN_POINT ( 'NONE',  ( -0.9499999999999998400, 0.2500000000000000600, 0.8250000000000006200 ) ) ;
#3162 = CARTESIAN_POINT ( 'NONE',  ( -0.7999999999999993800, 1.125000000000000000, -1.499999999999999600 ) ) ;
#3163 = ORIENTED_EDGE ( 'NONE', *, *, #665, .T. ) ;
#3164 = AXIS2_PLACEMENT_3D ( 'NONE', #1807, #904, #4023 ) ;
#3165 = DIRECTION ( 'NONE',  ( -1.000000000000000000, -9.664902237447748700E-015, 0.0000000000000000000 ) ) ;
#3166 = CARTESIAN_POINT ( 'NONE',  ( -1.177075203620538700, 0.01485674314076785600, 0.4750000000000005900 ) ) ;
#3167 = EDGE_CURVE ( 'NONE', #1843, #3682, #3930, .T. ) ;
#3168 =( GEOMETRIC_REPRESENTATION_CONTEXT ( 3 ) GLOBAL_UNCERTAINTY_ASSIGNED_CONTEXT ( ( #1351 ) ) GLOBAL_UNIT_ASSIGNED_CONTEXT ( ( #2915, #1360, #2609 ) ) REPRESENTATION_CONTEXT ( 'NONE', 'WORKASPACE' ) );
#3169 =( NAMED_UNIT ( * ) SI_UNIT ( $, .STERADIAN. ) SOLID_ANGLE_UNIT ( ) );
#3170 = DIRECTION ( 'NONE',  ( 0.9993908270190957600, -0.03489949670250107300, 0.0000000000000000000 ) ) ;
#3171 = CARTESIAN_POINT ( 'NONE',  ( -0.8336537963607543200, 0.9749999999999996400, -0.1749999999999993800 ) ) ;
#3172 = FACE_OUTER_BOUND ( 'NONE', #58, .T. ) ;
#3173 = ORIENTED_EDGE ( 'NONE', *, *, #109, .F. ) ;
#3174 = DIRECTION ( 'NONE',  ( -0.03489949670250141300, 0.9993908270190956500, 0.0000000000000000000 ) ) ;
#3175 = DIRECTION ( 'NONE',  ( -0.9848077530122080200, 0.1736481776669307200, 1.779551175494007900E-016 ) ) ;
#3176 =( NAMED_UNIT ( * ) PLANE_ANGLE_UNIT ( ) SI_UNIT ( $, .RADIAN. ) );
#3177 = ORIENTED_EDGE ( 'NONE', *, *, #273, .F. ) ;
#3178 = CYLINDRICAL_SURFACE ( 'NONE', #2288, 0.2442629221054309400 ) ;
#3179 = VERTEX_POINT ( 'NONE', #518 ) ;
#3180 = VECTOR ( 'NONE', #3202, 1000.000000000000100 ) ;
#3181 = ADVANCED_FACE ( 'NONE', ( #392 ), #1513, .T. ) ;
#3182 = CARTESIAN_POINT ( 'NONE',  ( -1.389536528938382300, 0.0000000000000000000, 1.125000000000000700 ) ) ;
#3183 = EDGE_LOOP ( 'NONE', ( #2483, #2987, #445, #787 ) ) ;
#3184 = ORIENTED_EDGE ( 'NONE', *, *, #242, .F. ) ;
#3185 = CARTESIAN_POINT ( 'NONE',  ( -0.8000000000000013800, 1.125000000000000000, 0.4750000000000005900 ) ) ;
#3186 = AXIS2_PLACEMENT_3D ( 'NONE', #3160, #1908, #3174 ) ;
#3187 = FACE_OUTER_BOUND ( 'NONE', #930, .T. ) ;
#3188 = FACE_OUTER_BOUND ( 'NONE', #710, .T. ) ;
#3189 = CARTESIAN_POINT ( 'NONE',  ( -0.7999999999999993800, 0.1500000000000004900, -1.354530240915516000 ) ) ;
#3190 = EDGE_CURVE ( 'NONE', #842, #2910, #3621, .T. ) ;
#3191 = EDGE_CURVE ( 'NONE', #1040, #3010, #1131, .T. ) ;
#3192 = CARTESIAN_POINT ( 'NONE',  ( 0.9278592960409375300, 0.8840268064337552000, -0.4749999999999993100 ) ) ;
#3193 = LINE ( 'NONE', #1124, #3646 ) ;
#3194 = CARTESIAN_POINT ( 'NONE',  ( 0.9278592960409377500, 0.8840268064337552000, 0.8250000000000006200 ) ) ;
#3195 = EDGE_CURVE ( 'NONE', #291, #263, #3220, .T. ) ;
#3196 = DIRECTION ( 'NONE',  ( -0.0000000000000000000, -0.0000000000000000000, -1.000000000000000000 ) ) ;
#3197 = ORIENTED_EDGE ( 'NONE', *, *, #746, .T. ) ;
#3198 = EDGE_CURVE ( 'NONE', #3975, #216, #1554, .T. ) ;
#3199 = DIRECTION ( 'NONE',  ( -0.0000000000000000000, -0.0000000000000000000, -1.000000000000000000 ) ) ;
#3200 = DIRECTION ( 'NONE',  ( -1.000000000000000000, 0.0000000000000000000, 0.0000000000000000000 ) ) ;
#3201 = DIRECTION ( 'NONE',  ( -1.288653631659700000E-014, -1.000000000000000000, 0.0000000000000000000 ) ) ;
#3202 = DIRECTION ( 'NONE',  ( 0.1710878697460357900, 0.9702875252478137000, -0.1710878697460359000 ) ) ;
#3203 = ORIENTED_EDGE ( 'NONE', *, *, #320, .T. ) ;
#3204 = ORIENTED_EDGE ( 'NONE', *, *, #1670, .T. ) ;
#3205 = VERTEX_POINT ( 'NONE', #541 ) ;
#3206 = CARTESIAN_POINT ( 'NONE',  ( -0.9499999999999999600, 0.2500000000000000600, 0.1750000000000006800 ) ) ;
#3207 = ORIENTED_EDGE ( 'NONE', *, *, #1930, .F. ) ;
#3208 = ORIENTED_EDGE ( 'NONE', *, *, #2282, .F. ) ;
#3209 = CARTESIAN_POINT ( 'NONE',  ( 0.8336537963607539800, 0.8807370778945685700, 0.4750000000000005900 ) ) ;
#3210 = CIRCLE ( 'NONE', #3433, 0.2442629221054309400 ) ;
#3211 = CARTESIAN_POINT ( 'NONE',  ( 1.194114123733047300, 0.2585246530445617900, 0.4750000000000005900 ) ) ;
#3212 = ORIENTED_EDGE ( 'NONE', *, *, #3805, .F. ) ;
#3213 = CARTESIAN_POINT ( 'NONE',  ( -0.8336537963607544300, 0.8807370778945685700, -0.8249999999999992900 ) ) ;
#3214 = DIRECTION ( 'NONE',  ( -0.0000000000000000000, -0.0000000000000000000, -1.000000000000000000 ) ) ;
#3215 = AXIS2_PLACEMENT_3D ( 'NONE', #3541, #3550, #428 ) ;
#3216 = DIRECTION ( 'NONE',  ( -0.0000000000000000000, -0.0000000000000000000, -1.000000000000000000 ) ) ;
#3217 = DIRECTION ( 'NONE',  ( -9.664902237447748700E-015, 1.000000000000000000, 0.0000000000000000000 ) ) ;
#3218 = EDGE_CURVE ( 'NONE', #16, #1213, #2409, .T. ) ;
#3219 =( GEOMETRIC_REPRESENTATION_CONTEXT ( 3 ) GLOBAL_UNCERTAINTY_ASSIGNED_CONTEXT ( ( #3002 ) ) GLOBAL_UNIT_ASSIGNED_CONTEXT ( ( #1880, #1306, #1005 ) ) REPRESENTATION_CONTEXT ( 'NONE', 'WORKASPACE' ) );
#3220 = LINE ( 'NONE', #3985, #3419 ) ;
#3221 = DIRECTION ( 'NONE',  ( -1.000000000000000000, 0.0000000000000000000, 0.0000000000000000000 ) ) ;
#3222 = MANIFOLD_SOLID_BREP ( 'LPattern1[6]', #2004 ) ;
#3223 = ORIENTED_EDGE ( 'NONE', *, *, #1451, .T. ) ;
#3224 = FACE_OUTER_BOUND ( 'NONE', #2532, .T. ) ;
#3225 = CARTESIAN_POINT ( 'NONE',  ( -0.9500000000000000700, 0.2500000000000000600, -0.1749999999999993800 ) ) ;
#3226 =( NAMED_UNIT ( * ) PLANE_ANGLE_UNIT ( ) SI_UNIT ( $, .RADIAN. ) );
#3227 = CARTESIAN_POINT ( 'NONE',  ( 0.8000000000000010400, 1.125000000000000200, -0.4749999999999993100 ) ) ;
#3228 = VERTEX_POINT ( 'NONE', #2132 ) ;
#3229 = CARTESIAN_POINT ( 'NONE',  ( -0.8000000000000013800, 0.9749999999999999800, 0.4750000000000005900 ) ) ;
#3230 = CARTESIAN_POINT ( 'NONE',  ( 0.6545302409155173700, 0.1500000000000004900, 1.354530240915513800 ) ) ;
#3231 = ORIENTED_EDGE ( 'NONE', *, *, #3509, .F. ) ;
#3232 = DIRECTION ( 'NONE',  ( -0.9975640502598248600, 0.06975647374411597700, 0.0000000000000000000 ) ) ;
#3233 = ORIENTED_EDGE ( 'NONE', *, *, #3143, .F. ) ;
#3234 = PLANE ( 'NONE',  #270 ) ;
#3235 = VECTOR ( 'NONE', #2265, 1000.000000000000000 ) ;
#3236 = ORIENTED_EDGE ( 'NONE', *, *, #3059, .T. ) ;
#3237 = COLOUR_RGB ( '',0.7921568627450980000, 0.8196078431372548800, 0.9333333333333333500 ) ;
#3238 = DIRECTION ( 'NONE',  ( -0.0000000000000000000, -0.0000000000000000000, -1.000000000000000000 ) ) ;
#3239 = FILL_AREA_STYLE_COLOUR ( '', #3237 ) ;
#3240 = CARTESIAN_POINT ( 'NONE',  ( -1.194114123733047900, 0.2585246530445617900, -0.8249999999999992900 ) ) ;
#3241 = CARTESIAN_POINT ( 'NONE',  ( 1.187538674682156100, 0.1644913506797416000, 0.8250000000000006200 ) ) ;
#3242 = EDGE_CURVE ( 'NONE', #509, #3960, #1597, .T. ) ;
#3243 =( GEOMETRIC_REPRESENTATION_CONTEXT ( 3 ) GLOBAL_UNCERTAINTY_ASSIGNED_CONTEXT ( ( #1884 ) ) GLOBAL_UNIT_ASSIGNED_CONTEXT ( ( #1108, #1421, #3169 ) ) REPRESENTATION_CONTEXT ( 'NONE', 'WORKASPACE' ) );
#3244 = CARTESIAN_POINT ( 'NONE',  ( 0.9278592960409374200, 0.8840268064337552000, -1.124999999999999300 ) ) ;
#3245 = CARTESIAN_POINT ( 'NONE',  ( -1.099908624052864200, 0.2552349245053750500, -0.8249999999999992900 ) ) ;
#3246 = DIRECTION ( 'NONE',  ( -0.1710878697460358200, -0.9702875252478137000, 0.1710878697460359000 ) ) ;
#3247 = EDGE_LOOP ( 'NONE', ( #2061, #3389, #642, #1067 ) ) ;
#3248 = DIRECTION ( 'NONE',  ( 0.0000000000000000000, 0.0000000000000000000, 1.000000000000000000 ) ) ;
#3249 = ORIENTED_EDGE ( 'NONE', *, *, #731, .F. ) ;
#3250 = CARTESIAN_POINT ( 'NONE',  ( -0.8000000000000013800, 1.125000000000000000, 0.1750000000000006800 ) ) ;
#3251 = LINE ( 'NONE', #492, #1107 ) ;
#3252 = ORIENTED_EDGE ( 'NONE', *, *, #655, .F. ) ;
#3253 = EDGE_CURVE ( 'NONE', #3430, #3777, #3720, .T. ) ;
#3254 = VERTEX_POINT ( 'NONE', #662 ) ;
#3255 = CARTESIAN_POINT ( 'NONE',  ( -1.099908624052863900, 0.2552349245053750500, -0.4749999999999993100 ) ) ;
#3256 = CARTESIAN_POINT ( 'NONE',  ( -1.077767920093802000, 0.8892617309391303000, -1.124999999999999300 ) ) ;
#3257 = LINE ( 'NONE', #2332, #1587 ) ;
#3258 = VECTOR ( 'NONE', #2150, 1000.000000000000000 ) ;
#3259 = CARTESIAN_POINT ( 'NONE',  ( -1.187538674682156300, 0.1644913506797410500, 0.4750000000000005900 ) ) ;
#3260 = CARTESIAN_POINT ( 'NONE',  ( 0.8000000000000010400, 0.9749999999999999800, -0.4749999999999993100 ) ) ;
#3261 = VERTEX_POINT ( 'NONE', #3464 ) ;
#3262 = CARTESIAN_POINT ( 'NONE',  ( -1.077767920093802000, 0.8892617309391303000, -0.8249999999999992900 ) ) ;
#3263 = LINE ( 'NONE', #629, #85 ) ;
#3264 = CARTESIAN_POINT ( 'NONE',  ( -0.8000000000000016000, 0.9749999999999999800, -1.124999999999999300 ) ) ;
#3265 = DIRECTION ( 'NONE',  ( 1.000000000000000000, 0.0000000000000000000, -4.065758146820641600E-016 ) ) ;
#3266 = ORIENTED_EDGE ( 'NONE', *, *, #1473, .F. ) ;
#3267 =( LENGTH_UNIT ( ) NAMED_UNIT ( * ) SI_UNIT ( .MILLI., .METRE. ) );
#3268 = LINE ( 'NONE', #950, #3926 ) ;
#3269 = EDGE_CURVE ( 'NONE', #4009, #2237, #782, .T. ) ;
#3270 = ADVANCED_FACE ( 'NONE', ( #4025 ), #2549, .F. ) ;
#3271 = CARTESIAN_POINT ( 'NONE',  ( -0.8336537963607542100, 0.8807370778945685700, 0.1750000000000006800 ) ) ;
#3272 = CARTESIAN_POINT ( 'NONE',  ( -0.8336537963607544300, 0.8807370778945685700, -0.8249999999999992900 ) ) ;
#3273 = LINE ( 'NONE', #2753, #2455 ) ;
#3274 = CARTESIAN_POINT ( 'NONE',  ( 1.399999999999999500, 0.1496346075389735600, -1.124999999999999300 ) ) ;
#3275 = CARTESIAN_POINT ( 'NONE',  ( -1.194114123733047900, 0.2585246530445617900, -0.8249999999999992900 ) ) ;
#3276 = VERTEX_POINT ( 'NONE', #3192 ) ;
#3277 = EDGE_LOOP ( 'NONE', ( #3447, #3686, #638, #2192 ) ) ;
#3278 = EDGE_CURVE ( 'NONE', #2252, #1954, #1510, .T. ) ;
#3279 = VECTOR ( 'NONE', #3700, 1000.000000000000000 ) ;
#3280 = DIRECTION ( 'NONE',  ( -0.0000000000000000000, -0.0000000000000000000, -1.000000000000000000 ) ) ;
#3281 = ORIENTED_EDGE ( 'NONE', *, *, #2519, .T. ) ;
#3282 = LINE ( 'NONE', #779, #1606 ) ;
#3283 = DIRECTION ( 'NONE',  ( 1.000000000000000000, 0.0000000000000000000, 0.0000000000000000000 ) ) ;
#3284 = ORIENTED_EDGE ( 'NONE', *, *, #2070, .F. ) ;
#3285 = VECTOR ( 'NONE', #482, 1000.000000000000000 ) ;
#3286 = CIRCLE ( 'NONE', #4026, 0.09426292210543163500 ) ;
#3287 = ORIENTED_EDGE ( 'NONE', *, *, #3978, .F. ) ;
#3288 = DIRECTION ( 'NONE',  ( 0.03489949670250141300, -0.9993908270190956500, 0.0000000000000000000 ) ) ;
#3289 = CARTESIAN_POINT ( 'NONE',  ( -0.8000000000000013800, 0.9749999999999999800, 0.1750000000000006800 ) ) ;
#3290 = DIRECTION ( 'NONE',  ( -0.9848077530122080200, -0.1736481776669307200, 1.779551175494007900E-016 ) ) ;
#3291 = DIRECTION ( 'NONE',  ( 1.000000000000000000, -9.664902237447750300E-015, 0.0000000000000000000 ) ) ;
#3292 = CARTESIAN_POINT ( 'NONE',  ( 1.099908624052863900, 0.2552349245053751600, 0.1750000000000006800 ) ) ;
#3293 = FACE_OUTER_BOUND ( 'NONE', #3532, .T. ) ;
#3294 = CARTESIAN_POINT ( 'NONE',  ( 0.7426937312697488000, 1.449999999999999500, -1.442693731269748800 ) ) ;
#3295 = VECTOR ( 'NONE', #2253, 1000.000000000000000 ) ;
#3296 = DIRECTION ( 'NONE',  ( -1.000000000000000000, 0.0000000000000000000, 0.0000000000000000000 ) ) ;
#3297 = FACE_OUTER_BOUND ( 'NONE', #2858, .T. ) ;
#3298 = ADVANCED_FACE ( 'NONE', ( #2347 ), #3148, .F. ) ;
#3299 = AXIS2_PLACEMENT_3D ( 'NONE', #3446, #297, #2476 ) ;
#3300 = DIRECTION ( 'NONE',  ( 0.0000000000000000000, 0.0000000000000000000, 1.000000000000000000 ) ) ;
#3301 = DIRECTION ( 'NONE',  ( -0.9975640502598247500, 0.06975647374411818300, 0.0000000000000000000 ) ) ;
#3302 = EDGE_CURVE ( 'NONE', #3558, #2167, #2867, .T. ) ;
#3303 = DIRECTION ( 'NONE',  ( 0.0000000000000000000, 0.0000000000000000000, 1.000000000000000000 ) ) ;
#3304 = ORIENTED_EDGE ( 'NONE', *, *, #3401, .T. ) ;
#3305 = CARTESIAN_POINT ( 'NONE',  ( -0.8336537963607542100, 1.124999999999999300, -0.1749999999999993800 ) ) ;
#3306 = DIRECTION ( 'NONE',  ( -1.000000000000000000, 0.0000000000000000000, 4.065758146820641600E-016 ) ) ;
#3307 = DIRECTION ( 'NONE',  ( -1.000000000000000000, 1.288653631659700000E-014, -0.0000000000000000000 ) ) ;
#3308 = CARTESIAN_POINT ( 'NONE',  ( 1.194114123733047300, 0.2585246530445617900, -0.4749999999999993100 ) ) ;
#3309 = VERTEX_POINT ( 'NONE', #967 ) ;
#3310 = ORIENTED_EDGE ( 'NONE', *, *, #3651, .T. ) ;
#3311 = DIRECTION ( 'NONE',  ( 3.975407965780185700E-016, 0.0000000000000000000, 1.000000000000000000 ) ) ;
#3312 = VECTOR ( 'NONE', #3468, 1000.000000000000000 ) ;
#3313 = VERTEX_POINT ( 'NONE', #40 ) ;
#3314 = ORIENTED_EDGE ( 'NONE', *, *, #1857, .F. ) ;
#3315 = AXIS2_PLACEMENT_3D ( 'NONE', #825, #3970, #3320 ) ;
#3316 = ADVANCED_FACE ( 'NONE', ( #494 ), #2853, .F. ) ;
#3317 = DIRECTION ( 'NONE',  ( -0.0000000000000000000, 0.0000000000000000000, -1.000000000000000000 ) ) ;
#3318 = ORIENTED_EDGE ( 'NONE', *, *, #831, .F. ) ;
#3319 = DIRECTION ( 'NONE',  ( -0.0000000000000000000, -0.0000000000000000000, -1.000000000000000000 ) ) ;
#3320 = DIRECTION ( 'NONE',  ( -1.000000000000000000, 0.0000000000000000000, 0.0000000000000000000 ) ) ;
#3321 = FILL_AREA_STYLE ('',( #1142 ) ) ;
#3322 = DIRECTION ( 'NONE',  ( -1.000000000000000000, -1.932980447489556100E-014, 0.0000000000000000000 ) ) ;
#3323 = DIRECTION ( 'NONE',  ( -0.0000000000000000000, -0.0000000000000000000, -1.000000000000000000 ) ) ;
#3324 =( GEOMETRIC_REPRESENTATION_CONTEXT ( 3 ) GLOBAL_UNCERTAINTY_ASSIGNED_CONTEXT ( ( #3980 ) ) GLOBAL_UNIT_ASSIGNED_CONTEXT ( ( #1347, #1335, #2901 ) ) REPRESENTATION_CONTEXT ( 'NONE', 'WORKASPACE' ) );
#3325 = LINE ( 'NONE', #3351, #1365 ) ;
#3326 = ORIENTED_EDGE ( 'NONE', *, *, #612, .F. ) ;
#3327 = EDGE_CURVE ( 'NONE', #774, #2197, #3075, .T. ) ;
#3328 = EDGE_CURVE ( 'NONE', #3607, #3107, #3268, .T. ) ;
#3329 = EDGE_LOOP ( 'NONE', ( #981, #2031, #2940, #3580 ) ) ;
#3330 = VECTOR ( 'NONE', #689, 1000.000000000000000 ) ;
#3331 = CARTESIAN_POINT ( 'NONE',  ( -1.177075203620538700, 0.01485674314076785600, 0.4750000000000005900 ) ) ;
#3332 = CARTESIAN_POINT ( 'NONE',  ( 0.8000000000000012700, 0.9749999999999999800, 1.125000000000000700 ) ) ;
#3333 = DIRECTION ( 'NONE',  ( -1.000000000000000000, 0.0000000000000000000, 0.0000000000000000000 ) ) ;
#3334 = EDGE_LOOP ( 'NONE', ( #1710, #2275, #3529, #934 ) ) ;
#3335 = CARTESIAN_POINT ( 'NONE',  ( -1.177075203620538700, 0.01485674314076785600, -0.1749999999999993800 ) ) ;
#3336 = LINE ( 'NONE', #514, #354 ) ;
#3337 = ORIENTED_EDGE ( 'NONE', *, *, #3269, .F. ) ;
#3338 = CARTESIAN_POINT ( 'NONE',  ( 0.8336537963607537600, 0.8807370778945685700, -0.8249999999999992900 ) ) ;
#3339 = VERTEX_POINT ( 'NONE', #3493 ) ;
#3340 = DIRECTION ( 'NONE',  ( -0.0000000000000000000, 0.0000000000000000000, -1.000000000000000000 ) ) ;
#3341 = ADVANCED_FACE ( 'NONE', ( #2971 ), #3137, .T. ) ;
#3342 = PLANE ( 'NONE',  #2397 ) ;
#3343 = ORIENTED_EDGE ( 'NONE', *, *, #2706, .T. ) ;
#3344 = LINE ( 'NONE', #3370, #363 ) ;
#3345 = ORIENTED_EDGE ( 'NONE', *, *, #3050, .T. ) ;
#3346 = EDGE_CURVE ( 'NONE', #3228, #1590, #1412, .T. ) ;
#3347 = VERTEX_POINT ( 'NONE', #2627 ) ;
#3348 = LINE ( 'NONE', #3001, #2067 ) ;
#3349 = STYLED_ITEM ( 'NONE', ( #1863 ), #2325 ) ;
#3350 = DIRECTION ( 'NONE',  ( 0.0000000000000000000, 0.0000000000000000000, 1.000000000000000000 ) ) ;
#3351 = CARTESIAN_POINT ( 'NONE',  ( 1.399999999999999700, 0.1496346075389735600, -0.4749999999999993100 ) ) ;
#3352 = DIRECTION ( 'NONE',  ( 1.000000000000000000, 0.0000000000000000000, 0.0000000000000000000 ) ) ;
#3353 = DIRECTION ( 'NONE',  ( -0.0000000000000000000, -0.0000000000000000000, -1.000000000000000000 ) ) ;
#3354 = VERTEX_POINT ( 'NONE', #3894 ) ;
#3355 = VERTEX_POINT ( 'NONE', #1993 ) ;
#3356 = ADVANCED_FACE ( 'NONE', ( #584 ), #3463, .F. ) ;
#3357 = CIRCLE ( 'NONE', #1470, 0.1215028102841714700 ) ;
#3358 = EDGE_CURVE ( 'NONE', #378, #622, #246, .T. ) ;
#3359 = DIRECTION ( 'NONE',  ( -0.0000000000000000000, -0.0000000000000000000, -1.000000000000000000 ) ) ;
#3360 = ORIENTED_EDGE ( 'NONE', *, *, #608, .F. ) ;
#3361 = EDGE_CURVE ( 'NONE', #231, #3911, #1793, .T. ) ;
#3362 = CARTESIAN_POINT ( 'NONE',  ( 1.077767920093801700, 0.8892617309391303000, 1.125000000000000700 ) ) ;
#3363 = ORIENTED_EDGE ( 'NONE', *, *, #562, .F. ) ;
#3364 = VECTOR ( 'NONE', #1070, 1000.000000000000100 ) ;
#3365 = LINE ( 'NONE', #3702, #1925 ) ;
#3366 = EDGE_LOOP ( 'NONE', ( #450, #4031, #1684, #1394 ) ) ;
#3367 = DIRECTION ( 'NONE',  ( -0.0000000000000000000, -0.0000000000000000000, -1.000000000000000000 ) ) ;
#3368 = DIRECTION ( 'NONE',  ( -1.000000000000000000, 0.0000000000000000000, 0.0000000000000000000 ) ) ;
#3369 = DIRECTION ( 'NONE',  ( 1.000000000000000000, 0.0000000000000000000, 0.0000000000000000000 ) ) ;
#3370 = CARTESIAN_POINT ( 'NONE',  ( 0.8000000000000000400, 1.125000000000000000, -1.500000000000000000 ) ) ;
#3371 = CARTESIAN_POINT ( 'NONE',  ( -1.177075203620539000, 0.01485674314076785600, -1.124999999999999300 ) ) ;
#3372 = FACE_OUTER_BOUND ( 'NONE', #2855, .T. ) ;
#3373 = CARTESIAN_POINT ( 'NONE',  ( 0.9278592960409375300, 0.8840268064337552000, -0.4749999999999993100 ) ) ;
#3374 = ADVANCED_FACE ( 'NONE', ( #2729 ), #2943, .F. ) ;
#3375 = CARTESIAN_POINT ( 'NONE',  ( -0.8336537963607542100, 0.9749999999999996400, 0.4750000000000005900 ) ) ;
#3376 = AXIS2_PLACEMENT_3D ( 'NONE', #4012, #3715, #251 ) ;
#3377 = ORIENTED_EDGE ( 'NONE', *, *, #3537, .T. ) ;
#3378 = ORIENTED_EDGE ( 'NONE', *, *, #1159, .T. ) ;
#3379 = VECTOR ( 'NONE', #564, 1000.000000000000000 ) ;
#3380 = EDGE_LOOP ( 'NONE', ( #261, #1051, #1565, #3236 ) ) ;
#3381 = EDGE_CURVE ( 'NONE', #1303, #3254, #401, .T. ) ;
#3382 = AXIS2_PLACEMENT_3D ( 'NONE', #1988, #2620, #1410 ) ;
#3383 = ORIENTED_EDGE ( 'NONE', *, *, #1324, .F. ) ;
#3384 = VECTOR ( 'NONE', #3576, 1000.000000000000100 ) ;
#3385 = ORIENTED_EDGE ( 'NONE', *, *, #46, .F. ) ;
#3386 = LINE ( 'NONE', #3084, #1660 ) ;
#3388 = ORIENTED_EDGE ( 'NONE', *, *, #2933, .F. ) ;
#3387 = CARTESIAN_POINT ( 'NONE',  ( -0.8000000000000012700, 1.125000000000000000, 0.8250000000000006200 ) ) ;
#3389 = ORIENTED_EDGE ( 'NONE', *, *, #1508, .F. ) ;
#3390 = LINE ( 'NONE', #368, #2554 ) ;
#3391 = CARTESIAN_POINT ( 'NONE',  ( -1.187538674682156300, 0.1644913506797411300, 0.1750000000000006800 ) ) ;
#3392 = VECTOR ( 'NONE', #3438, 1000.000000000000000 ) ;
#3393 = FACE_OUTER_BOUND ( 'NONE', #1630, .T. ) ;
#3394 = DIRECTION ( 'NONE',  ( -0.0000000000000000000, -0.0000000000000000000, -1.000000000000000000 ) ) ;
#3395 = DIRECTION ( 'NONE',  ( 0.06975647374411828000, -0.9975640502598247500, 0.0000000000000000000 ) ) ;
#3396 = DIRECTION ( 'NONE',  ( 1.000000000000000000, 0.0000000000000000000, -2.710505431213762100E-016 ) ) ;
#3397 = ORIENTED_EDGE ( 'NONE', *, *, #3091, .T. ) ;
#3398 = AXIS2_PLACEMENT_3D ( 'NONE', #951, #1882, #3774 ) ;
#3399 = DIRECTION ( 'NONE',  ( -0.0000000000000000000, -0.0000000000000000000, -1.000000000000000000 ) ) ;
#3400 = LINE ( 'NONE', #1591, #864 ) ;
#3401 = EDGE_CURVE ( 'NONE', #3719, #1638, #687, .T. ) ;
#3402 = EDGE_CURVE ( 'NONE', #2779, #1877, #1521, .T. ) ;
#3403 = ORIENTED_EDGE ( 'NONE', *, *, #1495, .F. ) ;
#3404 = ORIENTED_EDGE ( 'NONE', *, *, #396, .F. ) ;
#3405 = VERTEX_POINT ( 'NONE', #424 ) ;
#3406 = EDGE_LOOP ( 'NONE', ( #2747, #2622, #1788, #582, #476, #1899, #489, #258, #2789, #2785, #2938, #2835 ) ) ;
#3407 = CARTESIAN_POINT ( 'NONE',  ( -0.4572970168999269700, 1.349999999999999400, -1.129092482447643800 ) ) ;
#3408 = VECTOR ( 'NONE', #635, 1000.000000000000000 ) ;
#3409 = EDGE_CURVE ( 'NONE', #82, #3007, #3731, .T. ) ;
#3410 = PLANE ( 'NONE',  #1223 ) ;
#3411 = DIRECTION ( 'NONE',  ( 0.03489949670250141300, -0.9993908270190956500, 0.0000000000000000000 ) ) ;
#3412 = ORIENTED_EDGE ( 'NONE', *, *, #1920, .T. ) ;
#3413 = CARTESIAN_POINT ( 'NONE',  ( 0.8336537963607541000, 0.8807370778945685700, 1.125000000000000700 ) ) ;
#3414 = ADVANCED_FACE ( 'NONE', ( #2546 ), #1345, .F. ) ;
#3415 = CARTESIAN_POINT ( 'NONE',  ( 1.187538674682155700, 0.1644913506797415500, -0.8249999999999992900 ) ) ;
#3416 = EDGE_CURVE ( 'NONE', #2571, #2542, #2878, .T. ) ;
#3417 = AXIS2_PLACEMENT_3D ( 'NONE', #1178, #529, #839 ) ;
#3418 = CARTESIAN_POINT ( 'NONE',  ( 0.8000000000000010400, 1.125000000000000200, -0.1749999999999993800 ) ) ;
#3419 = VECTOR ( 'NONE', #3307, 1000.000000000000000 ) ;
#3420 = EDGE_LOOP ( 'NONE', ( #2644, #2243, #3526, #2345 ) ) ;
#3421 = PLANE ( 'NONE',  #2044 ) ;
#3422 = ORIENTED_EDGE ( 'NONE', *, *, #200, .T. ) ;
#3423 = VECTOR ( 'NONE', #747, 1000.000000000000000 ) ;
#3424 = CARTESIAN_POINT ( 'NONE',  ( -1.194114123733047500, 0.2585246530445617900, 1.125000000000000700 ) ) ;
#3425 = DIRECTION ( 'NONE',  ( -0.06975647374411661500, -0.9975640502598248600, 0.0000000000000000000 ) ) ;
#3426 = ORIENTED_EDGE ( 'NONE', *, *, #3651, .F. ) ;
#3427 = VECTOR ( 'NONE', #2723, 1000.000000000000000 ) ;
#3428 = ORIENTED_EDGE ( 'NONE', *, *, #1160, .T. ) ;
#3429 = AXIS2_PLACEMENT_3D ( 'NONE', #1106, #180, #473 ) ;
#3430 = VERTEX_POINT ( 'NONE', #3862 ) ;
#3431 = ADVANCED_FACE ( 'NONE', ( #157 ), #93, .F. ) ;
#3432 = EDGE_CURVE ( 'NONE', #711, #2390, #3939, .T. ) ;
#3433 = AXIS2_PLACEMENT_3D ( 'NONE', #3308, #3971, #2682 ) ;
#3434 = ORIENTED_EDGE ( 'NONE', *, *, #1416, .F. ) ;
#3435 = FACE_OUTER_BOUND ( 'NONE', #2171, .T. ) ;
#3436 = EDGE_LOOP ( 'NONE', ( #393, #4065, #821, #3884, #2007, #872, #3108, #2509, #3445, #3422, #1225, #1293 ) ) ;
#3437 = VERTEX_POINT ( 'NONE', #2299 ) ;
#3438 = DIRECTION ( 'NONE',  ( -0.0000000000000000000, -0.0000000000000000000, -1.000000000000000000 ) ) ;
#3439 = LINE ( 'NONE', #3459, #2798 ) ;
#3440 = CARTESIAN_POINT ( 'NONE',  ( -0.8000000000000013800, 1.125000000000000000, 0.4750000000000005900 ) ) ;
#3441 = CARTESIAN_POINT ( 'NONE',  ( 0.8000000000000009300, 1.125000000000000200, -1.124999999999999300 ) ) ;
#3442 = FILL_AREA_STYLE ('',( #3123 ) ) ;
#3443 = AXIS2_PLACEMENT_3D ( 'NONE', #692, #341, #1892 ) ;
#3444 = DIRECTION ( 'NONE',  ( 0.1736481776669307200, 0.9848077530122080200, 0.0000000000000000000 ) ) ;
#3445 = ORIENTED_EDGE ( 'NONE', *, *, #2014, .T. ) ;
#3446 = CARTESIAN_POINT ( 'NONE',  ( -1.177075203620538500, 0.01485674314076785600, 1.125000000000000700 ) ) ;
#3447 = ORIENTED_EDGE ( 'NONE', *, *, #3456, .T. ) ;
#3448 = ADVANCED_FACE ( 'NONE', ( #3087 ), #704, .F. ) ;
#3449 = LINE ( 'NONE', #1079, #3756 ) ;
#3450 = DIRECTION ( 'NONE',  ( -0.1736481776669307200, -0.9848077530122080200, 0.0000000000000000000 ) ) ;
#3451 =( NAMED_UNIT ( * ) PLANE_ANGLE_UNIT ( ) SI_UNIT ( $, .RADIAN. ) );
#3452 = VERTEX_POINT ( 'NONE', #1678 ) ;
#3453 = CARTESIAN_POINT ( 'NONE',  ( -0.8336537963607543200, 1.124999999999999300, -0.8249999999999992900 ) ) ;
#3454 = EDGE_LOOP ( 'NONE', ( #1804, #1138, #3472, #2598 ) ) ;
#3455 = FACE_OUTER_BOUND ( 'NONE', #2391, .T. ) ;
#3456 = EDGE_CURVE ( 'NONE', #3796, #2524, #2643, .T. ) ;
#3457 = AXIS2_PLACEMENT_3D ( 'NONE', #2583, #2927, #2259 ) ;
#3458 = VERTEX_POINT ( 'NONE', #2318 ) ;
#3459 = CARTESIAN_POINT ( 'NONE',  ( 1.177075203620538100, 0.01485674314076785600, -1.124999999999999300 ) ) ;
#3460 = VECTOR ( 'NONE', #2645, 1000.000000000000000 ) ;
#3461 = CARTESIAN_POINT ( 'NONE',  ( -1.077767920093802000, 0.8892617309391303000, -1.124999999999999300 ) ) ;
#3462 = DIRECTION ( 'NONE',  ( -0.0000000000000000000, -0.0000000000000000000, -1.000000000000000000 ) ) ;
#3463 = CYLINDRICAL_SURFACE ( 'NONE', #3103, 0.09426292210543163500 ) ;
#3464 = CARTESIAN_POINT ( 'NONE',  ( -1.177075203620538500, 0.01485674314076785600, 1.125000000000000700 ) ) ;
#3465 = CARTESIAN_POINT ( 'NONE',  ( -0.8000000000000012700, 1.125000000000000000, 1.125000000000000700 ) ) ;
#3466 = EDGE_CURVE ( 'NONE', #4029, #505, #932, .T. ) ;
#3467 = FACE_OUTER_BOUND ( 'NONE', #238, .T. ) ;
#3468 = DIRECTION ( 'NONE',  ( 1.000000000000000000, 9.664902237447750300E-015, -0.0000000000000000000 ) ) ;
#3469 = ORIENTED_EDGE ( 'NONE', *, *, #2205, .F. ) ;
#3470 = CIRCLE ( 'NONE', #1859, 0.09426292210543098200 ) ;
#3471 = CARTESIAN_POINT ( 'NONE',  ( -0.8000000000000016000, 1.125000000000000000, -0.8249999999999992900 ) ) ;
#3472 = ORIENTED_EDGE ( 'NONE', *, *, #2722, .F. ) ;
#3473 = VERTEX_POINT ( 'NONE', #1749 ) ;
#3474 = ORIENTED_EDGE ( 'NONE', *, *, #827, .F. ) ;
#3475 = VECTOR ( 'NONE', #1462, 1000.000000000000000 ) ;
#3476 = CARTESIAN_POINT ( 'NONE',  ( -0.4572970168999269700, 1.349999999999999400, -1.250595292731815400 ) ) ;
#3477 = DIRECTION ( 'NONE',  ( 0.0000000000000000000, 0.0000000000000000000, 1.000000000000000000 ) ) ;
#3478 = ORIENTED_EDGE ( 'NONE', *, *, #1027, .F. ) ;
#3479 = EDGE_CURVE ( 'NONE', #505, #2158, #2248, .T. ) ;
#3480 = CARTESIAN_POINT ( 'NONE',  ( 0.8000000000000000400, 1.125000000000000000, -1.500000000000000000 ) ) ;
#3481 = DIRECTION ( 'NONE',  ( 0.0000000000000000000, -1.000000000000000000, 0.0000000000000000000 ) ) ;
#3482 = LINE ( 'NONE', #1514, #2836 ) ;
#3483 = ORIENTED_EDGE ( 'NONE', *, *, #609, .F. ) ;
#3484 = FACE_OUTER_BOUND ( 'NONE', #1769, .T. ) ;
#3485 = VECTOR ( 'NONE', #1332, 1000.000000000000000 ) ;
#3486 = LINE ( 'NONE', #1298, #1617 ) ;
#3487 = EDGE_CURVE ( 'NONE', #532, #1320, #1806, .T. ) ;
#3488 = LINE ( 'NONE', #2499, #522 ) ;
#3489 = CARTESIAN_POINT ( 'NONE',  ( 1.194114123733047500, 0.2585246530445617900, 1.125000000000000700 ) ) ;
#3490 = ADVANCED_FACE ( 'NONE', ( #104 ), #2021, .F. ) ;
#3491 = CARTESIAN_POINT ( 'NONE',  ( -0.8336537963607541000, 0.9749999999999996400, 1.125000000000000700 ) ) ;
#3492 = CARTESIAN_POINT ( 'NONE',  ( 1.177075203620538300, 0.01485674314076785600, -0.1749999999999993800 ) ) ;
#3493 = CARTESIAN_POINT ( 'NONE',  ( -0.8336537963607541000, 0.9749999999999996400, 1.125000000000000700 ) ) ;
#3494 = CARTESIAN_POINT ( 'NONE',  ( -1.399999999999999900, 0.1496346075389733400, 1.125000000000000700 ) ) ;
#3495 = AXIS2_PLACEMENT_3D ( 'NONE', #2331, #3300, #1102 ) ;
#3496 = ORIENTED_EDGE ( 'NONE', *, *, #1776, .F. ) ;
#3497 = VECTOR ( 'NONE', #3323, 1000.000000000000000 ) ;
#3498 = ORIENTED_EDGE ( 'NONE', *, *, #3190, .F. ) ;
#3499 = ORIENTED_EDGE ( 'NONE', *, *, #2425, .T. ) ;
#3500 = CARTESIAN_POINT ( 'NONE',  ( 0.8336537963607539800, 0.8807370778945685700, 0.1750000000000006800 ) ) ;
#3501 = FACE_OUTER_BOUND ( 'NONE', #1009, .T. ) ;
#3502 = ORIENTED_EDGE ( 'NONE', *, *, #1508, .T. ) ;
#3503 = ORIENTED_EDGE ( 'NONE', *, *, #1048, .F. ) ;
#3504 = PLANE ( 'NONE',  #187 ) ;
#3505 = FILL_AREA_STYLE ('',( #106 ) ) ;
#3506 = PLANE ( 'NONE',  #1136 ) ;
#3507 = DIRECTION ( 'NONE',  ( 1.000000000000000000, 0.0000000000000000000, 0.0000000000000000000 ) ) ;
#3508 = CARTESIAN_POINT ( 'NONE',  ( -1.187538674682156100, 0.1644913506797410500, 1.125000000000000700 ) ) ;
#3509 = EDGE_CURVE ( 'NONE', #1011, #2978, #2743, .T. ) ;
#3510 = AXIS2_PLACEMENT_3D ( 'NONE', #3162, #3175, #3450 ) ;
#3511 = DIRECTION ( 'NONE',  ( 0.03489949670250141300, -0.9993908270190956500, 0.0000000000000000000 ) ) ;
#3512 = CARTESIAN_POINT ( 'NONE',  ( -0.6545302409155155900, 0.1500000000000004900, -1.354530240915516000 ) ) ;
#3513 = CIRCLE ( 'NONE', #1965, 0.2442629221054308200 ) ;
#3514 = ORIENTED_EDGE ( 'NONE', *, *, #407, .T. ) ;
#3515 = CARTESIAN_POINT ( 'NONE',  ( -1.400000000000000100, 0.1496346075389733400, 0.1750000000000006800 ) ) ;
#3516 = DIRECTION ( 'NONE',  ( 0.0000000000000000000, 0.0000000000000000000, 1.000000000000000000 ) ) ;
#3517 = DIRECTION ( 'NONE',  ( -9.664902237447748700E-015, 1.000000000000000000, 0.0000000000000000000 ) ) ;
#3518 = CARTESIAN_POINT ( 'NONE',  ( 0.8000000000000009300, 1.125000000000000200, -1.124999999999999300 ) ) ;
#3519 = VERTEX_POINT ( 'NONE', #2009 ) ;
#3520 = CARTESIAN_POINT ( 'NONE',  ( 0.8336537963607537600, 0.8807370778945685700, -0.8249999999999992900 ) ) ;
#3521 = ORIENTED_EDGE ( 'NONE', *, *, #972, .F. ) ;
#3522 = CIRCLE ( 'NONE', #718, 0.2442629221054309400 ) ;
#3523 = DIRECTION ( 'NONE',  ( -0.06975647374411829400, 0.9975640502598247500, 0.0000000000000000000 ) ) ;
#3524 = ORIENTED_EDGE ( 'NONE', *, *, #3928, .T. ) ;
#3525 = LINE ( 'NONE', #1309, #1656 ) ;
#3526 = ORIENTED_EDGE ( 'NONE', *, *, #3567, .F. ) ;
#3527 =( NAMED_UNIT ( * ) PLANE_ANGLE_UNIT ( ) SI_UNIT ( $, .RADIAN. ) );
#3528 = UNCERTAINTY_MEASURE_WITH_UNIT (LENGTH_MEASURE( 1.000000000000000100E-005 ), #4034, 'distance_accuracy_value', 'NONE');
#3529 = ORIENTED_EDGE ( 'NONE', *, *, #294, .F. ) ;
#3530 = AXIS2_PLACEMENT_3D ( 'NONE', #3878, #1934, #2573 ) ;
#3531 = CIRCLE ( 'NONE', #650, 0.2442629221054307100 ) ;
#3532 = EDGE_LOOP ( 'NONE', ( #3689, #1625, #1109, #3931 ) ) ;
#3533 = SHAPE_DEFINITION_REPRESENTATION ( #1327, #2799 ) ;
#3534 = ORIENTED_EDGE ( 'NONE', *, *, #4004, .F. ) ;
#3535 = CARTESIAN_POINT ( 'NONE',  ( 1.194114123733047500, 0.2585246530445617900, 1.125000000000000700 ) ) ;
#3536 = EDGE_CURVE ( 'NONE', #3313, #1538, #1083, .T. ) ;
#3537 = EDGE_CURVE ( 'NONE', #2503, #3228, #891, .T. ) ;
#3538 = DIRECTION ( 'NONE',  ( -0.9975640502598248600, 0.06975647374411597700, 0.0000000000000000000 ) ) ;
#3539 = DIRECTION ( 'NONE',  ( 0.03489949670250141300, -0.9993908270190956500, 0.0000000000000000000 ) ) ;
#3540 = LINE ( 'NONE', #2946, #944 ) ;
#3541 = CARTESIAN_POINT ( 'NONE',  ( -0.8336537963607543200, 0.8807370778945685700, -0.1749999999999993800 ) ) ;
#3542 = VECTOR ( 'NONE', #2654, 1000.000000000000000 ) ;
#3543 = CARTESIAN_POINT ( 'NONE',  ( 1.389536528938382100, 0.0000000000000000000, 0.1750000000000006800 ) ) ;
#3544 = SURFACE_SIDE_STYLE ('',( #2941 ) ) ;
#3545 = ORIENTED_EDGE ( 'NONE', *, *, #3928, .F. ) ;
#3546 = EDGE_CURVE ( 'NONE', #1638, #1268, #3282, .T. ) ;
#3547 = DIRECTION ( 'NONE',  ( -0.9975640502598248600, 0.06975647374411597700, 0.0000000000000000000 ) ) ;
#3548 = CARTESIAN_POINT ( 'NONE',  ( -0.8000000000000014900, 1.125000000000000000, -0.1749999999999993800 ) ) ;
#3549 = CLOSED_SHELL ( 'NONE', ( #1315, #641, #1702, #184, #3047, #3730, #1274, #3714, #2547, #3181, #284, #2445, #681, #382 ) ) ;
#3550 = DIRECTION ( 'NONE',  ( -0.0000000000000000000, -0.0000000000000000000, -1.000000000000000000 ) ) ;
#3551 = STYLED_ITEM ( 'NONE', ( #785 ), #2862 ) ;
#3552 = VECTOR ( 'NONE', #3265, 1000.000000000000000 ) ;
#3553 = CARTESIAN_POINT ( 'NONE',  ( 0.9499999999999997300, 0.2500000000000000600, 0.4750000000000005900 ) ) ;
#3554 = ORIENTED_EDGE ( 'NONE', *, *, #454, .F. ) ;
#3555 = VERTEX_POINT ( 'NONE', #1403 ) ;
#3556 = CARTESIAN_POINT ( 'NONE',  ( -1.194114123733047700, 0.2585246530445617900, -0.1749999999999993800 ) ) ;
#3557 = CYLINDRICAL_SURFACE ( 'NONE', #1544, 0.2442629221054309400 ) ;
#3558 = VERTEX_POINT ( 'NONE', #808 ) ;
#3559 =( LENGTH_UNIT ( ) NAMED_UNIT ( * ) SI_UNIT ( .MILLI., .METRE. ) );
#3560 = ORIENTED_EDGE ( 'NONE', *, *, #2491, .T. ) ;
#3561 = DIRECTION ( 'NONE',  ( -0.0000000000000000000, -0.0000000000000000000, -1.000000000000000000 ) ) ;
#3562 = DIRECTION ( 'NONE',  ( 0.06975647374411828000, -0.9975640502598247500, 0.0000000000000000000 ) ) ;
#3563 = DIRECTION ( 'NONE',  ( -1.000000000000000000, -9.664902237447748700E-015, 0.0000000000000000000 ) ) ;
#3564 = CARTESIAN_POINT ( 'NONE',  ( -0.4572970168999269700, 1.349999999999999400, -1.250595292731815400 ) ) ;
#3565 = EDGE_CURVE ( 'NONE', #2542, #1638, #3336, .T. ) ;
#3566 = VECTOR ( 'NONE', #1415, 1000.000000000000000 ) ;
#3567 = EDGE_CURVE ( 'NONE', #1824, #1453, #2052, .T. ) ;
#3568 = VERTEX_POINT ( 'NONE', #499 ) ;
#3569 = CARTESIAN_POINT ( 'NONE',  ( 1.194114123733047000, 0.2585246530445617900, -1.124999999999999300 ) ) ;
#3570 = ORIENTED_EDGE ( 'NONE', *, *, #454, .T. ) ;
#3571 = VECTOR ( 'NONE', #574, 1000.000000000000000 ) ;
#3572 = CARTESIAN_POINT ( 'NONE',  ( 1.194114123733047000, 0.2585246530445617900, -0.8249999999999992900 ) ) ;
#3573 = DIRECTION ( 'NONE',  ( 0.0000000000000000000, 0.0000000000000000000, 1.000000000000000000 ) ) ;
#3574 = DIRECTION ( 'NONE',  ( -0.03489949670250141300, 0.9993908270190956500, -0.0000000000000000000 ) ) ;
#3575 = EDGE_LOOP ( 'NONE', ( #2936, #461, #3916, #1407 ) ) ;
#3576 = DIRECTION ( 'NONE',  ( 0.9975640502598248600, -0.06975647374411599000, 0.0000000000000000000 ) ) ;
#3577 = ORIENTED_EDGE ( 'NONE', *, *, #168, .F. ) ;
#3578 = ORIENTED_EDGE ( 'NONE', *, *, #2570, .T. ) ;
#3579 = VECTOR ( 'NONE', #1648, 1000.000000000000000 ) ;
#3580 = ORIENTED_EDGE ( 'NONE', *, *, #1032, .T. ) ;
#3581 = DIRECTION ( 'NONE',  ( -0.03489949670250141300, -0.9993908270190956500, 0.0000000000000000000 ) ) ;
#3582 = ORIENTED_EDGE ( 'NONE', *, *, #2434, .F. ) ;
#3583 = ORIENTED_EDGE ( 'NONE', *, *, #1458, .F. ) ;
#3584 = CIRCLE ( 'NONE', #1097, 0.09426292210543098200 ) ;
#3585 = CYLINDRICAL_SURFACE ( 'NONE', #1278, 0.2442629221054309400 ) ;
#3586 = DIRECTION ( 'NONE',  ( 0.0000000000000000000, 0.0000000000000000000, 1.000000000000000000 ) ) ;
#3587 = AXIS2_PLACEMENT_3D ( 'NONE', #2340, #706, #1969 ) ;
#3588 = PLANE ( 'NONE',  #42 ) ;
#3589 = VECTOR ( 'NONE', #3846, 1000.000000000000000 ) ;
#3590 = CARTESIAN_POINT ( 'NONE',  ( 1.194114123733047300, 0.2585246530445617900, 0.1750000000000006800 ) ) ;
#3591 = PLANE ( 'NONE',  #3728 ) ;
#3592 = EDGE_CURVE ( 'NONE', #2888, #2967, #53, .T. ) ;
#3593 = AXIS2_PLACEMENT_3D ( 'NONE', #2852, #328, #690 ) ;
#3594 = DIRECTION ( 'NONE',  ( -0.0000000000000000000, -0.0000000000000000000, -1.000000000000000000 ) ) ;
#3595 =( NAMED_UNIT ( * ) PLANE_ANGLE_UNIT ( ) SI_UNIT ( $, .RADIAN. ) );
#3596 = CARTESIAN_POINT ( 'NONE',  ( -0.9278592960409379800, 0.8840268064337552000, -0.4749999999999993100 ) ) ;
#3597 = ORIENTED_EDGE ( 'NONE', *, *, #4060, .T. ) ;
#3598 = VECTOR ( 'NONE', #2392, 1000.000000000000000 ) ;
#3599 = EDGE_LOOP ( 'NONE', ( #528, #2389, #2485, #936 ) ) ;
#3600 = ORIENTED_EDGE ( 'NONE', *, *, #3479, .F. ) ;
#3601 = PLANE ( 'NONE',  #531 ) ;
#3602 = ADVANCED_FACE ( 'NONE', ( #1139 ), #1121, .F. ) ;
#3603 = DIRECTION ( 'NONE',  ( 1.000000000000000000, 0.0000000000000000000, -0.0000000000000000000 ) ) ;
#3604 = VECTOR ( 'NONE', #1932, 1000.000000000000000 ) ;
#3605 = FACE_OUTER_BOUND ( 'NONE', #2264, .T. ) ;
#3606 = CARTESIAN_POINT ( 'NONE',  ( -0.8000000000000013800, 1.125000000000000000, 0.1750000000000006800 ) ) ;
#3607 = VERTEX_POINT ( 'NONE', #2695 ) ;
#3608 = DIRECTION ( 'NONE',  ( 0.06975647374411818300, 0.9975640502598247500, -0.0000000000000000000 ) ) ;
#3609 = MANIFOLD_SOLID_BREP ( 'Boss-Extrude5', #712 ) ;
#3610 = ORIENTED_EDGE ( 'NONE', *, *, #2634, .T. ) ;
#3611 = VECTOR ( 'NONE', #1752, 1000.000000000000100 ) ;
#3612 = PLANE ( 'NONE',  #1339 ) ;
#3613 = DIRECTION ( 'NONE',  ( 0.0000000000000000000, 0.0000000000000000000, 1.000000000000000000 ) ) ;
#3614 = ORIENTED_EDGE ( 'NONE', *, *, #1135, .F. ) ;
#3615 =( GEOMETRIC_REPRESENTATION_CONTEXT ( 3 ) GLOBAL_UNCERTAINTY_ASSIGNED_CONTEXT ( ( #2394 ) ) GLOBAL_UNIT_ASSIGNED_CONTEXT ( ( #4036, #3, #2147 ) ) REPRESENTATION_CONTEXT ( 'NONE', 'WORKASPACE' ) );
#3616 = EDGE_CURVE ( 'NONE', #361, #33, #2149, .T. ) ;
#3617 = EDGE_CURVE ( 'NONE', #874, #2779, #3522, .T. ) ;
#3618 = CARTESIAN_POINT ( 'NONE',  ( -1.177075203620539000, 0.01485674314076785600, -0.8249999999999992900 ) ) ;
#3619 = CARTESIAN_POINT ( 'NONE',  ( 0.8000000000000011500, 0.9749999999999999800, 0.4750000000000005900 ) ) ;
#3620 = DIRECTION ( 'NONE',  ( -0.0000000000000000000, -0.0000000000000000000, -1.000000000000000000 ) ) ;
#3621 = CIRCLE ( 'NONE', #440, 0.09426292210543163500 ) ;
#3622 = EDGE_LOOP ( 'NONE', ( #2152, #3679, #3937, #2440 ) ) ;
#3623 = CARTESIAN_POINT ( 'NONE',  ( -1.077767920093801700, 0.8892617309391303000, -0.4749999999999993100 ) ) ;
#3624 = CARTESIAN_POINT ( 'NONE',  ( 1.194114123733047000, 0.2585246530445617900, -0.8249999999999992900 ) ) ;
#3625 = ORIENTED_EDGE ( 'NONE', *, *, #3069, .F. ) ;
#3626 = EDGE_CURVE ( 'NONE', #722, #3355, #3631, .T. ) ;
#3627 = LINE ( 'NONE', #701, #3770 ) ;
#3628 = ADVANCED_FACE ( 'NONE', ( #4038 ), #233, .T. ) ;
#3629 = CARTESIAN_POINT ( 'NONE',  ( -0.8336537963607543200, 0.8807370778945685700, -0.1749999999999993800 ) ) ;
#3630 = EDGE_LOOP ( 'NONE', ( #3910, #2709, #1644, #1081 ) ) ;
#3631 = LINE ( 'NONE', #3079, #2786 ) ;
#3632 = EDGE_CURVE ( 'NONE', #910, #578, #1847, .T. ) ;
#3633 = ORIENTED_EDGE ( 'NONE', *, *, #430, .T. ) ;
#3634 = VERTEX_POINT ( 'NONE', #1735 ) ;
#3635 = PLANE ( 'NONE',  #2411 ) ;
#3636 = AXIS2_PLACEMENT_3D ( 'NONE', #3966, #3319, #2010 ) ;
#3637 =( NAMED_UNIT ( * ) PLANE_ANGLE_UNIT ( ) SI_UNIT ( $, .RADIAN. ) );
#3638 = EDGE_LOOP ( 'NONE', ( #1978, #487, #3657, #2462 ) ) ;
#3639 = LINE ( 'NONE', #1779, #2840 ) ;
#3641 = ORIENTED_EDGE ( 'NONE', *, *, #2899, .T. ) ;
#3640 = DIRECTION ( 'NONE',  ( -0.0000000000000000000, -0.0000000000000000000, -1.000000000000000000 ) ) ;
#3642 = LINE ( 'NONE', #1864, #3392 ) ;
#3643 = EDGE_CURVE ( 'NONE', #285, #508, #211, .T. ) ;
#3644 = SURFACE_SIDE_STYLE ('',( #1166 ) ) ;
#3645 = CARTESIAN_POINT ( 'NONE',  ( -1.077767920093801700, 0.8892617309391303000, -0.1749999999999993800 ) ) ;
#3646 = VECTOR ( 'NONE', #196, 1000.000000000000100 ) ;
#3647 = CARTESIAN_POINT ( 'NONE',  ( -1.099908624052863900, 0.2552349245053750500, 0.4750000000000005900 ) ) ;
#3648 = FACE_OUTER_BOUND ( 'NONE', #3987, .T. ) ;
#3649 = ADVANCED_FACE ( 'NONE', ( #2986 ), #1790, .F. ) ;
#3650 = CARTESIAN_POINT ( 'NONE',  ( -1.077767920093801500, 0.8892617309391303000, 1.125000000000000700 ) ) ;
#3651 = EDGE_CURVE ( 'NONE', #3010, #3725, #3273, .T. ) ;
#3652 = AXIS2_PLACEMENT_3D ( 'NONE', #795, #1440, #3958 ) ;
#3653 = DIRECTION ( 'NONE',  ( -0.03489949670250141300, 0.9993908270190956500, -0.0000000000000000000 ) ) ;
#3654 = ORIENTED_EDGE ( 'NONE', *, *, #1593, .T. ) ;
#3655 = CARTESIAN_POINT ( 'NONE',  ( -1.194114123733047700, 0.2585246530445617900, 0.1750000000000006800 ) ) ;
#3656 = DIRECTION ( 'NONE',  ( -0.9975640502598248600, -0.06975647374411597700, 0.0000000000000000000 ) ) ;
#3657 = ORIENTED_EDGE ( 'NONE', *, *, #2778, .F. ) ;
#3658 = CARTESIAN_POINT ( 'NONE',  ( 0.8000000000000000400, 1.125000000000000000, -1.500000000000000000 ) ) ;
#3659 = LINE ( 'NONE', #2605, #375 ) ;
#3660 = ORIENTED_EDGE ( 'NONE', *, *, #3036, .F. ) ;
#3661 = ORIENTED_EDGE ( 'NONE', *, *, #757, .F. ) ;
#3662 = LINE ( 'NONE', #2184, #3408 ) ;
#3663 = ORIENTED_EDGE ( 'NONE', *, *, #961, .F. ) ;
#3664 = CARTESIAN_POINT ( 'NONE',  ( 0.9278592960409376400, 0.8840268064337552000, 0.1750000000000006800 ) ) ;
#3665 = VERTEX_POINT ( 'NONE', #2105 ) ;
#3666 = DIRECTION ( 'NONE',  ( 0.0000000000000000000, 0.0000000000000000000, 1.000000000000000000 ) ) ;
#3667 = CARTESIAN_POINT ( 'NONE',  ( -1.177075203620538700, 0.01485674314076785600, -0.1749999999999993800 ) ) ;
#3668 = CARTESIAN_POINT ( 'NONE',  ( 0.8336537963607539800, 1.124999999999999800, 0.4750000000000005900 ) ) ;
#3669 = ADVANCED_FACE ( 'NONE', ( #726 ), #2636, .F. ) ;
#3670 = DIRECTION ( 'NONE',  ( -1.000000000000000000, 0.0000000000000000000, 0.0000000000000000000 ) ) ;
#3671 = AXIS2_PLACEMENT_3D ( 'NONE', #2664, #2980, #164 ) ;
#3672 = LINE ( 'NONE', #2008, #3566 ) ;
#3673 = AXIS2_PLACEMENT_3D ( 'NONE', #1579, #2893, #1905 ) ;
#3674 = ORIENTED_EDGE ( 'NONE', *, *, #2005, .F. ) ;
#3675 = EDGE_CURVE ( 'NONE', #1348, #715, #3687, .T. ) ;
#3676 = PRESENTATION_LAYER_ASSIGNMENT (  '', '', ( #3866 ) ) ;
#3677 = LINE ( 'NONE', #1222, #2824 ) ;
#3678 = DIRECTION ( 'NONE',  ( -1.000000000000000000, 9.664902237447748700E-015, 0.0000000000000000000 ) ) ;
#3679 = ORIENTED_EDGE ( 'NONE', *, *, #970, .F. ) ;
#3680 = CARTESIAN_POINT ( 'NONE',  ( 1.077767920093801300, 0.8892617309391303000, -0.8249999999999992900 ) ) ;
#3681 = LINE ( 'NONE', #828, #8 ) ;
#3682 = VERTEX_POINT ( 'NONE', #3664 ) ;
#3683 = CARTESIAN_POINT ( 'NONE',  ( -0.8000000000000012700, 1.125000000000000000, 0.8250000000000006200 ) ) ;
#3684 = VERTEX_POINT ( 'NONE', #883 ) ;
#3685 = CARTESIAN_POINT ( 'NONE',  ( -0.4572970168999269700, 1.449999999999999500, -1.007589672163472300 ) ) ;
#3686 = ORIENTED_EDGE ( 'NONE', *, *, #2497, .F. ) ;
#3687 = LINE ( 'NONE', #561, #4033 ) ;
#3688 = PLANE ( 'NONE',  #1207 ) ;
#3689 = ORIENTED_EDGE ( 'NONE', *, *, #3466, .T. ) ;
#3690 = FACE_OUTER_BOUND ( 'NONE', #3706, .T. ) ;
#3691 = ORIENTED_EDGE ( 'NONE', *, *, #4068, .F. ) ;
#3692 = EDGE_CURVE ( 'NONE', #1602, #378, #2138, .T. ) ;
#3693 = EDGE_LOOP ( 'NONE', ( #906, #377, #2148, #4071 ) ) ;
#3694 = CIRCLE ( 'NONE', #24, 0.2442629221054310500 ) ;
#3695 = ADVANCED_FACE ( 'NONE', ( #2160 ), #3053, .F. ) ;
#3696 = VECTOR ( 'NONE', #1237, 1000.000000000000000 ) ;
#3697 = DIRECTION ( 'NONE',  ( 0.0000000000000000000, 0.0000000000000000000, 1.000000000000000000 ) ) ;
#3698 = DIRECTION ( 'NONE',  ( 0.0000000000000000000, -0.0000000000000000000, 1.000000000000000000 ) ) ;
#3699 = VECTOR ( 'NONE', #3924, 1000.000000000000000 ) ;
#3700 = DIRECTION ( 'NONE',  ( -0.0000000000000000000, -0.0000000000000000000, -1.000000000000000000 ) ) ;
#3701 = CARTESIAN_POINT ( 'NONE',  ( 0.8336537963607537600, 1.124999999999999800, -0.8249999999999992900 ) ) ;
#3702 = CARTESIAN_POINT ( 'NONE',  ( 1.177075203620538300, 0.01485674314076785600, -0.1749999999999993800 ) ) ;
#3703 = EDGE_CURVE ( 'NONE', #2658, #2888, #3513, .T. ) ;
#3704 = ORIENTED_EDGE ( 'NONE', *, *, #1819, .F. ) ;
#3705 = LINE ( 'NONE', #2501, #3157 ) ;
#3706 = EDGE_LOOP ( 'NONE', ( #312, #1959, #3674, #2606 ) ) ;
#3707 = EDGE_CURVE ( 'NONE', #3967, #285, #1944, .T. ) ;
#3708 = CARTESIAN_POINT ( 'NONE',  ( -0.8336537963607544300, 0.8807370778945685700, -0.8249999999999992900 ) ) ;
#3709 = ORIENTED_EDGE ( 'NONE', *, *, #2646, .F. ) ;
#3710 = DIRECTION ( 'NONE',  ( -1.000000000000000000, 0.0000000000000000000, 0.0000000000000000000 ) ) ;
#3711 = FACE_OUTER_BOUND ( 'NONE', #2086, .T. ) ;
#3712 = ORIENTED_EDGE ( 'NONE', *, *, #2492, .T. ) ;
#3713 = CARTESIAN_POINT ( 'NONE',  ( 1.194114123733047300, 0.2585246530445617900, -0.4749999999999993100 ) ) ;
#3714 = ADVANCED_FACE ( 'NONE', ( #2063 ), #1235, .F. ) ;
#3715 = DIRECTION ( 'NONE',  ( -1.000000000000000000, 0.0000000000000000000, 0.0000000000000000000 ) ) ;
#3716 = EDGE_LOOP ( 'NONE', ( #2744, #329, #1561, #3502 ) ) ;
#3717 = COLOUR_RGB ( '',0.7921568627450980000, 0.8196078431372548800, 0.9333333333333333500 ) ;
#3718 = AXIS2_PLACEMENT_3D ( 'NONE', #327, #1260, #1571 ) ;
#3719 = VERTEX_POINT ( 'NONE', #849 ) ;
#3720 = LINE ( 'NONE', #1290, #2234 ) ;
#3721 = LINE ( 'NONE', #1946, #3122 ) ;
#3722 = DIRECTION ( 'NONE',  ( -1.000000000000000000, -0.0000000000000000000, 2.710505431213762600E-016 ) ) ;
#3723 = DIRECTION ( 'NONE',  ( -0.0000000000000000000, -0.0000000000000000000, -1.000000000000000000 ) ) ;
#3724 = AXIS2_PLACEMENT_3D ( 'NONE', #1566, #2517, #3104 ) ;
#3725 = VERTEX_POINT ( 'NONE', #2413 ) ;
#3726 = VECTOR ( 'NONE', #3322, 1000.000000000000000 ) ;
#3727 = EDGE_CURVE ( 'NONE', #2294, #722, #3837, .T. ) ;
#3728 = AXIS2_PLACEMENT_3D ( 'NONE', #177, #3301, #1723 ) ;
#3729 = ORIENTED_EDGE ( 'NONE', *, *, #2821, .F. ) ;
#3730 = ADVANCED_FACE ( 'NONE', ( #1197 ), #3421, .F. ) ;
#3731 = LINE ( 'NONE', #1967, #1758 ) ;
#3732 = ORIENTED_EDGE ( 'NONE', *, *, #3626, .F. ) ;
#3733 = VECTOR ( 'NONE', #577, 1000.000000000000000 ) ;
#3734 = PLANE ( 'NONE',  #1838 ) ;
#3735 = ORIENTED_EDGE ( 'NONE', *, *, #142, .T. ) ;
#3736 = CARTESIAN_POINT ( 'NONE',  ( 0.8000000000000010400, 1.125000000000000200, -0.1749999999999993800 ) ) ;
#3737 = CARTESIAN_POINT ( 'NONE',  ( -1.099908624052863700, 0.2552349245053750500, 1.125000000000000700 ) ) ;
#3738 = VECTOR ( 'NONE', #700, 1000.000000000000000 ) ;
#3739 = EDGE_LOOP ( 'NONE', ( #1580, #3583, #727, #2396 ) ) ;
#3740 = VECTOR ( 'NONE', #1533, 1000.000000000000000 ) ;
#3741 = ORIENTED_EDGE ( 'NONE', *, *, #1392, .F. ) ;
#3742 = AXIS2_PLACEMENT_3D ( 'NONE', #1433, #1733, #3952 ) ;
#3743 = LINE ( 'NONE', #1337, #3140 ) ;
#3744 = DIRECTION ( 'NONE',  ( 4.003990144861515700E-016, 0.1736481776669307200, 0.9848077530122080200 ) ) ;
#3745 = FACE_OUTER_BOUND ( 'NONE', #2769, .T. ) ;
#3746 = CARTESIAN_POINT ( 'NONE',  ( -0.8336537963607543200, 0.8807370778945685700, -0.4749999999999993100 ) ) ;
#3747 = CARTESIAN_POINT ( 'NONE',  ( 1.194114123733047300, 0.2585246530445617900, 0.1750000000000006800 ) ) ;
#3748 = ORIENTED_EDGE ( 'NONE', *, *, #2634, .F. ) ;
#3749 = PRESENTATION_LAYER_ASSIGNMENT (  '', '', ( #2973 ) ) ;
#3750 = CARTESIAN_POINT ( 'NONE',  ( -1.400000000000000400, 0.1496346075389733400, -1.124999999999999300 ) ) ;
#3751 = CARTESIAN_POINT ( 'NONE',  ( 1.187538674682155700, 0.1644913506797416000, -0.8249999999999992900 ) ) ;
#3752 = EDGE_CURVE ( 'NONE', #953, #3519, #364, .T. ) ;
#3753 = EDGE_CURVE ( 'NONE', #240, #2779, #989, .T. ) ;
#3754 = ORIENTED_EDGE ( 'NONE', *, *, #1668, .T. ) ;
#3755 = EDGE_LOOP ( 'NONE', ( #3208, #3153, #830, #182, #194, #2567, #877, #3780, #3625, #1852, #1259, #1147 ) ) ;
#3756 = VECTOR ( 'NONE', #756, 1000.000000000000000 ) ;
#3757 = CARTESIAN_POINT ( 'NONE',  ( 0.9278592960409377500, 0.8840268064337552000, 1.125000000000000700 ) ) ;
#3758 = ORIENTED_EDGE ( 'NONE', *, *, #544, .F. ) ;
#3759 = VERTEX_POINT ( 'NONE', #2823 ) ;
#3760 = FACE_OUTER_BOUND ( 'NONE', #2730, .T. ) ;
#3761 = PLANE ( 'NONE',  #1199 ) ;
#3762 = CARTESIAN_POINT ( 'NONE',  ( 0.8000000000000009300, 1.125000000000000200, -0.8249999999999992900 ) ) ;
#3763 = ORIENTED_EDGE ( 'NONE', *, *, #6, .T. ) ;
#3764 = EDGE_CURVE ( 'NONE', #3555, #133, #3095, .T. ) ;
#3765 = AXIS2_PLACEMENT_3D ( 'NONE', #3813, #2851, #674 ) ;
#3766 = DIRECTION ( 'NONE',  ( 1.000000000000000000, -9.664902237447750300E-015, 0.0000000000000000000 ) ) ;
#3767 = FACE_OUTER_BOUND ( 'NONE', #4015, .T. ) ;
#3768 = DIRECTION ( 'NONE',  ( 0.0000000000000000000, 0.0000000000000000000, 1.000000000000000000 ) ) ;
#3769 = EDGE_CURVE ( 'NONE', #2363, #3078, #1286, .T. ) ;
#3770 = VECTOR ( 'NONE', #1004, 1000.000000000000000 ) ;
#3771 = CARTESIAN_POINT ( 'NONE',  ( -1.389536528938382800, 0.0000000000000000000, -1.124999999999999300 ) ) ;
#3772 = DIRECTION ( 'NONE',  ( -0.03489949670250141300, 0.9993908270190956500, 0.0000000000000000000 ) ) ;
#3773 = DIRECTION ( 'NONE',  ( 1.000000000000000000, -9.664902237447750300E-015, 0.0000000000000000000 ) ) ;
#3774 = DIRECTION ( 'NONE',  ( 0.03489949670250141300, -0.9993908270190956500, 0.0000000000000000000 ) ) ;
#3775 = ORIENTED_EDGE ( 'NONE', *, *, #273, .T. ) ;
#3776 = LINE ( 'NONE', #921, #1078 ) ;
#3777 = VERTEX_POINT ( 'NONE', #2168 ) ;
#3778 = ORIENTED_EDGE ( 'NONE', *, *, #3829, .F. ) ;
#3779 = EDGE_CURVE ( 'NONE', #3430, #984, #2995, .T. ) ;
#3780 = ORIENTED_EDGE ( 'NONE', *, *, #3091, .F. ) ;
#3781 = FACE_OUTER_BOUND ( 'NONE', #3380, .T. ) ;
#3782 = EDGE_CURVE ( 'NONE', #156, #2158, #3642, .T. ) ;
#3783 = EDGE_LOOP ( 'NONE', ( #3112, #2594, #2053, #2049 ) ) ;
#3784 = CARTESIAN_POINT ( 'NONE',  ( 1.194114123733047300, 0.2585246530445617900, -0.1749999999999993800 ) ) ;
#3785 = CYLINDRICAL_SURFACE ( 'NONE', #2472, 0.1215028102841714700 ) ;
#3786 = LINE ( 'NONE', #3155, #2471 ) ;
#3787 = ADVANCED_FACE ( 'NONE', ( #3049 ), #2194, .F. ) ;
#3788 = UNCERTAINTY_MEASURE_WITH_UNIT (LENGTH_MEASURE( 1.000000000000000100E-005 ), #342, 'distance_accuracy_value', 'NONE');
#3789 = CARTESIAN_POINT ( 'NONE',  ( 1.177075203620538500, 0.01485674314076785600, 0.8250000000000006200 ) ) ;
#3790 = DIRECTION ( 'NONE',  ( -1.000000000000000000, 0.0000000000000000000, 0.0000000000000000000 ) ) ;
#3791 = CARTESIAN_POINT ( 'NONE',  ( 1.077767920093801500, 0.8892617309391303000, -0.1749999999999993800 ) ) ;
#3792 = LINE ( 'NONE', #1637, #2949 ) ;
#3793 = AXIS2_PLACEMENT_3D ( 'NONE', #4021, #3039, #4005 ) ;
#3794 = PLANE ( 'NONE',  #2116 ) ;
#3795 = CARTESIAN_POINT ( 'NONE',  ( -0.9278592960409379800, 0.8840268064337552000, -1.124999999999999300 ) ) ;
#3796 = VERTEX_POINT ( 'NONE', #2487 ) ;
#3797 = FACE_OUTER_BOUND ( 'NONE', #281, .T. ) ;
#3798 = DIRECTION ( 'NONE',  ( -0.0000000000000000000, 1.000000000000000000, -0.0000000000000000000 ) ) ;
#3799 = AXIS2_PLACEMENT_3D ( 'NONE', #3508, #2614, #426 ) ;
#3800 = CARTESIAN_POINT ( 'NONE',  ( -0.8336537963607543200, 0.8807370778945685700, -0.4749999999999993100 ) ) ;
#3801 = ORIENTED_EDGE ( 'NONE', *, *, #1670, .F. ) ;
#3802 = DIRECTION ( 'NONE',  ( -0.0000000000000000000, -0.0000000000000000000, -1.000000000000000000 ) ) ;
#3803 = EDGE_LOOP ( 'NONE', ( #2050, #3212, #3287, #2780 ) ) ;
#3804 = VECTOR ( 'NONE', #2285, 1000.000000000000100 ) ;
#3805 = EDGE_CURVE ( 'NONE', #3836, #722, #606, .T. ) ;
#3806 = LINE ( 'NONE', #565, #2964 ) ;
#3807 = ORIENTED_EDGE ( 'NONE', *, *, #2491, .F. ) ;
#3808 = ADVANCED_FACE ( 'NONE', ( #3188 ), #633, .F. ) ;
#3809 = ORIENTED_EDGE ( 'NONE', *, *, #3782, .F. ) ;
#3810 = CARTESIAN_POINT ( 'NONE',  ( -1.400000000000000100, 0.1496346075389733400, -0.1749999999999993800 ) ) ;
#3811 = CARTESIAN_POINT ( 'NONE',  ( -0.9499999999999998400, 0.2500000000000000600, 1.125000000000000700 ) ) ;
#3812 = VERTEX_POINT ( 'NONE', #4058 ) ;
#3813 = CARTESIAN_POINT ( 'NONE',  ( 0.8000000000000012700, 1.125000000000000200, 1.125000000000000700 ) ) ;
#3814 = DIRECTION ( 'NONE',  ( 1.000000000000000000, 9.664902237447750300E-015, -0.0000000000000000000 ) ) ;
#3815 = VECTOR ( 'NONE', #678, 1000.000000000000000 ) ;
#3816 = CARTESIAN_POINT ( 'NONE',  ( -0.4572970168999269700, 1.449999999999999500, -1.129092482447643800 ) ) ;
#3817 = CARTESIAN_POINT ( 'NONE',  ( -1.077767920093801700, 0.8892617309391303000, 0.4750000000000005900 ) ) ;
#3818 = FACE_OUTER_BOUND ( 'NONE', #1219, .T. ) ;
#3819 = VERTEX_POINT ( 'NONE', #907 ) ;
#3820 = ORIENTED_EDGE ( 'NONE', *, *, #1495, .T. ) ;
#3821 = LINE ( 'NONE', #1449, #2737 ) ;
#3822 = CARTESIAN_POINT ( 'NONE',  ( -0.8336537963607541000, 1.124999999999999300, 0.4750000000000005900 ) ) ;
#3823 = MECHANICAL_DESIGN_GEOMETRIC_PRESENTATION_REPRESENTATION (  '', ( #2973 ), #3324 ) ;
#3824 = ORIENTED_EDGE ( 'NONE', *, *, #1370, .F. ) ;
#3825 = VERTEX_POINT ( 'NONE', #1569 ) ;
#3826 = ADVANCED_FACE ( 'NONE', ( #1958 ), #2373, .F. ) ;
#3827 = DIRECTION ( 'NONE',  ( -0.0000000000000000000, -0.0000000000000000000, -1.000000000000000000 ) ) ;
#3828 = ORIENTED_EDGE ( 'NONE', *, *, #2014, .F. ) ;
#3829 = EDGE_CURVE ( 'NONE', #3889, #3028, #1718, .T. ) ;
#3830 = EDGE_CURVE ( 'NONE', #33, #361, #802, .T. ) ;
#3831 =( NAMED_UNIT ( * ) SI_UNIT ( $, .STERADIAN. ) SOLID_ANGLE_UNIT ( ) );
#3832 = DIRECTION ( 'NONE',  ( 0.0000000000000000000, 0.0000000000000000000, 1.000000000000000000 ) ) ;
#3833 = LINE ( 'NONE', #3225, #3235 ) ;
#3834 = ORIENTED_EDGE ( 'NONE', *, *, #2066, .F. ) ;
#3835 = VECTOR ( 'NONE', #235, 1000.000000000000000 ) ;
#3836 = VERTEX_POINT ( 'NONE', #933 ) ;
#3837 = LINE ( 'NONE', #2734, #2841 ) ;
#3838 = EDGE_LOOP ( 'NONE', ( #1477, #358, #112, #399 ) ) ;
#3839 = EDGE_CURVE ( 'NONE', #1038, #1483, #2752, .T. ) ;
#3840 = CIRCLE ( 'NONE', #2162, 0.09426292210543119100 ) ;
#3841 = DIRECTION ( 'NONE',  ( 0.0000000000000000000, 0.0000000000000000000, 1.000000000000000000 ) ) ;
#3842 = EDGE_CURVE ( 'NONE', #2167, #3889, #2555, .T. ) ;
#3843 = CARTESIAN_POINT ( 'NONE',  ( -1.177075203620538700, 0.01485674314076785600, 0.1750000000000006800 ) ) ;
#3844 = LINE ( 'NONE', #111, #1387 ) ;
#3845 = CARTESIAN_POINT ( 'NONE',  ( 1.399999999999999700, 0.1496346075389735600, 0.4750000000000005900 ) ) ;
#3846 = DIRECTION ( 'NONE',  ( 0.0000000000000000000, -1.000000000000000000, 0.0000000000000000000 ) ) ;
#3847 = DIRECTION ( 'NONE',  ( 1.000000000000000000, 0.0000000000000000000, 0.0000000000000000000 ) ) ;
#3848 = MECHANICAL_DESIGN_GEOMETRIC_PRESENTATION_REPRESENTATION (  '', ( #3551 ), #3994 ) ;
#3849 = VERTEX_POINT ( 'NONE', #9 ) ;
#3850 = DIRECTION ( 'NONE',  ( 0.0000000000000000000, 0.0000000000000000000, 1.000000000000000000 ) ) ;
#3851 = CARTESIAN_POINT ( 'NONE',  ( -0.8000000000000012700, 0.9749999999999999800, 1.125000000000000700 ) ) ;
#3852 = VERTEX_POINT ( 'NONE', #1876 ) ;
#3853 = ORIENTED_EDGE ( 'NONE', *, *, #3617, .T. ) ;
#3854 = ORIENTED_EDGE ( 'NONE', *, *, #3779, .F. ) ;
#3855 = CARTESIAN_POINT ( 'NONE',  ( 0.8000000000000012700, 1.125000000000000200, 0.8250000000000006200 ) ) ;
#3856 = VERTEX_POINT ( 'NONE', #685 ) ;
#3857 = ORIENTED_EDGE ( 'NONE', *, *, #2143, .T. ) ;
#3858 = CARTESIAN_POINT ( 'NONE',  ( 0.8336537963607538700, 0.8807370778945685700, -0.1749999999999993800 ) ) ;
#3859 = CARTESIAN_POINT ( 'NONE',  ( -1.077767920093802000, 0.8892617309391303000, -0.8249999999999992900 ) ) ;
#3860 = DIRECTION ( 'NONE',  ( 0.0000000000000000000, -1.000000000000000000, 0.0000000000000000000 ) ) ;
#3861 = LINE ( 'NONE', #3941, #1355 ) ;
#3862 = CARTESIAN_POINT ( 'NONE',  ( 0.8000000000000010400, 0.9749999999999999800, -0.1749999999999993800 ) ) ;
#3863 = DIRECTION ( 'NONE',  ( -0.03489949670250106600, -0.9993908270190956500, 0.0000000000000000000 ) ) ;
#3864 = CARTESIAN_POINT ( 'NONE',  ( 0.8336537963607538700, 0.9749999999999997600, -0.4749999999999993100 ) ) ;
#3865 = EDGE_CURVE ( 'NONE', #133, #310, #3486, .T. ) ;
#3866 = STYLED_ITEM ( 'NONE', ( #2770 ), #279 ) ;
#3867 = LINE ( 'NONE', #2617, #3023 ) ;
#3868 = CARTESIAN_POINT ( 'NONE',  ( -1.194114123733047500, 0.2585246530445617900, 1.125000000000000700 ) ) ;
#3869 = CARTESIAN_POINT ( 'NONE',  ( -1.077767920093801500, 0.8892617309391303000, 1.125000000000000700 ) ) ;
#3870 = DIRECTION ( 'NONE',  ( 0.03489949670250141300, 0.9993908270190956500, -0.0000000000000000000 ) ) ;
#3871 = PRESENTATION_STYLE_ASSIGNMENT (( #65 ) ) ;
#3872 = ORIENTED_EDGE ( 'NONE', *, *, #2492, .F. ) ;
#3873 = DIRECTION ( 'NONE',  ( -0.9993908270190957600, 0.03489949670250142000, 0.0000000000000000000 ) ) ;
#3874 = SURFACE_SIDE_STYLE ('',( #2732 ) ) ;
#3875 = AXIS2_PLACEMENT_3D ( 'NONE', #1073, #1389, #1933 ) ;
#3876 = DIRECTION ( 'NONE',  ( -1.000000000000000000, 0.0000000000000000000, 0.0000000000000000000 ) ) ;
#3877 = CARTESIAN_POINT ( 'NONE',  ( -0.7999999999999988200, 0.9749999999999999800, 1.499999999999998000 ) ) ;
#3878 = CARTESIAN_POINT ( 'NONE',  ( 0.8336537963607539800, 0.8807370778945685700, 0.4750000000000005900 ) ) ;
#3879 = VECTOR ( 'NONE', #1964, 1000.000000000000000 ) ;
#3880 = ORIENTED_EDGE ( 'NONE', *, *, #348, .F. ) ;
#3881 = LINE ( 'NONE', #601, #3379 ) ;
#3882 = DIRECTION ( 'NONE',  ( -0.0000000000000000000, -0.0000000000000000000, -1.000000000000000000 ) ) ;
#3883 = VERTEX_POINT ( 'NONE', #2577 ) ;
#3884 = ORIENTED_EDGE ( 'NONE', *, *, #2070, .T. ) ;
#3885 = CARTESIAN_POINT ( 'NONE',  ( -0.8336537963607544300, 0.8807370778945685700, -1.124999999999999300 ) ) ;
#3886 = ORIENTED_EDGE ( 'NONE', *, *, #2065, .F. ) ;
#3887 = AXIS2_PLACEMENT_3D ( 'NONE', #2741, #3425, #1854 ) ;
#3888 = VECTOR ( 'NONE', #2048, 1000.000000000000100 ) ;
#3889 = VERTEX_POINT ( 'NONE', #3131 ) ;
#3890 = CARTESIAN_POINT ( 'NONE',  ( -0.9278592960409377500, 0.8840268064337552000, 1.125000000000000700 ) ) ;
#3891 = CARTESIAN_POINT ( 'NONE',  ( 0.8000000000000010400, 1.125000000000000200, -0.1749999999999993800 ) ) ;
#3892 = EDGE_CURVE ( 'NONE', #3607, #2740, #467, .T. ) ;
#3893 = AXIS2_PLACEMENT_3D ( 'NONE', #2592, #3280, #145 ) ;
#3894 = CARTESIAN_POINT ( 'NONE',  ( -0.9500000000000001800, 0.2500000000000000600, -0.8249999999999992900 ) ) ;
#3895 = DIRECTION ( 'NONE',  ( -1.000000000000000000, -9.664902237447748700E-015, 0.0000000000000000000 ) ) ;
#3896 = LINE ( 'NONE', #1377, #221 ) ;
#3897 = DIRECTION ( 'NONE',  ( -1.000000000000000000, 9.664902237447748700E-015, 0.0000000000000000000 ) ) ;
#3898 = LINE ( 'NONE', #2323, #1438 ) ;
#3899 = CARTESIAN_POINT ( 'NONE',  ( -0.8000000000000013800, 0.9749999999999999800, 0.4750000000000005900 ) ) ;
#3900 = EDGE_CURVE ( 'NONE', #3759, #2978, #2797, .T. ) ;
#3901 = DIRECTION ( 'NONE',  ( 1.000000000000000000, 0.0000000000000000000, 0.0000000000000000000 ) ) ;
#3902 = DIRECTION ( 'NONE',  ( -0.06975647374411599000, 0.9975640502598249700, 0.0000000000000000000 ) ) ;
#3903 = CARTESIAN_POINT ( 'NONE',  ( 1.187538674682155900, 0.1644913506797415500, 0.4750000000000005900 ) ) ;
#3904 = DIRECTION ( 'NONE',  ( -0.0000000000000000000, -0.0000000000000000000, -1.000000000000000000 ) ) ;
#3905 = ORIENTED_EDGE ( 'NONE', *, *, #1593, .F. ) ;
#3906 = FILL_AREA_STYLE ('',( #500 ) ) ;
#3907 = CARTESIAN_POINT ( 'NONE',  ( 1.187538674682155700, 0.1644913506797415500, -0.8249999999999992900 ) ) ;
#3908 = LINE ( 'NONE', #1096, #232 ) ;
#3909 = CARTESIAN_POINT ( 'NONE',  ( 0.8000000000000012700, 1.125000000000000200, 1.125000000000000700 ) ) ;
#3910 = ORIENTED_EDGE ( 'NONE', *, *, #2996, .T. ) ;
#3911 = VERTEX_POINT ( 'NONE', #409 ) ;
#3912 = CARTESIAN_POINT ( 'NONE',  ( 0.9499999999999995100, 0.2500000000000000600, -0.8249999999999992900 ) ) ;
#3913 = FACE_OUTER_BOUND ( 'NONE', #2496, .T. ) ;
#3914 = FACE_OUTER_BOUND ( 'NONE', #1555, .T. ) ;
#3915 = AXIS2_PLACEMENT_3D ( 'NONE', #2913, #1056, #1068 ) ;
#3916 = ORIENTED_EDGE ( 'NONE', *, *, #3014, .F. ) ;
#3917 = DIRECTION ( 'NONE',  ( -1.000000000000000000, -1.932980447489556100E-014, 0.0000000000000000000 ) ) ;
#3918 = VERTEX_POINT ( 'NONE', #3171 ) ;
#3919 = ORIENTED_EDGE ( 'NONE', *, *, #200, .F. ) ;
#3920 = EDGE_CURVE ( 'NONE', #2341, #240, #2255, .T. ) ;
#3921 = PLANE ( 'NONE',  #3076 ) ;
#3922 = CARTESIAN_POINT ( 'NONE',  ( 0.9499999999999995100, 0.2500000000000000600, -1.124999999999999300 ) ) ;
#3923 = DIRECTION ( 'NONE',  ( -1.000000000000000000, 0.0000000000000000000, 0.0000000000000000000 ) ) ;
#3924 = DIRECTION ( 'NONE',  ( -0.0000000000000000000, -0.0000000000000000000, -1.000000000000000000 ) ) ;
#3925 = CARTESIAN_POINT ( 'NONE',  ( 0.8000000000000009300, 1.125000000000000200, -0.8249999999999992900 ) ) ;
#3926 = VECTOR ( 'NONE', #1598, 1000.000000000000000 ) ;
#3927 = CARTESIAN_POINT ( 'NONE',  ( -0.8000000000000016000, 1.125000000000000000, -0.8249999999999992900 ) ) ;
#3928 = EDGE_CURVE ( 'NONE', #595, #874, #2650, .T. ) ;
#3929 = ADVANCED_FACE ( 'NONE', ( #1330 ), #753, .F. ) ;
#3930 = CIRCLE ( 'NONE', #305, 0.09426292210543119100 ) ;
#3931 = ORIENTED_EDGE ( 'NONE', *, *, #2976, .T. ) ;
#3932 = VECTOR ( 'NONE', #2944, 1000.000000000000100 ) ;
#3933 = DIRECTION ( 'NONE',  ( -1.000000000000000000, 0.0000000000000000000, 0.0000000000000000000 ) ) ;
#3934 = CARTESIAN_POINT ( 'NONE',  ( 0.8000000000000009300, 0.9749999999999999800, -1.124999999999999300 ) ) ;
#3935 = AXIS2_PLACEMENT_3D ( 'NONE', #4000, #1414, #1456 ) ;
#3936 = CARTESIAN_POINT ( 'NONE',  ( 1.399999999999999700, 0.1496346075389735600, -0.1749999999999993800 ) ) ;
#3937 = ORIENTED_EDGE ( 'NONE', *, *, #3839, .F. ) ;
#3938 = CARTESIAN_POINT ( 'NONE',  ( 1.399999999999999700, 0.1496346075389735600, 0.4750000000000005900 ) ) ;
#3939 = LINE ( 'NONE', #1363, #1709 ) ;
#3940 = EDGE_LOOP ( 'NONE', ( #617, #2224, #3266, #1055 ) ) ;
#3941 = CARTESIAN_POINT ( 'NONE',  ( -1.187538674682156300, 0.1644913506797410500, 0.4750000000000005900 ) ) ;
#3942 = COLOUR_RGB ( '',0.7921568627450980000, 0.8196078431372548800, 0.9333333333333333500 ) ;
#3943 = ORIENTED_EDGE ( 'NONE', *, *, #395, .T. ) ;
#3944 = CARTESIAN_POINT ( 'NONE',  ( -0.8336537963607541000, 0.8807370778945685700, 1.125000000000000700 ) ) ;
#3945 = LINE ( 'NONE', #3956, #1285 ) ;
#3946 = EDGE_LOOP ( 'NONE', ( #1518, #2641, #3577, #2422 ) ) ;
#3947 = VECTOR ( 'NONE', #3196, 1000.000000000000000 ) ;
#3948 = AXIS2_PLACEMENT_3D ( 'NONE', #3655, #2041, #1436 ) ;
#3949 = AXIS2_PLACEMENT_3D ( 'NONE', #3500, #2533, #391 ) ;
#3950 = VECTOR ( 'NONE', #1061, 1000.000000000000100 ) ;
#3951 = ADVANCED_FACE ( 'NONE', ( #1094 ), #2221, .T. ) ;
#3952 = DIRECTION ( 'NONE',  ( 0.0000000000000000000, 0.9848077530122080200, 0.1736481776669307200 ) ) ;
#3953 = EDGE_CURVE ( 'NONE', #2832, #3825, #3786, .T. ) ;
#3954 = AXIS2_PLACEMENT_3D ( 'NONE', #2827, #64, #357 ) ;
#3955 = SURFACE_SIDE_STYLE ('',( #303 ) ) ;
#3956 = CARTESIAN_POINT ( 'NONE',  ( 1.399999999999999700, 0.1496346075389735600, 0.4750000000000005900 ) ) ;
#3957 = CARTESIAN_POINT ( 'NONE',  ( -1.194114123733047900, 0.2585246530445617900, -0.8249999999999992900 ) ) ;
#3958 = DIRECTION ( 'NONE',  ( -1.000000000000000000, 0.0000000000000000000, 0.0000000000000000000 ) ) ;
#3959 = CARTESIAN_POINT ( 'NONE',  ( 1.399999999999999500, 0.1496346075389735600, -0.8249999999999992900 ) ) ;
#3960 = VERTEX_POINT ( 'NONE', #350 ) ;
#3961 = ORIENTED_EDGE ( 'NONE', *, *, #4068, .T. ) ;
#3962 = ORIENTED_EDGE ( 'NONE', *, *, #1842, .F. ) ;
#3963 = VERTEX_POINT ( 'NONE', #1328 ) ;
#3964 = CARTESIAN_POINT ( 'NONE',  ( -1.400000000000000100, 0.1496346075389733400, -0.1749999999999993800 ) ) ;
#3965 = LINE ( 'NONE', #404, #1870 ) ;
#3966 = CARTESIAN_POINT ( 'NONE',  ( -1.194114123733047700, 0.2585246530445617900, 0.1750000000000006800 ) ) ;
#3967 = VERTEX_POINT ( 'NONE', #1000 ) ;
#3968 = DIRECTION ( 'NONE',  ( -0.0000000000000000000, -0.0000000000000000000, -1.000000000000000000 ) ) ;
#3969 = ORIENTED_EDGE ( 'NONE', *, *, #1719, .T. ) ;
#3970 = DIRECTION ( 'NONE',  ( -0.0000000000000000000, -0.0000000000000000000, -1.000000000000000000 ) ) ;
#3971 = DIRECTION ( 'NONE',  ( 0.0000000000000000000, 0.0000000000000000000, 1.000000000000000000 ) ) ;
#3972 = CARTESIAN_POINT ( 'NONE',  ( -1.400000000000000100, 0.1496346075389733400, 0.4750000000000005900 ) ) ;
#3973 = ADVANCED_FACE ( 'NONE', ( #1529 ), #3585, .T. ) ;
#3974 = DIRECTION ( 'NONE',  ( 1.000000000000000000, 0.0000000000000000000, -0.0000000000000000000 ) ) ;
#3975 = VERTEX_POINT ( 'NONE', #3471 ) ;
#3976 = AXIS2_PLACEMENT_3D ( 'NONE', #3708, #4032, #3042 ) ;
#3977 = EDGE_CURVE ( 'NONE', #3035, #3568, #1148, .T. ) ;
#3978 = EDGE_CURVE ( 'NONE', #114, #3836, #61, .T. ) ;
#3979 = DIRECTION ( 'NONE',  ( 1.807003620809175400E-016, -0.0000000000000000000, 1.000000000000000000 ) ) ;
#3980 = UNCERTAINTY_MEASURE_WITH_UNIT (LENGTH_MEASURE( 1.000000000000000100E-005 ), #1347, 'distance_accuracy_value', 'NONE');
#3981 = DIRECTION ( 'NONE',  ( 0.0000000000000000000, 0.0000000000000000000, 1.000000000000000000 ) ) ;
#3982 = VECTOR ( 'NONE', #1478, 1000.000000000000000 ) ;
#3983 = DIRECTION ( 'NONE',  ( -0.0000000000000000000, -0.0000000000000000000, -1.000000000000000000 ) ) ;
#3984 = ORIENTED_EDGE ( 'NONE', *, *, #3218, .T. ) ;
#3985 = CARTESIAN_POINT ( 'NONE',  ( 0.8000000000000009300, 1.125000000000000200, -1.124999999999999300 ) ) ;
#3986 = CIRCLE ( 'NONE', #1244, 0.2442629221054309400 ) ;
#3987 = EDGE_LOOP ( 'NONE', ( #3641, #1613, #2458, #162 ) ) ;
#3988 = FACE_OUTER_BOUND ( 'NONE', #1704, .T. ) ;
#3989 = EDGE_CURVE ( 'NONE', #3254, #3405, #3141, .T. ) ;
#3990 = ORIENTED_EDGE ( 'NONE', *, *, #2900, .T. ) ;
#3991 = LINE ( 'NONE', #3149, #2301 ) ;
#3992 = ORIENTED_EDGE ( 'NONE', *, *, #3707, .T. ) ;
#3993 = ADVANCED_FACE ( 'NONE', ( #696 ), #2235, .F. ) ;
#3994 =( GEOMETRIC_REPRESENTATION_CONTEXT ( 3 ) GLOBAL_UNCERTAINTY_ASSIGNED_CONTEXT ( ( #2623 ) ) GLOBAL_UNIT_ASSIGNED_CONTEXT ( ( #422, #3226, #439 ) ) REPRESENTATION_CONTEXT ( 'NONE', 'WORKASPACE' ) );
#3995 = ORIENTED_EDGE ( 'NONE', *, *, #1562, .T. ) ;
#3996 = LINE ( 'NONE', #1091, #3888 ) ;
#3997 = DIRECTION ( 'NONE',  ( -1.000000000000000000, 0.0000000000000000000, 0.0000000000000000000 ) ) ;
#3998 = EDGE_CURVE ( 'NONE', #3179, #509, #517, .T. ) ;
#3999 = CARTESIAN_POINT ( 'NONE',  ( 0.8000000000000009300, 0.9749999999999999800, -0.8249999999999992900 ) ) ;
#4000 = CARTESIAN_POINT ( 'NONE',  ( 1.077767920093801300, 0.8892617309391303000, -0.8249999999999992900 ) ) ;
#4001 = VECTOR ( 'NONE', #526, 1000.000000000000000 ) ;
#4002 = DIRECTION ( 'NONE',  ( 0.03489949670250141300, 0.9993908270190956500, -0.0000000000000000000 ) ) ;
#4003 = LINE ( 'NONE', #478, #2311 ) ;
#4004 = EDGE_CURVE ( 'NONE', #298, #957, #2111, .T. ) ;
#4005 = DIRECTION ( 'NONE',  ( -0.0000000000000000000, 0.0000000000000000000, -1.000000000000000000 ) ) ;
#4006 = EDGE_CURVE ( 'NONE', #1480, #1157, #4003, .T. ) ;
#4007 = DIRECTION ( 'NONE',  ( 0.1710878697460359000, 0.9702875252478137000, 0.1710878697460357900 ) ) ;
#4008 = DIRECTION ( 'NONE',  ( -0.0000000000000000000, -0.0000000000000000000, -1.000000000000000000 ) ) ;
#4009 = VERTEX_POINT ( 'NONE', #3822 ) ;
#4010 = DIRECTION ( 'NONE',  ( -0.0000000000000000000, -0.0000000000000000000, -1.000000000000000000 ) ) ;
#4011 = ADVANCED_FACE ( 'NONE', ( #2889 ), #1698, .F. ) ;
#4012 = CARTESIAN_POINT ( 'NONE',  ( -0.8000000000000014900, 1.125000000000000000, -0.1749999999999993800 ) ) ;
#4013 = VECTOR ( 'NONE', #1654, 1000.000000000000000 ) ;
#4014 = EDGE_LOOP ( 'NONE', ( #2795, #1273, #3173, #1422 ) ) ;
#4015 = EDGE_LOOP ( 'NONE', ( #2091, #2882, #408, #306 ) ) ;
#4016 = AXIS2_PLACEMENT_3D ( 'NONE', #899, #3394, #1499 ) ;
#4017 = FACE_OUTER_BOUND ( 'NONE', #1506, .T. ) ;
#4018 = VECTOR ( 'NONE', #3620, 1000.000000000000000 ) ;
#4019 = EDGE_LOOP ( 'NONE', ( #3853, #1940, #3109, #770 ) ) ;
#4020 = VERTEX_POINT ( 'NONE', #3512 ) ;
#4021 = CARTESIAN_POINT ( 'NONE',  ( 0.8000000000000012700, 1.125000000000000200, 1.125000000000000700 ) ) ;
#4022 = ORIENTED_EDGE ( 'NONE', *, *, #1851, .T. ) ;
#4023 = DIRECTION ( 'NONE',  ( -1.000000000000000000, 0.0000000000000000000, 0.0000000000000000000 ) ) ;
#4024 = AXIS2_PLACEMENT_3D ( 'NONE', #3629, #3353, #800 ) ;
#4025 = FACE_OUTER_BOUND ( 'NONE', #1753, .T. ) ;
#4026 = AXIS2_PLACEMENT_3D ( 'NONE', #468, #2923, #2346 ) ;
#4027 = EDGE_CURVE ( 'NONE', #3458, #325, #3898, .T. ) ;
#4028 = ADVANCED_FACE ( 'NONE', ( #2207 ), #419, .F. ) ;
#4029 = VERTEX_POINT ( 'NONE', #2293 ) ;
#4030 = DIRECTION ( 'NONE',  ( 0.0000000000000000000, 0.0000000000000000000, 1.000000000000000000 ) ) ;
#4031 = ORIENTED_EDGE ( 'NONE', *, *, #1730, .F. ) ;
#4032 = DIRECTION ( 'NONE',  ( -0.0000000000000000000, -0.0000000000000000000, -1.000000000000000000 ) ) ;
#4033 = VECTOR ( 'NONE', #3359, 1000.000000000000000 ) ;
#4034 =( LENGTH_UNIT ( ) NAMED_UNIT ( * ) SI_UNIT ( .MILLI., .METRE. ) );
#4035 = DIRECTION ( 'NONE',  ( 0.06975647374411818300, 0.9975640502598247500, -0.0000000000000000000 ) ) ;
#4036 =( LENGTH_UNIT ( ) NAMED_UNIT ( * ) SI_UNIT ( .MILLI., .METRE. ) );
#4037 = EDGE_LOOP ( 'NONE', ( #3310, #1431, #3614, #252 ) ) ;
#4038 = FACE_OUTER_BOUND ( 'NONE', #1497, .T. ) ;
#4039 = DIRECTION ( 'NONE',  ( -0.0000000000000000000, -0.0000000000000000000, -1.000000000000000000 ) ) ;
#4040 = AXIS2_PLACEMENT_3D ( 'NONE', #1487, #873, #3067 ) ;
#4041 = ORIENTED_EDGE ( 'NONE', *, *, #997, .F. ) ;
#4042 = CIRCLE ( 'NONE', #2134, 0.09426292210543098200 ) ;
#4043 = LINE ( 'NONE', #3250, #2701 ) ;
#4044 = ORIENTED_EDGE ( 'NONE', *, *, #1691, .F. ) ;
#4045 = VECTOR ( 'NONE', #1003, 1000.000000000000000 ) ;
#4046 = VECTOR ( 'NONE', #1029, 1000.000000000000000 ) ;
#4047 = CARTESIAN_POINT ( 'NONE',  ( 0.8000000000000010400, 0.9749999999999999800, -0.1749999999999993800 ) ) ;
#4048 = ORIENTED_EDGE ( 'NONE', *, *, #2570, .F. ) ;
#4049 = CIRCLE ( 'NONE', #3948, 0.2442629221054309400 ) ;
#4050 = CARTESIAN_POINT ( 'NONE',  ( -0.8000000000000012700, 0.9749999999999999800, 1.125000000000000700 ) ) ;
#4051 = AXIS2_PLACEMENT_3D ( 'NONE', #3070, #1201, #2096 ) ;
#4052 = CARTESIAN_POINT ( 'NONE',  ( -0.8000000000000016000, 0.9749999999999999800, -1.124999999999999300 ) ) ;
#4053 = DIRECTION ( 'NONE',  ( -1.000000000000000000, -9.664902237447748700E-015, 0.0000000000000000000 ) ) ;
#4054 = UNCERTAINTY_MEASURE_WITH_UNIT (LENGTH_MEASURE( 1.000000000000000100E-005 ), #1447, 'distance_accuracy_value', 'NONE');
#4055 = EDGE_CURVE ( 'NONE', #3777, #1214, #647, .T. ) ;
#4056 = EDGE_CURVE ( 'NONE', #3960, #310, #1612, .T. ) ;
#4057 = ORIENTED_EDGE ( 'NONE', *, *, #2611, .F. ) ;
#4058 = CARTESIAN_POINT ( 'NONE',  ( -0.8336537963607541000, 0.9749999999999996400, 0.8250000000000006200 ) ) ;
#4059 = ORIENTED_EDGE ( 'NONE', *, *, #1701, .F. ) ;
#4060 = EDGE_CURVE ( 'NONE', #2328, #1189, #4043, .T. ) ;
#4061 = CARTESIAN_POINT ( 'NONE',  ( 1.177075203620538100, 0.01485674314076785600, -0.8249999999999992900 ) ) ;
#4062 = ORIENTED_EDGE ( 'NONE', *, *, #2093, .F. ) ;
#4063 = ORIENTED_EDGE ( 'NONE', *, *, #2519, .F. ) ;
#4064 = FACE_OUTER_BOUND ( 'NONE', #1488, .T. ) ;
#4065 = ORIENTED_EDGE ( 'NONE', *, *, #2552, .T. ) ;
#4066 = DIRECTION ( 'NONE',  ( -1.000000000000000000, 0.0000000000000000000, 0.0000000000000000000 ) ) ;
#4067 = PLANE ( 'NONE',  #1818 ) ;
#4068 = EDGE_CURVE ( 'NONE', #2997, #3634, #3286, .T. ) ;
#4069 = ORIENTED_EDGE ( 'NONE', *, *, #168, .T. ) ;
#4070 = CYLINDRICAL_SURFACE ( 'NONE', #3652, 0.09426292210543119100 ) ;
#4071 = ORIENTED_EDGE ( 'NONE', *, *, #1799, .T. ) ;
#4072 = ADVANCED_FACE ( 'NONE', ( #3484 ), #758, .T. ) ;
#4073 = DIRECTION ( 'NONE',  ( -0.9975640502598247500, 0.06975647374411818300, 0.0000000000000000000 ) ) ;
ENDSEC;
END-ISO-10303-21;
