ISO-10303-21;
HEADER;
FILE_DESCRIPTION (( 'STEP AP214' ),
    '1' );
FILE_NAME ('LTC4365HDDB-1#TRMPBF.STEP',
    '2023-10-03T05:35:47',
    ( '' ),
    ( '' ),
    'SwSTEP 2.0',
    'SolidWorks 2021',
    '' );
FILE_SCHEMA (( 'AUTOMOTIVE_DESIGN' ));
ENDSEC;

DATA;
#1 = DIRECTION ( 'NONE',  ( 0.000000000000000000, 1.000000000000000000, 0.000000000000000000 ) ) ;
#2 = CARTESIAN_POINT ( 'NONE',  ( 0.7250000000000001998, 0.2000000000000000111, -0.3749999999999992228 ) ) ;
#3 = ORIENTED_EDGE ( 'NONE', *, *, #2129, .T. ) ;
#4 = DIRECTION ( 'NONE',  ( -1.734723475976808278E-15, 0.000000000000000000, -1.000000000000000000 ) ) ;
#5 = EDGE_CURVE ( 'NONE', #359, #3091, #2644, .T. ) ;
#6 = VERTEX_POINT ( 'NONE', #2996 ) ;
#7 = VECTOR ( 'NONE', #2288, 1000.000000000000000 ) ;
#8 = CARTESIAN_POINT ( 'NONE',  ( 0.7250000000000001998, 0.1999999999999999833, -0.3749999999999992228 ) ) ;
#9 = VERTEX_POINT ( 'NONE', #2761 ) ;
#10 = FILL_AREA_STYLE_COLOUR ( '', #1241 ) ;
#11 = ADVANCED_FACE ( 'NONE', ( #1405 ), #3019, .F. ) ;
#12 = AXIS2_PLACEMENT_3D ( 'NONE', #354, #1653, #1901 ) ;
#13 = VERTEX_POINT ( 'NONE', #2165 ) ;
#14 = PLANE ( 'NONE',  #2855 ) ;
#15 = VECTOR ( 'NONE', #951, 1000.000000000000000 ) ;
#16 =( LENGTH_UNIT ( ) NAMED_UNIT ( * ) SI_UNIT ( .MILLI., .METRE. ) );
#17 = ORIENTED_EDGE ( 'NONE', *, *, #2968, .T. ) ;
#18 = DIRECTION ( 'NONE',  ( 0.000000000000000000, -1.000000000000000000, 0.000000000000000000 ) ) ;
#19 = CARTESIAN_POINT ( 'NONE',  ( -0.7250000000000008660, 0.04999999999999999584, -0.3749999999999986122 ) ) ;
#20 = VECTOR ( 'NONE', #3340, 1000.000000000000000 ) ;
#21 = CIRCLE ( 'NONE', #3341, 0.1249999999999997918 ) ;
#22 = CYLINDRICAL_SURFACE ( 'NONE', #1683, 0.04999999999999991257 ) ;
#23 = CARTESIAN_POINT ( 'NONE',  ( -0.7250000000000008660, 0.2000000000000000111, 0.6250000000000014433 ) ) ;
#24 = CIRCLE ( 'NONE', #2550, 0.1249999999999997918 ) ;
#25 = DIRECTION ( 'NONE',  ( -1.000000000000000000, -0.000000000000000000, -0.000000000000000000 ) ) ;
#26 = VECTOR ( 'NONE', #1529, 1000.000000000000000 ) ;
#27 = ADVANCED_FACE ( 'NONE', ( #2708 ), #1345, .F. ) ;
#28 = EDGE_CURVE ( 'NONE', #2864, #3241, #562, .T. ) ;
#29 = ORIENTED_EDGE ( 'NONE', *, *, #2950, .T. ) ;
#30 = VECTOR ( 'NONE', #992, 1000.000000000000000 ) ;
#31 = CARTESIAN_POINT ( 'NONE',  ( -0.2800000000000000822, 0.2000000000000000944, -0.8750000000000027756 ) ) ;
#32 = ORIENTED_EDGE ( 'NONE', *, *, #2169, .F. ) ;
#33 = ORIENTED_EDGE ( 'NONE', *, *, #3420, .F. ) ;
#34 = CARTESIAN_POINT ( 'NONE',  ( -0.7250000000000010880, 0.000000000000000000, -0.6249999999999991118 ) ) ;
#35 = ORIENTED_EDGE ( 'NONE', *, *, #2395, .T. ) ;
#36 = EDGE_CURVE ( 'NONE', #200, #2658, #56, .T. ) ;
#37 = CYLINDRICAL_SURFACE ( 'NONE', #574, 0.1249999999999997918 ) ;
#38 = ORIENTED_EDGE ( 'NONE', *, *, #590, .F. ) ;
#39 = CARTESIAN_POINT ( 'NONE',  ( -1.971276677246381380E-16, 0.05000000000000000278, -0.1250000000000001665 ) ) ;
#40 = LINE ( 'NONE', #1907, #529 ) ;
#41 =( NAMED_UNIT ( * ) SI_UNIT ( $, .STERADIAN. ) SOLID_ANGLE_UNIT ( ) );
#42 = CARTESIAN_POINT ( 'NONE',  ( 4.928191693115943588E-16, 0.05000000000000000278, 0.6250000000000008882 ) ) ;
#43 = LINE ( 'NONE', #3028, #2844 ) ;
#44 = FACE_OUTER_BOUND ( 'NONE', #2429, .T. ) ;
#45 = ORIENTED_EDGE ( 'NONE', *, *, #1732, .F. ) ;
#46 = CARTESIAN_POINT ( 'NONE',  ( 0.7250000000000001998, 0.2000000000000000111, -0.2499999999999995837 ) ) ;
#47 = ORIENTED_EDGE ( 'NONE', *, *, #1425, .T. ) ;
#48 = ADVANCED_FACE ( 'NONE', ( #2744 ), #1326, .T. ) ;
#49 = ORIENTED_EDGE ( 'NONE', *, *, #428, .T. ) ;
#50 = CARTESIAN_POINT ( 'NONE',  ( 0.000000000000000000, 0.7500000000000000000, 0.000000000000000000 ) ) ;
#51 = FILL_AREA_STYLE_COLOUR ( '', #1805 ) ;
#52 = PLANE ( 'NONE',  #1410 ) ;
#53 = DIRECTION ( 'NONE',  ( 0.000000000000000000, -1.000000000000000000, 0.000000000000000000 ) ) ;
#54 = EDGE_CURVE ( 'NONE', #3091, #2710, #266, .T. ) ;
#55 = ORIENTED_EDGE ( 'NONE', *, *, #300, .F. ) ;
#56 = LINE ( 'NONE', #1097, #832 ) ;
#57 = LINE ( 'NONE', #76, #3011 ) ;
#58 = CARTESIAN_POINT ( 'NONE',  ( 0.7250000000000001998, 0.000000000000000000, -0.7499999999999995559 ) ) ;
#59 = EDGE_LOOP ( 'NONE', ( #1726, #2747, #1569, #765, #1975, #1262, #1900, #1272, #499, #3438, #2845, #3093, #3125, #1868, #346, #593, #2570, #122, #88, #1142, #1601, #154, #3036, #2084, #1311, #472, #1051, #1917, #3480, #2513, #1169, #3445, #2347, #2001, #1278, #2316 ) ) ;
#60 = CARTESIAN_POINT ( 'NONE',  ( -1.000000000000000444, 0.2000000000000000111, 0.1250000000000016376 ) ) ;
#61 = EDGE_LOOP ( 'NONE', ( #3302, #3487, #1615, #17 ) ) ;
#62 = ADVANCED_FACE ( 'NONE', ( #2486 ), #3027, .F. ) ;
#63 = VECTOR ( 'NONE', #1362, 1000.000000000000000 ) ;
#64 = VERTEX_POINT ( 'NONE', #2421 ) ;
#65 = ORIENTED_EDGE ( 'NONE', *, *, #2810, .F. ) ;
#66 = DIRECTION ( 'NONE',  ( 0.000000000000000000, -0.000000000000000000, 1.000000000000000000 ) ) ;
#67 = LINE ( 'NONE', #361, #519 ) ;
#68 = CARTESIAN_POINT ( 'NONE',  ( 0.9999999999999995559, 0.1999999999999999833, 0.8750000000000005551 ) ) ;
#69 = CARTESIAN_POINT ( 'NONE',  ( -1.000000000000000444, 0.6716990566028296916, -0.3749999999999983902 ) ) ;
#70 = EDGE_CURVE ( 'NONE', #2698, #3424, #803, .T. ) ;
#71 = VECTOR ( 'NONE', #603, 1000.000000000000000 ) ;
#72 = DIRECTION ( 'NONE',  ( -0.000000000000000000, -1.000000000000000000, -0.000000000000000000 ) ) ;
#73 = EDGE_CURVE ( 'NONE', #2701, #3268, #598, .T. ) ;
#74 = CARTESIAN_POINT ( 'NONE',  ( 9.856383386231913061E-17, 0.05000000000000000278, -0.1250000000000002498 ) ) ;
#75 = VECTOR ( 'NONE', #3437, 1000.000000000000000 ) ;
#76 = CARTESIAN_POINT ( 'NONE',  ( -0.7250000000000010880, 0.1999999999999999833, 0.3750000000000009992 ) ) ;
#77 = AXIS2_PLACEMENT_3D ( 'NONE', #2897, #2612, #211 ) ;
#78 = DIRECTION ( 'NONE',  ( -0.7071067811865502373, -0.000000000000000000, 0.7071067811865449082 ) ) ;
#79 = PRESENTATION_LAYER_ASSIGNMENT (  '', '', ( #133 ) ) ;
#80 = ADVANCED_FACE ( 'NONE', ( #3225 ), #2690, .T. ) ;
#81 = LINE ( 'NONE', #1166, #1470 ) ;
#82 = AXIS2_PLACEMENT_3D ( 'NONE', #2706, #2745, #1663 ) ;
#83 = ORIENTED_EDGE ( 'NONE', *, *, #1305, .F. ) ;
#84 = CARTESIAN_POINT ( 'NONE',  ( 0.2799999999999998601, 0.000000000000000000, 1.074999999999997513 ) ) ;
#85 = ORIENTED_EDGE ( 'NONE', *, *, #5, .F. ) ;
#86 = VECTOR ( 'NONE', #3003, 1000.000000000000000 ) ;
#87 = ORIENTED_EDGE ( 'NONE', *, *, #1388, .F. ) ;
#88 = ORIENTED_EDGE ( 'NONE', *, *, #3160, .F. ) ;
#89 = LINE ( 'NONE', #374, #917 ) ;
#90 =( NAMED_UNIT ( * ) SI_UNIT ( $, .STERADIAN. ) SOLID_ANGLE_UNIT ( ) );
#91 = ORIENTED_EDGE ( 'NONE', *, *, #340, .T. ) ;
#92 = FACE_OUTER_BOUND ( 'NONE', #291, .T. ) ;
#93 = CARTESIAN_POINT ( 'NONE',  ( 0.7250000000000006439, 0.2000000000000000111, 0.3750000000000003331 ) ) ;
#94 = SURFACE_STYLE_USAGE ( .BOTH. , #2506 ) ;
#95 = LINE ( 'NONE', #612, #7 ) ;
#96 = FACE_OUTER_BOUND ( 'NONE', #2120, .T. ) ;
#97 = ADVANCED_FACE ( 'NONE', ( #830 ), #22, .F. ) ;
#98 = CARTESIAN_POINT ( 'NONE',  ( -0.7250000000000008660, 0.1999999999999999833, 0.6250000000000014433 ) ) ;
#99 =( NAMED_UNIT ( * ) PLANE_ANGLE_UNIT ( ) SI_UNIT ( $, .RADIAN. ) );
#100 = CARTESIAN_POINT ( 'NONE',  ( 0.9999999999999995559, 0.2000000000000000111, 0.6250000000000007772 ) ) ;
#101 = ORIENTED_EDGE ( 'NONE', *, *, #3048, .F. ) ;
#102 = ORIENTED_EDGE ( 'NONE', *, *, #5, .T. ) ;
#103 = CARTESIAN_POINT ( 'NONE',  ( -1.000000000000000000, 0.05000000000000000278, 1.500000000000000444 ) ) ;
#104 = VERTEX_POINT ( 'NONE', #2142 ) ;
#105 = PLANE ( 'NONE',  #400 ) ;
#106 = ORIENTED_EDGE ( 'NONE', *, *, #3097, .T. ) ;
#107 = CARTESIAN_POINT ( 'NONE',  ( 0.9999999999999995559, 0.6716990566028296916, 0.8750000000000005551 ) ) ;
#108 = ADVANCED_FACE ( 'NONE', ( #2721 ), #2976, .T. ) ;
#109 = CARTESIAN_POINT ( 'NONE',  ( -0.7250000000000008660, 0.2000000000000000111, -0.2499999999999989175 ) ) ;
#110 = PLANE ( 'NONE',  #3345 ) ;
#111 = CARTESIAN_POINT ( 'NONE',  ( 0.7250000000000001998, 0.2000000000000000111, -0.8749999999999992228 ) ) ;
#112 = EDGE_CURVE ( 'NONE', #2677, #2846, #2956, .T. ) ;
#113 = CARTESIAN_POINT ( 'NONE',  ( -0.7250000000000010880, 0.1999999999999999833, -0.6249999999999990008 ) ) ;
#114 = ORIENTED_EDGE ( 'NONE', *, *, #264, .T. ) ;
#115 = ADVANCED_FACE ( 'NONE', ( #2991 ), #3243, .T. ) ;
#116 = EDGE_LOOP ( 'NONE', ( #2559, #2134, #2419, #3376 ) ) ;
#117 = LINE ( 'NONE', #898, #1757 ) ;
#118 = FACE_OUTER_BOUND ( 'NONE', #2800, .T. ) ;
#119 = DIRECTION ( 'NONE',  ( -0.000000000000000000, -1.000000000000000000, -0.000000000000000000 ) ) ;
#120 = VERTEX_POINT ( 'NONE', #784 ) ;
#121 = CARTESIAN_POINT ( 'NONE',  ( -0.7250000000000008660, 0.1999999999999999833, 0.2500000000000011102 ) ) ;
#122 = ORIENTED_EDGE ( 'NONE', *, *, #498, .F. ) ;
#123 = CARTESIAN_POINT ( 'NONE',  ( 0.9999999999999995559, 0.6716990566028296916, -0.8749999999999992228 ) ) ;
#124 = CARTESIAN_POINT ( 'NONE',  ( 0.9999999999999995559, 0.6716990566028296916, -0.1249999999999994588 ) ) ;
#125 = AXIS2_PLACEMENT_3D ( 'NONE', #760, #2978, #806 ) ;
#126 = VECTOR ( 'NONE', #469, 1000.000000000000000 ) ;
#127 = VECTOR ( 'NONE', #2951, 1000.000000000000000 ) ;
#128 = CARTESIAN_POINT ( 'NONE',  ( -0.7250000000000008660, 0.000000000000000000, -0.7499999999999988898 ) ) ;
#129 = VECTOR ( 'NONE', #1250, 1000.000000000000000 ) ;
#130 = AXIS2_PLACEMENT_3D ( 'NONE', #1023, #2967, #352 ) ;
#131 = CARTESIAN_POINT ( 'NONE',  ( 0.7250000000000006439, 0.2000000000000000111, 0.3750000000000003331 ) ) ;
#132 = ORIENTED_EDGE ( 'NONE', *, *, #2279, .T. ) ;
#133 = STYLED_ITEM ( 'NONE', ( #3277 ), #1213 ) ;
#134 = AXIS2_PLACEMENT_3D ( 'NONE', #1599, #1239, #3412 ) ;
#135 = EDGE_CURVE ( 'NONE', #513, #2249, #854, .T. ) ;
#136 = ORIENTED_EDGE ( 'NONE', *, *, #1090, .F. ) ;
#137 = EDGE_LOOP ( 'NONE', ( #3084, #1460, #2576, #744 ) ) ;
#138 = VECTOR ( 'NONE', #769, 1000.000000000000000 ) ;
#139 = DIRECTION ( 'NONE',  ( 0.000000000000000000, -1.000000000000000000, 0.000000000000000000 ) ) ;
#140 = LINE ( 'NONE', #1942, #1417 ) ;
#141 = CARTESIAN_POINT ( 'NONE',  ( 0.7250000000000001998, 0.6716990566028296916, -0.8749999999999992228 ) ) ;
#142 = PRESENTATION_LAYER_ASSIGNMENT (  '', '', ( #1814 ) ) ;
#143 = VERTEX_POINT ( 'NONE', #1856 ) ;
#144 = CARTESIAN_POINT ( 'NONE',  ( 0.7250000000000001998, 0.6716990566028296916, 0.2500000000000004441 ) ) ;
#145 = VECTOR ( 'NONE', #1053, 1000.000000000000000 ) ;
#146 = EDGE_CURVE ( 'NONE', #2160, #3230, #560, .T. ) ;
#147 = CARTESIAN_POINT ( 'NONE',  ( -0.2800000000000003042, 2.421733557382613533, 1.074999999999997957 ) ) ;
#148 = CARTESIAN_POINT ( 'NONE',  ( -0.7600000000000003419, 0.8000000000000000444, -0.1999999999999996503 ) ) ;
#149 = CARTESIAN_POINT ( 'NONE',  ( -0.7250000000000008660, 0.000000000000000000, 0.2500000000000011102 ) ) ;
#150 = ORIENTED_EDGE ( 'NONE', *, *, #856, .F. ) ;
#151 =( LENGTH_UNIT ( ) NAMED_UNIT ( * ) SI_UNIT ( .MILLI., .METRE. ) );
#152 = DIRECTION ( 'NONE',  ( -1.734723475976808278E-15, 0.000000000000000000, -1.000000000000000000 ) ) ;
#153 = EDGE_CURVE ( 'NONE', #2054, #2998, #2458, .T. ) ;
#154 = ORIENTED_EDGE ( 'NONE', *, *, #3192, .F. ) ;
#155 = ORIENTED_EDGE ( 'NONE', *, *, #2584, .F. ) ;
#156 = CARTESIAN_POINT ( 'NONE',  ( 0.9999999999999995559, 0.8000000000000003775, -1.499999999999999556 ) ) ;
#157 = CYLINDRICAL_SURFACE ( 'NONE', #3344, 0.1249999999999997918 ) ;
#158 = VERTEX_POINT ( 'NONE', #3005 ) ;
#159 = CARTESIAN_POINT ( 'NONE',  ( 0.9999999999999995559, 0.05000000000000000278, -1.499999999999999556 ) ) ;
#160 = ORIENTED_EDGE ( 'NONE', *, *, #2792, .T. ) ;
#161 = ORIENTED_EDGE ( 'NONE', *, *, #2843, .T. ) ;
#162 = DIRECTION ( 'NONE',  ( 0.000000000000000000, 0.000000000000000000, -1.000000000000000000 ) ) ;
#163 = ADVANCED_FACE ( 'NONE', ( #580 ), #1648, .F. ) ;
#164 = DIRECTION ( 'NONE',  ( 0.000000000000000000, 1.000000000000000000, -0.000000000000000000 ) ) ;
#165 = DIRECTION ( 'NONE',  ( 0.000000000000000000, 0.000000000000000000, 1.000000000000000000 ) ) ;
#166 = DIRECTION ( 'NONE',  ( -0.000000000000000000, -1.000000000000000000, -0.000000000000000000 ) ) ;
#167 = ORIENTED_EDGE ( 'NONE', *, *, #2420, .F. ) ;
#168 = PLANE ( 'NONE',  #2436 ) ;
#169 = ORIENTED_EDGE ( 'NONE', *, *, #643, .T. ) ;
#170 = CARTESIAN_POINT ( 'NONE',  ( -0.7250000000000010880, 0.6716990566028296916, -0.6249999999999990008 ) ) ;
#171 = CARTESIAN_POINT ( 'NONE',  ( -0.7250000000000010880, 0.000000000000000000, -0.1249999999999991396 ) ) ;
#172 = FACE_OUTER_BOUND ( 'NONE', #520, .T. ) ;
#173 = VERTEX_POINT ( 'NONE', #2825 ) ;
#174 = CARTESIAN_POINT ( 'NONE',  ( 0.9999999999999995559, 0.000000000000000000, 0.3750000000000005551 ) ) ;
#175 = VERTEX_POINT ( 'NONE', #148 ) ;
#176 = FACE_OUTER_BOUND ( 'NONE', #1920, .T. ) ;
#177 = CARTESIAN_POINT ( 'NONE',  ( -0.07999999999999916900, 0.05000000000000012768, -1.075000000000002176 ) ) ;
#178 = EDGE_CURVE ( 'NONE', #2117, #959, #624, .T. ) ;
#179 = ORIENTED_EDGE ( 'NONE', *, *, #2352, .F. ) ;
#180 = CARTESIAN_POINT ( 'NONE',  ( -0.7250000000000010880, 0.1999999999999999833, -0.1249999999999990286 ) ) ;
#181 = CARTESIAN_POINT ( 'NONE',  ( -0.2300000000000003431, 2.421733557382613533, 1.024999999999998135 ) ) ;
#182 = AXIS2_PLACEMENT_3D ( 'NONE', #1533, #1789, #2563 ) ;
#183 = DIRECTION ( 'NONE',  ( 0.000000000000000000, -1.000000000000000000, 0.000000000000000000 ) ) ;
#184 = AXIS2_PLACEMENT_3D ( 'NONE', #3002, #3499, #1894 ) ;
#185 = STYLED_ITEM ( 'NONE', ( #2515 ), #3283 ) ;
#186 = ORIENTED_EDGE ( 'NONE', *, *, #70, .T. ) ;
#187 = DIRECTION ( 'NONE',  ( 1.008560160451632098E-16, 0.000000000000000000, -1.000000000000000000 ) ) ;
#188 = ORIENTED_EDGE ( 'NONE', *, *, #1342, .F. ) ;
#189 = AXIS2_PLACEMENT_3D ( 'NONE', #3443, #1823, #2919 ) ;
#190 = CARTESIAN_POINT ( 'NONE',  ( -0.7250000000000008660, 0.2000000000000000111, -0.2499999999999989175 ) ) ;
#191 = VECTOR ( 'NONE', #1562, 1000.000000000000000 ) ;
#192 = DIRECTION ( 'NONE',  ( 1.000000000000000000, 0.000000000000000000, -0.000000000000000000 ) ) ;
#193 = CARTESIAN_POINT ( 'NONE',  ( -1.000000000000000444, 0.05000000000000000278, -1.499999999999999556 ) ) ;
#194 = AXIS2_PLACEMENT_3D ( 'NONE', #1132, #345, #3025 ) ;
#195 = DIRECTION ( 'NONE',  ( -1.000000000000000000, 0.000000000000000000, -7.885106708985515658E-16 ) ) ;
#196 = ADVANCED_FACE ( 'NONE', ( #394 ), #1162, .F. ) ;
#197 = CARTESIAN_POINT ( 'NONE',  ( -1.000000000000000000, 0.000000000000000000, -0.1249999999999985983 ) ) ;
#198 = ORIENTED_EDGE ( 'NONE', *, *, #3479, .T. ) ;
#199 = AXIS2_PLACEMENT_3D ( 'NONE', #977, #1766, #3439 ) ;
#200 = VERTEX_POINT ( 'NONE', #647 ) ;
#201 = PLANE ( 'NONE',  #2504 ) ;
#202 = CARTESIAN_POINT ( 'NONE',  ( -1.000000000000000444, 0.1999999999999999833, -0.3749999999999983902 ) ) ;
#203 = CARTESIAN_POINT ( 'NONE',  ( -0.7250000000000008660, 0.6716990566028296916, -0.3749999999999986122 ) ) ;
#204 = AXIS2_PLACEMENT_3D ( 'NONE', #2867, #753, #3135 ) ;
#205 = ORIENTED_EDGE ( 'NONE', *, *, #3228, .F. ) ;
#206 = CARTESIAN_POINT ( 'NONE',  ( 0.9999999999999995559, 0.1999999999999999833, 0.3750000000000005551 ) ) ;
#207 = ORIENTED_EDGE ( 'NONE', *, *, #2518, .T. ) ;
#208 = DIRECTION ( 'NONE',  ( -1.008560160451632098E-16, 0.000000000000000000, 1.000000000000000000 ) ) ;
#209 = EDGE_LOOP ( 'NONE', ( #258, #1638, #1025, #2854 ) ) ;
#210 = FACE_OUTER_BOUND ( 'NONE', #259, .T. ) ;
#211 = DIRECTION ( 'NONE',  ( -1.734723475976808278E-15, 0.000000000000000000, -1.000000000000000000 ) ) ;
#212 = CARTESIAN_POINT ( 'NONE',  ( 0.7250000000000001998, 0.04999999999999999584, -0.7499999999999995559 ) ) ;
#213 = CARTESIAN_POINT ( 'NONE',  ( -2.956915015869566646E-16, 0.05000000000000000278, 0.3749999999999997224 ) ) ;
#214 = EDGE_CURVE ( 'NONE', #3051, #959, #3356, .T. ) ;
#215 = LINE ( 'NONE', #229, #2733 ) ;
#216 = LINE ( 'NONE', #1843, #2895 ) ;
#217 = CARTESIAN_POINT ( 'NONE',  ( -0.7250000000000010880, 0.2000000000000000111, -0.1249999999999991396 ) ) ;
#218 = EDGE_CURVE ( 'NONE', #2963, #2062, #1200, .T. ) ;
#219 = VERTEX_POINT ( 'NONE', #2809 ) ;
#220 = FACE_OUTER_BOUND ( 'NONE', #1984, .T. ) ;
#221 = VERTEX_POINT ( 'NONE', #3337 ) ;
#222 = FACE_OUTER_BOUND ( 'NONE', #3491, .T. ) ;
#223 = ORIENTED_EDGE ( 'NONE', *, *, #2675, .F. ) ;
#224 = DIRECTION ( 'NONE',  ( 0.000000000000000000, -0.000000000000000000, 1.000000000000000000 ) ) ;
#225 = DIRECTION ( 'NONE',  ( -1.000000000000000000, 0.000000000000000000, 1.577021341797103132E-15 ) ) ;
#226 = CARTESIAN_POINT ( 'NONE',  ( 0.9999999999999995559, 0.000000000000000000, 0.1250000000000007494 ) ) ;
#227 = CARTESIAN_POINT ( 'NONE',  ( 0.2300000000000002875, 0.2000000000000000944, -1.075000000000002398 ) ) ;
#228 = EDGE_LOOP ( 'NONE', ( #1536, #2375, #2354, #674 ) ) ;
#229 = CARTESIAN_POINT ( 'NONE',  ( -0.6400000000000003464, -0.2571742649611338805, -0.1999999999999996503 ) ) ;
#230 = CARTESIAN_POINT ( 'NONE',  ( 8.325123824442247313E-16, 0.05000000000000000278, 1.074999999999997735 ) ) ;
#231 = EDGE_LOOP ( 'NONE', ( #1395, #481, #2869, #1114 ) ) ;
#232 = DIRECTION ( 'NONE',  ( 1.000000000000000000, 0.000000000000000000, -1.734723475976808278E-15 ) ) ;
#233 = AXIS2_PLACEMENT_3D ( 'NONE', #3265, #299, #2476 ) ;
#234 = ORIENTED_EDGE ( 'NONE', *, *, #1266, .T. ) ;
#235 = ORIENTED_EDGE ( 'NONE', *, *, #1624, .F. ) ;
#236 = DIRECTION ( 'NONE',  ( 0.000000000000000000, -0.000000000000000000, -1.000000000000000000 ) ) ;
#237 = ORIENTED_EDGE ( 'NONE', *, *, #1121, .T. ) ;
#238 = VECTOR ( 'NONE', #278, 1000.000000000000000 ) ;
#239 = EDGE_CURVE ( 'NONE', #2078, #2054, #379, .T. ) ;
#240 = EDGE_CURVE ( 'NONE', #897, #1315, #927, .T. ) ;
#241 = AXIS2_PLACEMENT_3D ( 'NONE', #1335, #310, #3259 ) ;
#242 = VERTEX_POINT ( 'NONE', #2521 ) ;
#243 = VECTOR ( 'NONE', #3489, 1000.000000000000000 ) ;
#244 = SURFACE_STYLE_FILL_AREA ( #3218 ) ;
#245 = CARTESIAN_POINT ( 'NONE',  ( -0.07999999999999923839, 0.2000000000000000944, -1.075000000000002176 ) ) ;
#246 = VECTOR ( 'NONE', #1927, 1000.000000000000000 ) ;
#247 = CARTESIAN_POINT ( 'NONE',  ( -0.7250000000000010880, 0.2000000000000000111, 0.3750000000000008882 ) ) ;
#248 = ORIENTED_EDGE ( 'NONE', *, *, #1793, .T. ) ;
#249 = DIRECTION ( 'NONE',  ( 1.734723475976808278E-15, -0.000000000000000000, 1.000000000000000000 ) ) ;
#250 = DIRECTION ( 'NONE',  ( 0.000000000000000000, 1.000000000000000000, -0.000000000000000000 ) ) ;
#251 = AXIS2_PLACEMENT_3D ( 'NONE', #3458, #541, #292 ) ;
#252 = DIRECTION ( 'NONE',  ( 1.445602896647339410E-16, -0.000000000000000000, -1.000000000000000000 ) ) ;
#253 = EDGE_LOOP ( 'NONE', ( #2738, #355, #1841, #47 ) ) ;
#254 = ORIENTED_EDGE ( 'NONE', *, *, #3441, .T. ) ;
#255 = DIRECTION ( 'NONE',  ( 0.000000000000000000, -1.000000000000000000, 0.000000000000000000 ) ) ;
#256 = ADVANCED_FACE ( 'NONE', ( #3094 ), #2851, .T. ) ;
#257 = VERTEX_POINT ( 'NONE', #3370 ) ;
#258 = ORIENTED_EDGE ( 'NONE', *, *, #3479, .F. ) ;
#259 = EDGE_LOOP ( 'NONE', ( #976, #3281, #235, #1197 ) ) ;
#260 = CARTESIAN_POINT ( 'NONE',  ( 0.7250000000000001998, 0.2000000000000000111, -0.2499999999999995837 ) ) ;
#261 = ORIENTED_EDGE ( 'NONE', *, *, #3031, .T. ) ;
#262 = CARTESIAN_POINT ( 'NONE',  ( -0.7250000000000008660, 0.2000000000000000111, -0.7499999999999988898 ) ) ;
#263 = CARTESIAN_POINT ( 'NONE',  ( 0.7250000000000001998, 0.2000000000000000111, 0.1250000000000007494 ) ) ;
#264 = EDGE_CURVE ( 'NONE', #2146, #2609, #95, .T. ) ;
#265 =( NAMED_UNIT ( * ) SI_UNIT ( $, .STERADIAN. ) SOLID_ANGLE_UNIT ( ) );
#266 = LINE ( 'NONE', #297, #2824 ) ;
#267 = DIRECTION ( 'NONE',  ( 1.000000000000000000, 0.000000000000000000, 0.000000000000000000 ) ) ;
#268 = CARTESIAN_POINT ( 'NONE',  ( -1.000000000000000444, 0.1999999999999999833, -0.8749999999999984457 ) ) ;
#269 = EDGE_LOOP ( 'NONE', ( #2147, #773, #132, #2756 ) ) ;
#270 = ORIENTED_EDGE ( 'NONE', *, *, #986, .T. ) ;
#271 = LINE ( 'NONE', #1279, #2119 ) ;
#272 = ORIENTED_EDGE ( 'NONE', *, *, #2315, .T. ) ;
#273 = SURFACE_STYLE_FILL_AREA ( #3233 ) ;
#274 = VERTEX_POINT ( 'NONE', #1679 ) ;
#275 = ORIENTED_EDGE ( 'NONE', *, *, #1935, .T. ) ;
#276 = CARTESIAN_POINT ( 'NONE',  ( 0.9999999999999995559, 0.2000000000000000111, -0.3749999999999992228 ) ) ;
#277 = FILL_AREA_STYLE ('',( #3273 ) ) ;
#278 = DIRECTION ( 'NONE',  ( -1.000000000000000000, -0.000000000000000000, -0.000000000000000000 ) ) ;
#279 = DIRECTION ( 'NONE',  ( -1.000000000000000000, 0.000000000000000000, 0.000000000000000000 ) ) ;
#280 = EDGE_CURVE ( 'NONE', #104, #1592, #661, .T. ) ;
#281 = DIRECTION ( 'NONE',  ( 0.000000000000000000, 0.000000000000000000, -1.000000000000000000 ) ) ;
#282 = LINE ( 'NONE', #2211, #579 ) ;
#283 = AXIS2_PLACEMENT_3D ( 'NONE', #2210, #314, #546 ) ;
#284 = FACE_OUTER_BOUND ( 'NONE', #2471, .T. ) ;
#285 = EDGE_CURVE ( 'NONE', #1671, #120, #1711, .T. ) ;
#286 = DIRECTION ( 'NONE',  ( 0.000000000000000000, 0.000000000000000000, -1.000000000000000000 ) ) ;
#287 = VERTEX_POINT ( 'NONE', #941 ) ;
#288 = CIRCLE ( 'NONE', #451, 0.04999999999999991257 ) ;
#289 = VECTOR ( 'NONE', #1151, 1000.000000000000000 ) ;
#290 = ORIENTED_EDGE ( 'NONE', *, *, #1939, .T. ) ;
#291 = EDGE_LOOP ( 'NONE', ( #1572, #1203, #2641, #2732 ) ) ;
#292 = DIRECTION ( 'NONE',  ( -1.000000000000000000, 0.000000000000000000, 1.577021341797103132E-15 ) ) ;
#293 = CIRCLE ( 'NONE', #516, 0.1249999999999997918 ) ;
#294 = CARTESIAN_POINT ( 'NONE',  ( -0.7600000000000003419, 0.8000000000000000444, -0.1999999999999996503 ) ) ;
#295 = DIRECTION ( 'NONE',  ( -1.000000000000000000, 0.000000000000000000, 7.885106708985496922E-16 ) ) ;
#296 = VECTOR ( 'NONE', #754, 1000.000000000000000 ) ;
#297 = CARTESIAN_POINT ( 'NONE',  ( -1.000000000000000444, 0.6716990566028296916, 0.6250000000000016653 ) ) ;
#298 = CARTESIAN_POINT ( 'NONE',  ( -1.000000000000000444, 0.000000000000000000, -0.3749999999999983902 ) ) ;
#299 = DIRECTION ( 'NONE',  ( 0.000000000000000000, -0.000000000000000000, 1.000000000000000000 ) ) ;
#300 = EDGE_CURVE ( 'NONE', #732, #3363, #3115, .T. ) ;
#301 = AXIS2_PLACEMENT_3D ( 'NONE', #839, #360, #1976 ) ;
#302 = ORIENTED_EDGE ( 'NONE', *, *, #1136, .F. ) ;
#303 = VECTOR ( 'NONE', #2340, 1000.000000000000000 ) ;
#304 = FACE_OUTER_BOUND ( 'NONE', #1739, .T. ) ;
#305 = ORIENTED_EDGE ( 'NONE', *, *, #783, .F. ) ;
#306 = ORIENTED_EDGE ( 'NONE', *, *, #2989, .T. ) ;
#307 = ORIENTED_EDGE ( 'NONE', *, *, #3075, .F. ) ;
#308 = DIRECTION ( 'NONE',  ( 1.445602896647339410E-16, -0.000000000000000000, -1.000000000000000000 ) ) ;
#309 = EDGE_LOOP ( 'NONE', ( #1804, #2464, #2448, #102 ) ) ;
#310 = DIRECTION ( 'NONE',  ( -0.000000000000000000, -1.000000000000000000, 0.000000000000000000 ) ) ;
#311 = DIRECTION ( 'NONE',  ( 0.000000000000000000, 1.000000000000000000, 0.000000000000000000 ) ) ;
#312 = CARTESIAN_POINT ( 'NONE',  ( 0.7250000000000001998, 0.1999999999999999833, 0.1250000000000007494 ) ) ;
#313 = FILL_AREA_STYLE ('',( #801 ) ) ;
#314 = DIRECTION ( 'NONE',  ( -0.000000000000000000, -1.000000000000000000, -0.000000000000000000 ) ) ;
#315 = DIRECTION ( 'NONE',  ( 0.000000000000000000, -0.000000000000000000, 1.000000000000000000 ) ) ;
#316 = EDGE_CURVE ( 'NONE', #2136, #1514, #1698, .T. ) ;
#317 = PLANE ( 'NONE',  #1290 ) ;
#318 = VERTEX_POINT ( 'NONE', #1180 ) ;
#319 = CARTESIAN_POINT ( 'NONE',  ( -0.7250000000000010880, 0.1999999999999999833, 0.8750000000000009992 ) ) ;
#320 = ADVANCED_FACE ( 'NONE', ( #1134 ), #888, .T. ) ;
#321 = ADVANCED_FACE ( 'NONE', ( #874 ), #3080, .F. ) ;
#322 = ORIENTED_EDGE ( 'NONE', *, *, #783, .T. ) ;
#323 = DIRECTION ( 'NONE',  ( 0.000000000000000000, -0.000000000000000000, 1.000000000000000000 ) ) ;
#324 = ORIENTED_EDGE ( 'NONE', *, *, #3387, .F. ) ;
#325 = DIRECTION ( 'NONE',  ( 0.000000000000000000, -1.000000000000000000, 0.000000000000000000 ) ) ;
#326 = LINE ( 'NONE', #2549, #625 ) ;
#327 = CARTESIAN_POINT ( 'NONE',  ( 0.7250000000000006439, 0.2000000000000000111, 0.8750000000000003331 ) ) ;
#328 = CARTESIAN_POINT ( 'NONE',  ( -0.7250000000000008660, 0.000000000000000000, -0.3749999999999986122 ) ) ;
#329 = EDGE_CURVE ( 'NONE', #1994, #2085, #1987, .T. ) ;
#330 = DIRECTION ( 'NONE',  ( 0.000000000000000000, 1.000000000000000000, 0.000000000000000000 ) ) ;
#331 = CARTESIAN_POINT ( 'NONE',  ( 1.379893674072464994E-15, 0.05000000000000000278, 0.8749999999999997780 ) ) ;
#332 = EDGE_LOOP ( 'NONE', ( #1354, #3177, #1380, #254 ) ) ;
#333 = DIRECTION ( 'NONE',  ( 0.000000000000000000, -1.000000000000000000, 0.000000000000000000 ) ) ;
#334 = ORIENTED_EDGE ( 'NONE', *, *, #1021, .T. ) ;
#335 = CARTESIAN_POINT ( 'NONE',  ( -0.7600000000000003419, 0.7499999999999998890, -1.199999999999999734 ) ) ;
#336 = EDGE_CURVE ( 'NONE', #371, #2533, #1800, .T. ) ;
#337 = ORIENTED_EDGE ( 'NONE', *, *, #1829, .F. ) ;
#338 = ORIENTED_EDGE ( 'NONE', *, *, #1185, .F. ) ;
#339 = DIRECTION ( 'NONE',  ( -1.000000000000000000, 0.000000000000000000, 0.000000000000000000 ) ) ;
#340 = EDGE_CURVE ( 'NONE', #359, #2010, #1008, .T. ) ;
#341 = EDGE_CURVE ( 'NONE', #2301, #2045, #2065, .T. ) ;
#342 = DIRECTION ( 'NONE',  ( 1.000000000000000000, 0.000000000000000000, -7.885106708985495936E-16 ) ) ;
#343 = DIRECTION ( 'NONE',  ( -1.000000000000000000, 0.000000000000000000, 7.885106708985496922E-16 ) ) ;
#344 = CIRCLE ( 'NONE', #836, 0.1249999999999997918 ) ;
#345 = DIRECTION ( 'NONE',  ( 0.000000000000000000, 1.000000000000000000, 0.000000000000000000 ) ) ;
#346 = ORIENTED_EDGE ( 'NONE', *, *, #476, .F. ) ;
#347 = CARTESIAN_POINT ( 'NONE',  ( -1.000000000000000444, 0.6716990566028296916, -0.8749999999999984457 ) ) ;
#348 = AXIS2_PLACEMENT_3D ( 'NONE', #2252, #1674, #2806 ) ;
#349 = CARTESIAN_POINT ( 'NONE',  ( 0.2799999999999998601, 2.421733557382613533, 1.074999999999997513 ) ) ;
#350 = AXIS2_PLACEMENT_3D ( 'NONE', #658, #2481, #3286 ) ;
#351 =( GEOMETRIC_REPRESENTATION_CONTEXT ( 3 ) GLOBAL_UNCERTAINTY_ASSIGNED_CONTEXT ( ( #2801 ) ) GLOBAL_UNIT_ASSIGNED_CONTEXT ( ( #151, #2049, #666 ) ) REPRESENTATION_CONTEXT ( 'NONE', 'WORKASPACE' ) );
#352 = DIRECTION ( 'NONE',  ( 0.000000000000000000, 0.000000000000000000, -1.000000000000000000 ) ) ;
#353 = VECTOR ( 'NONE', #2103, 1000.000000000000000 ) ;
#354 = CARTESIAN_POINT ( 'NONE',  ( 0.7250000000000006439, 0.6716990566028296916, -0.1249999999999996808 ) ) ;
#355 = ORIENTED_EDGE ( 'NONE', *, *, #755, .T. ) ;
#356 = VECTOR ( 'NONE', #2753, 1000.000000000000000 ) ;
#357 = VECTOR ( 'NONE', #308, 1000.000000000000000 ) ;
#358 = VERTEX_POINT ( 'NONE', #447 ) ;
#359 = VERTEX_POINT ( 'NONE', #1839 ) ;
#360 = DIRECTION ( 'NONE',  ( -0.000000000000000000, -1.000000000000000000, 0.000000000000000000 ) ) ;
#361 = CARTESIAN_POINT ( 'NONE',  ( 0.9999999999999995559, 0.2000000000000000111, 0.6250000000000007772 ) ) ;
#362 = PLANE ( 'NONE',  #2542 ) ;
#363 = ORIENTED_EDGE ( 'NONE', *, *, #240, .T. ) ;
#364 = EDGE_CURVE ( 'NONE', #2874, #3132, #1433, .T. ) ;
#365 = FACE_OUTER_BOUND ( 'NONE', #372, .T. ) ;
#366 = CARTESIAN_POINT ( 'NONE',  ( -0.7250000000000008660, 0.6716990566028296916, -0.7499999999999988898 ) ) ;
#367 = LINE ( 'NONE', #1438, #3186 ) ;
#368 = EDGE_CURVE ( 'NONE', #2146, #1790, #1521, .T. ) ;
#369 = CARTESIAN_POINT ( 'NONE',  ( 0.9999999999999995559, 0.6716990566028296916, 0.6250000000000007772 ) ) ;
#370 = PLANE ( 'NONE',  #2396 ) ;
#371 = VERTEX_POINT ( 'NONE', #226 ) ;
#372 = EDGE_LOOP ( 'NONE', ( #3126, #1116, #2431, #1760 ) ) ;
#373 = ORIENTED_EDGE ( 'NONE', *, *, #3034, .F. ) ;
#374 = CARTESIAN_POINT ( 'NONE',  ( 0.7250000000000001998, 0.6716990566028296916, 0.6250000000000006661 ) ) ;
#375 =( LENGTH_UNIT ( ) NAMED_UNIT ( * ) SI_UNIT ( .MILLI., .METRE. ) );
#376 = CARTESIAN_POINT ( 'NONE',  ( -0.2800000000000000822, 0.05000000000000000278, -0.8750000000000027756 ) ) ;
#377 = ADVANCED_FACE ( 'NONE', ( #1545 ), #2364, .T. ) ;
#378 = CARTESIAN_POINT ( 'NONE',  ( -0.7600000000000003419, -0.2571742649611338805, -0.1999999999999996503 ) ) ;
#379 = LINE ( 'NONE', #1420, #3173 ) ;
#380 = DIRECTION ( 'NONE',  ( -1.000000000000000000, 0.000000000000000000, 7.744301232039311751E-16 ) ) ;
#381 = EDGE_CURVE ( 'NONE', #731, #880, #2594, .T. ) ;
#382 = EDGE_LOOP ( 'NONE', ( #1318, #1500, #2149, #2416, #1144, #2652, #2519, #1957 ) ) ;
#383 = ADVANCED_FACE ( 'NONE', ( #503 ), #1768, .T. ) ;
#384 = CARTESIAN_POINT ( 'NONE',  ( -1.000000000000000444, 0.2000000000000000111, -0.8749999999999984457 ) ) ;
#385 = CARTESIAN_POINT ( 'NONE',  ( -0.7250000000000008660, 0.2000000000000000111, 0.6250000000000014433 ) ) ;
#386 = UNCERTAINTY_MEASURE_WITH_UNIT (LENGTH_MEASURE( 1.000000000000000082E-05 ), #2776, 'distance_accuracy_value', 'NONE');
#387 = ORIENTED_EDGE ( 'NONE', *, *, #1524, .T. ) ;
#388 = EDGE_LOOP ( 'NONE', ( #2270, #1847, #727, #2626 ) ) ;
#389 = CARTESIAN_POINT ( 'NONE',  ( -0.7250000000000010880, 0.04999999999999999584, 0.3750000000000008882 ) ) ;
#390 = DIRECTION ( 'NONE',  ( 7.885106708985495936E-16, -0.000000000000000000, 1.000000000000000000 ) ) ;
#391 = ORIENTED_EDGE ( 'NONE', *, *, #1693, .F. ) ;
#392 = CARTESIAN_POINT ( 'NONE',  ( -1.000000000000000444, 0.1999999999999999833, 0.1250000000000016376 ) ) ;
#393 = CARTESIAN_POINT ( 'NONE',  ( 0.2300000000000003153, 0.2000000000000000944, -1.025000000000002576 ) ) ;
#394 = FACE_OUTER_BOUND ( 'NONE', #1474, .T. ) ;
#395 = CARTESIAN_POINT ( 'NONE',  ( 0.7250000000000006439, 0.000000000000000000, -0.6249999999999996669 ) ) ;
#396 = VECTOR ( 'NONE', #876, 1000.000000000000000 ) ;
#397 = ORIENTED_EDGE ( 'NONE', *, *, #2352, .T. ) ;
#398 = ORIENTED_EDGE ( 'NONE', *, *, #3274, .T. ) ;
#399 = ADVANCED_FACE ( 'NONE', ( #176 ), #702, .F. ) ;
#400 = AXIS2_PLACEMENT_3D ( 'NONE', #1463, #3090, #1709 ) ;
#401 = CARTESIAN_POINT ( 'NONE',  ( 0.7250000000000006439, 0.1999999999999999833, -0.1249999999999996808 ) ) ;
#402 =( GEOMETRIC_REPRESENTATION_CONTEXT ( 3 ) GLOBAL_UNCERTAINTY_ASSIGNED_CONTEXT ( ( #1261 ) ) GLOBAL_UNIT_ASSIGNED_CONTEXT ( ( #1905, #523, #1057 ) ) REPRESENTATION_CONTEXT ( 'NONE', 'WORKASPACE' ) );
#403 = AXIS2_PLACEMENT_3D ( 'NONE', #2088, #3468, #984 ) ;
#404 = FACE_OUTER_BOUND ( 'NONE', #981, .T. ) ;
#405 = VERTEX_POINT ( 'NONE', #3185 ) ;
#406 = AXIS2_PLACEMENT_3D ( 'NONE', #3204, #1522, #1233 ) ;
#407 = VERTEX_POINT ( 'NONE', #2326 ) ;
#408 = VECTOR ( 'NONE', #72, 1000.000000000000000 ) ;
#409 = PLANE ( 'NONE',  #1650 ) ;
#410 = DIRECTION ( 'NONE',  ( 0.000000000000000000, 0.000000000000000000, -1.000000000000000000 ) ) ;
#411 = CARTESIAN_POINT ( 'NONE',  ( -1.000000000000000000, 0.6716990566028296916, 0.3750000000000014433 ) ) ;
#412 = AXIS2_PLACEMENT_3D ( 'NONE', #3217, #2647, #3272 ) ;
#413 = AXIS2_PLACEMENT_3D ( 'NONE', #3232, #2133, #775 ) ;
#414 = CARTESIAN_POINT ( 'NONE',  ( -0.7250000000000008660, 0.000000000000000000, -0.8749999999999985567 ) ) ;
#415 = ORIENTED_EDGE ( 'NONE', *, *, #3142, .F. ) ;
#416 = DIRECTION ( 'NONE',  ( -1.577021341797103132E-15, 0.000000000000000000, -1.000000000000000000 ) ) ;
#417 = PLANE ( 'NONE',  #3072 ) ;
#418 = ORIENTED_EDGE ( 'NONE', *, *, #3031, .F. ) ;
#419 = ORIENTED_EDGE ( 'NONE', *, *, #3245, .T. ) ;
#420 = EDGE_CURVE ( 'NONE', #6, #2249, #2082, .T. ) ;
#421 = DIRECTION ( 'NONE',  ( 0.000000000000000000, -1.000000000000000000, 0.000000000000000000 ) ) ;
#422 = ORIENTED_EDGE ( 'NONE', *, *, #2331, .T. ) ;
#423 = LINE ( 'NONE', #1497, #1759 ) ;
#424 = ORIENTED_EDGE ( 'NONE', *, *, #341, .T. ) ;
#425 = LINE ( 'NONE', #713, #2044 ) ;
#426 = EDGE_CURVE ( 'NONE', #897, #2689, #2614, .T. ) ;
#427 = DIRECTION ( 'NONE',  ( -1.445602896647339410E-16, 0.000000000000000000, 1.000000000000000000 ) ) ;
#428 = EDGE_CURVE ( 'NONE', #1020, #1408, #1252, .T. ) ;
#429 = EDGE_LOOP ( 'NONE', ( #3212, #2096, #1124, #2822, #664, #1221, #1398, #779, #2009, #3395, #774, #2067, #3266, #2682, #3362, #1146, #2394, #611, #179, #1556 ) ) ;
#430 = CARTESIAN_POINT ( 'NONE',  ( 0.2299999999999998712, 2.421733557382613533, 1.024999999999997691 ) ) ;
#431 = DIRECTION ( 'NONE',  ( -1.000000000000000000, -0.000000000000000000, -0.000000000000000000 ) ) ;
#432 = CARTESIAN_POINT ( 'NONE',  ( -1.000000000000000000, 0.000000000000000000, -0.6249999999999985567 ) ) ;
#433 = EDGE_CURVE ( 'NONE', #2249, #1730, #1428, .T. ) ;
#434 = EDGE_CURVE ( 'NONE', #2541, #2054, #1505, .T. ) ;
#435 = DIRECTION ( 'NONE',  ( -0.000000000000000000, -1.000000000000000000, -0.000000000000000000 ) ) ;
#436 = CARTESIAN_POINT ( 'NONE',  ( 0.7250000000000001998, 0.000000000000000000, 0.2500000000000004441 ) ) ;
#437 = ORIENTED_EDGE ( 'NONE', *, *, #663, .F. ) ;
#438 = ORIENTED_EDGE ( 'NONE', *, *, #3163, .F. ) ;
#439 = CARTESIAN_POINT ( 'NONE',  ( -1.000000000000000444, 0.2000000000000000111, 0.1250000000000016376 ) ) ;
#440 = EDGE_LOOP ( 'NONE', ( #1444, #3014, #506, #1795 ) ) ;
#441 = CARTESIAN_POINT ( 'NONE',  ( -0.7250000000000008660, 0.6716990566028296916, -0.8749999999999985567 ) ) ;
#442 = ADVANCED_FACE ( 'NONE', ( #2305 ), #3383, .F. ) ;
#443 = ORIENTED_EDGE ( 'NONE', *, *, #720, .F. ) ;
#444 = FACE_OUTER_BOUND ( 'NONE', #795, .T. ) ;
#445 = EDGE_CURVE ( 'NONE', #2437, #175, #718, .T. ) ;
#446 = LINE ( 'NONE', #700, #628 ) ;
#447 = CARTESIAN_POINT ( 'NONE',  ( 0.7250000000000001998, 0.000000000000000000, -0.8749999999999993339 ) ) ;
#448 = LINE ( 'NONE', #1577, #2673 ) ;
#449 = VERTEX_POINT ( 'NONE', #3425 ) ;
#450 = FACE_OUTER_BOUND ( 'NONE', #1407, .T. ) ;
#451 = AXIS2_PLACEMENT_3D ( 'NONE', #1143, #2731, #2246 ) ;
#452 = CARTESIAN_POINT ( 'NONE',  ( -0.2300000000000002875, 0.2000000000000000944, 1.074999999999997957 ) ) ;
#453 = EDGE_CURVE ( 'NONE', #2014, #173, #1576, .T. ) ;
#454 = PLANE ( 'NONE',  #2720 ) ;
#455 = VECTOR ( 'NONE', #2661, 1000.000000000000000 ) ;
#456 = AXIS2_PLACEMENT_3D ( 'NONE', #1269, #2362, #1767 ) ;
#457 = VERTEX_POINT ( 'NONE', #294 ) ;
#458 = LINE ( 'NONE', #2566, #1084 ) ;
#459 = ORIENTED_EDGE ( 'NONE', *, *, #1442, .T. ) ;
#460 = VECTOR ( 'NONE', #3485, 1000.000000000000000 ) ;
#461 = DIRECTION ( 'NONE',  ( 0.000000000000000000, 1.000000000000000000, 0.000000000000000000 ) ) ;
#462 = AXIS2_PLACEMENT_3D ( 'NONE', #1854, #2140, #1324 ) ;
#463 = ADVANCED_FACE ( 'NONE', ( #2417 ), #1906, .T. ) ;
#464 = VECTOR ( 'NONE', #736, 1000.000000000000000 ) ;
#465 = ORIENTED_EDGE ( 'NONE', *, *, #1793, .F. ) ;
#466 = CYLINDRICAL_SURFACE ( 'NONE', #2558, 0.1249999999999997918 ) ;
#467 = DIRECTION ( 'NONE',  ( -1.000000000000000000, 0.000000000000000000, 7.885106708985496922E-16 ) ) ;
#468 = AXIS2_PLACEMENT_3D ( 'NONE', #2637, #3467, #2597 ) ;
#469 = DIRECTION ( 'NONE',  ( 1.000000000000000000, -0.000000000000000000, -1.577021341797103132E-15 ) ) ;
#470 = CARTESIAN_POINT ( 'NONE',  ( 0.9999999999999995559, 0.6716990566028296916, -0.6249999999999994449 ) ) ;
#471 = PRESENTATION_LAYER_ASSIGNMENT (  '', '', ( #532 ) ) ;
#472 = ORIENTED_EDGE ( 'NONE', *, *, #433, .F. ) ;
#473 = PLANE ( 'NONE',  #1138 ) ;
#474 = EDGE_CURVE ( 'NONE', #2304, #3363, #3023, .T. ) ;
#475 = PLANE ( 'NONE',  #1983 ) ;
#476 = EDGE_CURVE ( 'NONE', #1850, #1855, #1079, .T. ) ;
#477 = EDGE_CURVE ( 'NONE', #1752, #1251, #1924, .T. ) ;
#478 = DIRECTION ( 'NONE',  ( 0.000000000000000000, 1.000000000000000000, -0.000000000000000000 ) ) ;
#479 = VERTEX_POINT ( 'NONE', #780 ) ;
#480 = PLANE ( 'NONE',  #413 ) ;
#481 = ORIENTED_EDGE ( 'NONE', *, *, #3441, .F. ) ;
#482 = SURFACE_STYLE_USAGE ( .BOTH. , #2915 ) ;
#483 = VERTEX_POINT ( 'NONE', #1877 ) ;
#484 = CARTESIAN_POINT ( 'NONE',  ( -0.2800000000000001932, 0.05000000000000000278, -2.823968449264572240E-17 ) ) ;
#485 = CYLINDRICAL_SURFACE ( 'NONE', #1073, 0.04999999999999991257 ) ;
#486 = EDGE_CURVE ( 'NONE', #2029, #1020, #814, .T. ) ;
#487 = DIRECTION ( 'NONE',  ( 1.000000000000000000, -0.000000000000000000, -2.168404344971009854E-16 ) ) ;
#488 = CARTESIAN_POINT ( 'NONE',  ( -0.7250000000000008660, 0.000000000000000000, -0.3749999999999986122 ) ) ;
#489 = ORIENTED_EDGE ( 'NONE', *, *, #2568, .T. ) ;
#490 = DIRECTION ( 'NONE',  ( -0.000000000000000000, 0.000000000000000000, 1.000000000000000000 ) ) ;
#491 = CARTESIAN_POINT ( 'NONE',  ( 0.9999999999999995559, 0.6716990566028296916, -0.3749999999999992228 ) ) ;
#492 = LINE ( 'NONE', #2128, #1971 ) ;
#493 = ORIENTED_EDGE ( 'NONE', *, *, #2881, .T. ) ;
#494 = VERTEX_POINT ( 'NONE', #2686 ) ;
#495 = CARTESIAN_POINT ( 'NONE',  ( -0.7600000000000003419, 0.7500000000000000000, -0.1999999999999996503 ) ) ;
#496 = VERTEX_POINT ( 'NONE', #825 ) ;
#497 = SURFACE_STYLE_USAGE ( .BOTH. , #552 ) ;
#498 = EDGE_CURVE ( 'NONE', #2921, #1654, #2456, .T. ) ;
#499 = ORIENTED_EDGE ( 'NONE', *, *, #153, .F. ) ;
#500 = CARTESIAN_POINT ( 'NONE',  ( 0.7250000000000001998, 0.2000000000000000111, -0.8749999999999993339 ) ) ;
#501 = ORIENTED_EDGE ( 'NONE', *, *, #2792, .F. ) ;
#502 = FACE_OUTER_BOUND ( 'NONE', #231, .T. ) ;
#503 = FACE_OUTER_BOUND ( 'NONE', #1464, .T. ) ;
#504 = LINE ( 'NONE', #213, #464 ) ;
#505 = CLOSED_SHELL ( 'NONE', ( #2208, #1131, #3096, #2070, #3213, #2656, #2509, #80, #1049, #689 ) ) ;
#506 = ORIENTED_EDGE ( 'NONE', *, *, #1106, .T. ) ;
#507 = AXIS2_PLACEMENT_3D ( 'NONE', #1382, #1598, #1046 ) ;
#508 = LINE ( 'NONE', #2886, #582 ) ;
#509 = DIRECTION ( 'NONE',  ( 0.000000000000000000, 0.000000000000000000, 1.000000000000000000 ) ) ;
#510 = EDGE_CURVE ( 'NONE', #1786, #2146, #1095, .T. ) ;
#511 = LINE ( 'NONE', #787, #1234 ) ;
#512 = VECTOR ( 'NONE', #2259, 1000.000000000000000 ) ;
#513 = VERTEX_POINT ( 'NONE', #573 ) ;
#514 = ORIENTED_EDGE ( 'NONE', *, *, #3209, .F. ) ;
#515 = CARTESIAN_POINT ( 'NONE',  ( 0.9999999999999995559, 0.000000000000000000, 0.6250000000000007772 ) ) ;
#516 = AXIS2_PLACEMENT_3D ( 'NONE', #262, #1307, #1058 ) ;
#517 = LINE ( 'NONE', #1039, #455 ) ;
#518 = EDGE_CURVE ( 'NONE', #1074, #1671, #1802, .T. ) ;
#519 = VECTOR ( 'NONE', #325, 1000.000000000000000 ) ;
#520 = EDGE_LOOP ( 'NONE', ( #2796, #1848, #968, #155 ) ) ;
#521 = PRESENTATION_LAYER_ASSIGNMENT (  '', '', ( #1584 ) ) ;
#522 = CARTESIAN_POINT ( 'NONE',  ( -1.000000000000000444, 0.6716990566028296916, 0.1250000000000016376 ) ) ;
#523 =( NAMED_UNIT ( * ) PLANE_ANGLE_UNIT ( ) SI_UNIT ( $, .RADIAN. ) );
#524 = EDGE_LOOP ( 'NONE', ( #947, #602, #3492, #591 ) ) ;
#525 = LINE ( 'NONE', #1596, #1582 ) ;
#526 = VECTOR ( 'NONE', #581, 1000.000000000000000 ) ;
#527 = LINE ( 'NONE', #2435, #2112 ) ;
#528 = SURFACE_SIDE_STYLE ('',( #1908 ) ) ;
#529 = VECTOR ( 'NONE', #3024, 1000.000000000000000 ) ;
#530 = DIRECTION ( 'NONE',  ( 0.000000000000000000, -0.000000000000000000, 1.000000000000000000 ) ) ;
#531 = PLANE ( 'NONE',  #134 ) ;
#532 = STYLED_ITEM ( 'NONE', ( #2302 ), #2060 ) ;
#533 = DIRECTION ( 'NONE',  ( 1.000000000000000000, -0.000000000000000000, -1.577021341797103132E-15 ) ) ;
#534 = ORIENTED_EDGE ( 'NONE', *, *, #285, .T. ) ;
#535 = ORIENTED_EDGE ( 'NONE', *, *, #2790, .F. ) ;
#536 = CARTESIAN_POINT ( 'NONE',  ( -0.7250000000000010880, 0.6716990566028296916, -0.6249999999999991118 ) ) ;
#537 = ORIENTED_EDGE ( 'NONE', *, *, #1374, .T. ) ;
#538 =( LENGTH_UNIT ( ) NAMED_UNIT ( * ) SI_UNIT ( .MILLI., .METRE. ) );
#539 = ADVANCED_FACE ( 'NONE', ( #542 ), #52, .T. ) ;
#540 = VERTEX_POINT ( 'NONE', #798 ) ;
#541 = DIRECTION ( 'NONE',  ( -1.577021341797103132E-15, 0.000000000000000000, -1.000000000000000000 ) ) ;
#542 = FACE_OUTER_BOUND ( 'NONE', #2074, .T. ) ;
#543 = LINE ( 'NONE', #2178, #1186 ) ;
#544 = PRODUCT_CONTEXT ( 'NONE', #3433, 'mechanical' ) ;
#545 = VERTEX_POINT ( 'NONE', #245 ) ;
#546 = DIRECTION ( 'NONE',  ( 0.000000000000000000, 0.000000000000000000, -1.000000000000000000 ) ) ;
#547 = DIRECTION ( 'NONE',  ( 1.000000000000000000, -0.000000000000000000, 2.017120320903264195E-16 ) ) ;
#548 = CARTESIAN_POINT ( 'NONE',  ( -0.07999999999999923839, 0.000000000000000000, -1.075000000000002176 ) ) ;
#549 = ORIENTED_EDGE ( 'NONE', *, *, #2639, .F. ) ;
#550 = FACE_OUTER_BOUND ( 'NONE', #1429, .T. ) ;
#551 = ORIENTED_EDGE ( 'NONE', *, *, #2816, .T. ) ;
#552 = SURFACE_SIDE_STYLE ('',( #273 ) ) ;
#553 = EDGE_CURVE ( 'NONE', #1752, #2541, #1336, .T. ) ;
#554 = ORIENTED_EDGE ( 'NONE', *, *, #1065, .F. ) ;
#555 = DIRECTION ( 'NONE',  ( 0.000000000000000000, -0.000000000000000000, -1.000000000000000000 ) ) ;
#556 = FILL_AREA_STYLE ('',( #51 ) ) ;
#557 = DIRECTION ( 'NONE',  ( 0.000000000000000000, -0.000000000000000000, 1.000000000000000000 ) ) ;
#558 = PLANE ( 'NONE',  #2050 ) ;
#559 = EDGE_CURVE ( 'NONE', #929, #449, #293, .T. ) ;
#560 = LINE ( 'NONE', #1625, #3335 ) ;
#561 = LINE ( 'NONE', #1327, #1022 ) ;
#562 = CIRCLE ( 'NONE', #283, 0.04999999999999991257 ) ;
#563 = CARTESIAN_POINT ( 'NONE',  ( -6.899468370362304260E-16, 0.05000000000000000278, -0.8749999999999991118 ) ) ;
#564 = ORIENTED_EDGE ( 'NONE', *, *, #986, .F. ) ;
#565 = CARTESIAN_POINT ( 'NONE',  ( 0.7250000000000006439, 0.2000000000000000111, -0.1249999999999996808 ) ) ;
#566 = EDGE_LOOP ( 'NONE', ( #2410, #306, #2962, #3195 ) ) ;
#567 = VECTOR ( 'NONE', #333, 1000.000000000000000 ) ;
#568 = VERTEX_POINT ( 'NONE', #2400 ) ;
#569 = ORIENTED_EDGE ( 'NONE', *, *, #715, .T. ) ;
#570 = DIRECTION ( 'NONE',  ( 0.000000000000000000, -1.000000000000000000, 0.000000000000000000 ) ) ;
#571 = VECTOR ( 'NONE', #2821, 1000.000000000000000 ) ;
#572 = PRESENTATION_STYLE_ASSIGNMENT (( #797 ) ) ;
#573 = CARTESIAN_POINT ( 'NONE',  ( 0.7250000000000006439, 0.2000000000000000111, -0.6249999999999996669 ) ) ;
#574 = AXIS2_PLACEMENT_3D ( 'NONE', #260, #2664, #2193 ) ;
#575 = EDGE_CURVE ( 'NONE', #2172, #2404, #3392, .T. ) ;
#576 = CARTESIAN_POINT ( 'NONE',  ( -0.7250000000000010880, 0.000000000000000000, 0.8750000000000009992 ) ) ;
#577 = ORIENTED_EDGE ( 'NONE', *, *, #789, .T. ) ;
#578 = VECTOR ( 'NONE', #3107, 1000.000000000000000 ) ;
#579 = VECTOR ( 'NONE', #1910, 1000.000000000000000 ) ;
#580 = FACE_OUTER_BOUND ( 'NONE', #2912, .T. ) ;
#581 = DIRECTION ( 'NONE',  ( -1.000000000000000000, 0.000000000000000000, 1.577021341797103132E-15 ) ) ;
#582 = VECTOR ( 'NONE', #249, 1000.000000000000000 ) ;
#583 = FACE_BOUND ( 'NONE', #3347, .T. ) ;
#584 = EDGE_CURVE ( 'NONE', #483, #2627, #2152, .T. ) ;
#585 = AXIS2_PLACEMENT_3D ( 'NONE', #1922, #2750, #1157 ) ;
#586 = ORIENTED_EDGE ( 'NONE', *, *, #2402, .F. ) ;
#587 = VECTOR ( 'NONE', #1603, 1000.000000000000000 ) ;
#588 = LINE ( 'NONE', #1441, #1343 ) ;
#589 = EDGE_CURVE ( 'NONE', #2985, #2582, #525, .T. ) ;
#590 = EDGE_CURVE ( 'NONE', #3268, #104, #2702, .T. ) ;
#591 = ORIENTED_EDGE ( 'NONE', *, *, #2308, .F. ) ;
#592 = DIRECTION ( 'NONE',  ( 0.000000000000000000, -0.000000000000000000, 1.000000000000000000 ) ) ;
#593 = ORIENTED_EDGE ( 'NONE', *, *, #627, .F. ) ;
#594 = CARTESIAN_POINT ( 'NONE',  ( -0.6400000000000003464, 0.7500000000000000000, -0.1999999999999996503 ) ) ;
#595 = DIRECTION ( 'NONE',  ( 0.000000000000000000, -1.000000000000000000, 0.000000000000000000 ) ) ;
#596 = LINE ( 'NONE', #1660, #86 ) ;
#597 = CARTESIAN_POINT ( 'NONE',  ( -1.000000000000000000, 0.6716990566028296916, -0.1249999999999985983 ) ) ;
#598 = LINE ( 'NONE', #1880, #2536 ) ;
#599 = LINE ( 'NONE', #2199, #2047 ) ;
#600 = DIRECTION ( 'NONE',  ( -1.008560160451632098E-16, 0.000000000000000000, 1.000000000000000000 ) ) ;
#601 = EDGE_CURVE ( 'NONE', #143, #540, #2434, .T. ) ;
#602 = ORIENTED_EDGE ( 'NONE', *, *, #1425, .F. ) ;
#603 = DIRECTION ( 'NONE',  ( -0.000000000000000000, -1.000000000000000000, -0.000000000000000000 ) ) ;
#604 = ORIENTED_EDGE ( 'NONE', *, *, #1442, .F. ) ;
#605 = CARTESIAN_POINT ( 'NONE',  ( -0.7250000000000008660, 0.04999999999999999584, 0.1250000000000014155 ) ) ;
#606 = CARTESIAN_POINT ( 'NONE',  ( 0.2300000000000002875, 0.2000000000000000944, -1.075000000000002398 ) ) ;
#607 = EDGE_LOOP ( 'NONE', ( #868, #248, #957, #272 ) ) ;
#608 = FACE_OUTER_BOUND ( 'NONE', #228, .T. ) ;
#609 = DIRECTION ( 'NONE',  ( -1.000000000000000000, 0.000000000000000000, -7.885106708985515658E-16 ) ) ;
#610 = CYLINDRICAL_SURFACE ( 'NONE', #860, 0.1249999999999997918 ) ;
#611 = ORIENTED_EDGE ( 'NONE', *, *, #1212, .T. ) ;
#612 = CARTESIAN_POINT ( 'NONE',  ( 0.9999999999999995559, 0.2000000000000000111, -0.3749999999999992228 ) ) ;
#613 = CARTESIAN_POINT ( 'NONE',  ( -0.7250000000000008660, 0.04999999999999999584, 0.7500000000000011102 ) ) ;
#614 = LINE ( 'NONE', #818, #1741 ) ;
#615 = ORIENTED_EDGE ( 'NONE', *, *, #3317, .T. ) ;
#616 = PLANE ( 'NONE',  #2663 ) ;
#617 = EDGE_LOOP ( 'NONE', ( #514, #2061, #1235, #2233 ) ) ;
#618 = ORIENTED_EDGE ( 'NONE', *, *, #1275, .T. ) ;
#619 = ORIENTED_EDGE ( 'NONE', *, *, #3224, .F. ) ;
#620 = FACE_OUTER_BOUND ( 'NONE', #3477, .T. ) ;
#621 = DIRECTION ( 'NONE',  ( -1.000000000000000000, 0.000000000000000000, 7.744301232039315695E-16 ) ) ;
#622 = ADVANCED_FACE ( 'NONE', ( #659 ), #3309, .F. ) ;
#623 = DIRECTION ( 'NONE',  ( 0.000000000000000000, 0.000000000000000000, 1.000000000000000000 ) ) ;
#624 = LINE ( 'NONE', #678, #2828 ) ;
#625 = VECTOR ( 'NONE', #1195, 1000.000000000000000 ) ;
#626 = DIRECTION ( 'NONE',  ( -0.000000000000000000, -1.000000000000000000, -0.000000000000000000 ) ) ;
#627 = EDGE_CURVE ( 'NONE', #1677, #1850, #2036, .T. ) ;
#628 = VECTOR ( 'NONE', #2100, 1000.000000000000000 ) ;
#629 = MECHANICAL_DESIGN_GEOMETRIC_PRESENTATION_REPRESENTATION (  '', ( #1296 ), #2781 ) ;
#630 = ORIENTED_EDGE ( 'NONE', *, *, #1883, .T. ) ;
#631 = PRODUCT_DEFINITION_FORMATION_WITH_SPECIFIED_SOURCE ( 'ANY', '', #1189, .NOT_KNOWN. ) ;
#632 = CARTESIAN_POINT ( 'NONE',  ( 0.9999999999999995559, 0.000000000000000000, -0.8749999999999992228 ) ) ;
#633 = VECTOR ( 'NONE', #2933, 1000.000000000000000 ) ;
#634 = CARTESIAN_POINT ( 'NONE',  ( -0.7250000000000008660, 0.2000000000000000111, 0.7500000000000011102 ) ) ;
#635 = CIRCLE ( 'NONE', #2554, 0.1249999999999997918 ) ;
#636 = VECTOR ( 'NONE', #1192, 1000.000000000000000 ) ;
#637 = VERTEX_POINT ( 'NONE', #376 ) ;
#638 = ORIENTED_EDGE ( 'NONE', *, *, #1511, .F. ) ;
#639 = CARTESIAN_POINT ( 'NONE',  ( -0.7250000000000008660, 0.2000000000000000111, -0.7499999999999988898 ) ) ;
#640 = CARTESIAN_POINT ( 'NONE',  ( -0.2800000000000003042, 0.000000000000000000, 1.074999999999997957 ) ) ;
#641 = EDGE_LOOP ( 'NONE', ( #1717, #670, #1191, #1825, #2414, #3421, #493, #2171 ) ) ;
#642 = DIRECTION ( 'NONE',  ( 0.000000000000000000, -1.000000000000000000, 0.000000000000000000 ) ) ;
#643 = EDGE_CURVE ( 'NONE', #2979, #1402, #1448, .T. ) ;
#644 = ORIENTED_EDGE ( 'NONE', *, *, #3310, .T. ) ;
#645 =( NAMED_UNIT ( * ) PLANE_ANGLE_UNIT ( ) SI_UNIT ( $, .RADIAN. ) );
#646 = ADVANCED_FACE ( 'NONE', ( #3334 ), #362, .F. ) ;
#647 = CARTESIAN_POINT ( 'NONE',  ( 0.9999999999999995559, 0.2000000000000000111, 0.8750000000000005551 ) ) ;
#648 = LINE ( 'NONE', #124, #2332 ) ;
#649 = ORIENTED_EDGE ( 'NONE', *, *, #486, .T. ) ;
#650 = EDGE_CURVE ( 'NONE', #3363, #2024, #1015, .T. ) ;
#651 = ADVANCED_FACE ( 'NONE', ( #608 ), #1127, .F. ) ;
#652 = SURFACE_SIDE_STYLE ('',( #1754 ) ) ;
#653 = DIRECTION ( 'NONE',  ( 1.000000000000000000, 0.000000000000000000, -1.734723475976808278E-15 ) ) ;
#654 = ORIENTED_EDGE ( 'NONE', *, *, #1284, .F. ) ;
#655 = EDGE_LOOP ( 'NONE', ( #973, #1558, #1439, #2296 ) ) ;
#656 = EDGE_LOOP ( 'NONE', ( #2928, #2155, #569, #198 ) ) ;
#657 = PLANE ( 'NONE',  #3355 ) ;
#658 = CARTESIAN_POINT ( 'NONE',  ( -0.7600000000000003419, -0.2571742649611338805, -1.199999999999999734 ) ) ;
#659 = FACE_OUTER_BOUND ( 'NONE', #1103, .T. ) ;
#660 = DIRECTION ( 'NONE',  ( 1.000000000000000000, -0.000000000000000000, -7.885106708985497909E-16 ) ) ;
#661 = LINE ( 'NONE', #2507, #3117 ) ;
#662 = DIRECTION ( 'NONE',  ( 0.000000000000000000, -1.000000000000000000, 0.000000000000000000 ) ) ;
#663 = EDGE_CURVE ( 'NONE', #3418, #2870, #2284, .T. ) ;
#664 = ORIENTED_EDGE ( 'NONE', *, *, #2810, .T. ) ;
#665 = ORIENTED_EDGE ( 'NONE', *, *, #2402, .T. ) ;
#666 =( NAMED_UNIT ( * ) SI_UNIT ( $, .STERADIAN. ) SOLID_ANGLE_UNIT ( ) );
#667 = CARTESIAN_POINT ( 'NONE',  ( 0.9999999999999995559, 0.2000000000000000111, 0.3750000000000005551 ) ) ;
#668 = ORIENTED_EDGE ( 'NONE', *, *, #340, .F. ) ;
#669 = ORIENTED_EDGE ( 'NONE', *, *, #1935, .F. ) ;
#670 = ORIENTED_EDGE ( 'NONE', *, *, #1780, .T. ) ;
#671 = DIRECTION ( 'NONE',  ( 0.000000000000000000, 0.000000000000000000, -1.000000000000000000 ) ) ;
#672 = FACE_OUTER_BOUND ( 'NONE', #2782, .T. ) ;
#673 = ORIENTED_EDGE ( 'NONE', *, *, #2538, .T. ) ;
#674 = ORIENTED_EDGE ( 'NONE', *, *, #2728, .T. ) ;
#675 = CARTESIAN_POINT ( 'NONE',  ( 0.2800000000000003042, 2.421733557382613533, -1.075000000000002398 ) ) ;
#676 = LINE ( 'NONE', #1113, #680 ) ;
#677 = ADVANCED_FACE ( 'NONE', ( #1999 ), #3351, .F. ) ;
#678 = CARTESIAN_POINT ( 'NONE',  ( 0.9999999999999995559, 0.000000000000000000, -0.6249999999999994449 ) ) ;
#679 = DIRECTION ( 'NONE',  ( 0.000000000000000000, -1.000000000000000000, 0.000000000000000000 ) ) ;
#680 = VECTOR ( 'NONE', #2200, 1000.000000000000000 ) ;
#681 = ORIENTED_EDGE ( 'NONE', *, *, #2587, .F. ) ;
#682 = EDGE_LOOP ( 'NONE', ( #1737, #776, #1554, #3110, #2837, #1943, #823, #2803 ) ) ;
#683 = VECTOR ( 'NONE', #1499, 1000.000000000000000 ) ;
#684 = LINE ( 'NONE', #2798, #2724 ) ;
#685 =( GEOMETRIC_REPRESENTATION_CONTEXT ( 3 ) GLOBAL_UNCERTAINTY_ASSIGNED_CONTEXT ( ( #3473 ) ) GLOBAL_UNIT_ASSIGNED_CONTEXT ( ( #375, #1658, #90 ) ) REPRESENTATION_CONTEXT ( 'NONE', 'WORKASPACE' ) );
#686 = AXIS2_PLACEMENT_3D ( 'NONE', #1581, #3429, #1788 ) ;
#687 = ADVANCED_FACE ( 'NONE', ( #2268 ), #3054, .F. ) ;
#688 = PLANE ( 'NONE',  #1519 ) ;
#689 = ADVANCED_FACE ( 'NONE', ( #937 ), #2015, .T. ) ;
#690 = CIRCLE ( 'NONE', #1356, 0.05000000000000002359 ) ;
#691 = ORIENTED_EDGE ( 'NONE', *, *, #1004, .F. ) ;
#692 = AXIS2_PLACEMENT_3D ( 'NONE', #2917, #2063, #1796 ) ;
#693 = FACE_OUTER_BOUND ( 'NONE', #944, .T. ) ;
#694 = DIRECTION ( 'NONE',  ( 0.000000000000000000, -1.000000000000000000, 0.000000000000000000 ) ) ;
#695 = ADVANCED_FACE ( 'NONE', ( #92 ), #1149, .T. ) ;
#696 = PLANE ( 'NONE',  #3064 ) ;
#697 = CIRCLE ( 'NONE', #301, 0.1249999999999997918 ) ;
#698 = ORIENTED_EDGE ( 'NONE', *, *, #2727, .T. ) ;
#699 = CARTESIAN_POINT ( 'NONE',  ( -1.000000000000000222, 0.05000000000000000278, 0.6250000000000014433 ) ) ;
#700 = CARTESIAN_POINT ( 'NONE',  ( -1.000000000000000000, 0.6716990566028296916, 0.8750000000000014433 ) ) ;
#701 = ORIENTED_EDGE ( 'NONE', *, *, #590, .T. ) ;
#702 = PLANE ( 'NONE',  #2726 ) ;
#703 = DIRECTION ( 'NONE',  ( -1.000000000000000000, 0.000000000000000000, 1.577021341797103132E-15 ) ) ;
#704 = VERTEX_POINT ( 'NONE', #923 ) ;
#705 = FACE_OUTER_BOUND ( 'NONE', #3250, .T. ) ;
#706 = PRESENTATION_STYLE_ASSIGNMENT (( #3388 ) ) ;
#707 = ADVANCED_FACE ( 'NONE', ( #1434 ), #105, .F. ) ;
#708 = EDGE_CURVE ( 'NONE', #200, #2817, #2751, .T. ) ;
#709 = DIRECTION ( 'NONE',  ( 1.000000000000000000, 0.000000000000000000, -0.000000000000000000 ) ) ;
#710 = EDGE_CURVE ( 'NONE', #1254, #2874, #326, .T. ) ;
#711 = ORIENTED_EDGE ( 'NONE', *, *, #2247, .T. ) ;
#712 = LINE ( 'NONE', #156, #636 ) ;
#713 = CARTESIAN_POINT ( 'NONE',  ( 0.7250000000000001998, 0.2000000000000000111, -0.3749999999999993339 ) ) ;
#714 = CYLINDRICAL_SURFACE ( 'NONE', #2610, 0.1249999999999997918 ) ;
#715 = EDGE_CURVE ( 'NONE', #3406, #1170, #2835, .T. ) ;
#716 = LINE ( 'NONE', #2896, #1188 ) ;
#717 = LINE ( 'NONE', #414, #1468 ) ;
#718 = LINE ( 'NONE', #2041, #1631 ) ;
#719 = PLANE ( 'NONE',  #2269 ) ;
#720 = EDGE_CURVE ( 'NONE', #1995, #838, #2483, .T. ) ;
#721 = ORIENTED_EDGE ( 'NONE', *, *, #445, .T. ) ;
#722 = EDGE_LOOP ( 'NONE', ( #1896, #234, #2946, #2593 ) ) ;
#723 = DIRECTION ( 'NONE',  ( -0.000000000000000000, -1.000000000000000000, 0.000000000000000000 ) ) ;
#724 = FACE_OUTER_BOUND ( 'NONE', #1634, .T. ) ;
#725 = LINE ( 'NONE', #131, #2033 ) ;
#726 = EDGE_CURVE ( 'NONE', #2698, #1656, #3293, .T. ) ;
#727 = ORIENTED_EDGE ( 'NONE', *, *, #982, .T. ) ;
#728 = CARTESIAN_POINT ( 'NONE',  ( -0.2800000000000003042, 2.421733557382613533, 1.024999999999998135 ) ) ;
#729 = ORIENTED_EDGE ( 'NONE', *, *, #1934, .F. ) ;
#730 = CARTESIAN_POINT ( 'NONE',  ( -0.7250000000000008660, 0.000000000000000000, 0.1250000000000014155 ) ) ;
#731 = VERTEX_POINT ( 'NONE', #159 ) ;
#732 = VERTEX_POINT ( 'NONE', #2842 ) ;
#733 = ADVANCED_FACE ( 'NONE', ( #2300 ), #714, .F. ) ;
#734 = CARTESIAN_POINT ( 'NONE',  ( -0.7250000000000010880, 0.000000000000000000, 0.8750000000000008882 ) ) ;
#735 = CARTESIAN_POINT ( 'NONE',  ( -1.000000000000000444, 0.05000000000000000278, -1.499999999999999556 ) ) ;
#736 = DIRECTION ( 'NONE',  ( -1.000000000000000000, 0.000000000000000000, -7.885106708985515658E-16 ) ) ;
#737 = VERTEX_POINT ( 'NONE', #2569 ) ;
#738 = DIRECTION ( 'NONE',  ( 1.734723475976808475E-15, -0.000000000000000000, 1.000000000000000000 ) ) ;
#739 = AXIS2_PLACEMENT_3D ( 'NONE', #2369, #1614, #1551 ) ;
#740 = DIRECTION ( 'NONE',  ( 0.000000000000000000, 0.000000000000000000, 1.000000000000000000 ) ) ;
#741 = AXIS2_PLACEMENT_3D ( 'NONE', #109, #2255, #907 ) ;
#742 = VECTOR ( 'NONE', #1043, 1000.000000000000000 ) ;
#743 = CARTESIAN_POINT ( 'NONE',  ( 0.000000000000000000, 0.05000000000000000278, 0.6250000000000007772 ) ) ;
#744 = ORIENTED_EDGE ( 'NONE', *, *, #2413, .F. ) ;
#745 = PLANE ( 'NONE',  #2857 ) ;
#746 = AXIS2_PLACEMENT_3D ( 'NONE', #928, #1712, #2306 ) ;
#747 = FACE_OUTER_BOUND ( 'NONE', #782, .T. ) ;
#748 = AXIS2_PLACEMENT_3D ( 'NONE', #93, #3311, #609 ) ;
#749 = EDGE_LOOP ( 'NONE', ( #3475, #2914, #791, #1816 ) ) ;
#750 = CARTESIAN_POINT ( 'NONE',  ( -0.7250000000000008660, 0.2000000000000000111, -0.7499999999999988898 ) ) ;
#751 = DIRECTION ( 'NONE',  ( 0.000000000000000000, -1.000000000000000000, 0.000000000000000000 ) ) ;
#752 = VECTOR ( 'NONE', #2250, 1000.000000000000000 ) ;
#753 = DIRECTION ( 'NONE',  ( 0.000000000000000000, 1.000000000000000000, 0.000000000000000000 ) ) ;
#754 = DIRECTION ( 'NONE',  ( 0.000000000000000000, -1.000000000000000000, 0.000000000000000000 ) ) ;
#755 = EDGE_CURVE ( 'NONE', #1091, #2966, #2893, .T. ) ;
#756 = AXIS2_PLACEMENT_3D ( 'NONE', #2411, #2659, #286 ) ;
#757 = EDGE_LOOP ( 'NONE', ( #1207, #604, #415, #1724 ) ) ;
#758 = CARTESIAN_POINT ( 'NONE',  ( 0.2800000000000003042, 0.000000000000000000, -1.075000000000002398 ) ) ;
#759 = PLANE ( 'NONE',  #403 ) ;
#760 = CARTESIAN_POINT ( 'NONE',  ( 0.7250000000000001998, 0.2000000000000000111, 0.7500000000000004441 ) ) ;
#761 = ORIENTED_EDGE ( 'NONE', *, *, #1954, .F. ) ;
#762 = ORIENTED_EDGE ( 'NONE', *, *, #2189, .F. ) ;
#763 = CARTESIAN_POINT ( 'NONE',  ( 0.7250000000000001998, 0.04999999999999999584, 0.6250000000000006661 ) ) ;
#764 =( NAMED_UNIT ( * ) SI_UNIT ( $, .STERADIAN. ) SOLID_ANGLE_UNIT ( ) );
#765 = ORIENTED_EDGE ( 'NONE', *, *, #2813, .F. ) ;
#766 = DIRECTION ( 'NONE',  ( -1.000000000000000000, -0.000000000000000000, -0.000000000000000000 ) ) ;
#767 = CARTESIAN_POINT ( 'NONE',  ( -0.7250000000000008660, 0.2000000000000000111, -0.8749999999999985567 ) ) ;
#768 = VERTEX_POINT ( 'NONE', #2373 ) ;
#769 = DIRECTION ( 'NONE',  ( 1.000000000000000000, 0.000000000000000000, -2.168404344971009854E-16 ) ) ;
#770 = ADVANCED_FACE ( 'NONE', ( #222 ), #696, .F. ) ;
#771 = CARTESIAN_POINT ( 'NONE',  ( 0.7250000000000001998, 0.1999999999999999833, 0.6250000000000006661 ) ) ;
#772 = LINE ( 'NONE', #1830, #1912 ) ;
#773 = ORIENTED_EDGE ( 'NONE', *, *, #2441, .T. ) ;
#774 = ORIENTED_EDGE ( 'NONE', *, *, #962, .F. ) ;
#775 = DIRECTION ( 'NONE',  ( -1.000000000000000000, 0.000000000000000000, -0.000000000000000000 ) ) ;
#776 = ORIENTED_EDGE ( 'NONE', *, *, #28, .T. ) ;
#777 = LINE ( 'NONE', #1282, #1992 ) ;
#778 =( NAMED_UNIT ( * ) PLANE_ANGLE_UNIT ( ) SI_UNIT ( $, .RADIAN. ) );
#779 = ORIENTED_EDGE ( 'NONE', *, *, #453, .F. ) ;
#780 = CARTESIAN_POINT ( 'NONE',  ( -0.7250000000000010880, 0.1999999999999999833, -0.6249999999999991118 ) ) ;
#781 = CARTESIAN_POINT ( 'NONE',  ( -6.899468370362324968E-16, 0.05000000000000000278, 0.8749999999999997780 ) ) ;
#782 = EDGE_LOOP ( 'NONE', ( #2031, #919, #1929, #3012 ) ) ;
#783 = EDGE_CURVE ( 'NONE', #2006, #2985, #974, .T. ) ;
#784 = CARTESIAN_POINT ( 'NONE',  ( 0.7250000000000006439, 0.000000000000000000, 0.8750000000000003331 ) ) ;
#785 = DIRECTION ( 'NONE',  ( 0.000000000000000000, 1.000000000000000000, 0.000000000000000000 ) ) ;
#786 = AXIS2_PLACEMENT_3D ( 'NONE', #2198, #3292, #281 ) ;
#787 = CARTESIAN_POINT ( 'NONE',  ( -0.7600000000000003419, 0.8000000000000000444, -0.1999999999999996503 ) ) ;
#788 = VECTOR ( 'NONE', #1276, 1000.000000000000000 ) ;
#789 = EDGE_CURVE ( 'NONE', #3406, #2533, #2630, .T. ) ;
#790 = ORIENTED_EDGE ( 'NONE', *, *, #135, .T. ) ;
#791 = ORIENTED_EDGE ( 'NONE', *, *, #28, .F. ) ;
#792 = PLANE ( 'NONE',  #3472 ) ;
#793 = FILL_AREA_STYLE ('',( #10 ) ) ;
#794 = AXIS2_PLACEMENT_3D ( 'NONE', #3382, #2323, #1027 ) ;
#795 = EDGE_LOOP ( 'NONE', ( #3318, #1068, #1332, #2527 ) ) ;
#796 = FACE_OUTER_BOUND ( 'NONE', #429, .T. ) ;
#797 = SURFACE_STYLE_USAGE ( .BOTH. , #1077 ) ;
#798 = CARTESIAN_POINT ( 'NONE',  ( -0.7250000000000010880, 0.04999999999999999584, 0.8750000000000008882 ) ) ;
#799 = AXIS2_PLACEMENT_3D ( 'NONE', #1785, #1824, #995 ) ;
#800 = LINE ( 'NONE', #2742, #1644 ) ;
#801 = FILL_AREA_STYLE_COLOUR ( '', #2387 ) ;
#802 = VECTOR ( 'NONE', #3238, 1000.000000000000000 ) ;
#803 = LINE ( 'NONE', #1396, #1733 ) ;
#804 = FACE_OUTER_BOUND ( 'NONE', #3087, .T. ) ;
#805 = VECTOR ( 'NONE', #1026, 1000.000000000000000 ) ;
#806 = DIRECTION ( 'NONE',  ( 0.000000000000000000, -0.000000000000000000, -1.000000000000000000 ) ) ;
#807 = VERTEX_POINT ( 'NONE', #730 ) ;
#808 = DIRECTION ( 'NONE',  ( 1.000000000000000000, 0.000000000000000000, 7.885106708985515658E-16 ) ) ;
#809 = ORIENTED_EDGE ( 'NONE', *, *, #3415, .F. ) ;
#810 = CARTESIAN_POINT ( 'NONE',  ( -0.7250000000000008660, 0.000000000000000000, 0.7500000000000011102 ) ) ;
#811 = ORIENTED_EDGE ( 'NONE', *, *, #601, .T. ) ;
#812 = DIRECTION ( 'NONE',  ( 0.000000000000000000, -1.000000000000000000, 0.000000000000000000 ) ) ;
#813 = ORIENTED_EDGE ( 'NONE', *, *, #2353, .T. ) ;
#814 = LINE ( 'NONE', #1107, #127 ) ;
#815 = CARTESIAN_POINT ( 'NONE',  ( -0.7250000000000008660, 0.000000000000000000, 0.6250000000000014433 ) ) ;
#816 = DIRECTION ( 'NONE',  ( 0.000000000000000000, -1.000000000000000000, 0.000000000000000000 ) ) ;
#817 = CARTESIAN_POINT ( 'NONE',  ( -1.000000000000000000, 0.2000000000000000111, -0.1249999999999985983 ) ) ;
#818 = CARTESIAN_POINT ( 'NONE',  ( 0.7250000000000001998, 0.000000000000000000, -0.8749999999999992228 ) ) ;
#819 = ORIENTED_EDGE ( 'NONE', *, *, #2348, .T. ) ;
#820 = DIRECTION ( 'NONE',  ( 1.000000000000000000, 0.000000000000000000, -1.577021341797103132E-15 ) ) ;
#821 = EDGE_CURVE ( 'NONE', #1408, #457, #990, .T. ) ;
#822 = ORIENTED_EDGE ( 'NONE', *, *, #112, .T. ) ;
#823 = ORIENTED_EDGE ( 'NONE', *, *, #3420, .T. ) ;
#824 = LINE ( 'NONE', #2453, #910 ) ;
#825 = CARTESIAN_POINT ( 'NONE',  ( -0.07999999999999916900, 0.05000000000000000278, -1.075000000000002176 ) ) ;
#826 = LINE ( 'NONE', #815, #2905 ) ;
#827 = ADVANCED_FACE ( 'NONE', ( #172 ), #1211, .F. ) ;
#828 = APPLICATION_PROTOCOL_DEFINITION ( 'draft international standard', 'automotive_design', 1998, #3009 ) ;
#829 = ADVANCED_FACE ( 'NONE', ( #2077 ), #1265, .F. ) ;
#830 = FACE_OUTER_BOUND ( 'NONE', #3494, .T. ) ;
#831 = CARTESIAN_POINT ( 'NONE',  ( 0.9999999999999995559, 0.6716990566028296916, -0.6249999999999994449 ) ) ;
#832 = VECTOR ( 'NONE', #1612, 1000.000000000000000 ) ;
#833 = LINE ( 'NONE', #2774, #1067 ) ;
#834 = ORIENTED_EDGE ( 'NONE', *, *, #2762, .T. ) ;
#835 = DIRECTION ( 'NONE',  ( 0.000000000000000000, 1.000000000000000000, -0.000000000000000000 ) ) ;
#836 = AXIS2_PLACEMENT_3D ( 'NONE', #2960, #478, #2408 ) ;
#837 = ADVANCED_FACE ( 'NONE', ( #747 ), #2342, .F. ) ;
#838 = VERTEX_POINT ( 'NONE', #1817 ) ;
#839 = CARTESIAN_POINT ( 'NONE',  ( 0.7250000000000001998, 0.04999999999999999584, -0.2499999999999995837 ) ) ;
#840 = AXIS2_PLACEMENT_3D ( 'NONE', #1722, #642, #2788 ) ;
#841 = DIRECTION ( 'NONE',  ( 1.734723475976808475E-15, -0.000000000000000000, 1.000000000000000000 ) ) ;
#842 = CARTESIAN_POINT ( 'NONE',  ( 0.2300000000000002875, 0.2000000000000000944, -1.075000000000002398 ) ) ;
#843 = MECHANICAL_DESIGN_GEOMETRIC_PRESENTATION_REPRESENTATION (  '', ( #1531 ), #402 ) ;
#844 = FACE_OUTER_BOUND ( 'NONE', #2512, .T. ) ;
#845 = EDGE_CURVE ( 'NONE', #2807, #359, #2322, .T. ) ;
#846 = PRESENTATION_LAYER_ASSIGNMENT (  '', '', ( #2266 ) ) ;
#847 = FACE_OUTER_BOUND ( 'NONE', #1118, .T. ) ;
#848 = ORIENTED_EDGE ( 'NONE', *, *, #2728, .F. ) ;
#849 = AXIS2_PLACEMENT_3D ( 'NONE', #867, #3021, #1961 ) ;
#850 = EDGE_CURVE ( 'NONE', #1254, #1855, #1515, .T. ) ;
#851 = VECTOR ( 'NONE', #279, 1000.000000000000000 ) ;
#852 = MANIFOLD_SOLID_BREP ( 'LPattern2[3]', #1164 ) ;
#853 = ORIENTED_EDGE ( 'NONE', *, *, #878, .F. ) ;
#854 = LINE ( 'NONE', #1339, #2601 ) ;
#855 = LINE ( 'NONE', #1135, #2499 ) ;
#856 = EDGE_CURVE ( 'NONE', #1790, #2629, #1806, .T. ) ;
#857 = EDGE_CURVE ( 'NONE', #3148, #2010, #3182, .T. ) ;
#858 =( GEOMETRIC_REPRESENTATION_CONTEXT ( 3 ) GLOBAL_UNCERTAINTY_ASSIGNED_CONTEXT ( ( #2294 ) ) GLOBAL_UNIT_ASSIGNED_CONTEXT ( ( #1928, #645, #2808 ) ) REPRESENTATION_CONTEXT ( 'NONE', 'WORKASPACE' ) );
#859 = LINE ( 'NONE', #1899, #1066 ) ;
#860 = AXIS2_PLACEMENT_3D ( 'NONE', #750, #1006, #162 ) ;
#861 = ORIENTED_EDGE ( 'NONE', *, *, #3162, .F. ) ;
#862 = VECTOR ( 'NONE', #879, 1000.000000000000000 ) ;
#863 = FACE_OUTER_BOUND ( 'NONE', #253, .T. ) ;
#864 = ORIENTED_EDGE ( 'NONE', *, *, #2939, .F. ) ;
#865 = ORIENTED_EDGE ( 'NONE', *, *, #1688, .F. ) ;
#866 = LINE ( 'NONE', #1672, #3469 ) ;
#867 = CARTESIAN_POINT ( 'NONE',  ( -0.2300000000000003431, 0.000000000000000000, 1.024999999999998135 ) ) ;
#868 = ORIENTED_EDGE ( 'NONE', *, *, #453, .T. ) ;
#869 = DIRECTION ( 'NONE',  ( 1.000000000000000000, 0.000000000000000000, -0.000000000000000000 ) ) ;
#870 = DIRECTION ( 'NONE',  ( 0.000000000000000000, 0.000000000000000000, 1.000000000000000000 ) ) ;
#871 = CYLINDRICAL_SURFACE ( 'NONE', #194, 0.05000000000000002359 ) ;
#872 = VERTEX_POINT ( 'NONE', #2681 ) ;
#873 = EDGE_CURVE ( 'NONE', #2979, #1902, #2412, .T. ) ;
#874 = FACE_OUTER_BOUND ( 'NONE', #2498, .T. ) ;
#875 = CARTESIAN_POINT ( 'NONE',  ( 0.2799999999999998601, 2.421733557382613533, 1.074999999999997513 ) ) ;
#876 = DIRECTION ( 'NONE',  ( -0.000000000000000000, -1.000000000000000000, -0.000000000000000000 ) ) ;
#877 = ORIENTED_EDGE ( 'NONE', *, *, #285, .F. ) ;
#878 = EDGE_CURVE ( 'NONE', #2363, #890, #2982, .T. ) ;
#879 = DIRECTION ( 'NONE',  ( -0.000000000000000000, -1.000000000000000000, -0.000000000000000000 ) ) ;
#880 = VERTEX_POINT ( 'NONE', #1054 ) ;
#881 = EDGE_CURVE ( 'NONE', #2994, #1619, #517, .T. ) ;
#882 = ORIENTED_EDGE ( 'NONE', *, *, #1525, .F. ) ;
#883 = ORIENTED_EDGE ( 'NONE', *, *, #2523, .T. ) ;
#884 = MANIFOLD_SOLID_BREP ( 'Fillet1', #505 ) ;
#885 = CARTESIAN_POINT ( 'NONE',  ( -1.000000000000000444, 5.205551275463989214, -1.499999999999999556 ) ) ;
#886 = LINE ( 'NONE', #594, #2163 ) ;
#887 = DIRECTION ( 'NONE',  ( 0.000000000000000000, 1.000000000000000000, 0.000000000000000000 ) ) ;
#888 = CYLINDRICAL_SURFACE ( 'NONE', #1630, 0.1249999999999997918 ) ;
#889 = PLANE ( 'NONE',  #1476 ) ;
#890 = VERTEX_POINT ( 'NONE', #3046 ) ;
#891 = FILL_AREA_STYLE ('',( #3101 ) ) ;
#892 = MANIFOLD_SOLID_BREP ( 'LPattern2[1]', #2709 ) ;
#893 = DIRECTION ( 'NONE',  ( 1.000000000000000000, 0.000000000000000000, 7.885106708985515658E-16 ) ) ;
#894 = EDGE_LOOP ( 'NONE', ( #1775, #2390, #3070, #2180 ) ) ;
#895 = EDGE_CURVE ( 'NONE', #1730, #1902, #81, .T. ) ;
#896 = VERTEX_POINT ( 'NONE', #1835 ) ;
#897 = VERTEX_POINT ( 'NONE', #945 ) ;
#898 = CARTESIAN_POINT ( 'NONE',  ( 0.7250000000000006439, 0.000000000000000000, -0.1249999999999996808 ) ) ;
#899 = CARTESIAN_POINT ( 'NONE',  ( -0.7250000000000008660, 0.1999999999999999833, -0.8749999999999985567 ) ) ;
#900 = ORIENTED_EDGE ( 'NONE', *, *, #1780, .F. ) ;
#901 = VECTOR ( 'NONE', #985, 1000.000000000000000 ) ;
#902 = CARTESIAN_POINT ( 'NONE',  ( -0.7250000000000008660, 0.6716990566028296916, 0.6250000000000014433 ) ) ;
#903 = AXIS2_PLACEMENT_3D ( 'NONE', #1981, #119, #3039 ) ;
#904 = PLANE ( 'NONE',  #3134 ) ;
#905 = PRESENTATION_LAYER_ASSIGNMENT (  '', '', ( #1531 ) ) ;
#906 = MANIFOLD_SOLID_BREP ( 'LPattern2[6]', #2025 ) ;
#907 = DIRECTION ( 'NONE',  ( 0.000000000000000000, -0.000000000000000000, 1.000000000000000000 ) ) ;
#908 = VECTOR ( 'NONE', #1530, 1000.000000000000000 ) ;
#909 = DIRECTION ( 'NONE',  ( 1.000000000000000000, 0.000000000000000000, 0.000000000000000000 ) ) ;
#910 = VECTOR ( 'NONE', #2949, 1000.000000000000000 ) ;
#911 = VECTOR ( 'NONE', #2328, 1000.000000000000000 ) ;
#912 = CIRCLE ( 'NONE', #849, 0.05000000000000002359 ) ;
#913 = VECTOR ( 'NONE', #2952, 1000.000000000000000 ) ;
#914 = DIRECTION ( 'NONE',  ( 0.000000000000000000, -1.000000000000000000, 0.000000000000000000 ) ) ;
#915 = ORIENTED_EDGE ( 'NONE', *, *, #2007, .T. ) ;
#916 = AXIS2_PLACEMENT_3D ( 'NONE', #926, #2227, #1946 ) ;
#917 = VECTOR ( 'NONE', #1959, 1000.000000000000000 ) ;
#918 = ORIENTED_EDGE ( 'NONE', *, *, #873, .T. ) ;
#919 = ORIENTED_EDGE ( 'NONE', *, *, #2591, .T. ) ;
#920 = DIRECTION ( 'NONE',  ( 1.000000000000000000, 0.000000000000000000, 7.885106708985515658E-16 ) ) ;
#921 = DIRECTION ( 'NONE',  ( 1.000000000000000000, 0.000000000000000000, -7.885106708985497909E-16 ) ) ;
#922 = EDGE_LOOP ( 'NONE', ( #83, #3410, #1602, #1086 ) ) ;
#923 = CARTESIAN_POINT ( 'NONE',  ( 0.9999999999999995559, 0.000000000000000000, 0.8750000000000005551 ) ) ;
#924 = ADVANCED_FACE ( 'NONE', ( #930 ), #1440, .T. ) ;
#925 = ORIENTED_EDGE ( 'NONE', *, *, #1678, .T. ) ;
#926 = CARTESIAN_POINT ( 'NONE',  ( -0.7250000000000008660, 0.000000000000000000, -0.7499999999999988898 ) ) ;
#927 = LINE ( 'NONE', #3057, #2997 ) ;
#928 = CARTESIAN_POINT ( 'NONE',  ( 0.7250000000000001998, 0.04999999999999999584, 0.7500000000000004441 ) ) ;
#929 = VERTEX_POINT ( 'NONE', #1222 ) ;
#930 = FACE_OUTER_BOUND ( 'NONE', #1000, .T. ) ;
#931 = CYLINDRICAL_SURFACE ( 'NONE', #2490, 0.1249999999999997918 ) ;
#932 = VERTEX_POINT ( 'NONE', #2872 ) ;
#933 = VERTEX_POINT ( 'NONE', #3063 ) ;
#934 = MANIFOLD_SOLID_BREP ( 'Boss-Extrude2[1]', #3291 ) ;
#935 = DIRECTION ( 'NONE',  ( 1.734723475976808475E-15, -0.000000000000000000, 1.000000000000000000 ) ) ;
#936 = LINE ( 'NONE', #1209, #966 ) ;
#937 = FACE_OUTER_BOUND ( 'NONE', #524, .T. ) ;
#938 = ORIENTED_EDGE ( 'NONE', *, *, #1295, .T. ) ;
#939 = SURFACE_SIDE_STYLE ('',( #3149 ) ) ;
#940 = PLANE ( 'NONE',  #3289 ) ;
#941 = CARTESIAN_POINT ( 'NONE',  ( -0.7600000000000003419, 0.7499999999999998890, -0.1999999999999996503 ) ) ;
#942 = CARTESIAN_POINT ( 'NONE',  ( -8.325123824442276896E-16, 0.05000000000000000278, -1.075000000000002176 ) ) ;
#943 = EDGE_CURVE ( 'NONE', #1368, #1606, #684, .T. ) ;
#944 = EDGE_LOOP ( 'NONE', ( #29, #3098, #1974, #3321 ) ) ;
#945 = CARTESIAN_POINT ( 'NONE',  ( 0.2799999999999998601, 0.05000000000000000278, 1.024999999999997691 ) ) ;
#946 = FACE_OUTER_BOUND ( 'NONE', #2482, .T. ) ;
#947 = ORIENTED_EDGE ( 'NONE', *, *, #1872, .F. ) ;
#948 = ORIENTED_EDGE ( 'NONE', *, *, #1948, .T. ) ;
#949 = DIRECTION ( 'NONE',  ( -0.000000000000000000, 1.000000000000000000, -0.000000000000000000 ) ) ;
#950 = LINE ( 'NONE', #3365, #1078 ) ;
#951 = DIRECTION ( 'NONE',  ( 0.000000000000000000, -1.000000000000000000, 0.000000000000000000 ) ) ;
#952 =( LENGTH_UNIT ( ) NAMED_UNIT ( * ) SI_UNIT ( .MILLI., .METRE. ) );
#953 = PLANE ( 'NONE',  #77 ) ;
#954 = CARTESIAN_POINT ( 'NONE',  ( -0.7250000000000008660, 0.6716990566028296916, 0.6250000000000014433 ) ) ;
#955 = DIRECTION ( 'NONE',  ( -1.000000000000000000, 0.000000000000000000, 0.000000000000000000 ) ) ;
#956 = VECTOR ( 'NONE', #1704, 1000.000000000000000 ) ;
#957 = ORIENTED_EDGE ( 'NONE', *, *, #2125, .T. ) ;
#958 = CLOSED_SHELL ( 'NONE', ( #2780, #2052, #1773, #3007, #2743, #2156 ) ) ;
#959 = VERTEX_POINT ( 'NONE', #632 ) ;
#960 = EDGE_CURVE ( 'NONE', #2870, #2528, #1703, .T. ) ;
#961 = AXIS2_PLACEMENT_3D ( 'NONE', #1228, #461, #3180 ) ;
#962 = EDGE_CURVE ( 'NONE', #2564, #257, #1477, .T. ) ;
#963 = VECTOR ( 'NONE', #1042, 1000.000000000000000 ) ;
#964 = MECHANICAL_DESIGN_GEOMETRIC_PRESENTATION_REPRESENTATION (  '', ( #1532 ), #351 ) ;
#965 = CARTESIAN_POINT ( 'NONE',  ( -0.7250000000000010880, 0.1999999999999999833, -0.1249999999999991396 ) ) ;
#966 = VECTOR ( 'NONE', #1498, 1000.000000000000000 ) ;
#967 = AXIS2_PLACEMENT_3D ( 'NONE', #613, #2440, #2475 ) ;
#968 = ORIENTED_EDGE ( 'NONE', *, *, #1706, .F. ) ;
#969 = AXIS2_PLACEMENT_3D ( 'NONE', #1414, #3040, #870 ) ;
#970 = DIRECTION ( 'NONE',  ( -1.577021341797103132E-15, 0.000000000000000000, -1.000000000000000000 ) ) ;
#971 = ORIENTED_EDGE ( 'NONE', *, *, #426, .T. ) ;
#972 = DIRECTION ( 'NONE',  ( 0.000000000000000000, -1.000000000000000000, 0.000000000000000000 ) ) ;
#973 = ORIENTED_EDGE ( 'NONE', *, *, #2368, .F. ) ;
#974 = LINE ( 'NONE', #411, #75 ) ;
#975 = VECTOR ( 'NONE', #570, 1000.000000000000000 ) ;
#976 = ORIENTED_EDGE ( 'NONE', *, *, #1700, .F. ) ;
#977 = CARTESIAN_POINT ( 'NONE',  ( -0.7250000000000008660, 0.6716990566028296916, -0.3749999999999986122 ) ) ;
#978 = DIRECTION ( 'NONE',  ( 0.000000000000000000, 0.000000000000000000, -1.000000000000000000 ) ) ;
#979 = CARTESIAN_POINT ( 'NONE',  ( 0.9999999999999991118, 5.205551275463989214, 1.500000000000000000 ) ) ;
#980 = CARTESIAN_POINT ( 'NONE',  ( 0.7250000000000006439, 0.04999999999999999584, -0.1249999999999996808 ) ) ;
#981 = EDGE_LOOP ( 'NONE', ( #2105, #2646, #834, #861 ) ) ;
#982 = EDGE_CURVE ( 'NONE', #2085, #768, #2042, .T. ) ;
#983 = CARTESIAN_POINT ( 'NONE',  ( -1.000000000000000000, 0.000000000000000000, 0.3750000000000014433 ) ) ;
#984 = DIRECTION ( 'NONE',  ( 0.000000000000000000, 0.000000000000000000, 1.000000000000000000 ) ) ;
#985 = DIRECTION ( 'NONE',  ( -1.000000000000000000, -0.000000000000000000, -0.000000000000000000 ) ) ;
#986 = EDGE_CURVE ( 'NONE', #494, #1333, #2830, .T. ) ;
#987 = EDGE_CURVE ( 'NONE', #1654, #1677, #1204, .T. ) ;
#988 = ORIENTED_EDGE ( 'NONE', *, *, #146, .F. ) ;
#989 = CARTESIAN_POINT ( 'NONE',  ( -0.6400000000000003464, 0.7500000000000000000, -0.1999999999999996503 ) ) ;
#990 = LINE ( 'NONE', #1248, #3240 ) ;
#991 = EDGE_LOOP ( 'NONE', ( #38, #1430, #2370, #809 ) ) ;
#992 = DIRECTION ( 'NONE',  ( -1.008560160451632098E-16, 0.000000000000000000, 1.000000000000000000 ) ) ;
#993 = DIRECTION ( 'NONE',  ( 0.000000000000000000, 1.000000000000000000, -0.000000000000000000 ) ) ;
#994 = DIRECTION ( 'NONE',  ( 1.000000000000000000, 0.000000000000000000, -7.885106708985497909E-16 ) ) ;
#995 = DIRECTION ( 'NONE',  ( 1.000000000000000000, 0.000000000000000000, -7.885106708985497909E-16 ) ) ;
#996 = DIRECTION ( 'NONE',  ( 0.000000000000000000, -0.000000000000000000, 1.000000000000000000 ) ) ;
#997 = CARTESIAN_POINT ( 'NONE',  ( 0.7250000000000006439, 0.2000000000000000111, 0.8750000000000003331 ) ) ;
#998 = ADVANCED_FACE ( 'NONE', ( #1257, #1313 ), #759, .F. ) ;
#999 = CARTESIAN_POINT ( 'NONE',  ( -0.7250000000000010880, 0.2000000000000000111, 0.8750000000000009992 ) ) ;
#1000 = EDGE_LOOP ( 'NONE', ( #2192, #2815, #169, #2253 ) ) ;
#1001 = PLANE ( 'NONE',  #2625 ) ;
#1002 = EDGE_CURVE ( 'NONE', #479, #1122, #2327, .T. ) ;
#1003 = DIRECTION ( 'NONE',  ( 0.000000000000000000, -1.000000000000000000, 0.000000000000000000 ) ) ;
#1004 = EDGE_CURVE ( 'NONE', #1225, #1254, #1549, .T. ) ;
#1005 = VERTEX_POINT ( 'NONE', #202 ) ;
#1006 = DIRECTION ( 'NONE',  ( 0.000000000000000000, -1.000000000000000000, 0.000000000000000000 ) ) ;
#1007 = CARTESIAN_POINT ( 'NONE',  ( 0.7250000000000006439, 0.2000000000000000111, -0.6249999999999996669 ) ) ;
#1008 = LINE ( 'NONE', #954, #1684 ) ;
#1009 = DIRECTION ( 'NONE',  ( 1.734723475976808475E-15, -0.000000000000000000, 1.000000000000000000 ) ) ;
#1010 = ORIENTED_EDGE ( 'NONE', *, *, #1194, .T. ) ;
#1011 = DIRECTION ( 'NONE',  ( 1.000000000000000000, 0.000000000000000000, -1.577021341797103132E-15 ) ) ;
#1012 = VECTOR ( 'NONE', #2995, 1000.000000000000000 ) ;
#1013 = LINE ( 'NONE', #2937, #1184 ) ;
#1014 = CARTESIAN_POINT ( 'NONE',  ( 0.9999999999999995559, 0.6716990566028296916, -0.1249999999999994588 ) ) ;
#1015 = CIRCLE ( 'NONE', #903, 0.05000000000000002359 ) ;
#1016 = DIRECTION ( 'NONE',  ( -1.000000000000000000, 0.000000000000000000, 0.000000000000000000 ) ) ;
#1017 =( GEOMETRIC_REPRESENTATION_CONTEXT ( 3 ) GLOBAL_UNCERTAINTY_ASSIGNED_CONTEXT ( ( #1224 ) ) GLOBAL_UNIT_ASSIGNED_CONTEXT ( ( #16, #778, #2971 ) ) REPRESENTATION_CONTEXT ( 'NONE', 'WORKASPACE' ) );
#1018 = VERTEX_POINT ( 'NONE', #2654 ) ;
#1019 = LINE ( 'NONE', #2695, #145 ) ;
#1020 = VERTEX_POINT ( 'NONE', #2109 ) ;
#1021 = EDGE_CURVE ( 'NONE', #2807, #3148, #2621, .T. ) ;
#1022 = VECTOR ( 'NONE', #1383, 1000.000000000000000 ) ;
#1023 = CARTESIAN_POINT ( 'NONE',  ( 0.7250000000000001998, 0.2000000000000000111, -0.2499999999999995837 ) ) ;
#1024 = COLOUR_RGB ( '',0.7921568627450980005, 0.8196078431372548767, 0.9333333333333333481 ) ;
#1025 = ORIENTED_EDGE ( 'NONE', *, *, #146, .T. ) ;
#1026 = DIRECTION ( 'NONE',  ( -0.000000000000000000, -0.000000000000000000, 1.000000000000000000 ) ) ;
#1027 = DIRECTION ( 'NONE',  ( 0.000000000000000000, -0.000000000000000000, 1.000000000000000000 ) ) ;
#1028 = CIRCLE ( 'NONE', #2734, 0.1249999999999997918 ) ;
#1029 = CARTESIAN_POINT ( 'NONE',  ( 0.7250000000000006439, 0.6716990566028296916, -0.6249999999999996669 ) ) ;
#1030 = DIRECTION ( 'NONE',  ( 0.000000000000000000, -1.000000000000000000, 0.000000000000000000 ) ) ;
#1031 = VECTOR ( 'NONE', #2168, 1000.000000000000000 ) ;
#1032 = EDGE_LOOP ( 'NONE', ( #2578, #535, #988, #761 ) ) ;
#1033 = DIRECTION ( 'NONE',  ( 0.000000000000000000, 0.000000000000000000, 1.000000000000000000 ) ) ;
#1034 = CARTESIAN_POINT ( 'NONE',  ( -2.956915015869555306E-16, 0.05000000000000000278, -0.3749999999999991673 ) ) ;
#1035 = FACE_OUTER_BOUND ( 'NONE', #1903, .T. ) ;
#1036 = ORIENTED_EDGE ( 'NONE', *, *, #1376, .T. ) ;
#1037 = EDGE_LOOP ( 'NONE', ( #3066, #2596, #2783, #813 ) ) ;
#1038 = FACE_OUTER_BOUND ( 'NONE', #3416, .T. ) ;
#1039 = CARTESIAN_POINT ( 'NONE',  ( -0.6400000000000003464, 0.7500000000000000000, -1.199999999999999734 ) ) ;
#1040 = EDGE_LOOP ( 'NONE', ( #1349, #334, #3061, #668 ) ) ;
#1041 = SURFACE_SIDE_STYLE ('',( #2150 ) ) ;
#1042 = DIRECTION ( 'NONE',  ( 0.000000000000000000, -1.000000000000000000, 0.000000000000000000 ) ) ;
#1043 = DIRECTION ( 'NONE',  ( 1.445602896647338917E-16, -0.000000000000000000, 1.000000000000000000 ) ) ;
#1044 = LINE ( 'NONE', #2124, #353 ) ;
#1045 = ORIENTED_EDGE ( 'NONE', *, *, #1021, .F. ) ;
#1046 = DIRECTION ( 'NONE',  ( 0.000000000000000000, -0.000000000000000000, -1.000000000000000000 ) ) ;
#1047 = EDGE_CURVE ( 'NONE', #2223, #407, #3447, .T. ) ;
#1048 = CYLINDRICAL_SURFACE ( 'NONE', #1075, 0.05000000000000002359 ) ;
#1049 = ADVANCED_FACE ( 'NONE', ( #724 ), #1048, .T. ) ;
#1050 = PLANE ( 'NONE',  #2099 ) ;
#1051 = ORIENTED_EDGE ( 'NONE', *, *, #420, .F. ) ;
#1052 = ORIENTED_EDGE ( 'NONE', *, *, #1238, .F. ) ;
#1053 = DIRECTION ( 'NONE',  ( -1.000000000000000000, 0.000000000000000000, 7.885106708985496922E-16 ) ) ;
#1054 = CARTESIAN_POINT ( 'NONE',  ( -1.000000000000000444, 0.05000000000000000278, -1.499999999999999556 ) ) ;
#1055 = ORIENTED_EDGE ( 'NONE', *, *, #1089, .F. ) ;
#1056 = CARTESIAN_POINT ( 'NONE',  ( 0.9999999999999993339, 0.05000000000000000278, -0.1249999999999994588 ) ) ;
#1057 =( NAMED_UNIT ( * ) SI_UNIT ( $, .STERADIAN. ) SOLID_ANGLE_UNIT ( ) );
#1058 = DIRECTION ( 'NONE',  ( 0.000000000000000000, 0.000000000000000000, 1.000000000000000000 ) ) ;
#1059 = DIRECTION ( 'NONE',  ( -0.000000000000000000, 0.000000000000000000, 1.000000000000000000 ) ) ;
#1060 = ADVANCED_FACE ( 'NONE', ( #1565 ), #2127, .T. ) ;
#1061 = CARTESIAN_POINT ( 'NONE',  ( 0.2300000000000003153, 2.421733557382613533, -1.025000000000002576 ) ) ;
#1062 = FACE_OUTER_BOUND ( 'NONE', #440, .T. ) ;
#1063 = VECTOR ( 'NONE', #1469, 1000.000000000000000 ) ;
#1064 = DIRECTION ( 'NONE',  ( 1.445602896647339410E-16, -0.000000000000000000, -1.000000000000000000 ) ) ;
#1065 = EDGE_CURVE ( 'NONE', #2677, #3147, #2069, .T. ) ;
#1066 = VECTOR ( 'NONE', #78, 1000.000000000000114 ) ;
#1067 = VECTOR ( 'NONE', #1665, 1000.000000000000000 ) ;
#1068 = ORIENTED_EDGE ( 'NONE', *, *, #1385, .T. ) ;
#1069 = ORIENTED_EDGE ( 'NONE', *, *, #2568, .F. ) ;
#1070 = CARTESIAN_POINT ( 'NONE',  ( 0.7250000000000006439, 0.2000000000000000111, -0.1249999999999996808 ) ) ;
#1071 = ADVANCED_FACE ( 'NONE', ( #2887 ), #475, .T. ) ;
#1072 = AXIS2_PLACEMENT_3D ( 'NONE', #441, #2878, #2321 ) ;
#1073 = AXIS2_PLACEMENT_3D ( 'NONE', #430, #1560, #2592 ) ;
#1074 = VERTEX_POINT ( 'NONE', #771 ) ;
#1075 = AXIS2_PLACEMENT_3D ( 'NONE', #181, #1808, #2907 ) ;
#1076 = CARTESIAN_POINT ( 'NONE',  ( -0.7250000000000008660, 0.2000000000000000111, 0.2500000000000011102 ) ) ;
#1077 = SURFACE_SIDE_STYLE ('',( #2716 ) ) ;
#1078 = VECTOR ( 'NONE', #2013, 1000.000000000000000 ) ;
#1079 = LINE ( 'NONE', #39, #1914 ) ;
#1080 = CIRCLE ( 'NONE', #1243, 0.1249999999999997918 ) ;
#1081 = CARTESIAN_POINT ( 'NONE',  ( 0.9999999999999995559, 0.1999999999999999833, -0.6249999999999994449 ) ) ;
#1082 = DIRECTION ( 'NONE',  ( 0.000000000000000000, -1.000000000000000000, 0.000000000000000000 ) ) ;
#1083 = DIRECTION ( 'NONE',  ( 0.000000000000000000, 0.000000000000000000, -1.000000000000000000 ) ) ;
#1084 = VECTOR ( 'NONE', #935, 1000.000000000000000 ) ;
#1085 = CARTESIAN_POINT ( 'NONE',  ( 0.9999999999999995559, 0.2000000000000000111, -0.8749999999999992228 ) ) ;
#1086 = ORIENTED_EDGE ( 'NONE', *, *, #1100, .T. ) ;
#1087 = CARTESIAN_POINT ( 'NONE',  ( -0.7250000000000010880, 0.6716990566028296916, -0.1249999999999990286 ) ) ;
#1088 = EDGE_LOOP ( 'NONE', ( #3035, #2203, #3296, #387 ) ) ;
#1089 = EDGE_CURVE ( 'NONE', #1347, #2117, #1828, .T. ) ;
#1090 = EDGE_CURVE ( 'NONE', #2701, #219, #216, .T. ) ;
#1091 = VERTEX_POINT ( 'NONE', #452 ) ;
#1092 = ORIENTED_EDGE ( 'NONE', *, *, #2599, .F. ) ;
#1093 =( LENGTH_UNIT ( ) NAMED_UNIT ( * ) SI_UNIT ( .MILLI., .METRE. ) );
#1094 = EDGE_LOOP ( 'NONE', ( #2318, #3154, #2397, #443 ) ) ;
#1095 = LINE ( 'NONE', #2987, #2953 ) ;
#1096 = CARTESIAN_POINT ( 'NONE',  ( -1.000000000000000222, 0.05000000000000000278, -0.3749999999999983902 ) ) ;
#1097 = CARTESIAN_POINT ( 'NONE',  ( 0.9999999999999995559, 0.2000000000000000111, 0.8750000000000005551 ) ) ;
#1098 = DIRECTION ( 'NONE',  ( 1.000000000000000000, -0.000000000000000000, -1.577021341797103132E-15 ) ) ;
#1099 = CARTESIAN_POINT ( 'NONE',  ( 0.9999999999999995559, 0.1999999999999999833, -0.8749999999999992228 ) ) ;
#1100 = EDGE_CURVE ( 'NONE', #637, #2496, #1013, .T. ) ;
#1101 = ORIENTED_EDGE ( 'NONE', *, *, #1175, .F. ) ;
#1102 = DIRECTION ( 'NONE',  ( 0.000000000000000000, -0.000000000000000000, -1.000000000000000000 ) ) ;
#1103 = EDGE_LOOP ( 'NONE', ( #3158, #3435, #261, #391 ) ) ;
#1104 = ORIENTED_EDGE ( 'NONE', *, *, #3310, .F. ) ;
#1105 = CARTESIAN_POINT ( 'NONE',  ( 0.9999999999999995559, 0.1999999999999999833, -0.3749999999999992228 ) ) ;
#1106 = EDGE_CURVE ( 'NONE', #358, #1347, #1080, .T. ) ;
#1107 = CARTESIAN_POINT ( 'NONE',  ( -0.6400000000000003464, -0.2571742649611338805, -1.199999999999999734 ) ) ;
#1108 = CARTESIAN_POINT ( 'NONE',  ( -1.000000000000000444, 0.05000000000000000278, -1.499999999999999556 ) ) ;
#1109 = FILL_AREA_STYLE_COLOUR ( '', #1024 ) ;
#1110 = DIRECTION ( 'NONE',  ( 0.000000000000000000, 0.000000000000000000, 1.000000000000000000 ) ) ;
#1111 = DIRECTION ( 'NONE',  ( 2.017120320903264195E-16, 0.000000000000000000, -1.000000000000000000 ) ) ;
#1112 = CLOSED_SHELL ( 'NONE', ( #1567, #383, #2423, #2899, #1337, #2260 ) ) ;
#1113 = CARTESIAN_POINT ( 'NONE',  ( 0.7250000000000001998, 0.2000000000000000111, 0.6250000000000007772 ) ) ;
#1114 = ORIENTED_EDGE ( 'NONE', *, *, #2460, .T. ) ;
#1115 = AXIS2_PLACEMENT_3D ( 'NONE', #2004, #416, #1949 ) ;
#1116 = ORIENTED_EDGE ( 'NONE', *, *, #474, .F. ) ;
#1117 = LINE ( 'NONE', #84, #956 ) ;
#1118 = EDGE_LOOP ( 'NONE', ( #3111, #915, #630, #1443 ) ) ;
#1119 = AXIS2_PLACEMENT_3D ( 'NONE', #2217, #835, #2236 ) ;
#1120 = ORIENTED_EDGE ( 'NONE', *, *, #2727, .F. ) ;
#1121 = EDGE_CURVE ( 'NONE', #1315, #2304, #690, .T. ) ;
#1122 = VERTEX_POINT ( 'NONE', #2958 ) ;
#1123 = PLANE ( 'NONE',  #585 ) ;
#1124 = ORIENTED_EDGE ( 'NONE', *, *, #239, .F. ) ;
#1125 = AXIS2_PLACEMENT_3D ( 'NONE', #2225, #1659, #2517 ) ;
#1126 = PLANE ( 'NONE',  #350 ) ;
#1127 = CYLINDRICAL_SURFACE ( 'NONE', #840, 0.1249999999999997918 ) ;
#1128 = AXIS2_PLACEMENT_3D ( 'NONE', #147, #1384, #600 ) ;
#1129 = CARTESIAN_POINT ( 'NONE',  ( 0.7250000000000006439, 0.6716990566028296916, 0.3750000000000003331 ) ) ;
#1130 = PRESENTATION_LAYER_ASSIGNMENT (  '', '', ( #1296 ) ) ;
#1131 = ADVANCED_FACE ( 'NONE', ( #2672 ), #531, .T. ) ;
#1132 = CARTESIAN_POINT ( 'NONE',  ( 0.2300000000000003153, 2.421733557382613533, -1.025000000000002798 ) ) ;
#1133 = CIRCLE ( 'NONE', #3401, 0.05000000000000002359 ) ;
#1134 = FACE_OUTER_BOUND ( 'NONE', #2818, .T. ) ;
#1135 = CARTESIAN_POINT ( 'NONE',  ( -0.7250000000000010880, 0.000000000000000000, -0.1249999999999990286 ) ) ;
#1136 = EDGE_CURVE ( 'NONE', #2546, #287, #1397, .T. ) ;
#1137 = EDGE_CURVE ( 'NONE', #2998, #540, #1589, .T. ) ;
#1138 = AXIS2_PLACEMENT_3D ( 'NONE', #1312, #2406, #490 ) ;
#1139 = CARTESIAN_POINT ( 'NONE',  ( 0.9999999999999995559, 0.6716990566028296916, 0.1250000000000007494 ) ) ;
#1140 = AXIS2_PLACEMENT_3D ( 'NONE', #3088, #1147, #66 ) ;
#1141 = PRESENTATION_STYLE_ASSIGNMENT (( #1953 ) ) ;
#1142 = ORIENTED_EDGE ( 'NONE', *, *, #3270, .F. ) ;
#1143 = CARTESIAN_POINT ( 'NONE',  ( -0.2300000000000003431, 0.2000000000000000944, 1.024999999999998135 ) ) ;
#1144 = ORIENTED_EDGE ( 'NONE', *, *, #2395, .F. ) ;
#1145 = EDGE_LOOP ( 'NONE', ( #85, #91, #3372, #1423 ) ) ;
#1146 = ORIENTED_EDGE ( 'NONE', *, *, #1004, .T. ) ;
#1147 = DIRECTION ( 'NONE',  ( 0.000000000000000000, 1.000000000000000000, 0.000000000000000000 ) ) ;
#1148 = DIRECTION ( 'NONE',  ( -1.000000000000000000, 0.000000000000000000, 7.885106708985495936E-16 ) ) ;
#1149 = PLANE ( 'NONE',  #1125 ) ;
#1150 = DIRECTION ( 'NONE',  ( 0.000000000000000000, 0.000000000000000000, 1.000000000000000000 ) ) ;
#1151 = DIRECTION ( 'NONE',  ( -1.000000000000000000, 0.000000000000000000, -7.885106708985515658E-16 ) ) ;
#1152 = DIRECTION ( 'NONE',  ( 1.000000000000000000, 0.000000000000000000, -7.744301232039315695E-16 ) ) ;
#1153 = ADVANCED_FACE ( 'NONE', ( #2992 ), #1931, .F. ) ;
#1154 = LINE ( 'NONE', #3329, #2889 ) ;
#1155 = ADVANCED_FACE ( 'NONE', ( #1062 ), #3244, .T. ) ;
#1156 = ORIENTED_EDGE ( 'NONE', *, *, #1732, .T. ) ;
#1157 = DIRECTION ( 'NONE',  ( 0.000000000000000000, 0.000000000000000000, 1.000000000000000000 ) ) ;
#1158 = SURFACE_STYLE_USAGE ( .BOTH. , #1411 ) ;
#1159 = DIRECTION ( 'NONE',  ( 0.000000000000000000, -0.000000000000000000, 1.000000000000000000 ) ) ;
#1160 = ORIENTED_EDGE ( 'NONE', *, *, #1426, .T. ) ;
#1161 = LINE ( 'NONE', #2823, #1591 ) ;
#1162 = PLANE ( 'NONE',  #1115 ) ;
#1163 = DIRECTION ( 'NONE',  ( 0.000000000000000000, -0.000000000000000000, 1.000000000000000000 ) ) ;
#1164 = CLOSED_SHELL ( 'NONE', ( #11, #320, #163, #2911, #2468, #3459 ) ) ;
#1165 = VERTEX_POINT ( 'NONE', #23 ) ;
#1166 = CARTESIAN_POINT ( 'NONE',  ( 0.000000000000000000, 0.05000000000000000278, -0.8749999999999992228 ) ) ;
#1167 = ADVANCED_FACE ( 'NONE', ( #804 ), #3006, .T. ) ;
#1168 = CARTESIAN_POINT ( 'NONE',  ( -0.7250000000000008660, 0.2000000000000000111, 0.7500000000000011102 ) ) ;
#1169 = ORIENTED_EDGE ( 'NONE', *, *, #316, .F. ) ;
#1170 = VERTEX_POINT ( 'NONE', #3264 ) ;
#1171 = FACE_OUTER_BOUND ( 'NONE', #382, .T. ) ;
#1172 = DIRECTION ( 'NONE',  ( 7.885106708985497909E-16, 0.000000000000000000, 1.000000000000000000 ) ) ;
#1173 = AXIS2_PLACEMENT_3D ( 'NONE', #436, #914, #3359 ) ;
#1174 = DIRECTION ( 'NONE',  ( 0.000000000000000000, 1.000000000000000000, 0.000000000000000000 ) ) ;
#1175 = EDGE_CURVE ( 'NONE', #2309, #3251, #2422, .T. ) ;
#1176 = VERTEX_POINT ( 'NONE', #298 ) ;
#1177 = VECTOR ( 'NONE', #18, 1000.000000000000000 ) ;
#1178 = DIRECTION ( 'NONE',  ( 0.000000000000000000, 1.000000000000000000, 0.000000000000000000 ) ) ;
#1179 = ORIENTED_EDGE ( 'NONE', *, *, #3415, .T. ) ;
#1180 = CARTESIAN_POINT ( 'NONE',  ( 0.9999999999999995559, 0.04999999999999999584, 0.1250000000000007494 ) ) ;
#1181 = VECTOR ( 'NONE', #3208, 1000.000000000000000 ) ;
#1182 = FACE_OUTER_BOUND ( 'NONE', #3271, .T. ) ;
#1183 = VECTOR ( 'NONE', #410, 1000.000000000000000 ) ;
#1184 = VECTOR ( 'NONE', #785, 1000.000000000000000 ) ;
#1185 = EDGE_CURVE ( 'NONE', #1619, #3251, #3044, .T. ) ;
#1186 = VECTOR ( 'NONE', #1609, 1000.000000000000000 ) ;
#1187 = PLANE ( 'NONE',  #2158 ) ;
#1188 = VECTOR ( 'NONE', #192, 1000.000000000000000 ) ;
#1189 = PRODUCT ( 'LTC4365HDDB-1#TRMPBF', 'LTC4365HDDB-1#TRMPBF', '', ( #544 ) ) ;
#1190 = VECTOR ( 'NONE', #1570, 1000.000000000000000 ) ;
#1191 = ORIENTED_EDGE ( 'NONE', *, *, #1305, .T. ) ;
#1192 = DIRECTION ( 'NONE',  ( -1.000000000000000000, 0.000000000000000000, 0.000000000000000000 ) ) ;
#1193 = CARTESIAN_POINT ( 'NONE',  ( -1.000000000000000000, 0.2000000000000000111, 0.3750000000000014433 ) ) ;
#1194 = EDGE_CURVE ( 'NONE', #2609, #6, #561, .T. ) ;
#1195 = DIRECTION ( 'NONE',  ( 1.000000000000000000, -0.000000000000000000, -1.577021341797103132E-15 ) ) ;
#1196 = ADVANCED_FACE ( 'NONE', ( #1898 ), #1613, .T. ) ;
#1197 = ORIENTED_EDGE ( 'NONE', *, *, #857, .F. ) ;
#1198 = FACE_OUTER_BOUND ( 'NONE', #2925, .T. ) ;
#1199 = LINE ( 'NONE', #3369, #2039 ) ;
#1200 = LINE ( 'NONE', #347, #3056 ) ;
#1201 = LINE ( 'NONE', #2005, #2449 ) ;
#1202 = EDGE_CURVE ( 'NONE', #540, #2167, #2459, .T. ) ;
#1203 = ORIENTED_EDGE ( 'NONE', *, *, #553, .F. ) ;
#1204 = LINE ( 'NONE', #1034, #1181 ) ;
#1205 = CARTESIAN_POINT ( 'NONE',  ( -1.000000000000000444, 0.000000000000000000, 0.6250000000000016653 ) ) ;
#1206 = ORIENTED_EDGE ( 'NONE', *, *, #1266, .F. ) ;
#1207 = ORIENTED_EDGE ( 'NONE', *, *, #329, .F. ) ;
#1208 = DIRECTION ( 'NONE',  ( 0.000000000000000000, 0.000000000000000000, 1.000000000000000000 ) ) ;
#1209 = CARTESIAN_POINT ( 'NONE',  ( 0.2799999999999998601, 0.2000000000000000944, 1.074999999999997513 ) ) ;
#1210 = ORIENTED_EDGE ( 'NONE', *, *, #1457, .F. ) ;
#1211 = PLANE ( 'NONE',  #961 ) ;
#1212 = EDGE_CURVE ( 'NONE', #1855, #1936, #282, .T. ) ;
#1213 = ADVANCED_BREP_SHAPE_REPRESENTATION ( 'LTC4365HDDB-1#TRMPBF', ( #884, #892, #1990, #852, #3239, #2086, #906, #3269, #2060, #934, #3283, #462 ), #2902 ) ;
#1214 = ORIENTED_EDGE ( 'NONE', *, *, #960, .F. ) ;
#1215 = DIRECTION ( 'NONE',  ( 0.000000000000000000, -1.000000000000000000, 0.000000000000000000 ) ) ;
#1216 = EDGE_CURVE ( 'NONE', #1736, #568, #1133, .T. ) ;
#1217 = EDGE_CURVE ( 'NONE', #2006, #2588, #57, .T. ) ;
#1218 = LINE ( 'NONE', #1489, #2613 ) ;
#1219 = CARTESIAN_POINT ( 'NONE',  ( 0.2799999999999998601, 0.2000000000000000944, 1.024999999999997691 ) ) ;
#1220 = CARTESIAN_POINT ( 'NONE',  ( 0.2300000000000002875, 2.421733557382613533, -1.075000000000002398 ) ) ;
#1221 = ORIENTED_EDGE ( 'NONE', *, *, #1668, .T. ) ;
#1222 = CARTESIAN_POINT ( 'NONE',  ( -0.7250000000000010880, 0.2000000000000000111, -0.6249999999999991118 ) ) ;
#1223 = FACE_OUTER_BOUND ( 'NONE', #1032, .T. ) ;
#1224 = UNCERTAINTY_MEASURE_WITH_UNIT (LENGTH_MEASURE( 1.000000000000000082E-05 ), #16, 'distance_accuracy_value', 'NONE');
#1225 = VERTEX_POINT ( 'NONE', #2723 ) ;
#1226 = DIRECTION ( 'NONE',  ( -0.000000000000000000, -1.000000000000000000, -0.000000000000000000 ) ) ;
#1227 = PLANE ( 'NONE',  #3069 ) ;
#1228 = CARTESIAN_POINT ( 'NONE',  ( -0.7250000000000008660, 0.2000000000000000111, 0.7500000000000011102 ) ) ;
#1229 = ORIENTED_EDGE ( 'NONE', *, *, #3385, .T. ) ;
#1230 = DIRECTION ( 'NONE',  ( 0.000000000000000000, 1.000000000000000000, 0.000000000000000000 ) ) ;
#1231 = ORIENTED_EDGE ( 'NONE', *, *, #1550, .T. ) ;
#1232 = DIRECTION ( 'NONE',  ( 1.445602896647339163E-16, 0.000000000000000000, 1.000000000000000000 ) ) ;
#1233 = DIRECTION ( 'NONE',  ( 0.000000000000000000, 0.000000000000000000, -1.000000000000000000 ) ) ;
#1234 = VECTOR ( 'NONE', #1862, 1000.000000000000000 ) ;
#1235 = ORIENTED_EDGE ( 'NONE', *, *, #2510, .F. ) ;
#1236 = PRESENTATION_LAYER_ASSIGNMENT (  '', '', ( #2777 ) ) ;
#1237 = DIRECTION ( 'NONE',  ( 0.000000000000000000, -1.000000000000000000, 0.000000000000000000 ) ) ;
#1238 = EDGE_CURVE ( 'NONE', #1955, #807, #599, .T. ) ;
#1239 = DIRECTION ( 'NONE',  ( 0.000000000000000000, -1.000000000000000000, -0.000000000000000000 ) ) ;
#1240 = VECTOR ( 'NONE', #1148, 1000.000000000000000 ) ;
#1241 = COLOUR_RGB ( '',0.7921568627450980005, 0.8196078431372548767, 0.9333333333333333481 ) ;
#1242 = LINE ( 'NONE', #2337, #901 ) ;
#1243 = AXIS2_PLACEMENT_3D ( 'NONE', #2350, #250, #2923 ) ;
#1244 = ORIENTED_EDGE ( 'NONE', *, *, #2587, .T. ) ;
#1245 = AXIS2_PLACEMENT_3D ( 'NONE', #3500, #1360, #2457 ) ;
#1246 = DIRECTION ( 'NONE',  ( -1.000000000000000000, 0.000000000000000000, 1.577021341797103132E-15 ) ) ;
#1247 = ORIENTED_EDGE ( 'NONE', *, *, #445, .F. ) ;
#1248 = CARTESIAN_POINT ( 'NONE',  ( -0.7600000000000003419, 0.8000000000000000444, -0.1999999999999996503 ) ) ;
#1249 = FACE_OUTER_BOUND ( 'NONE', #1915, .T. ) ;
#1250 = DIRECTION ( 'NONE',  ( -0.7071067811865486830, -0.000000000000000000, 0.7071067811865464625 ) ) ;
#1251 = VERTEX_POINT ( 'NONE', #2182 ) ;
#1252 = LINE ( 'NONE', #3166, #1765 ) ;
#1253 = LINE ( 'NONE', #2901, #2900 ) ;
#1254 = VERTEX_POINT ( 'NONE', #817 ) ;
#1255 = EDGE_LOOP ( 'NONE', ( #1386, #925, #106, #729 ) ) ;
#1256 = LINE ( 'NONE', #3155, #1537 ) ;
#1257 = FACE_BOUND ( 'NONE', #3331, .T. ) ;
#1258 = EDGE_CURVE ( 'NONE', #3241, #1736, #43, .T. ) ;
#1259 = LINE ( 'NONE', #743, #1462 ) ;
#1260 = EDGE_CURVE ( 'NONE', #1563, #3424, #855, .T. ) ;
#1261 = UNCERTAINTY_MEASURE_WITH_UNIT (LENGTH_MEASURE( 1.000000000000000082E-05 ), #1905, 'distance_accuracy_value', 'NONE');
#1262 = ORIENTED_EDGE ( 'NONE', *, *, #1668, .F. ) ;
#1263 = CARTESIAN_POINT ( 'NONE',  ( 0.9999999999999995559, 0.1999999999999999833, -0.1249999999999994588 ) ) ;
#1264 = ORIENTED_EDGE ( 'NONE', *, *, #2374, .T. ) ;
#1265 = PLANE ( 'NONE',  #1861 ) ;
#1266 = EDGE_CURVE ( 'NONE', #1606, #2117, #3279, .T. ) ;
#1267 = ORIENTED_EDGE ( 'NONE', *, *, #3256, .T. ) ;
#1268 = PLANE ( 'NONE',  #199 ) ;
#1269 = CARTESIAN_POINT ( 'NONE',  ( 0.2799999999999998601, 2.421733557382613533, 1.074999999999997513 ) ) ;
#1270 = DIRECTION ( 'NONE',  ( -0.000000000000000000, -1.000000000000000000, -0.000000000000000000 ) ) ;
#1271 = LINE ( 'NONE', #2380, #296 ) ;
#1272 = ORIENTED_EDGE ( 'NONE', *, *, #1137, .F. ) ;
#1273 = CARTESIAN_POINT ( 'NONE',  ( 0.7250000000000006439, 0.6716990566028296916, 0.3750000000000003331 ) ) ;
#1274 = DIRECTION ( 'NONE',  ( 7.885106708985515658E-16, 0.000000000000000000, -1.000000000000000000 ) ) ;
#1275 = EDGE_CURVE ( 'NONE', #2437, #2325, #2556, .T. ) ;
#1276 = DIRECTION ( 'NONE',  ( -2.017120320903264195E-16, 0.000000000000000000, 1.000000000000000000 ) ) ;
#1277 = ADVANCED_FACE ( 'NONE', ( #96 ), #1699, .F. ) ;
#1278 = ORIENTED_EDGE ( 'NONE', *, *, #1552, .F. ) ;
#1279 = CARTESIAN_POINT ( 'NONE',  ( -0.7600000000000003419, -0.2571742649611338805, -0.1999999999999996503 ) ) ;
#1280 = AXIS2_PLACEMENT_3D ( 'NONE', #3278, #330, #530 ) ;
#1281 = ORIENTED_EDGE ( 'NONE', *, *, #627, .T. ) ;
#1282 = CARTESIAN_POINT ( 'NONE',  ( 0.9999999999999995559, 0.2000000000000000111, 0.1250000000000007494 ) ) ;
#1283 = LINE ( 'NONE', #1822, #2383 ) ;
#1284 = EDGE_CURVE ( 'NONE', #1333, #1526, #648, .T. ) ;
#1285 = AXIS2_PLACEMENT_3D ( 'NONE', #2794, #1749, #1963 ) ;
#1286 = CARTESIAN_POINT ( 'NONE',  ( 0.9999999999999995559, 0.05000000000000000278, -1.499999999999999556 ) ) ;
#1287 = DIRECTION ( 'NONE',  ( -1.577021341797103132E-15, 0.000000000000000000, -1.000000000000000000 ) ) ;
#1288 = VERTEX_POINT ( 'NONE', #3371 ) ;
#1289 = FACE_OUTER_BOUND ( 'NONE', #3030, .T. ) ;
#1290 = AXIS2_PLACEMENT_3D ( 'NONE', #2746, #2553, #2019 ) ;
#1291 = DIRECTION ( 'NONE',  ( 0.000000000000000000, -1.000000000000000000, 0.000000000000000000 ) ) ;
#1292 = VECTOR ( 'NONE', #2095, 1000.000000000000000 ) ;
#1293 = CARTESIAN_POINT ( 'NONE',  ( -1.000000000000000000, 0.6716990566028296916, 0.3750000000000014433 ) ) ;
#1294 = COLOUR_RGB ( '',0.2509803921568627416, 0.2509803921568627416, 0.2509803921568627416 ) ;
#1295 = EDGE_CURVE ( 'NONE', #2304, #496, #1750, .T. ) ;
#1296 = STYLED_ITEM ( 'NONE', ( #1141 ), #884 ) ;
#1297 = UNCERTAINTY_MEASURE_WITH_UNIT (LENGTH_MEASURE( 1.000000000000000082E-05 ), #2244, 'distance_accuracy_value', 'NONE');
#1298 = ORIENTED_EDGE ( 'NONE', *, *, #2639, .T. ) ;
#1299 = ORIENTED_EDGE ( 'NONE', *, *, #3163, .T. ) ;
#1300 = CARTESIAN_POINT ( 'NONE',  ( 0.7250000000000006439, 0.000000000000000000, -0.1249999999999996808 ) ) ;
#1301 = VECTOR ( 'NONE', #2418, 1000.000000000000000 ) ;
#1302 = CIRCLE ( 'NONE', #1701, 0.1249999999999997918 ) ;
#1303 = ORIENTED_EDGE ( 'NONE', *, *, #589, .T. ) ;
#1304 = DIRECTION ( 'NONE',  ( 0.000000000000000000, -1.000000000000000000, 0.000000000000000000 ) ) ;
#1305 = EDGE_CURVE ( 'NONE', #13, #2496, #367, .T. ) ;
#1306 = SURFACE_STYLE_USAGE ( .BOTH. , #2931 ) ;
#1307 = DIRECTION ( 'NONE',  ( 0.000000000000000000, 1.000000000000000000, 0.000000000000000000 ) ) ;
#1308 = CARTESIAN_POINT ( 'NONE',  ( -0.6400000000000003464, 0.7500000000000000000, -0.1999999999999996503 ) ) ;
#1309 = VECTOR ( 'NONE', #1720, 1000.000000000000000 ) ;
#1310 =( LENGTH_UNIT ( ) NAMED_UNIT ( * ) SI_UNIT ( .MILLI., .METRE. ) );
#1311 = ORIENTED_EDGE ( 'NONE', *, *, #895, .F. ) ;
#1312 = CARTESIAN_POINT ( 'NONE',  ( -0.7600000000000003419, 0.7500000000000000000, -0.1999999999999996503 ) ) ;
#1313 = FACE_OUTER_BOUND ( 'NONE', #59, .T. ) ;
#1314 = DIRECTION ( 'NONE',  ( 0.000000000000000000, 0.000000000000000000, 1.000000000000000000 ) ) ;
#1315 = VERTEX_POINT ( 'NONE', #2773 ) ;
#1316 = EDGE_LOOP ( 'NONE', ( #2657, #2603, #302, #1370 ) ) ;
#1317 = CARTESIAN_POINT ( 'NONE',  ( -0.5775000000000004574, 0.000000000000000000, -0.5775000000000022338 ) ) ;
#1318 = ORIENTED_EDGE ( 'NONE', *, *, #2279, .F. ) ;
#1319 = CARTESIAN_POINT ( 'NONE',  ( -0.7600000000000003419, 0.7500000000000000000, -0.1999999999999996503 ) ) ;
#1320 = CARTESIAN_POINT ( 'NONE',  ( -0.7250000000000010880, 0.2000000000000000111, -0.6249999999999991118 ) ) ;
#1321 = CARTESIAN_POINT ( 'NONE',  ( -1.000000000000000444, 0.8000000000000003775, -1.499999999999999556 ) ) ;
#1322 = DIRECTION ( 'NONE',  ( 1.000000000000000000, 0.000000000000000000, 0.000000000000000000 ) ) ;
#1323 = EDGE_CURVE ( 'NONE', #2029, #2546, #1201, .T. ) ;
#1324 = DIRECTION ( 'NONE',  ( 1.000000000000000000, 0.000000000000000000, 0.000000000000000000 ) ) ;
#1325 = ORIENTED_EDGE ( 'NONE', *, *, #708, .T. ) ;
#1326 = PLANE ( 'NONE',  #507 ) ;
#1327 = CARTESIAN_POINT ( 'NONE',  ( 0.9999999999999995559, 0.05000000000000000278, -1.499999999999999556 ) ) ;
#1328 = DIRECTION ( 'NONE',  ( 0.000000000000000000, -1.000000000000000000, 0.000000000000000000 ) ) ;
#1329 = ORIENTED_EDGE ( 'NONE', *, *, #2881, .F. ) ;
#1330 = ORIENTED_EDGE ( 'NONE', *, *, #2537, .F. ) ;
#1331 = DIRECTION ( 'NONE',  ( 0.7071067811865464625, 0.000000000000000000, 0.7071067811865486830 ) ) ;
#1332 = ORIENTED_EDGE ( 'NONE', *, *, #1827, .F. ) ;
#1333 = VERTEX_POINT ( 'NONE', #2043 ) ;
#1334 = FACE_OUTER_BOUND ( 'NONE', #656, .T. ) ;
#1335 = CARTESIAN_POINT ( 'NONE',  ( -0.7250000000000008660, 0.04999999999999999584, -0.7499999999999988898 ) ) ;
#1336 = LINE ( 'NONE', #3287, #3123 ) ;
#1337 = ADVANCED_FACE ( 'NONE', ( #1182 ), #110, .F. ) ;
#1338 = LINE ( 'NONE', #1129, #1926 ) ;
#1339 = CARTESIAN_POINT ( 'NONE',  ( 0.7250000000000006439, 0.2000000000000000111, -0.6249999999999996669 ) ) ;
#1340 = CARTESIAN_POINT ( 'NONE',  ( 0.2299999999999998712, 0.000000000000000000, 1.024999999999997691 ) ) ;
#1341 = DIRECTION ( 'NONE',  ( -1.626303258728259412E-15, 0.000000000000000000, 1.000000000000000000 ) ) ;
#1342 = EDGE_CURVE ( 'NONE', #2588, #2582, #3338, .T. ) ;
#1343 = VECTOR ( 'NONE', #2493, 1000.000000000000000 ) ;
#1344 = EDGE_CURVE ( 'NONE', #1996, #274, #24, .T. ) ;
#1345 = PLANE ( 'NONE',  #2026 ) ;
#1346 = AXIS2_PLACEMENT_3D ( 'NONE', #2058, #2645, #3146 ) ;
#1347 = VERTEX_POINT ( 'NONE', #395 ) ;
#1348 = DIRECTION ( 'NONE',  ( 0.000000000000000000, 1.000000000000000000, 0.000000000000000000 ) ) ;
#1349 = ORIENTED_EDGE ( 'NONE', *, *, #845, .F. ) ;
#1350 = CIRCLE ( 'NONE', #241, 0.1249999999999997918 ) ;
#1351 =( GEOMETRIC_REPRESENTATION_CONTEXT ( 3 ) GLOBAL_UNCERTAINTY_ASSIGNED_CONTEXT ( ( #2581 ) ) GLOBAL_UNIT_ASSIGNED_CONTEXT ( ( #1742, #2945, #2118 ) ) REPRESENTATION_CONTEXT ( 'NONE', 'WORKASPACE' ) );
#1352 = DIRECTION ( 'NONE',  ( 0.000000000000000000, -1.000000000000000000, 0.000000000000000000 ) ) ;
#1353 = AXIS2_PLACEMENT_3D ( 'NONE', #2057, #694, #2585 ) ;
#1354 = ORIENTED_EDGE ( 'NONE', *, *, #1590, .T. ) ;
#1355 = ORIENTED_EDGE ( 'NONE', *, *, #510, .T. ) ;
#1356 = AXIS2_PLACEMENT_3D ( 'NONE', #2638, #3191, #509 ) ;
#1357 = DIRECTION ( 'NONE',  ( 0.000000000000000000, -0.000000000000000000, 1.000000000000000000 ) ) ;
#1358 = DIRECTION ( 'NONE',  ( -0.000000000000000000, 1.000000000000000000, -0.000000000000000000 ) ) ;
#1359 = AXIS2_PLACEMENT_3D ( 'NONE', #1661, #3092, #3078 ) ;
#1360 = DIRECTION ( 'NONE',  ( 0.000000000000000000, -1.000000000000000000, 0.000000000000000000 ) ) ;
#1361 = VECTOR ( 'NONE', #3436, 1000.000000000000000 ) ;
#1362 = DIRECTION ( 'NONE',  ( -0.000000000000000000, 1.000000000000000000, -0.000000000000000000 ) ) ;
#1363 = DIRECTION ( 'NONE',  ( -0.000000000000000000, -1.000000000000000000, -0.000000000000000000 ) ) ;
#1364 = VECTOR ( 'NONE', #1445, 1000.000000000000000 ) ;
#1365 = DIRECTION ( 'NONE',  ( -0.000000000000000000, -1.000000000000000000, -0.000000000000000000 ) ) ;
#1366 = PRODUCT_DEFINITION ( 'UNKNOWN', '', #631, #2092 ) ;
#1367 = ADVANCED_FACE ( 'NONE', ( #2289 ), #417, .F. ) ;
#1368 = VERTEX_POINT ( 'NONE', #2022 ) ;
#1369 = CARTESIAN_POINT ( 'NONE',  ( -0.7250000000000010880, 0.000000000000000000, 0.3750000000000008882 ) ) ;
#1370 = ORIENTED_EDGE ( 'NONE', *, *, #1323, .F. ) ;
#1371 = ORIENTED_EDGE ( 'NONE', *, *, #663, .T. ) ;
#1372 = EDGE_LOOP ( 'NONE', ( #1751, #2201, #160, #2904 ) ) ;
#1373 = FACE_OUTER_BOUND ( 'NONE', #1037, .T. ) ;
#1374 = EDGE_CURVE ( 'NONE', #221, #2451, #1986, .T. ) ;
#1375 = DIRECTION ( 'NONE',  ( 0.000000000000000000, 0.000000000000000000, -1.000000000000000000 ) ) ;
#1376 = EDGE_CURVE ( 'NONE', #173, #2301, #2508, .T. ) ;
#1377 = DIRECTION ( 'NONE',  ( 0.000000000000000000, 0.000000000000000000, 1.000000000000000000 ) ) ;
#1378 = DIRECTION ( 'NONE',  ( -1.000000000000000000, 0.000000000000000000, 7.885106708985495936E-16 ) ) ;
#1379 = SURFACE_STYLE_USAGE ( .BOTH. , #528 ) ;
#1380 = ORIENTED_EDGE ( 'NONE', *, *, #368, .T. ) ;
#1381 = ORIENTED_EDGE ( 'NONE', *, *, #755, .F. ) ;
#1382 = CARTESIAN_POINT ( 'NONE',  ( 0.7250000000000001998, 0.000000000000000000, -0.2499999999999995837 ) ) ;
#1383 = DIRECTION ( 'NONE',  ( 1.445602896647339410E-16, -0.000000000000000000, -1.000000000000000000 ) ) ;
#1384 = DIRECTION ( 'NONE',  ( -1.000000000000000000, 0.000000000000000000, -1.008560160451632098E-16 ) ) ;
#1385 = EDGE_CURVE ( 'NONE', #1542, #2864, #2811, .T. ) ;
#1386 = ORIENTED_EDGE ( 'NONE', *, *, #1611, .F. ) ;
#1387 = LINE ( 'NONE', #1633, #862 ) ;
#1388 = EDGE_CURVE ( 'NONE', #1996, #2451, #1964, .T. ) ;
#1389 = VERTEX_POINT ( 'NONE', #2852 ) ;
#1390 = LINE ( 'NONE', #2265, #3137 ) ;
#1391 = LINE ( 'NONE', #3038, #2495 ) ;
#1392 = CARTESIAN_POINT ( 'NONE',  ( 0.7250000000000001998, 0.1999999999999999833, 0.2500000000000004441 ) ) ;
#1393 = LINE ( 'NONE', #69, #1989 ) ;
#1394 = DIRECTION ( 'NONE',  ( 0.000000000000000000, 0.000000000000000000, 1.000000000000000000 ) ) ;
#1395 = ORIENTED_EDGE ( 'NONE', *, *, #2184, .T. ) ;
#1396 = CARTESIAN_POINT ( 'NONE',  ( -0.7250000000000010880, 0.6716990566028296916, -0.1249999999999991396 ) ) ;
#1397 = LINE ( 'NONE', #2230, #1921 ) ;
#1398 = ORIENTED_EDGE ( 'NONE', *, *, #1376, .F. ) ;
#1399 = LINE ( 'NONE', #2489, #2213 ) ;
#1400 = VECTOR ( 'NONE', #2772, 1000.000000000000000 ) ;
#1401 = VECTOR ( 'NONE', #431, 1000.000000000000000 ) ;
#1402 = VERTEX_POINT ( 'NONE', #1452 ) ;
#1403 = CARTESIAN_POINT ( 'NONE',  ( 0.9999999999999991118, 0.8000000000000003775, 1.500000000000000000 ) ) ;
#1404 = ORIENTED_EDGE ( 'NONE', *, *, #2903, .F. ) ;
#1405 = FACE_OUTER_BOUND ( 'NONE', #1372, .T. ) ;
#1406 = CIRCLE ( 'NONE', #1119, 0.04999999999999991257 ) ;
#1407 = EDGE_LOOP ( 'NONE', ( #1689, #673, #1156, #270 ) ) ;
#1408 = VERTEX_POINT ( 'NONE', #3384 ) ;
#1409 = LINE ( 'NONE', #2737, #357 ) ;
#1410 = AXIS2_PLACEMENT_3D ( 'NONE', #2206, #2717, #557 ) ;
#1411 = SURFACE_SIDE_STYLE ('',( #1620 ) ) ;
#1412 = DIRECTION ( 'NONE',  ( 0.000000000000000000, 0.000000000000000000, -1.000000000000000000 ) ) ;
#1413 = AXIS2_PLACEMENT_3D ( 'NONE', #3333, #1447, #3350 ) ;
#1414 = CARTESIAN_POINT ( 'NONE',  ( 0.7250000000000001998, 0.1999999999999999833, -0.2499999999999995837 ) ) ;
#1415 = MECHANICAL_DESIGN_GEOMETRIC_PRESENTATION_REPRESENTATION (  '', ( #2266 ), #2615 ) ;
#1416 = CARTESIAN_POINT ( 'NONE',  ( 9.856383386231938946E-17, 0.05000000000000000278, 0.1250000000000008327 ) ) ;
#1417 = VECTOR ( 'NONE', #3307, 1000.000000000000000 ) ;
#1418 = ADVANCED_FACE ( 'NONE', ( #1491 ), #889, .F. ) ;
#1419 = CIRCLE ( 'NONE', #406, 0.1249999999999997918 ) ;
#1420 = CARTESIAN_POINT ( 'NONE',  ( -1.000000000000000444, 0.2000000000000000111, 0.6250000000000016653 ) ) ;
#1421 = DIRECTION ( 'NONE',  ( 7.744301232039315695E-16, -0.000000000000000000, 1.000000000000000000 ) ) ;
#1422 = VECTOR ( 'NONE', #738, 1000.000000000000000 ) ;
#1423 = ORIENTED_EDGE ( 'NONE', *, *, #54, .F. ) ;
#1424 =( GEOMETRIC_REPRESENTATION_CONTEXT ( 3 ) GLOBAL_UNCERTAINTY_ASSIGNED_CONTEXT ( ( #2130 ) ) GLOBAL_UNIT_ASSIGNED_CONTEXT ( ( #1093, #3201, #2970 ) ) REPRESENTATION_CONTEXT ( 'NONE', 'WORKASPACE' ) );
#1425 = EDGE_CURVE ( 'NONE', #568, #3497, #2243, .T. ) ;
#1426 = EDGE_CURVE ( 'NONE', #483, #2172, #1271, .T. ) ;
#1427 = DIRECTION ( 'NONE',  ( 1.000000000000000000, 0.000000000000000000, -7.744301232039315695E-16 ) ) ;
#1428 = CIRCLE ( 'NONE', #2341, 0.1249999999999997918 ) ;
#1429 = EDGE_LOOP ( 'NONE', ( #1831, #3198, #3071, #2668 ) ) ;
#1430 = ORIENTED_EDGE ( 'NONE', *, *, #73, .F. ) ;
#1431 = DIRECTION ( 'NONE',  ( -2.017120320903264195E-16, 0.000000000000000000, 1.000000000000000000 ) ) ;
#1432 = CARTESIAN_POINT ( 'NONE',  ( -0.7250000000000008660, 0.2000000000000000111, 0.1250000000000014155 ) ) ;
#1433 = CIRCLE ( 'NONE', #204, 0.1249999999999997918 ) ;
#1434 = FACE_OUTER_BOUND ( 'NONE', #1094, .T. ) ;
#1435 = VERTEX_POINT ( 'NONE', #3444 ) ;
#1436 = LINE ( 'NONE', #1416, #2623 ) ;
#1437 = CARTESIAN_POINT ( 'NONE',  ( 0.7250000000000001998, 0.6716990566028296916, 0.7500000000000004441 ) ) ;
#1438 = CARTESIAN_POINT ( 'NONE',  ( -0.2800000000000003042, 0.2000000000000000944, 1.074999999999997957 ) ) ;
#1439 = ORIENTED_EDGE ( 'NONE', *, *, #2420, .T. ) ;
#1440 = PLANE ( 'NONE',  #1919 ) ;
#1441 = CARTESIAN_POINT ( 'NONE',  ( -0.7250000000000008660, 0.2000000000000000111, -0.3749999999999986122 ) ) ;
#1442 = EDGE_CURVE ( 'NONE', #2062, #1994, #1546, .T. ) ;
#1443 = ORIENTED_EDGE ( 'NONE', *, *, #2944, .F. ) ;
#1444 = ORIENTED_EDGE ( 'NONE', *, *, #1939, .F. ) ;
#1445 = DIRECTION ( 'NONE',  ( 1.000000000000000000, -0.000000000000000000, 7.885106708985515658E-16 ) ) ;
#1446 = ORIENTED_EDGE ( 'NONE', *, *, #1980, .F. ) ;
#1447 = DIRECTION ( 'NONE',  ( -7.744301232039311751E-16, 0.000000000000000000, -1.000000000000000000 ) ) ;
#1448 = LINE ( 'NONE', #1694, #571 ) ;
#1449 = CARTESIAN_POINT ( 'NONE',  ( 0.9999999999999995559, 0.05000000000000000278, -1.499999999999999556 ) ) ;
#1450 = EDGE_CURVE ( 'NONE', #3251, #175, #1044, .T. ) ;
#1451 = DIRECTION ( 'NONE',  ( -0.000000000000000000, -1.000000000000000000, -0.000000000000000000 ) ) ;
#1452 = CARTESIAN_POINT ( 'NONE',  ( 0.7250000000000001998, 0.2000000000000000111, -0.8749999999999993339 ) ) ;
#1453 = CLOSED_SHELL ( 'NONE', ( #770, #2101, #998, #442, #3033, #3068, #2685, #2000, #2562, #2197, #924, #3432, #1797, #2073, #829, #3328, #1153, #1418, #2438, #1196, #3255, #108, #2580, #1060, #651, #1479, #827, #2143, #733, #377, #321, #1713, #3434, #1731, #2684, #695, #1714, #3360, #62, #2311, #2758, #1071, #2812, #1367, #646, #1860, #2525, #2767, #463, #97, #3229, #1913 ) ) ;
#1454 = DIRECTION ( 'NONE',  ( 0.000000000000000000, 1.000000000000000000, 0.000000000000000000 ) ) ;
#1455 = EDGE_CURVE ( 'NONE', #2325, #2994, #2346, .T. ) ;
#1456 = DIRECTION ( 'NONE',  ( 0.000000000000000000, -0.000000000000000000, -1.000000000000000000 ) ) ;
#1457 = EDGE_CURVE ( 'NONE', #732, #496, #3426, .T. ) ;
#1458 = VECTOR ( 'NONE', #1451, 1000.000000000000000 ) ;
#1459 = ORIENTED_EDGE ( 'NONE', *, *, #2935, .F. ) ;
#1460 = ORIENTED_EDGE ( 'NONE', *, *, #426, .F. ) ;
#1461 = LINE ( 'NONE', #2547, #3194 ) ;
#1462 = VECTOR ( 'NONE', #1600, 1000.000000000000000 ) ;
#1463 = CARTESIAN_POINT ( 'NONE',  ( 0.7250000000000001998, 0.6716990566028296916, -0.3749999999999992228 ) ) ;
#1464 = EDGE_LOOP ( 'NONE', ( #1719, #1585, #2081, #1052 ) ) ;
#1465 = VECTOR ( 'NONE', #2973, 1000.000000000000000 ) ;
#1466 = CARTESIAN_POINT ( 'NONE',  ( 0.7250000000000001998, 0.000000000000000000, 0.2500000000000004441 ) ) ;
#1467 = DIRECTION ( 'NONE',  ( 0.000000000000000000, 1.000000000000000000, 0.000000000000000000 ) ) ;
#1468 = VECTOR ( 'NONE', #467, 1000.000000000000000 ) ;
#1469 = DIRECTION ( 'NONE',  ( -0.000000000000000000, -1.000000000000000000, -0.000000000000000000 ) ) ;
#1470 = VECTOR ( 'NONE', #2524, 1000.000000000000000 ) ;
#1471 = DIRECTION ( 'NONE',  ( 0.000000000000000000, -1.000000000000000000, 0.000000000000000000 ) ) ;
#1472 = VECTOR ( 'NONE', #841, 1000.000000000000000 ) ;
#1473 = ADVANCED_FACE ( 'NONE', ( #2868 ), #719, .F. ) ;
#1474 = EDGE_LOOP ( 'NONE', ( #1092, #2462, #2409, #1045 ) ) ;
#1475 = EDGE_LOOP ( 'NONE', ( #2999, #3262, #2545, #2361 ) ) ;
#1476 = AXIS2_PLACEMENT_3D ( 'NONE', #349, #1421, #1152 ) ;
#1477 = LINE ( 'NONE', #384, #1696 ) ;
#1478 = VECTOR ( 'NONE', #3288, 1000.000000000000000 ) ;
#1479 = ADVANCED_FACE ( 'NONE', ( #3408 ), #3152, .T. ) ;
#1480 = CARTESIAN_POINT ( 'NONE',  ( -1.000000000000000000, 0.6716990566028296916, 0.8750000000000014433 ) ) ;
#1481 = VECTOR ( 'NONE', #339, 1000.000000000000000 ) ;
#1482 = VERTEX_POINT ( 'NONE', #1801 ) ;
#1483 = ORIENTED_EDGE ( 'NONE', *, *, #1846, .F. ) ;
#1484 = CARTESIAN_POINT ( 'NONE',  ( -0.7250000000000008660, 0.6716990566028296916, 0.1250000000000014155 ) ) ;
#1485 = DIRECTION ( 'NONE',  ( 1.008560160451632221E-16, 0.000000000000000000, -1.000000000000000000 ) ) ;
#1486 = DIRECTION ( 'NONE',  ( 0.000000000000000000, 0.000000000000000000, -1.000000000000000000 ) ) ;
#1487 = ORIENTED_EDGE ( 'NONE', *, *, #1002, .T. ) ;
#1488 = CARTESIAN_POINT ( 'NONE',  ( 0.9999999999999995559, 0.2000000000000000111, -0.1249999999999994588 ) ) ;
#1489 = CARTESIAN_POINT ( 'NONE',  ( -9.856383386231897038E-16, 0.05000000000000000278, -0.6250000000000002220 ) ) ;
#1490 = DIRECTION ( 'NONE',  ( 0.000000000000000000, -1.000000000000000000, 0.000000000000000000 ) ) ;
#1491 = FACE_OUTER_BOUND ( 'NONE', #3304, .T. ) ;
#1492 = VERTEX_POINT ( 'NONE', #488 ) ;
#1493 = ORIENTED_EDGE ( 'NONE', *, *, #1100, .F. ) ;
#1494 = FILL_AREA_STYLE ('',( #1772 ) ) ;
#1495 = FACE_OUTER_BOUND ( 'NONE', #566, .T. ) ;
#1496 = ORIENTED_EDGE ( 'NONE', *, *, #715, .F. ) ;
#1497 = CARTESIAN_POINT ( 'NONE',  ( 0.9999999999999995559, 0.000000000000000000, -0.1249999999999994588 ) ) ;
#1498 = DIRECTION ( 'NONE',  ( -1.000000000000000000, 0.000000000000000000, 7.744301232039315695E-16 ) ) ;
#1499 = DIRECTION ( 'NONE',  ( 0.000000000000000000, -1.000000000000000000, 0.000000000000000000 ) ) ;
#1500 = ORIENTED_EDGE ( 'NONE', *, *, #3086, .T. ) ;
#1501 =( NAMED_UNIT ( * ) SI_UNIT ( $, .STERADIAN. ) SOLID_ANGLE_UNIT ( ) );
#1502 = EDGE_CURVE ( 'NONE', #2024, #1315, #448, .T. ) ;
#1503 = FACE_OUTER_BOUND ( 'NONE', #1255, .T. ) ;
#1504 = ORIENTED_EDGE ( 'NONE', *, *, #1819, .T. ) ;
#1505 = LINE ( 'NONE', #735, #2722 ) ;
#1506 = CARTESIAN_POINT ( 'NONE',  ( -0.7250000000000010880, 0.6716990566028296916, 0.3750000000000009992 ) ) ;
#1507 = ORIENTED_EDGE ( 'NONE', *, *, #368, .F. ) ;
#1508 = CARTESIAN_POINT ( 'NONE',  ( 0.7250000000000001998, 0.2000000000000000111, -0.3749999999999993339 ) ) ;
#1509 = SURFACE_STYLE_USAGE ( .BOTH. , #652 ) ;
#1510 = FACE_OUTER_BOUND ( 'NONE', #309, .T. ) ;
#1511 = EDGE_CURVE ( 'NONE', #1482, #120, #1419, .T. ) ;
#1512 = VERTEX_POINT ( 'NONE', #2401 ) ;
#1513 = DIRECTION ( 'NONE',  ( -1.000000000000000000, 0.000000000000000000, 7.885106708985495936E-16 ) ) ;
#1514 = VERTEX_POINT ( 'NONE', #980 ) ;
#1515 = LINE ( 'NONE', #2607, #15 ) ;
#1516 = AXIS2_PLACEMENT_3D ( 'NONE', #366, #2021, #2555 ) ;
#1517 = PLANE ( 'NONE',  #2392 ) ;
#1518 = ORIENTED_EDGE ( 'NONE', *, *, #726, .T. ) ;
#1519 = AXIS2_PLACEMENT_3D ( 'NONE', #1716, #421, #1756 ) ;
#1520 = LINE ( 'NONE', #193, #2779 ) ;
#1521 = LINE ( 'NONE', #1561, #1655 ) ;
#1522 = DIRECTION ( 'NONE',  ( 0.000000000000000000, 1.000000000000000000, -0.000000000000000000 ) ) ;
#1523 = MECHANICAL_DESIGN_GEOMETRIC_PRESENTATION_REPRESENTATION (  '', ( #2777 ), #1351 ) ;
#1524 = EDGE_CURVE ( 'NONE', #449, #872, #2636, .T. ) ;
#1525 = EDGE_CURVE ( 'NONE', #1251, #2404, #2651, .T. ) ;
#1526 = VERTEX_POINT ( 'NONE', #3167 ) ;
#1527 = VERTEX_POINT ( 'NONE', #1840 ) ;
#1528 = VECTOR ( 'NONE', #3454, 1000.000000000000000 ) ;
#1529 = DIRECTION ( 'NONE',  ( 1.000000000000000000, 0.000000000000000000, 7.885106708985515658E-16 ) ) ;
#1530 = DIRECTION ( 'NONE',  ( 1.000000000000000000, 0.000000000000000000, 7.885106708985515658E-16 ) ) ;
#1531 = STYLED_ITEM ( 'NONE', ( #3001 ), #3239 ) ;
#1532 = STYLED_ITEM ( 'NONE', ( #706 ), #906 ) ;
#1533 = CARTESIAN_POINT ( 'NONE',  ( -0.7250000000000010880, 0.2000000000000000111, -0.6249999999999990008 ) ) ;
#1534 = VECTOR ( 'NONE', #1485, 1000.000000000000000 ) ;
#1535 = VECTOR ( 'NONE', #2977, 1000.000000000000000 ) ;
#1536 = ORIENTED_EDGE ( 'NONE', *, *, #1137, .T. ) ;
#1537 = VECTOR ( 'NONE', #1237, 1000.000000000000000 ) ;
#1538 = DIRECTION ( 'NONE',  ( 1.000000000000000000, 0.000000000000000000, 0.000000000000000000 ) ) ;
#1539 = ORIENTED_EDGE ( 'NONE', *, *, #3342, .T. ) ;
#1540 = FILL_AREA_STYLE ('',( #2034 ) ) ;
#1541 = VECTOR ( 'NONE', #187, 1000.000000000000000 ) ;
#1542 = VERTEX_POINT ( 'NONE', #227 ) ;
#1543 = DIRECTION ( 'NONE',  ( -1.000000000000000000, 0.000000000000000000, 7.744301232039311751E-16 ) ) ;
#1544 = CARTESIAN_POINT ( 'NONE',  ( -0.7250000000000008660, 0.000000000000000000, -0.2499999999999989175 ) ) ;
#1545 = FACE_OUTER_BOUND ( 'NONE', #3108, .T. ) ;
#1546 = LINE ( 'NONE', #432, #2729 ) ;
#1547 = ORIENTED_EDGE ( 'NONE', *, *, #2307, .T. ) ;
#1548 = CARTESIAN_POINT ( 'NONE',  ( 0.2299999999999998712, 0.2000000000000000944, 1.024999999999997691 ) ) ;
#1549 = LINE ( 'NONE', #2335, #2384 ) ;
#1550 = EDGE_CURVE ( 'NONE', #2963, #1770, #2616, .T. ) ;
#1551 = DIRECTION ( 'NONE',  ( 0.000000000000000000, 0.000000000000000000, -1.000000000000000000 ) ) ;
#1552 = EDGE_CURVE ( 'NONE', #219, #64, #504, .T. ) ;
#1553 = UNCERTAINTY_MEASURE_WITH_UNIT (LENGTH_MEASURE( 1.000000000000000082E-05 ), #1310, 'distance_accuracy_value', 'NONE');
#1554 = ORIENTED_EDGE ( 'NONE', *, *, #1258, .T. ) ;
#1555 = FACE_OUTER_BOUND ( 'NONE', #2285, .T. ) ;
#1556 = ORIENTED_EDGE ( 'NONE', *, *, #3404, .T. ) ;
#1557 = PRESENTATION_STYLE_ASSIGNMENT (( #482 ) ) ;
#1558 = ORIENTED_EDGE ( 'NONE', *, *, #1284, .T. ) ;
#1559 = LINE ( 'NONE', #484, #30 ) ;
#1560 = DIRECTION ( 'NONE',  ( 0.000000000000000000, 1.000000000000000000, 0.000000000000000000 ) ) ;
#1561 = CARTESIAN_POINT ( 'NONE',  ( 0.7250000000000001998, 0.2000000000000000111, -0.3749999999999992228 ) ) ;
#1562 = DIRECTION ( 'NONE',  ( 0.000000000000000000, -1.000000000000000000, 0.000000000000000000 ) ) ;
#1563 = VERTEX_POINT ( 'NONE', #197 ) ;
#1564 = DIRECTION ( 'NONE',  ( 0.000000000000000000, 1.000000000000000000, 0.000000000000000000 ) ) ;
#1565 = FACE_OUTER_BOUND ( 'NONE', #3373, .T. ) ;
#1566 = LINE ( 'NONE', #999, #3004 ) ;
#1567 = ADVANCED_FACE ( 'NONE', ( #2083 ), #2139, .F. ) ;
#1568 = ORIENTED_EDGE ( 'NONE', *, *, #518, .T. ) ;
#1569 = ORIENTED_EDGE ( 'NONE', *, *, #1618, .F. ) ;
#1570 = DIRECTION ( 'NONE',  ( 0.000000000000000000, -1.000000000000000000, 0.000000000000000000 ) ) ;
#1571 = FILL_AREA_STYLE_COLOUR ( '', #2548 ) ;
#1572 = ORIENTED_EDGE ( 'NONE', *, *, #2608, .T. ) ;
#1573 = SURFACE_STYLE_USAGE ( .BOTH. , #1041 ) ;
#1574 = LINE ( 'NONE', #1892, #1695 ) ;
#1575 = AXIS2_PLACEMENT_3D ( 'NONE', #1061, #816, #2474 ) ;
#1576 = LINE ( 'NONE', #1321, #742 ) ;
#1577 = CARTESIAN_POINT ( 'NONE',  ( 0.2800000000000003042, 0.05000000000000012768, -1.025000000000002798 ) ) ;
#1578 = ORIENTED_EDGE ( 'NONE', *, *, #486, .F. ) ;
#1579 = CARTESIAN_POINT ( 'NONE',  ( 0.7250000000000001998, 0.04999999999999999584, 0.2500000000000004441 ) ) ;
#1580 = VECTOR ( 'NONE', #3301, 1000.000000000000000 ) ;
#1581 = CARTESIAN_POINT ( 'NONE',  ( -0.7250000000000010880, 0.2000000000000000111, 0.8750000000000009992 ) ) ;
#1582 = VECTOR ( 'NONE', #1608, 1000.000000000000000 ) ;
#1583 = CARTESIAN_POINT ( 'NONE',  ( 0.9999999999999995559, 0.05000000000000000278, -1.499999999999999556 ) ) ;
#1584 = STYLED_ITEM ( 'NONE', ( #1617 ), #892 ) ;
#1585 = ORIENTED_EDGE ( 'NONE', *, *, #1342, .T. ) ;
#1586 = ORIENTED_EDGE ( 'NONE', *, *, #1065, .T. ) ;
#1587 = FACE_OUTER_BOUND ( 'NONE', #617, .T. ) ;
#1588 = EDGE_CURVE ( 'NONE', #3051, #932, #2595, .T. ) ;
#1589 = CIRCLE ( 'NONE', #967, 0.1249999999999997918 ) ;
#1590 = EDGE_CURVE ( 'NONE', #405, #2609, #1253, .T. ) ;
#1591 = VECTOR ( 'NONE', #3041, 1000.000000000000000 ) ;
#1592 = VERTEX_POINT ( 'NONE', #1645 ) ;
#1593 = DIRECTION ( 'NONE',  ( -0.000000000000000000, -1.000000000000000000, -0.000000000000000000 ) ) ;
#1594 = FILL_AREA_STYLE_COLOUR ( '', #3067 ) ;
#1595 = VECTOR ( 'NONE', #2012, 1000.000000000000000 ) ;
#1596 = CARTESIAN_POINT ( 'NONE',  ( -0.7250000000000010880, 0.000000000000000000, 0.3750000000000009992 ) ) ;
#1597 = DIRECTION ( 'NONE',  ( -0.000000000000000000, -1.000000000000000000, -0.000000000000000000 ) ) ;
#1598 = DIRECTION ( 'NONE',  ( 0.000000000000000000, -1.000000000000000000, 0.000000000000000000 ) ) ;
#1599 = CARTESIAN_POINT ( 'NONE',  ( 0.000000000000000000, 0.000000000000000000, 0.000000000000000000 ) ) ;
#1600 = DIRECTION ( 'NONE',  ( 1.000000000000000000, 0.000000000000000000, 0.000000000000000000 ) ) ;
#1601 = ORIENTED_EDGE ( 'NONE', *, *, #2981, .F. ) ;
#1602 = ORIENTED_EDGE ( 'NONE', *, *, #2040, .F. ) ;
#1603 = DIRECTION ( 'NONE',  ( -0.000000000000000000, -1.000000000000000000, -0.000000000000000000 ) ) ;
#1604 = EDGE_CURVE ( 'NONE', #890, #3406, #3261, .T. ) ;
#1605 = EDGE_LOOP ( 'NONE', ( #2237, #971, #1329, #3104 ) ) ;
#1606 = VERTEX_POINT ( 'NONE', #1081 ) ;
#1607 = FACE_OUTER_BOUND ( 'NONE', #61, .T. ) ;
#1608 = DIRECTION ( 'NONE',  ( 1.000000000000000000, -0.000000000000000000, -1.577021341797103132E-15 ) ) ;
#1609 = DIRECTION ( 'NONE',  ( -0.000000000000000000, -1.000000000000000000, -0.000000000000000000 ) ) ;
#1610 = EDGE_CURVE ( 'NONE', #2363, #3230, #2988, .T. ) ;
#1611 = EDGE_CURVE ( 'NONE', #1005, #1018, #3221, .T. ) ;
#1612 = DIRECTION ( 'NONE',  ( 0.000000000000000000, 0.000000000000000000, -1.000000000000000000 ) ) ;
#1613 = PLANE ( 'NONE',  #1810 ) ;
#1614 = DIRECTION ( 'NONE',  ( -0.000000000000000000, -1.000000000000000000, -0.000000000000000000 ) ) ;
#1615 = ORIENTED_EDGE ( 'NONE', *, *, #710, .T. ) ;
#1616 = LINE ( 'NONE', #1070, #1190 ) ;
#1617 = PRESENTATION_STYLE_ASSIGNMENT (( #497 ) ) ;
#1618 = EDGE_CURVE ( 'NONE', #2817, #221, #3276, .T. ) ;
#1619 = VERTEX_POINT ( 'NONE', #2153 ) ;
#1620 = SURFACE_STYLE_FILL_AREA ( #556 ) ;
#1621 = DIRECTION ( 'NONE',  ( 0.000000000000000000, -1.000000000000000000, 0.000000000000000000 ) ) ;
#1622 = FACE_OUTER_BOUND ( 'NONE', #1777, .T. ) ;
#1623 = CLOSED_SHELL ( 'NONE', ( #2497, #115, #2059, #3207, #677, #3122 ) ) ;
#1624 = EDGE_CURVE ( 'NONE', #2010, #2710, #826, .T. ) ;
#1625 = CARTESIAN_POINT ( 'NONE',  ( 0.7250000000000006439, 0.000000000000000000, 0.3750000000000003331 ) ) ;
#1626 = DIRECTION ( 'NONE',  ( 1.000000000000000000, 0.000000000000000000, -1.577021341797103132E-15 ) ) ;
#1627 = EDGE_CURVE ( 'NONE', #407, #838, #40, .T. ) ;
#1628 = CARTESIAN_POINT ( 'NONE',  ( 0.2299999999999998712, 0.2000000000000000944, 1.024999999999997691 ) ) ;
#1629 = VECTOR ( 'NONE', #2624, 1000.000000000000000 ) ;
#1630 = AXIS2_PLACEMENT_3D ( 'NONE', #1437, #2229, #3314 ) ;
#1631 = VECTOR ( 'NONE', #1784, 1000.000000000000000 ) ;
#1632 = ORIENTED_EDGE ( 'NONE', *, *, #1832, .T. ) ;
#1633 = CARTESIAN_POINT ( 'NONE',  ( 0.7250000000000006439, 0.6716990566028296916, -0.1249999999999996808 ) ) ;
#1634 = EDGE_LOOP ( 'NONE', ( #2866, #586, #2264, #1381 ) ) ;
#1635 = CIRCLE ( 'NONE', #2324, 0.1249999999999997918 ) ;
#1636 = AXIS2_PLACEMENT_3D ( 'NONE', #3172, #3226, #740 ) ;
#1637 =( GEOMETRIC_REPRESENTATION_CONTEXT ( 3 ) GLOBAL_UNCERTAINTY_ASSIGNED_CONTEXT ( ( #2544 ) ) GLOBAL_UNIT_ASSIGNED_CONTEXT ( ( #2403, #1879, #265 ) ) REPRESENTATION_CONTEXT ( 'NONE', 'WORKASPACE' ) );
#1638 = ORIENTED_EDGE ( 'NONE', *, *, #1688, .T. ) ;
#1639 = ORIENTED_EDGE ( 'NONE', *, *, #1758, .F. ) ;
#1640 = AXIS2_PLACEMENT_3D ( 'NONE', #875, #547, #1111 ) ;
#1641 = CARTESIAN_POINT ( 'NONE',  ( 0.2300000000000002875, 0.05000000000000000278, -1.075000000000002398 ) ) ;
#1642 = EDGE_LOOP ( 'NONE', ( #2263, #3215, #2736, #2141 ) ) ;
#1643 = CARTESIAN_POINT ( 'NONE',  ( 0.7250000000000001998, 0.1999999999999999833, 0.7500000000000004441 ) ) ;
#1644 = VECTOR ( 'NONE', #1378, 1000.000000000000000 ) ;
#1645 = CARTESIAN_POINT ( 'NONE',  ( 0.7250000000000001998, 0.04999999999999999584, 0.1250000000000006661 ) ) ;
#1646 = DIRECTION ( 'NONE',  ( 1.734723475976808475E-15, -0.000000000000000000, 1.000000000000000000 ) ) ;
#1647 = MECHANICAL_DESIGN_GEOMETRIC_PRESENTATION_REPRESENTATION (  '', ( #532 ), #2228 ) ;
#1648 = PLANE ( 'NONE',  #1285 ) ;
#1649 = DIRECTION ( 'NONE',  ( -0.000000000000000000, -1.000000000000000000, -0.000000000000000000 ) ) ;
#1650 = AXIS2_PLACEMENT_3D ( 'NONE', #1484, #2317, #3396 ) ;
#1651 = PLANE ( 'NONE',  #1128 ) ;
#1652 = ORIENTED_EDGE ( 'NONE', *, *, #2188, .T. ) ;
#1653 = DIRECTION ( 'NONE',  ( 7.885106708985515658E-16, 0.000000000000000000, -1.000000000000000000 ) ) ;
#1654 = VERTEX_POINT ( 'NONE', #1096 ) ;
#1655 = VECTOR ( 'NONE', #766, 1000.000000000000000 ) ;
#1656 = VERTEX_POINT ( 'NONE', #2473 ) ;
#1657 = CARTESIAN_POINT ( 'NONE',  ( -0.2800000000000003042, 0.05000000000000000278, 1.024999999999998135 ) ) ;
#1658 =( NAMED_UNIT ( * ) PLANE_ANGLE_UNIT ( ) SI_UNIT ( $, .RADIAN. ) );
#1659 = DIRECTION ( 'NONE',  ( -1.577021341797103132E-15, 0.000000000000000000, -1.000000000000000000 ) ) ;
#1660 = CARTESIAN_POINT ( 'NONE',  ( -0.2800000000000000822, 2.421733557382613533, -0.8750000000000018874 ) ) ;
#1661 = CARTESIAN_POINT ( 'NONE',  ( 0.7250000000000001998, 0.1999999999999999833, -0.7499999999999995559 ) ) ;
#1662 = CARTESIAN_POINT ( 'NONE',  ( -0.2300000000000003153, 2.421733557382613533, 1.024999999999998135 ) ) ;
#1663 = DIRECTION ( 'NONE',  ( 0.000000000000000000, 0.000000000000000000, -1.000000000000000000 ) ) ;
#1664 = EDGE_CURVE ( 'NONE', #2699, #1435, #596, .T. ) ;
#1665 = DIRECTION ( 'NONE',  ( 1.000000000000000000, 0.000000000000000000, 0.000000000000000000 ) ) ;
#1666 = ORIENTED_EDGE ( 'NONE', *, *, #2125, .F. ) ;
#1667 = CARTESIAN_POINT ( 'NONE',  ( 5.913830031739134278E-16, 0.05000000000000000278, 0.3749999999999998335 ) ) ;
#1668 = EDGE_CURVE ( 'NONE', #2167, #2301, #2752, .T. ) ;
#1669 = EDGE_CURVE ( 'NONE', #274, #221, #2974, .T. ) ;
#1670 = EDGE_LOOP ( 'NONE', ( #1632, #2850, #1179, #2926 ) ) ;
#1671 = VERTEX_POINT ( 'NONE', #2195 ) ;
#1672 = CARTESIAN_POINT ( 'NONE',  ( 0.9999999999999991118, 5.205551275463989214, 1.500000000000000000 ) ) ;
#1673 = CARTESIAN_POINT ( 'NONE',  ( 0.7250000000000001998, 0.2000000000000000111, 0.2500000000000004441 ) ) ;
#1674 = DIRECTION ( 'NONE',  ( -0.000000000000000000, -1.000000000000000000, 0.000000000000000000 ) ) ;
#1675 = CARTESIAN_POINT ( 'NONE',  ( 0.2799999999999998601, 0.000000000000000000, 1.024999999999997691 ) ) ;
#1676 = FILL_AREA_STYLE ('',( #1109 ) ) ;
#1677 = VERTEX_POINT ( 'NONE', #19 ) ;
#1678 = EDGE_CURVE ( 'NONE', #1005, #1176, #1393, .T. ) ;
#1679 = CARTESIAN_POINT ( 'NONE',  ( 0.7250000000000006439, 0.2000000000000000111, 0.8750000000000003331 ) ) ;
#1680 = CARTESIAN_POINT ( 'NONE',  ( -0.6400000000000003464, 0.7500000000000000000, -0.1999999999999996503 ) ) ;
#1681 = PLANE ( 'NONE',  #233 ) ;
#1682 = DIRECTION ( 'NONE',  ( 0.000000000000000000, 1.000000000000000000, 0.000000000000000000 ) ) ;
#1683 = AXIS2_PLACEMENT_3D ( 'NONE', #1662, #1, #1110 ) ;
#1684 = VECTOR ( 'NONE', #1270, 1000.000000000000000 ) ;
#1685 = CARTESIAN_POINT ( 'NONE',  ( 0.2799999999999998601, 2.421733557382613533, 1.074999999999997513 ) ) ;
#1686 = ORIENTED_EDGE ( 'NONE', *, *, #1275, .F. ) ;
#1687 = VECTOR ( 'NONE', #820, 1000.000000000000000 ) ;
#1688 = EDGE_CURVE ( 'NONE', #1170, #2160, #1338, .T. ) ;
#1689 = ORIENTED_EDGE ( 'NONE', *, *, #2368, .T. ) ;
#1690 = PLANE ( 'NONE',  #2679 ) ;
#1691 = VECTOR ( 'NONE', #1358, 1000.000000000000000 ) ;
#1692 = LINE ( 'NONE', #640, #1534 ) ;
#1693 = EDGE_CURVE ( 'NONE', #932, #358, #543, .T. ) ;
#1694 = CARTESIAN_POINT ( 'NONE',  ( 0.7250000000000001998, 0.2000000000000000111, -0.8749999999999992228 ) ) ;
#1695 = VECTOR ( 'NONE', #2739, 1000.000000000000000 ) ;
#1696 = VECTOR ( 'NONE', #3082, 1000.000000000000000 ) ;
#1697 = VECTOR ( 'NONE', #166, 1000.000000000000000 ) ;
#1698 = LINE ( 'NONE', #74, #289 ) ;
#1699 = PLANE ( 'NONE',  #2784 ) ;
#1700 = EDGE_CURVE ( 'NONE', #9, #3148, #2703, .T. ) ;
#1701 = AXIS2_PLACEMENT_3D ( 'NONE', #1579, #723, #2126 ) ;
#1702 = VECTOR ( 'NONE', #2604, 1000.000000000000000 ) ;
#1703 = LINE ( 'NONE', #369, #20 ) ;
#1704 = DIRECTION ( 'NONE',  ( -1.000000000000000000, 0.000000000000000000, 7.744301232039313723E-16 ) ) ;
#1705 = ORIENTED_EDGE ( 'NONE', *, *, #2247, .F. ) ;
#1706 = EDGE_CURVE ( 'NONE', #1165, #2078, #527, .T. ) ;
#1707 = ORIENTED_EDGE ( 'NONE', *, *, #1524, .F. ) ;
#1708 = DIRECTION ( 'NONE',  ( 0.000000000000000000, 0.000000000000000000, 1.000000000000000000 ) ) ;
#1709 = DIRECTION ( 'NONE',  ( 1.000000000000000000, 0.000000000000000000, -0.000000000000000000 ) ) ;
#1710 = SURFACE_STYLE_FILL_AREA ( #1676 ) ;
#1711 = LINE ( 'NONE', #1727, #1458 ) ;
#1712 = DIRECTION ( 'NONE',  ( -0.000000000000000000, -1.000000000000000000, 0.000000000000000000 ) ) ;
#1713 = ADVANCED_FACE ( 'NONE', ( #1895 ), #558, .T. ) ;
#1714 = ADVANCED_FACE ( 'NONE', ( #1622 ), #2719, .F. ) ;
#1715 = EDGE_LOOP ( 'NONE', ( #418, #2877, #1055, #2617 ) ) ;
#1716 = CARTESIAN_POINT ( 'NONE',  ( 0.000000000000000000, 0.7500000000000000000, 0.000000000000000000 ) ) ;
#1717 = ORIENTED_EDGE ( 'NONE', *, *, #3326, .T. ) ;
#1718 = ORIENTED_EDGE ( 'NONE', *, *, #1175, .T. ) ;
#1719 = ORIENTED_EDGE ( 'NONE', *, *, #1970, .F. ) ;
#1720 = DIRECTION ( 'NONE',  ( 0.000000000000000000, 0.000000000000000000, -1.000000000000000000 ) ) ;
#1721 = DIRECTION ( 'NONE',  ( -0.000000000000000000, 1.000000000000000000, -0.000000000000000000 ) ) ;
#1722 = CARTESIAN_POINT ( 'NONE',  ( -0.7250000000000008660, 0.2000000000000000111, 0.7500000000000011102 ) ) ;
#1723 = EDGE_CURVE ( 'NONE', #1656, #1005, #800, .T. ) ;
#1724 = ORIENTED_EDGE ( 'NONE', *, *, #982, .F. ) ;
#1725 = LINE ( 'NONE', #597, #1755 ) ;
#1726 = ORIENTED_EDGE ( 'NONE', *, *, #2950, .F. ) ;
#1727 = CARTESIAN_POINT ( 'NONE',  ( 0.7250000000000006439, 0.6716990566028296916, 0.8750000000000003331 ) ) ;
#1728 = DIRECTION ( 'NONE',  ( -0.000000000000000000, -1.000000000000000000, -0.000000000000000000 ) ) ;
#1729 = ORIENTED_EDGE ( 'NONE', *, *, #2295, .T. ) ;
#1730 = VERTEX_POINT ( 'NONE', #2207 ) ;
#1731 = ADVANCED_FACE ( 'NONE', ( #844 ), #2226, .T. ) ;
#1732 = EDGE_CURVE ( 'NONE', #1995, #494, #3248, .T. ) ;
#1733 = VECTOR ( 'NONE', #2181, 1000.000000000000000 ) ;
#1734 = PLANE ( 'NONE',  #182 ) ;
#1735 = ORIENTED_EDGE ( 'NONE', *, *, #2487, .T. ) ;
#1736 = VERTEX_POINT ( 'NONE', #1675 ) ;
#1737 = ORIENTED_EDGE ( 'NONE', *, *, #1827, .T. ) ;
#1738 = FACE_OUTER_BOUND ( 'NONE', #894, .T. ) ;
#1739 = EDGE_LOOP ( 'NONE', ( #2696, #1707, #2715, #1836 ) ) ;
#1740 = DIRECTION ( 'NONE',  ( 0.000000000000000000, -1.000000000000000000, 0.000000000000000000 ) ) ;
#1741 = VECTOR ( 'NONE', #25, 1000.000000000000000 ) ;
#1742 =( LENGTH_UNIT ( ) NAMED_UNIT ( * ) SI_UNIT ( .MILLI., .METRE. ) );
#1743 = ORIENTED_EDGE ( 'NONE', *, *, #1618, .T. ) ;
#1744 = EDGE_LOOP ( 'NONE', ( #3305, #848, #2076, #2216 ) ) ;
#1745 = VECTOR ( 'NONE', #3275, 1000.000000000000000 ) ;
#1746 = FILL_AREA_STYLE ('',( #2286 ) ) ;
#1747 = CARTESIAN_POINT ( 'NONE',  ( -0.5650000000000027223, 0.2000000000000000111, -0.5900000000000003020 ) ) ;
#1748 = MECHANICAL_DESIGN_GEOMETRIC_PRESENTATION_REPRESENTATION (  '', ( #2543 ), #1017 ) ;
#1749 = DIRECTION ( 'NONE',  ( 7.885106708985515658E-16, 0.000000000000000000, -1.000000000000000000 ) ) ;
#1750 = LINE ( 'NONE', #942, #2959 ) ;
#1751 = ORIENTED_EDGE ( 'NONE', *, *, #2295, .F. ) ;
#1752 = VERTEX_POINT ( 'NONE', #2769 ) ;
#1753 = VECTOR ( 'NONE', #662, 1000.000000000000000 ) ;
#1754 = SURFACE_STYLE_FILL_AREA ( #1494 ) ;
#1755 = VECTOR ( 'NONE', #2520, 1000.000000000000000 ) ;
#1756 = DIRECTION ( 'NONE',  ( 0.000000000000000000, -0.000000000000000000, -1.000000000000000000 ) ) ;
#1757 = VECTOR ( 'NONE', #920, 1000.000000000000000 ) ;
#1758 = EDGE_CURVE ( 'NONE', #807, #2730, #1945, .T. ) ;
#1759 = VECTOR ( 'NONE', #671, 1000.000000000000000 ) ;
#1760 = ORIENTED_EDGE ( 'NONE', *, *, #1502, .F. ) ;
#1761 = LINE ( 'NONE', #2055, #3079 ) ;
#1762 = ORIENTED_EDGE ( 'NONE', *, *, #987, .T. ) ;
#1763 = DIRECTION ( 'NONE',  ( 0.000000000000000000, 0.000000000000000000, -1.000000000000000000 ) ) ;
#1764 = CARTESIAN_POINT ( 'NONE',  ( 0.9999999999999995559, 5.205551275463989214, -1.499999999999999556 ) ) ;
#1765 = VECTOR ( 'NONE', #2574, 1000.000000000000000 ) ;
#1766 = DIRECTION ( 'NONE',  ( 7.885106708985495936E-16, -0.000000000000000000, 1.000000000000000000 ) ) ;
#1767 = DIRECTION ( 'NONE',  ( 2.017120320903264195E-16, 0.000000000000000000, -1.000000000000000000 ) ) ;
#1768 = CYLINDRICAL_SURFACE ( 'NONE', #189, 0.1249999999999997918 ) ;
#1769 = CARTESIAN_POINT ( 'NONE',  ( 0.7250000000000001998, 0.1999999999999999833, -0.8749999999999992228 ) ) ;
#1770 = VERTEX_POINT ( 'NONE', #3488 ) ;
#1771 = DIRECTION ( 'NONE',  ( 1.000000000000000000, -0.000000000000000000, 0.000000000000000000 ) ) ;
#1772 = FILL_AREA_STYLE_COLOUR ( '', #2442 ) ;
#1773 = ADVANCED_FACE ( 'NONE', ( #1787 ), #201, .F. ) ;
#1774 = LINE ( 'NONE', #2873, #2948 ) ;
#1775 = ORIENTED_EDGE ( 'NONE', *, *, #2353, .F. ) ;
#1776 = LINE ( 'NONE', #439, #1361 ) ;
#1777 = EDGE_LOOP ( 'NONE', ( #3170, #882, #422, #1160 ) ) ;
#1778 = EDGE_CURVE ( 'NONE', #3091, #1527, #508, .T. ) ;
#1779 = CARTESIAN_POINT ( 'NONE',  ( -0.2300000000000002875, 2.421733557382613533, 1.074999999999997957 ) ) ;
#1780 = EDGE_CURVE ( 'NONE', #2846, #13, #2789, .T. ) ;
#1781 = ORIENTED_EDGE ( 'NONE', *, *, #2460, .F. ) ;
#1782 = CARTESIAN_POINT ( 'NONE',  ( -1.000000000000000444, 0.000000000000000000, -0.8749999999999984457 ) ) ;
#1783 = PLANE ( 'NONE',  #794 ) ;
#1784 = DIRECTION ( 'NONE',  ( -0.000000000000000000, 1.000000000000000000, -0.000000000000000000 ) ) ;
#1785 = CARTESIAN_POINT ( 'NONE',  ( -0.7250000000000008660, 0.2000000000000000111, 0.6250000000000014433 ) ) ;
#1786 = VERTEX_POINT ( 'NONE', #3190 ) ;
#1787 = FACE_OUTER_BOUND ( 'NONE', #209, .T. ) ;
#1788 = DIRECTION ( 'NONE',  ( -1.000000000000000000, 0.000000000000000000, 1.577021341797103132E-15 ) ) ;
#1789 = DIRECTION ( 'NONE',  ( -1.577021341797103132E-15, 0.000000000000000000, -1.000000000000000000 ) ) ;
#1790 = VERTEX_POINT ( 'NONE', #1508 ) ;
#1791 = CARTESIAN_POINT ( 'NONE',  ( -0.7250000000000008660, 0.2000000000000000111, 0.2500000000000011102 ) ) ;
#1792 = ORIENTED_EDGE ( 'NONE', *, *, #3103, .F. ) ;
#1793 = EDGE_CURVE ( 'NONE', #173, #2565, #1807, .T. ) ;
#1794 = CARTESIAN_POINT ( 'NONE',  ( 0.7250000000000001998, 0.6716990566028296916, -0.3749999999999993339 ) ) ;
#1795 = ORIENTED_EDGE ( 'NONE', *, *, #2348, .F. ) ;
#1796 = DIRECTION ( 'NONE',  ( -1.734723475976808278E-15, 0.000000000000000000, -1.000000000000000000 ) ) ;
#1797 = ADVANCED_FACE ( 'NONE', ( #2333 ), #3171, .T. ) ;
#1798 = AXIS2_PLACEMENT_3D ( 'NONE', #2938, #1016, #1314 ) ;
#1799 = CARTESIAN_POINT ( 'NONE',  ( 0.2299999999999998990, 0.05000000000000000278, 1.074999999999997513 ) ) ;
#1800 = LINE ( 'NONE', #2898, #1401 ) ;
#1801 = CARTESIAN_POINT ( 'NONE',  ( 0.7250000000000001998, 0.000000000000000000, 0.6250000000000006661 ) ) ;
#1802 = CIRCLE ( 'NONE', #2104, 0.1249999999999997918 ) ;
#1803 = ORIENTED_EDGE ( 'NONE', *, *, #316, .T. ) ;
#1804 = ORIENTED_EDGE ( 'NONE', *, *, #1778, .T. ) ;
#1805 = COLOUR_RGB ( '',0.7921568627450980005, 0.8196078431372548767, 0.9333333333333333481 ) ;
#1806 = CIRCLE ( 'NONE', #130, 0.1249999999999997918 ) ;
#1807 = LINE ( 'NONE', #3446, #138 ) ;
#1808 = DIRECTION ( 'NONE',  ( 0.000000000000000000, -1.000000000000000000, 0.000000000000000000 ) ) ;
#1809 = EDGE_CURVE ( 'NONE', #2730, #2985, #3411, .T. ) ;
#1810 = AXIS2_PLACEMENT_3D ( 'NONE', #2, #2488, #267 ) ;
#1811 = PLANE ( 'NONE',  #125 ) ;
#1812 = MECHANICAL_DESIGN_GEOMETRIC_PRESENTATION_REPRESENTATION (  '', ( #3016 ), #858 ) ;
#1813 = ORIENTED_EDGE ( 'NONE', *, *, #2523, .F. ) ;
#1814 = STYLED_ITEM ( 'NONE', ( #2121 ), #2086 ) ;
#1815 = LINE ( 'NONE', #2913, #2276 ) ;
#1816 = ORIENTED_EDGE ( 'NONE', *, *, #1385, .F. ) ;
#1817 = CARTESIAN_POINT ( 'NONE',  ( 0.7250000000000001998, 0.000000000000000000, -0.3749999999999993339 ) ) ;
#1818 = VECTOR ( 'NONE', #1849, 1000.000000000000000 ) ;
#1819 = EDGE_CURVE ( 'NONE', #1018, #2698, #2671, .T. ) ;
#1820 = VERTEX_POINT ( 'NONE', #2068 ) ;
#1821 = CARTESIAN_POINT ( 'NONE',  ( -1.000000000000000000, 0.1999999999999999833, 0.3750000000000014433 ) ) ;
#1822 = CARTESIAN_POINT ( 'NONE',  ( -0.07999999999999912736, 0.2000000000000000944, -1.075000000000002176 ) ) ;
#1823 = DIRECTION ( 'NONE',  ( -0.000000000000000000, -1.000000000000000000, -0.000000000000000000 ) ) ;
#1824 = DIRECTION ( 'NONE',  ( 7.885106708985497909E-16, 0.000000000000000000, 1.000000000000000000 ) ) ;
#1825 = ORIENTED_EDGE ( 'NONE', *, *, #3169, .T. ) ;
#1826 = CARTESIAN_POINT ( 'NONE',  ( -0.7250000000000008660, 0.2000000000000000111, -0.2499999999999989175 ) ) ;
#1827 = EDGE_CURVE ( 'NONE', #2875, #2864, #2385, .T. ) ;
#1828 = LINE ( 'NONE', #1858, #908 ) ;
#1829 = EDGE_CURVE ( 'NONE', #2643, #6, #1256, .T. ) ;
#1830 = CARTESIAN_POINT ( 'NONE',  ( 0.9999999999999995559, 0.05000000000000000278, -1.499999999999999556 ) ) ;
#1831 = ORIENTED_EDGE ( 'NONE', *, *, #1819, .F. ) ;
#1832 = EDGE_CURVE ( 'NONE', #64, #1592, #1302, .T. ) ;
#1833 = DIRECTION ( 'NONE',  ( 0.000000000000000000, -1.000000000000000000, 0.000000000000000000 ) ) ;
#1834 = ORIENTED_EDGE ( 'NONE', *, *, #3034, .T. ) ;
#1835 = CARTESIAN_POINT ( 'NONE',  ( -0.6400000000000003464, 0.8000000000000000444, -0.1999999999999996503 ) ) ;
#1836 = ORIENTED_EDGE ( 'NONE', *, *, #962, .T. ) ;
#1837 = LINE ( 'NONE', #1319, #805 ) ;
#1838 = LINE ( 'NONE', #2415, #3124 ) ;
#1839 = CARTESIAN_POINT ( 'NONE',  ( -0.7250000000000008660, 0.1999999999999999833, 0.6250000000000014433 ) ) ;
#1840 = CARTESIAN_POINT ( 'NONE',  ( -1.000000000000000000, 0.1999999999999999833, 0.8750000000000014433 ) ) ;
#1841 = ORIENTED_EDGE ( 'NONE', *, *, #2620, .F. ) ;
#1842 = DIRECTION ( 'NONE',  ( 0.000000000000000000, 0.000000000000000000, 1.000000000000000000 ) ) ;
#1843 = CARTESIAN_POINT ( 'NONE',  ( 0.9999999999999995559, 0.2000000000000000111, 0.3750000000000005551 ) ) ;
#1844 = ADVANCED_FACE ( 'NONE', ( #450 ), #3428, .T. ) ;
#1845 = CARTESIAN_POINT ( 'NONE',  ( -0.7250000000000010880, 0.1999999999999999833, 0.8750000000000008882 ) ) ;
#1846 = EDGE_CURVE ( 'NONE', #120, #704, #2936, .T. ) ;
#1847 = ORIENTED_EDGE ( 'NONE', *, *, #2537, .T. ) ;
#1848 = ORIENTED_EDGE ( 'NONE', *, *, #2313, .F. ) ;
#1849 = DIRECTION ( 'NONE',  ( 0.7071067811865486830, -0.000000000000000000, -0.7071067811865464625 ) ) ;
#1850 = VERTEX_POINT ( 'NONE', #2619 ) ;
#1851 = CARTESIAN_POINT ( 'NONE',  ( 0.9999999999999995559, 0.8000000000000003775, -1.499999999999999556 ) ) ;
#1852 = CARTESIAN_POINT ( 'NONE',  ( -0.7250000000000008660, 0.04999999999999999584, 0.2500000000000011102 ) ) ;
#1853 = DIRECTION ( 'NONE',  ( -0.000000000000000000, -1.000000000000000000, -0.000000000000000000 ) ) ;
#1854 = CARTESIAN_POINT ( 'NONE',  ( 0.000000000000000000, 0.000000000000000000, 0.000000000000000000 ) ) ;
#1855 = VERTEX_POINT ( 'NONE', #2906 ) ;
#1856 = CARTESIAN_POINT ( 'NONE',  ( -0.7250000000000010880, 0.2000000000000000111, 0.8750000000000008882 ) ) ;
#1857 = VECTOR ( 'NONE', #252, 1000.000000000000000 ) ;
#1858 = CARTESIAN_POINT ( 'NONE',  ( 0.7250000000000006439, 0.000000000000000000, -0.6249999999999996669 ) ) ;
#1859 = CLOSED_SHELL ( 'NONE', ( #2176, #1277, #3380, #2214, #1893, #1888 ) ) ;
#1860 = ADVANCED_FACE ( 'NONE', ( #705 ), #473, .F. ) ;
#1861 = AXIS2_PLACEMENT_3D ( 'NONE', #3379, #3109, #208 ) ;
#1862 = DIRECTION ( 'NONE',  ( 1.000000000000000000, 0.000000000000000000, 0.000000000000000000 ) ) ;
#1863 = AXIS2_PLACEMENT_3D ( 'NONE', #1432, #1172, #921 ) ;
#1864 = COLOUR_RGB ( '',0.7921568627450980005, 0.8196078431372548767, 0.9333333333333333481 ) ;
#1865 = AXIS2_PLACEMENT_3D ( 'NONE', #1673, #2502, #3053 ) ;
#1866 = UNCERTAINTY_MEASURE_WITH_UNIT (LENGTH_MEASURE( 1.000000000000000082E-05 ), #952, 'distance_accuracy_value', 'NONE');
#1867 = EDGE_LOOP ( 'NONE', ( #1743, #3089, #3300, #1325 ) ) ;
#1868 = ORIENTED_EDGE ( 'NONE', *, *, #1212, .F. ) ;
#1869 = CARTESIAN_POINT ( 'NONE',  ( 0.7250000000000001998, 0.000000000000000000, 0.7500000000000004441 ) ) ;
#1870 = ORIENTED_EDGE ( 'NONE', *, *, #3484, .F. ) ;
#1871 = VECTOR ( 'NONE', #3058, 1000.000000000000000 ) ;
#1872 = EDGE_CURVE ( 'NONE', #3497, #933, #2271, .T. ) ;
#1873 = AXIS2_PLACEMENT_3D ( 'NONE', #1548, #1564, #1033 ) ;
#1874 = ORIENTED_EDGE ( 'NONE', *, *, #2023, .T. ) ;
#1875 = PLANE ( 'NONE',  #251 ) ;
#1876 = MECHANICAL_DESIGN_GEOMETRIC_PRESENTATION_REPRESENTATION (  '', ( #1814 ), #1424 ) ;
#1877 = CARTESIAN_POINT ( 'NONE',  ( -0.7250000000000008660, 0.2000000000000000111, 0.1250000000000014155 ) ) ;
#1878 = CARTESIAN_POINT ( 'NONE',  ( 0.9999999999999995559, 0.6716990566028296916, 0.3750000000000005551 ) ) ;
#1879 =( NAMED_UNIT ( * ) PLANE_ANGLE_UNIT ( ) SI_UNIT ( $, .RADIAN. ) );
#1880 = CARTESIAN_POINT ( 'NONE',  ( 0.9999999999999995559, 0.2000000000000000111, 0.3750000000000005551 ) ) ;
#1881 = CARTESIAN_POINT ( 'NONE',  ( -0.7250000000000008660, 0.2000000000000000111, -0.7499999999999988898 ) ) ;
#1882 = CARTESIAN_POINT ( 'NONE',  ( -1.000000000000000000, 0.2000000000000000111, -0.6249999999999985567 ) ) ;
#1883 = EDGE_CURVE ( 'NONE', #2424, #1820, #215, .T. ) ;
#1884 = ORIENTED_EDGE ( 'NONE', *, *, #3326, .F. ) ;
#1885 = ORIENTED_EDGE ( 'NONE', *, *, #474, .T. ) ;
#1886 = DIRECTION ( 'NONE',  ( -0.000000000000000000, 1.000000000000000000, -0.000000000000000000 ) ) ;
#1887 = DIRECTION ( 'NONE',  ( 0.000000000000000000, 0.000000000000000000, 1.000000000000000000 ) ) ;
#1888 = ADVANCED_FACE ( 'NONE', ( #1289 ), #3206, .T. ) ;
#1889 = EDGE_LOOP ( 'NONE', ( #564, #489, #3105, #654 ) ) ;
#1890 = DIRECTION ( 'NONE',  ( 1.000000000000000000, 0.000000000000000000, -0.000000000000000000 ) ) ;
#1891 = PLANE ( 'NONE',  #2115 ) ;
#1892 = CARTESIAN_POINT ( 'NONE',  ( -1.000000000000000000, 0.6716990566028296916, -0.6249999999999985567 ) ) ;
#1893 = ADVANCED_FACE ( 'NONE', ( #847 ), #904, .T. ) ;
#1894 = DIRECTION ( 'NONE',  ( 0.000000000000000000, 1.000000000000000000, 0.000000000000000000 ) ) ;
#1895 = FACE_OUTER_BOUND ( 'NONE', #2649, .T. ) ;
#1896 = ORIENTED_EDGE ( 'NONE', *, *, #3274, .F. ) ;
#1897 = DIRECTION ( 'NONE',  ( 7.885106708985515658E-16, 0.000000000000000000, -1.000000000000000000 ) ) ;
#1898 = FACE_OUTER_BOUND ( 'NONE', #332, .T. ) ;
#1899 = CARTESIAN_POINT ( 'NONE',  ( -0.5775000000000002354, 0.05000000000000000278, -0.5775000000000046763 ) ) ;
#1900 = ORIENTED_EDGE ( 'NONE', *, *, #1202, .F. ) ;
#1901 = DIRECTION ( 'NONE',  ( -1.000000000000000000, 0.000000000000000000, -7.885106708985515658E-16 ) ) ;
#1902 = VERTEX_POINT ( 'NONE', #2770 ) ;
#1903 = EDGE_LOOP ( 'NONE', ( #437, #3205, #644, #1214 ) ) ;
#1904 = FACE_OUTER_BOUND ( 'NONE', #2605, .T. ) ;
#1905 =( LENGTH_UNIT ( ) NAMED_UNIT ( * ) SI_UNIT ( .MILLI., .METRE. ) );
#1906 = PLANE ( 'NONE',  #184 ) ;
#1907 = CARTESIAN_POINT ( 'NONE',  ( 0.7250000000000001998, 0.000000000000000000, -0.3749999999999992228 ) ) ;
#1908 = SURFACE_STYLE_FILL_AREA ( #313 ) ;
#1909 = DIRECTION ( 'NONE',  ( 1.000000000000000000, -0.000000000000000000, -7.885106708985497909E-16 ) ) ;
#1910 = DIRECTION ( 'NONE',  ( 1.445602896647339163E-16, 0.000000000000000000, 1.000000000000000000 ) ) ;
#1911 = CARTESIAN_POINT ( 'NONE',  ( -0.6400000000000003464, 0.7500000000000000000, -1.199999999999999734 ) ) ;
#1912 = VECTOR ( 'NONE', #1064, 1000.000000000000000 ) ;
#1913 = ADVANCED_FACE ( 'NONE', ( #365 ), #871, .F. ) ;
#1914 = VECTOR ( 'NONE', #2194, 1000.000000000000000 ) ;
#1915 = EDGE_LOOP ( 'NONE', ( #2969, #2035, #459, #3138 ) ) ;
#1916 = LINE ( 'NONE', #113, #1580 ) ;
#1917 = ORIENTED_EDGE ( 'NONE', *, *, #1194, .F. ) ;
#1918 = VECTOR ( 'NONE', #2064, 1000.000000000000000 ) ;
#1919 = AXIS2_PLACEMENT_3D ( 'NONE', #111, #3119, #2257 ) ;
#1920 = EDGE_LOOP ( 'NONE', ( #1965, #819, #2209, #1206 ) ) ;
#1921 = VECTOR ( 'NONE', #2159, 1000.000000000000000 ) ;
#1922 = CARTESIAN_POINT ( 'NONE',  ( -0.7600000000000003419, -0.2571742649611338805, -0.1999999999999996503 ) ) ;
#1923 = CARTESIAN_POINT ( 'NONE',  ( 0.7250000000000001998, 0.1999999999999999833, 0.1250000000000006661 ) ) ;
#1924 = LINE ( 'NONE', #2741, #1745 ) ;
#1925 = EDGE_CURVE ( 'NONE', #318, #2136, #2485, .T. ) ;
#1926 = VECTOR ( 'NONE', #1853, 1000.000000000000000 ) ;
#1927 = DIRECTION ( 'NONE',  ( 1.734723475976808278E-15, -0.000000000000000000, 1.000000000000000000 ) ) ;
#1928 =( LENGTH_UNIT ( ) NAMED_UNIT ( * ) SI_UNIT ( .MILLI., .METRE. ) );
#1929 = ORIENTED_EDGE ( 'NONE', *, *, #3142, .T. ) ;
#1930 = DIRECTION ( 'NONE',  ( 1.000000000000000000, 0.000000000000000000, 7.885106708985515658E-16 ) ) ;
#1931 = PLANE ( 'NONE',  #1640 ) ;
#1932 = VECTOR ( 'NONE', #3476, 1000.000000000000000 ) ;
#1933 = DIRECTION ( 'NONE',  ( 0.000000000000000000, -0.000000000000000000, -1.000000000000000000 ) ) ;
#1934 = EDGE_CURVE ( 'NONE', #1018, #1563, #1725, .T. ) ;
#1935 = EDGE_CURVE ( 'NONE', #1492, #1176, #3290, .T. ) ;
#1936 = VERTEX_POINT ( 'NONE', #2532 ) ;
#1937 = FACE_OUTER_BOUND ( 'NONE', #1967, .T. ) ;
#1938 = VERTEX_POINT ( 'NONE', #392 ) ;
#1939 = EDGE_CURVE ( 'NONE', #932, #1368, #3189, .T. ) ;
#1940 = EDGE_LOOP ( 'NONE', ( #681, #419, #3313, #1330 ) ) ;
#1941 = CARTESIAN_POINT ( 'NONE',  ( 0.7250000000000006439, 0.1999999999999999833, 0.8750000000000003331 ) ) ;
#1942 = CARTESIAN_POINT ( 'NONE',  ( -1.000000000000000000, 0.1999999999999999833, 0.3750000000000014433 ) ) ;
#1943 = ORIENTED_EDGE ( 'NONE', *, *, #3413, .T. ) ;
#1944 = DIRECTION ( 'NONE',  ( -0.000000000000000000, 0.000000000000000000, 1.000000000000000000 ) ) ;
#1945 = LINE ( 'NONE', #2505, #2170 ) ;
#1946 = DIRECTION ( 'NONE',  ( 0.000000000000000000, -0.000000000000000000, 1.000000000000000000 ) ) ;
#1947 = ORIENTED_EDGE ( 'NONE', *, *, #2790, .T. ) ;
#1948 = EDGE_CURVE ( 'NONE', #1936, #2172, #1436, .T. ) ;
#1949 = DIRECTION ( 'NONE',  ( -1.000000000000000000, 0.000000000000000000, 1.577021341797103132E-15 ) ) ;
#1950 = CARTESIAN_POINT ( 'NONE',  ( -0.7600000000000003419, 0.7500000000000000000, -1.199999999999999734 ) ) ;
#1951 = EDGE_CURVE ( 'NONE', #3418, #704, #3312, .T. ) ;
#1952 = FACE_OUTER_BOUND ( 'NONE', #1715, .T. ) ;
#1953 = SURFACE_STYLE_USAGE ( .BOTH. , #2234 ) ;
#1954 = EDGE_CURVE ( 'NONE', #2533, #2160, #2336, .T. ) ;
#1955 = VERTEX_POINT ( 'NONE', #2552 ) ;
#1956 = DIRECTION ( 'NONE',  ( 0.000000000000000000, 1.000000000000000000, 0.000000000000000000 ) ) ;
#1957 = ORIENTED_EDGE ( 'NONE', *, *, #1872, .T. ) ;
#1958 = ORIENTED_EDGE ( 'NONE', *, *, #2245, .T. ) ;
#1959 = DIRECTION ( 'NONE',  ( -0.000000000000000000, -1.000000000000000000, -0.000000000000000000 ) ) ;
#1960 = ADVANCED_FACE ( 'NONE', ( #3354 ), #2791, .F. ) ;
#1961 = DIRECTION ( 'NONE',  ( 0.000000000000000000, 0.000000000000000000, -1.000000000000000000 ) ) ;
#1962 = CARTESIAN_POINT ( 'NONE',  ( -0.7600000000000003419, 0.7500000000000000000, -0.1999999999999996503 ) ) ;
#1963 = DIRECTION ( 'NONE',  ( -1.000000000000000000, 0.000000000000000000, -7.885106708985515658E-16 ) ) ;
#1964 = LINE ( 'NONE', #2535, #1753 ) ;
#1965 = ORIENTED_EDGE ( 'NONE', *, *, #943, .F. ) ;
#1966 = VECTOR ( 'NONE', #3015, 1000.000000000000000 ) ;
#1967 = EDGE_LOOP ( 'NONE', ( #1507, #3060, #1813, #150 ) ) ;
#1968 =( NAMED_UNIT ( * ) SI_UNIT ( $, .STERADIAN. ) SOLID_ANGLE_UNIT ( ) );
#1969 = AXIS2_PLACEMENT_3D ( 'NONE', #3263, #1897, #2157 ) ;
#1970 = EDGE_CURVE ( 'NONE', #2588, #1955, #635, .T. ) ;
#1971 = VECTOR ( 'NONE', #2145, 1000.000000000000000 ) ;
#1972 = CARTESIAN_POINT ( 'NONE',  ( -0.2300000000000002875, 0.05000000000000000278, 1.074999999999997957 ) ) ;
#1973 = VECTOR ( 'NONE', #3366, 1000.000000000000000 ) ;
#1974 = ORIENTED_EDGE ( 'NONE', *, *, #3049, .T. ) ;
#1975 = ORIENTED_EDGE ( 'NONE', *, *, #341, .F. ) ;
#1976 = DIRECTION ( 'NONE',  ( 0.000000000000000000, 0.000000000000000000, 1.000000000000000000 ) ) ;
#1977 = AXIS2_PLACEMENT_3D ( 'NONE', #810, #1682, #1887 ) ;
#1978 = CARTESIAN_POINT ( 'NONE',  ( 0.9999999999999995559, 0.1999999999999999833, 0.8750000000000005551 ) ) ;
#1979 = ORIENTED_EDGE ( 'NONE', *, *, #1723, .F. ) ;
#1980 = EDGE_CURVE ( 'NONE', #3254, #731, #1161, .T. ) ;
#1981 = CARTESIAN_POINT ( 'NONE',  ( 0.2300000000000003153, 0.2000000000000000944, -1.025000000000002798 ) ) ;
#1982 = CIRCLE ( 'NONE', #2444, 0.04999999999999991257 ) ;
#1983 = AXIS2_PLACEMENT_3D ( 'NONE', #997, #1274, #2367 ) ;
#1984 = EDGE_LOOP ( 'NONE', ( #501, #1104, #1483, #638 ) ) ;
#1985 = DIRECTION ( 'NONE',  ( 1.445602896647339410E-16, -0.000000000000000000, -1.000000000000000000 ) ) ;
#1986 = CIRCLE ( 'NONE', #746, 0.1249999999999997918 ) ;
#1987 = LINE ( 'NONE', #2650, #126 ) ;
#1988 = DIRECTION ( 'NONE',  ( 0.000000000000000000, 0.000000000000000000, -1.000000000000000000 ) ) ;
#1989 = VECTOR ( 'NONE', #1597, 1000.000000000000000 ) ;
#1990 = MANIFOLD_SOLID_BREP ( 'LPattern2[2]', #958 ) ;
#1991 = PRODUCT_DEFINITION_SHAPE ( 'NONE', 'NONE',  #1366 ) ;
#1992 = VECTOR ( 'NONE', #1304, 1000.000000000000000 ) ;
#1993 = LINE ( 'NONE', #3391, #3450 ) ;
#1994 = VERTEX_POINT ( 'NONE', #3183 ) ;
#1995 = VERTEX_POINT ( 'NONE', #2018 ) ;
#1996 = VERTEX_POINT ( 'NONE', #2097 ) ;
#1997 = FACE_OUTER_BOUND ( 'NONE', #1316, .T. ) ;
#1998 = FACE_OUTER_BOUND ( 'NONE', #2131, .T. ) ;
#1999 = FACE_OUTER_BOUND ( 'NONE', #3451, .T. ) ;
#2000 = ADVANCED_FACE ( 'NONE', ( #2343 ), #610, .F. ) ;
#2001 = ORIENTED_EDGE ( 'NONE', *, *, #1832, .F. ) ;
#2002 = DIRECTION ( 'NONE',  ( 0.000000000000000000, 1.000000000000000000, -0.000000000000000000 ) ) ;
#2003 = ADVANCED_FACE ( 'NONE', ( #1249 ), #3112, .F. ) ;
#2004 = CARTESIAN_POINT ( 'NONE',  ( -0.7250000000000010880, 0.6716990566028296916, 0.8750000000000009992 ) ) ;
#2005 = CARTESIAN_POINT ( 'NONE',  ( -0.7600000000000003419, 0.7499999999999998890, -1.199999999999999734 ) ) ;
#2006 = VERTEX_POINT ( 'NONE', #1821 ) ;
#2007 = EDGE_CURVE ( 'NONE', #287, #2424, #716, .T. ) ;
#2008 = DIRECTION ( 'NONE',  ( 0.000000000000000000, 0.000000000000000000, -1.000000000000000000 ) ) ;
#2009 = ORIENTED_EDGE ( 'NONE', *, *, #2231, .T. ) ;
#2010 = VERTEX_POINT ( 'NONE', #2880 ) ;
#2011 = EDGE_LOOP ( 'NONE', ( #2028, #186, #3042, #1459 ) ) ;
#2012 = DIRECTION ( 'NONE',  ( 0.000000000000000000, -1.000000000000000000, 0.000000000000000000 ) ) ;
#2013 = DIRECTION ( 'NONE',  ( 1.000000000000000000, -0.000000000000000000, 7.885106708985515658E-16 ) ) ;
#2014 = VERTEX_POINT ( 'NONE', #3402 ) ;
#2015 = CYLINDRICAL_SURFACE ( 'NONE', #2381, 0.05000000000000002359 ) ;
#2016 = ORIENTED_EDGE ( 'NONE', *, *, #3219, .F. ) ;
#2017 = EDGE_LOOP ( 'NONE', ( #1803, #1781, #883, #1874 ) ) ;
#2018 = CARTESIAN_POINT ( 'NONE',  ( 0.7250000000000001998, 0.1999999999999999833, -0.3749999999999993339 ) ) ;
#2019 = DIRECTION ( 'NONE',  ( 0.000000000000000000, 0.000000000000000000, 1.000000000000000000 ) ) ;
#2020 = ORIENTED_EDGE ( 'NONE', *, *, #2245, .F. ) ;
#2021 = DIRECTION ( 'NONE',  ( -0.000000000000000000, -1.000000000000000000, -0.000000000000000000 ) ) ;
#2022 = CARTESIAN_POINT ( 'NONE',  ( 0.7250000000000006439, 0.1999999999999999833, -0.6249999999999996669 ) ) ;
#2023 = EDGE_CURVE ( 'NONE', #1786, #2136, #2037, .T. ) ;
#2024 = VERTEX_POINT ( 'NONE', #3368 ) ;
#2025 = CLOSED_SHELL ( 'NONE', ( #196, #2797, #687, #2704, #2072, #2718 ) ) ;
#2026 = AXIS2_PLACEMENT_3D ( 'NONE', #1014, #2853, #3361 ) ;
#2027 = DIRECTION ( 'NONE',  ( 1.734723475976808475E-15, -0.000000000000000000, 1.000000000000000000 ) ) ;
#2028 = ORIENTED_EDGE ( 'NONE', *, *, #726, .F. ) ;
#2029 = VERTEX_POINT ( 'NONE', #3422 ) ;
#2030 = CARTESIAN_POINT ( 'NONE',  ( 0.7250000000000006439, 0.6716990566028296916, -0.6249999999999996669 ) ) ;
#2031 = ORIENTED_EDGE ( 'NONE', *, *, #3385, .F. ) ;
#2032 = LINE ( 'NONE', #3129, #1183 ) ;
#2033 = VECTOR ( 'NONE', #3083, 1000.000000000000000 ) ;
#2034 = FILL_AREA_STYLE_COLOUR ( '', #3062 ) ;
#2035 = ORIENTED_EDGE ( 'NONE', *, *, #218, .T. ) ;
#2036 = CIRCLE ( 'NONE', #348, 0.1249999999999997918 ) ;
#2037 = LINE ( 'NONE', #1488, #2338 ) ;
#2038 = CARTESIAN_POINT ( 'NONE',  ( -1.000000000000000000, 0.2000000000000000111, -0.6249999999999985567 ) ) ;
#2039 = VECTOR ( 'NONE', #2303, 1000.000000000000000 ) ;
#2040 = EDGE_CURVE ( 'NONE', #637, #2219, #1559, .T. ) ;
#2041 = CARTESIAN_POINT ( 'NONE',  ( -0.7600000000000003419, 0.7500000000000000000, -0.1999999999999996503 ) ) ;
#2042 = CIRCLE ( 'NONE', #2670, 0.1249999999999997918 ) ;
#2043 = CARTESIAN_POINT ( 'NONE',  ( 0.9999999999999995559, 0.1999999999999999833, -0.1249999999999994588 ) ) ;
#2044 = VECTOR ( 'NONE', #1740, 1000.000000000000000 ) ;
#2045 = VERTEX_POINT ( 'NONE', #2360 ) ;
#2046 = ORIENTED_EDGE ( 'NONE', *, *, #433, .T. ) ;
#2047 = VECTOR ( 'NONE', #1363, 1000.000000000000000 ) ;
#2048 = CARTESIAN_POINT ( 'NONE',  ( -0.6400000000000003464, -0.2571742649611338805, -0.1999999999999996503 ) ) ;
#2049 =( NAMED_UNIT ( * ) PLANE_ANGLE_UNIT ( ) SI_UNIT ( $, .RADIAN. ) );
#2050 = AXIS2_PLACEMENT_3D ( 'NONE', #263, #1059, #1322 ) ;
#2051 = PLANE ( 'NONE',  #2258 ) ;
#2052 = ADVANCED_FACE ( 'NONE', ( #2632 ), #466, .T. ) ;
#2053 = VECTOR ( 'NONE', #1226, 1000.000000000000000 ) ;
#2054 = VERTEX_POINT ( 'NONE', #699 ) ;
#2055 = CARTESIAN_POINT ( 'NONE',  ( 0.000000000000000000, 0.05000000000000000278, 0.1250000000000007494 ) ) ;
#2056 = ORIENTED_EDGE ( 'NONE', *, *, #2398, .F. ) ;
#2057 = CARTESIAN_POINT ( 'NONE',  ( 0.7250000000000001998, 0.2000000000000000111, -0.7499999999999995559 ) ) ;
#2058 = CARTESIAN_POINT ( 'NONE',  ( -0.7250000000000008660, 0.1999999999999999833, 0.7500000000000011102 ) ) ;
#2059 = ADVANCED_FACE ( 'NONE', ( #1198 ), #1268, .F. ) ;
#2060 = MANIFOLD_SOLID_BREP ( 'Boss-Extrude5', #1859 ) ;
#2061 = ORIENTED_EDGE ( 'NONE', *, *, #2405, .F. ) ;
#2062 = VERTEX_POINT ( 'NONE', #1782 ) ;
#2063 = DIRECTION ( 'NONE',  ( 1.000000000000000000, 0.000000000000000000, -1.734723475976808278E-15 ) ) ;
#2064 = DIRECTION ( 'NONE',  ( 1.000000000000000000, 0.000000000000000000, 7.885106708985515658E-16 ) ) ;
#2065 = LINE ( 'NONE', #2883, #2975 ) ;
#2066 = DIRECTION ( 'NONE',  ( 0.000000000000000000, 0.000000000000000000, -1.000000000000000000 ) ) ;
#2067 = ORIENTED_EDGE ( 'NONE', *, *, #3484, .T. ) ;
#2068 = CARTESIAN_POINT ( 'NONE',  ( -0.6400000000000003464, 0.8000000000000000444, -0.1999999999999996503 ) ) ;
#2069 = LINE ( 'NONE', #230, #3242 ) ;
#2070 = ADVANCED_FACE ( 'NONE', ( #444 ), #1517, .T. ) ;
#2071 = CARTESIAN_POINT ( 'NONE',  ( 0.7250000000000001998, 0.2000000000000000111, 0.2500000000000004441 ) ) ;
#2072 = ADVANCED_FACE ( 'NONE', ( #210 ), #1891, .F. ) ;
#2073 = ADVANCED_FACE ( 'NONE', ( #1904 ), #2432, .T. ) ;
#2074 = EDGE_LOOP ( 'NONE', ( #1231, #1244, #1487, #1229 ) ) ;
#2075 = DIRECTION ( 'NONE',  ( 0.000000000000000000, 1.000000000000000000, 0.000000000000000000 ) ) ;
#2076 = ORIENTED_EDGE ( 'NONE', *, *, #1706, .T. ) ;
#2077 = FACE_OUTER_BOUND ( 'NONE', #922, .T. ) ;
#2078 = VERTEX_POINT ( 'NONE', #3481 ) ;
#2079 = DIRECTION ( 'NONE',  ( 0.000000000000000000, 0.000000000000000000, -1.000000000000000000 ) ) ;
#2080 = LINE ( 'NONE', #1747, #129 ) ;
#2081 = ORIENTED_EDGE ( 'NONE', *, *, #2189, .T. ) ;
#2082 = LINE ( 'NONE', #2379, #3298 ) ;
#2083 = FACE_OUTER_BOUND ( 'NONE', #2187, .T. ) ;
#2084 = ORIENTED_EDGE ( 'NONE', *, *, #2307, .F. ) ;
#2085 = VERTEX_POINT ( 'NONE', #34 ) ;
#2086 = MANIFOLD_SOLID_BREP ( 'LPattern2[5]', #1112 ) ;
#2087 = CARTESIAN_POINT ( 'NONE',  ( 0.7250000000000006439, 0.000000000000000000, 0.8750000000000003331 ) ) ;
#2088 = CARTESIAN_POINT ( 'NONE',  ( 0.000000000000000000, 0.05000000000000000278, 0.000000000000000000 ) ) ;
#2089 = DIRECTION ( 'NONE',  ( 0.000000000000000000, -1.000000000000000000, 0.000000000000000000 ) ) ;
#2090 = EDGE_CURVE ( 'NONE', #1402, #1730, #2173, .T. ) ;
#2091 = AXIS2_PLACEMENT_3D ( 'NONE', #3495, #3216, #1890 ) ;
#2092 = PRODUCT_DEFINITION_CONTEXT ( 'detailed design', #3009, 'design' ) ;
#2093 = EDGE_LOOP ( 'NONE', ( #2479, #324, #1686, #721 ) ) ;
#2094 = LINE ( 'NONE', #728, #3022 ) ;
#2095 = DIRECTION ( 'NONE',  ( -0.000000000000000000, -1.000000000000000000, -0.000000000000000000 ) ) ;
#2096 = ORIENTED_EDGE ( 'NONE', *, *, #434, .T. ) ;
#2097 = CARTESIAN_POINT ( 'NONE',  ( 0.7250000000000001998, 0.2000000000000000111, 0.6250000000000006661 ) ) ;
#2098 = EDGE_CURVE ( 'NONE', #2309, #2437, #1837, .T. ) ;
#2099 = AXIS2_PLACEMENT_3D ( 'NONE', #1293, #232, #4 ) ;
#2100 = DIRECTION ( 'NONE',  ( -0.000000000000000000, -1.000000000000000000, -0.000000000000000000 ) ) ;
#2101 = ADVANCED_FACE ( 'NONE', ( #796 ), #2930, .F. ) ;
#2102 = DIRECTION ( 'NONE',  ( 7.885106708985515658E-16, 0.000000000000000000, -1.000000000000000000 ) ) ;
#2103 = DIRECTION ( 'NONE',  ( -0.000000000000000000, -0.000000000000000000, 1.000000000000000000 ) ) ;
#2104 = AXIS2_PLACEMENT_3D ( 'NONE', #1643, #311, #1377 ) ;
#2105 = ORIENTED_EDGE ( 'NONE', *, *, #1778, .F. ) ;
#2106 = VECTOR ( 'NONE', #1230, 1000.000000000000000 ) ;
#2107 = VECTOR ( 'NONE', #1352, 1000.000000000000000 ) ;
#2108 = DIRECTION ( 'NONE',  ( 7.885106708985515658E-16, 0.000000000000000000, -1.000000000000000000 ) ) ;
#2109 = CARTESIAN_POINT ( 'NONE',  ( -0.6400000000000003464, 0.8000000000000000444, -1.199999999999999734 ) ) ;
#2110 = AXIS2_PLACEMENT_3D ( 'NONE', #1881, #2755, #315 ) ;
#2111 = LINE ( 'NONE', #3490, #788 ) ;
#2112 = VECTOR ( 'NONE', #2687, 1000.000000000000000 ) ;
#2113 = EDGE_CURVE ( 'NONE', #3268, #318, #777, .T. ) ;
#2114 = ORIENTED_EDGE ( 'NONE', *, *, #2813, .T. ) ;
#2115 = AXIS2_PLACEMENT_3D ( 'NONE', #2984, #2683, #224 ) ;
#2116 = PLANE ( 'NONE',  #2560 ) ;
#2117 = VERTEX_POINT ( 'NONE', #2700 ) ;
#2118 =( NAMED_UNIT ( * ) SI_UNIT ( $, .STERADIAN. ) SOLID_ANGLE_UNIT ( ) );
#2119 = VECTOR ( 'NONE', #1348, 1000.000000000000000 ) ;
#2120 = EDGE_LOOP ( 'NONE', ( #3181, #49, #2185, #3327 ) ) ;
#2121 = PRESENTATION_STYLE_ASSIGNMENT (( #1573 ) ) ;
#2122 = DIRECTION ( 'NONE',  ( 0.7071067811865502373, -0.000000000000000000, -0.7071067811865449082 ) ) ;
#2123 = DIRECTION ( 'NONE',  ( -1.000000000000000000, 0.000000000000000000, -7.885106708985515658E-16 ) ) ;
#2124 = CARTESIAN_POINT ( 'NONE',  ( -0.7600000000000003419, 0.8000000000000000444, -0.1999999999999996503 ) ) ;
#2125 = EDGE_CURVE ( 'NONE', #2565, #3254, #2137, .T. ) ;
#2126 = DIRECTION ( 'NONE',  ( 0.000000000000000000, 0.000000000000000000, 1.000000000000000000 ) ) ;
#2127 = PLANE ( 'NONE',  #686 ) ;
#2128 = CARTESIAN_POINT ( 'NONE',  ( -0.7250000000000008660, 0.2000000000000000111, -0.3749999999999986122 ) ) ;
#2129 = EDGE_CURVE ( 'NONE', #1938, #2730, #3496, .T. ) ;
#2130 = UNCERTAINTY_MEASURE_WITH_UNIT (LENGTH_MEASURE( 1.000000000000000082E-05 ), #1093, 'distance_accuracy_value', 'NONE');
#2131 = EDGE_LOOP ( 'NONE', ( #1578, #3188, #2494, #3367 ) ) ;
#2132 = VERTEX_POINT ( 'NONE', #2376 ) ;
#2133 = DIRECTION ( 'NONE',  ( 0.000000000000000000, 0.000000000000000000, -1.000000000000000000 ) ) ;
#2134 = ORIENTED_EDGE ( 'NONE', *, *, #881, .F. ) ;
#2135 = SURFACE_STYLE_FILL_AREA ( #793 ) ;
#2136 = VERTEX_POINT ( 'NONE', #1056 ) ;
#2137 = LINE ( 'NONE', #1851, #2910 ) ;
#2138 = CARTESIAN_POINT ( 'NONE',  ( -0.7250000000000008660, 0.2000000000000000111, 0.1250000000000014155 ) ) ;
#2139 = PLANE ( 'NONE',  #2445 ) ;
#2140 = DIRECTION ( 'NONE',  ( 0.000000000000000000, 0.000000000000000000, 1.000000000000000000 ) ) ;
#2141 = ORIENTED_EDGE ( 'NONE', *, *, #1829, .T. ) ;
#2142 = CARTESIAN_POINT ( 'NONE',  ( 0.7250000000000001998, 0.2000000000000000111, 0.1250000000000006661 ) ) ;
#2143 = ADVANCED_FACE ( 'NONE', ( #1607 ), #1875, .T. ) ;
#2144 = DIRECTION ( 'NONE',  ( 1.000000000000000000, 0.000000000000000000, -7.744301232039315695E-16 ) ) ;
#2145 = DIRECTION ( 'NONE',  ( 0.000000000000000000, -1.000000000000000000, 0.000000000000000000 ) ) ;
#2146 = VERTEX_POINT ( 'NONE', #276 ) ;
#2147 = ORIENTED_EDGE ( 'NONE', *, *, #1258, .F. ) ;
#2148 = LINE ( 'NONE', #2927, #1932 ) ;
#2149 = ORIENTED_EDGE ( 'NONE', *, *, #3470, .F. ) ;
#2150 = SURFACE_STYLE_FILL_AREA ( #3000 ) ;
#2151 = ORIENTED_EDGE ( 'NONE', *, *, #1202, .T. ) ;
#2152 = LINE ( 'NONE', #2138, #1465 ) ;
#2153 = CARTESIAN_POINT ( 'NONE',  ( -0.6400000000000003464, 0.8000000000000000444, -1.199999999999999734 ) ) ;
#2154 =( NAMED_UNIT ( * ) PLANE_ANGLE_UNIT ( ) SI_UNIT ( $, .RADIAN. ) );
#2155 = ORIENTED_EDGE ( 'NONE', *, *, #1604, .T. ) ;
#2156 = ADVANCED_FACE ( 'NONE', ( #1334 ), #14, .T. ) ;
#2157 = DIRECTION ( 'NONE',  ( -1.000000000000000000, 0.000000000000000000, -7.885106708985515658E-16 ) ) ;
#2158 = AXIS2_PLACEMENT_3D ( 'NONE', #1480, #653, #152 ) ;
#2159 = DIRECTION ( 'NONE',  ( 0.000000000000000000, 0.000000000000000000, 1.000000000000000000 ) ) ;
#2160 = VERTEX_POINT ( 'NONE', #2191 ) ;
#2161 = VECTOR ( 'NONE', #3323, 1000.000000000000000 ) ;
#2162 = PLANE ( 'NONE',  #1798 ) ;
#2163 = VECTOR ( 'NONE', #1721, 1000.000000000000000 ) ;
#2164 = MECHANICAL_DESIGN_GEOMETRIC_PRESENTATION_REPRESENTATION (  '', ( #1584 ), #3008 ) ;
#2165 = CARTESIAN_POINT ( 'NONE',  ( -0.2800000000000003042, 0.2000000000000000944, 1.024999999999998135 ) ) ;
#2166 = EDGE_LOOP ( 'NONE', ( #1496, #577, #3474, #865 ) ) ;
#2167 = VERTEX_POINT ( 'NONE', #3020 ) ;
#2168 = DIRECTION ( 'NONE',  ( -1.000000000000000000, 0.000000000000000000, 0.000000000000000000 ) ) ;
#2169 = EDGE_CURVE ( 'NONE', #2477, #1526, #117, .T. ) ;
#2170 = VECTOR ( 'NONE', #343, 1000.000000000000000 ) ;
#2171 = ORIENTED_EDGE ( 'NONE', *, *, #2990, .T. ) ;
#2172 = VERTEX_POINT ( 'NONE', #605 ) ;
#2173 = LINE ( 'NONE', #500, #975 ) ;
#2174 = ORIENTED_EDGE ( 'NONE', *, *, #1344, .T. ) ;
#2175 = COLOUR_RGB ( '',1.000000000000000000, 1.000000000000000000, 1.000000000000000000 ) ;
#2176 = ADVANCED_FACE ( 'NONE', ( #1997 ), #2222, .T. ) ;
#2177 = DIRECTION ( 'NONE',  ( 1.734723475976810053E-15, 0.000000000000000000, 1.000000000000000000 ) ) ;
#2178 = CARTESIAN_POINT ( 'NONE',  ( 0.7250000000000001998, 0.6716990566028296916, -0.8749999999999993339 ) ) ;
#2179 = CARTESIAN_POINT ( 'NONE',  ( 0.2299999999999998990, 0.2000000000000000944, 1.074999999999997513 ) ) ;
#2180 = ORIENTED_EDGE ( 'NONE', *, *, #2129, .F. ) ;
#2181 = DIRECTION ( 'NONE',  ( -0.000000000000000000, -1.000000000000000000, -0.000000000000000000 ) ) ;
#2182 = CARTESIAN_POINT ( 'NONE',  ( -0.7250000000000010880, 0.2000000000000000111, 0.3750000000000008882 ) ) ;
#2183 = DIRECTION ( 'NONE',  ( 1.000000000000000000, -0.000000000000000000, -7.885106708985497909E-16 ) ) ;
#2184 = EDGE_CURVE ( 'NONE', #1514, #405, #697, .T. ) ;
#2185 = ORIENTED_EDGE ( 'NONE', *, *, #821, .T. ) ;
#2186 = FACE_OUTER_BOUND ( 'NONE', #1889, .T. ) ;
#2187 = EDGE_LOOP ( 'NONE', ( #2771, #322, #1303, #188 ) ) ;
#2188 = EDGE_CURVE ( 'NONE', #1074, #1482, #89, .T. ) ;
#2189 = EDGE_CURVE ( 'NONE', #2582, #807, #1028, .T. ) ;
#2190 = ORIENTED_EDGE ( 'NONE', *, *, #1136, .T. ) ;
#2191 = CARTESIAN_POINT ( 'NONE',  ( 0.7250000000000006439, 0.000000000000000000, 0.3750000000000003331 ) ) ;
#2192 = ORIENTED_EDGE ( 'NONE', *, *, #895, .T. ) ;
#2193 = DIRECTION ( 'NONE',  ( 0.000000000000000000, 0.000000000000000000, -1.000000000000000000 ) ) ;
#2194 = DIRECTION ( 'NONE',  ( -1.000000000000000000, 0.000000000000000000, 1.577021341797103132E-15 ) ) ;
#2195 = CARTESIAN_POINT ( 'NONE',  ( 0.7250000000000006439, 0.1999999999999999833, 0.8750000000000003331 ) ) ;
#2196 = APPLICATION_PROTOCOL_DEFINITION ( 'draft international standard', 'automotive_design', 1998, #3433 ) ;
#2197 = ADVANCED_FACE ( 'NONE', ( #3073 ), #1690, .F. ) ;
#2198 = CARTESIAN_POINT ( 'NONE',  ( -0.7250000000000008660, 0.6716990566028296916, -0.2499999999999989175 ) ) ;
#2199 = CARTESIAN_POINT ( 'NONE',  ( -0.7250000000000008660, 0.6716990566028296916, 0.1250000000000014155 ) ) ;
#2200 = DIRECTION ( 'NONE',  ( -1.000000000000000000, -0.000000000000000000, -0.000000000000000000 ) ) ;
#2201 = ORIENTED_EDGE ( 'NONE', *, *, #960, .T. ) ;
#2202 = LINE ( 'NONE', #319, #1687 ) ;
#2203 = ORIENTED_EDGE ( 'NONE', *, *, #3256, .F. ) ;
#2204 = DIRECTION ( 'NONE',  ( 0.000000000000000000, 1.000000000000000000, 0.000000000000000000 ) ) ;
#2205 = LINE ( 'NONE', #1320, #963 ) ;
#2206 = CARTESIAN_POINT ( 'NONE',  ( -0.7250000000000008660, 0.2000000000000000111, -0.7499999999999988898 ) ) ;
#2207 = CARTESIAN_POINT ( 'NONE',  ( 0.7250000000000001998, 0.04999999999999999584, -0.8749999999999993339 ) ) ;
#2208 = ADVANCED_FACE ( 'NONE', ( #1171 ), #2480, .T. ) ;
#2209 = ORIENTED_EDGE ( 'NONE', *, *, #1089, .T. ) ;
#2210 = CARTESIAN_POINT ( 'NONE',  ( 0.2300000000000003153, 0.000000000000000000, -1.025000000000002576 ) ) ;
#2211 = CARTESIAN_POINT ( 'NONE',  ( -1.000000000000000444, 0.05000000000000000278, -1.499999999999999556 ) ) ;
#2212 = LINE ( 'NONE', #1139, #396 ) ;
#2213 = VECTOR ( 'NONE', #3029, 1000.000000000000000 ) ;
#2214 = ADVANCED_FACE ( 'NONE', ( #620 ), #1123, .T. ) ;
#2215 = AXIS2_PLACEMENT_3D ( 'NONE', #141, #2503, #869 ) ;
#2216 = ORIENTED_EDGE ( 'NONE', *, *, #239, .T. ) ;
#2217 = CARTESIAN_POINT ( 'NONE',  ( -0.2300000000000003153, 0.05000000000000012768, 1.024999999999998135 ) ) ;
#2218 = ORIENTED_EDGE ( 'NONE', *, *, #881, .T. ) ;
#2219 = VERTEX_POINT ( 'NONE', #1657 ) ;
#2220 = ORIENTED_EDGE ( 'NONE', *, *, #2692, .T. ) ;
#2221 = VECTOR ( 'NONE', #679, 1000.000000000000000 ) ;
#2222 = PLANE ( 'NONE',  #2455 ) ;
#2223 = VERTEX_POINT ( 'NONE', #1105 ) ;
#2224 = LINE ( 'NONE', #899, #1240 ) ;
#2225 = CARTESIAN_POINT ( 'NONE',  ( -0.7250000000000010880, 0.2000000000000000111, 0.3750000000000009992 ) ) ;
#2226 = PLANE ( 'NONE',  #748 ) ;
#2227 = DIRECTION ( 'NONE',  ( 0.000000000000000000, 1.000000000000000000, 0.000000000000000000 ) ) ;
#2228 =( GEOMETRIC_REPRESENTATION_CONTEXT ( 3 ) GLOBAL_UNCERTAINTY_ASSIGNED_CONTEXT ( ( #1866 ) ) GLOBAL_UNIT_ASSIGNED_CONTEXT ( ( #952, #2589, #1501 ) ) REPRESENTATION_CONTEXT ( 'NONE', 'WORKASPACE' ) );
#2229 = DIRECTION ( 'NONE',  ( -0.000000000000000000, -1.000000000000000000, -0.000000000000000000 ) ) ;
#2230 = CARTESIAN_POINT ( 'NONE',  ( -0.7600000000000003419, 0.7499999999999998890, -0.1999999999999996503 ) ) ;
#2231 = EDGE_CURVE ( 'NONE', #2014, #880, #2764, .T. ) ;
#2232 = CARTESIAN_POINT ( 'NONE',  ( -1.000000000000000444, 0.1999999999999999833, 0.6250000000000016653 ) ) ;
#2233 = ORIENTED_EDGE ( 'NONE', *, *, #1664, .F. ) ;
#2234 = SURFACE_SIDE_STYLE ('',( #2135 ) ) ;
#2235 = EDGE_LOOP ( 'NONE', ( #2879, #167, #32, #2662 ) ) ;
#2236 = DIRECTION ( 'NONE',  ( 0.000000000000000000, 0.000000000000000000, 1.000000000000000000 ) ) ;
#2237 = ORIENTED_EDGE ( 'NONE', *, *, #240, .F. ) ;
#2238 = ORIENTED_EDGE ( 'NONE', *, *, #1450, .T. ) ;
#2239 = DIRECTION ( 'NONE',  ( -0.000000000000000000, -1.000000000000000000, -0.000000000000000000 ) ) ;
#2240 = FACE_OUTER_BOUND ( 'NONE', #2934, .T. ) ;
#2241 = CARTESIAN_POINT ( 'NONE',  ( 0.9999999999999995559, 0.2000000000000000111, 0.8750000000000005551 ) ) ;
#2242 = DIRECTION ( 'NONE',  ( 0.000000000000000000, -1.000000000000000000, 0.000000000000000000 ) ) ;
#2243 = LINE ( 'NONE', #3325, #460 ) ;
#2244 =( LENGTH_UNIT ( ) NAMED_UNIT ( * ) SI_UNIT ( .MILLI., .METRE. ) );
#2245 = EDGE_CURVE ( 'NONE', #1671, #3418, #3306, .T. ) ;
#2246 = DIRECTION ( 'NONE',  ( 0.000000000000000000, 0.000000000000000000, 1.000000000000000000 ) ) ;
#2247 = EDGE_CURVE ( 'NONE', #2565, #2045, #866, .T. ) ;
#2248 = ORIENTED_EDGE ( 'NONE', *, *, #1185, .T. ) ;
#2249 = VERTEX_POINT ( 'NONE', #3332 ) ;
#2250 = DIRECTION ( 'NONE',  ( -0.000000000000000000, -1.000000000000000000, -0.000000000000000000 ) ) ;
#2251 = DIRECTION ( 'NONE',  ( 0.000000000000000000, 0.000000000000000000, -1.000000000000000000 ) ) ;
#2252 = CARTESIAN_POINT ( 'NONE',  ( -0.7250000000000008660, 0.04999999999999999584, -0.2499999999999989175 ) ) ;
#2253 = ORIENTED_EDGE ( 'NONE', *, *, #2090, .T. ) ;
#2254 = PRESENTATION_STYLE_ASSIGNMENT (( #94 ) ) ;
#2255 = DIRECTION ( 'NONE',  ( 0.000000000000000000, 1.000000000000000000, 0.000000000000000000 ) ) ;
#2256 = DIRECTION ( 'NONE',  ( 0.000000000000000000, 0.000000000000000000, -1.000000000000000000 ) ) ;
#2257 = DIRECTION ( 'NONE',  ( 1.000000000000000000, 0.000000000000000000, 0.000000000000000000 ) ) ;
#2258 = AXIS2_PLACEMENT_3D ( 'NONE', #2814, #3141, #709 ) ;
#2259 = DIRECTION ( 'NONE',  ( 0.000000000000000000, -1.000000000000000000, 0.000000000000000000 ) ) ;
#2260 = ADVANCED_FACE ( 'NONE', ( #1373 ), #3285, .T. ) ;
#2261 = AXIS2_PLACEMENT_3D ( 'NONE', #1852, #3483, #2177 ) ;
#2262 = MECHANICAL_DESIGN_GEOMETRIC_PRESENTATION_REPRESENTATION (  '', ( #185 ), #685 ) ;
#2263 = ORIENTED_EDGE ( 'NONE', *, *, #420, .T. ) ;
#2264 = ORIENTED_EDGE ( 'NONE', *, *, #3413, .F. ) ;
#2265 = CARTESIAN_POINT ( 'NONE',  ( 0.2799999999999998601, 0.2000000000000000944, 1.074999999999997513 ) ) ;
#2266 = STYLED_ITEM ( 'NONE', ( #2598 ), #934 ) ;
#2267 = CARTESIAN_POINT ( 'NONE',  ( 0.9999999999999995559, 0.000000000000000000, 0.8750000000000005551 ) ) ;
#2268 = FACE_OUTER_BOUND ( 'NONE', #1145, .T. ) ;
#2269 = AXIS2_PLACEMENT_3D ( 'NONE', #470, #3464, #3187 ) ;
#2270 = ORIENTED_EDGE ( 'NONE', *, *, #1002, .F. ) ;
#2271 = CIRCLE ( 'NONE', #1873, 0.04999999999999991257 ) ;
#2272 = DIRECTION ( 'NONE',  ( 0.000000000000000000, 0.000000000000000000, -1.000000000000000000 ) ) ;
#2273 = DIRECTION ( 'NONE',  ( 0.000000000000000000, -0.000000000000000000, -1.000000000000000000 ) ) ;
#2274 = ORIENTED_EDGE ( 'NONE', *, *, #1723, .T. ) ;
#2275 = CIRCLE ( 'NONE', #2793, 0.1249999999999997918 ) ;
#2276 = VECTOR ( 'NONE', #808, 1000.000000000000000 ) ;
#2277 = DIRECTION ( 'NONE',  ( 0.000000000000000000, 0.000000000000000000, 1.000000000000000000 ) ) ;
#2278 = CARTESIAN_POINT ( 'NONE',  ( -1.000000000000000444, 0.000000000000000000, 0.1250000000000016376 ) ) ;
#2279 = EDGE_CURVE ( 'NONE', #2382, #933, #1390, .T. ) ;
#2280 = ORIENTED_EDGE ( 'NONE', *, *, #1669, .T. ) ;
#2281 = ORIENTED_EDGE ( 'NONE', *, *, #584, .T. ) ;
#2282 = LINE ( 'NONE', #2628, #3252 ) ;
#2283 = LINE ( 'NONE', #3398, #578 ) ;
#2284 = LINE ( 'NONE', #68, #1973 ) ;
#2285 = EDGE_LOOP ( 'NONE', ( #45, #3236, #161, #1069 ) ) ;
#2286 = FILL_AREA_STYLE_COLOUR ( '', #2175 ) ;
#2287 = LINE ( 'NONE', #563, #3235 ) ;
#2288 = DIRECTION ( 'NONE',  ( 0.000000000000000000, -1.000000000000000000, 0.000000000000000000 ) ) ;
#2289 = FACE_OUTER_BOUND ( 'NONE', #116, .T. ) ;
#2290 = ORIENTED_EDGE ( 'NONE', *, *, #943, .T. ) ;
#2291 = ORIENTED_EDGE ( 'NONE', *, *, #821, .F. ) ;
#2292 = SURFACE_STYLE_FILL_AREA ( #891 ) ;
#2293 = DIRECTION ( 'NONE',  ( 0.000000000000000000, 1.000000000000000000, 0.000000000000000000 ) ) ;
#2294 = UNCERTAINTY_MEASURE_WITH_UNIT (LENGTH_MEASURE( 1.000000000000000082E-05 ), #1928, 'distance_accuracy_value', 'NONE');
#2295 = EDGE_CURVE ( 'NONE', #2870, #1074, #2514, .T. ) ;
#2296 = ORIENTED_EDGE ( 'NONE', *, *, #1047, .F. ) ;
#2297 = LINE ( 'NONE', #2030, #2053 ) ;
#2298 = FACE_OUTER_BOUND ( 'NONE', #1670, .T. ) ;
#2299 = ORIENTED_EDGE ( 'NONE', *, *, #364, .T. ) ;
#2300 = FACE_OUTER_BOUND ( 'NONE', #3442, .T. ) ;
#2301 = VERTEX_POINT ( 'NONE', #103 ) ;
#2302 = PRESENTATION_STYLE_ASSIGNMENT (( #2847 ) ) ;
#2303 = DIRECTION ( 'NONE',  ( 1.734723475976808475E-15, -0.000000000000000000, 1.000000000000000000 ) ) ;
#2304 = VERTEX_POINT ( 'NONE', #1641 ) ;
#2305 = FACE_OUTER_BOUND ( 'NONE', #3100, .T. ) ;
#2306 = DIRECTION ( 'NONE',  ( 0.000000000000000000, 0.000000000000000000, 1.000000000000000000 ) ) ;
#2307 = EDGE_CURVE ( 'NONE', #1902, #731, #1409, .T. ) ;
#2308 = EDGE_CURVE ( 'NONE', #933, #1736, #2469, .T. ) ;
#2309 = VERTEX_POINT ( 'NONE', #3417 ) ;
#2310 = ORIENTED_EDGE ( 'NONE', *, *, #3140, .T. ) ;
#2311 = ADVANCED_FACE ( 'NONE', ( #693 ), #657, .T. ) ;
#2312 = DIRECTION ( 'NONE',  ( 1.000000000000000000, -0.000000000000000000, 7.885106708985515658E-16 ) ) ;
#2313 = EDGE_CURVE ( 'NONE', #2078, #1389, #458, .T. ) ;
#2314 = CARTESIAN_POINT ( 'NONE',  ( 0.7250000000000001998, 0.2000000000000000111, 0.7500000000000004441 ) ) ;
#2315 = EDGE_CURVE ( 'NONE', #3254, #2014, #712, .T. ) ;
#2316 = ORIENTED_EDGE ( 'NONE', *, *, #2816, .F. ) ;
#2317 = DIRECTION ( 'NONE',  ( 7.885106708985495936E-16, -0.000000000000000000, 1.000000000000000000 ) ) ;
#2318 = ORIENTED_EDGE ( 'NONE', *, *, #2538, .F. ) ;
#2319 = DIRECTION ( 'NONE',  ( 0.000000000000000000, -0.000000000000000000, 1.000000000000000000 ) ) ;
#2320 = AXIS2_PLACEMENT_3D ( 'NONE', #634, #1956, #2526 ) ;
#2321 = DIRECTION ( 'NONE',  ( 1.000000000000000000, 0.000000000000000000, -7.885106708985495936E-16 ) ) ;
#2322 = CIRCLE ( 'NONE', #1346, 0.1249999999999997918 ) ;
#2323 = DIRECTION ( 'NONE',  ( 0.000000000000000000, 1.000000000000000000, 0.000000000000000000 ) ) ;
#2324 = AXIS2_PLACEMENT_3D ( 'NONE', #3133, #993, #978 ) ;
#2325 = VERTEX_POINT ( 'NONE', #989 ) ;
#2326 = CARTESIAN_POINT ( 'NONE',  ( 0.9999999999999995559, 0.000000000000000000, -0.3749999999999992228 ) ) ;
#2327 = CIRCLE ( 'NONE', #1636, 0.1249999999999997918 ) ;
#2328 = DIRECTION ( 'NONE',  ( -1.000000000000000000, 0.000000000000000000, 0.000000000000000000 ) ) ;
#2329 = MECHANICAL_DESIGN_GEOMETRIC_PRESENTATION_REPRESENTATION (  '', ( #133 ), #1637 ) ;
#2330 = ORIENTED_EDGE ( 'NONE', *, *, #2098, .T. ) ;
#2331 = EDGE_CURVE ( 'NONE', #1251, #483, #2275, .T. ) ;
#2332 = VECTOR ( 'NONE', #2575, 1000.000000000000000 ) ;
#2333 = FACE_OUTER_BOUND ( 'NONE', #1642, .T. ) ;
#2334 = ADVANCED_FACE ( 'NONE', ( #2876 ), #1001, .F. ) ;
#2335 = CARTESIAN_POINT ( 'NONE',  ( -1.000000000000000000, 0.2000000000000000111, -0.1249999999999985983 ) ) ;
#2336 = CIRCLE ( 'NONE', #3348, 0.1249999999999997918 ) ;
#2337 = CARTESIAN_POINT ( 'NONE',  ( 0.7250000000000001998, 0.000000000000000000, 0.6250000000000007772 ) ) ;
#2338 = VECTOR ( 'NONE', #1215, 1000.000000000000000 ) ;
#2339 = ORIENTED_EDGE ( 'NONE', *, *, #1678, .F. ) ;
#2340 = DIRECTION ( 'NONE',  ( 0.000000000000000000, 1.000000000000000000, 0.000000000000000000 ) ) ;
#2341 = AXIS2_PLACEMENT_3D ( 'NONE', #212, #2345, #165 ) ;
#2342 = PLANE ( 'NONE',  #1072 ) ;
#2343 = FACE_OUTER_BOUND ( 'NONE', #1088, .T. ) ;
#2344 = PLANE ( 'NONE',  #456 ) ;
#2345 = DIRECTION ( 'NONE',  ( -0.000000000000000000, -1.000000000000000000, 0.000000000000000000 ) ) ;
#2346 = LINE ( 'NONE', #1308, #2618 ) ;
#2347 = ORIENTED_EDGE ( 'NONE', *, *, #2374, .F. ) ;
#2348 = EDGE_CURVE ( 'NONE', #1368, #1347, #2297, .T. ) ;
#2349 = DIRECTION ( 'NONE',  ( -1.000000000000000000, 0.000000000000000000, -7.885106708985515658E-16 ) ) ;
#2350 = CARTESIAN_POINT ( 'NONE',  ( 0.7250000000000001998, 0.000000000000000000, -0.7499999999999995559 ) ) ;
#2351 = CARTESIAN_POINT ( 'NONE',  ( 0.9999999999999991118, 0.05000000000000000278, 0.8750000000000007772 ) ) ;
#2352 = EDGE_CURVE ( 'NONE', #2627, #1936, #1776, .T. ) ;
#2353 = EDGE_CURVE ( 'NONE', #1955, #1938, #2282, .T. ) ;
#2354 = ORIENTED_EDGE ( 'NONE', *, *, #2584, .T. ) ;
#2355 = EDGE_LOOP ( 'NONE', ( #2763, #1504, #1518, #2274 ) ) ;
#2356 = DIRECTION ( 'NONE',  ( 1.000000000000000000, 0.000000000000000000, 0.000000000000000000 ) ) ;
#2357 = ORIENTED_EDGE ( 'NONE', *, *, #1846, .T. ) ;
#2358 = SURFACE_STYLE_FILL_AREA ( #1540 ) ;
#2359 = ORIENTED_EDGE ( 'NONE', *, *, #2413, .T. ) ;
#2360 = CARTESIAN_POINT ( 'NONE',  ( 0.9999999999999991118, 0.05000000000000000278, 1.500000000000000000 ) ) ;
#2361 = ORIENTED_EDGE ( 'NONE', *, *, #2231, .F. ) ;
#2362 = DIRECTION ( 'NONE',  ( 1.000000000000000000, 0.000000000000000000, 2.017120320903264195E-16 ) ) ;
#2363 = VERTEX_POINT ( 'NONE', #206 ) ;
#2364 = PLANE ( 'NONE',  #2633 ) ;
#2365 = DIRECTION ( 'NONE',  ( 1.000000000000000000, 0.000000000000000000, 0.000000000000000000 ) ) ;
#2366 = CARTESIAN_POINT ( 'NONE',  ( -0.2300000000000003153, 0.2000000000000000944, 1.024999999999998135 ) ) ;
#2367 = DIRECTION ( 'NONE',  ( -1.000000000000000000, 0.000000000000000000, -7.885106708985515658E-16 ) ) ;
#2368 = EDGE_CURVE ( 'NONE', #1333, #2223, #3377, .T. ) ;
#2369 = CARTESIAN_POINT ( 'NONE',  ( -0.7250000000000008660, 0.6716990566028296916, 0.7500000000000011102 ) ) ;
#2370 = ORIENTED_EDGE ( 'NONE', *, *, #2692, .F. ) ;
#2371 = DIRECTION ( 'NONE',  ( -1.000000000000000000, 0.000000000000000000, 1.577021341797103132E-15 ) ) ;
#2372 = ORIENTED_EDGE ( 'NONE', *, *, #112, .F. ) ;
#2373 = CARTESIAN_POINT ( 'NONE',  ( -0.7250000000000008660, 0.000000000000000000, -0.8749999999999985567 ) ) ;
#2374 = EDGE_CURVE ( 'NONE', #1592, #318, #1761, .T. ) ;
#2375 = ORIENTED_EDGE ( 'NONE', *, *, #601, .F. ) ;
#2376 = CARTESIAN_POINT ( 'NONE',  ( 0.7250000000000006439, 0.2000000000000000111, 0.3750000000000003331 ) ) ;
#2377 = VECTOR ( 'NONE', #3431, 1000.000000000000000 ) ;
#2378 = LINE ( 'NONE', #2038, #2836 ) ;
#2379 = CARTESIAN_POINT ( 'NONE',  ( 4.928191693115948519E-16, 0.05000000000000000278, -0.6250000000000002220 ) ) ;
#2380 = CARTESIAN_POINT ( 'NONE',  ( -0.7250000000000008660, 0.2000000000000000111, 0.1250000000000014155 ) ) ;
#2381 = AXIS2_PLACEMENT_3D ( 'NONE', #3076, #595, #1412 ) ;
#2382 = VERTEX_POINT ( 'NONE', #2839 ) ;
#2383 = VECTOR ( 'NONE', #2122, 1000.000000000000114 ) ;
#2384 = VECTOR ( 'NONE', #2386, 1000.000000000000000 ) ;
#2385 = LINE ( 'NONE', #758, #3405 ) ;
#2386 = DIRECTION ( 'NONE',  ( 1.734723475976808475E-15, -0.000000000000000000, 1.000000000000000000 ) ) ;
#2387 = COLOUR_RGB ( '',0.7921568627450980005, 0.8196078431372548767, 0.9333333333333333481 ) ;
#2388 = VECTOR ( 'NONE', #2884, 1000.000000000000000 ) ;
#2389 = CARTESIAN_POINT ( 'NONE',  ( 0.7250000000000006439, 0.2000000000000000111, 0.3750000000000003331 ) ) ;
#2390 = ORIENTED_EDGE ( 'NONE', *, *, #1238, .T. ) ;
#2391 = ORIENTED_EDGE ( 'NONE', *, *, #1883, .F. ) ;
#2392 = AXIS2_PLACEMENT_3D ( 'NONE', #675, #2611, #1543 ) ;
#2393 = LINE ( 'NONE', #1317, #1818 ) ;
#2394 = ORIENTED_EDGE ( 'NONE', *, *, #850, .T. ) ;
#2395 = EDGE_CURVE ( 'NONE', #158, #2699, #3159, .T. ) ;
#2396 = AXIS2_PLACEMENT_3D ( 'NONE', #2760, #2799, #3065 ) ;
#2397 = ORIENTED_EDGE ( 'NONE', *, *, #1627, .T. ) ;
#2398 = EDGE_CURVE ( 'NONE', #1820, #1020, #2819, .T. ) ;
#2399 = CARTESIAN_POINT ( 'NONE',  ( 0.9999999999999995559, 0.8000000000000003775, -1.499999999999999556 ) ) ;
#2400 = CARTESIAN_POINT ( 'NONE',  ( 0.2299999999999998990, 0.000000000000000000, 1.074999999999997513 ) ) ;
#2401 = CARTESIAN_POINT ( 'NONE',  ( -0.7250000000000010880, 0.04999999999999999584, -0.6249999999999991118 ) ) ;
#2402 = EDGE_CURVE ( 'NONE', #1288, #158, #2094, .T. ) ;
#2403 =( LENGTH_UNIT ( ) NAMED_UNIT ( * ) SI_UNIT ( .MILLI., .METRE. ) );
#2404 = VERTEX_POINT ( 'NONE', #389 ) ;
#2405 = EDGE_CURVE ( 'NONE', #2875, #545, #2861, .T. ) ;
#2406 = DIRECTION ( 'NONE',  ( -1.000000000000000000, 0.000000000000000000, -0.000000000000000000 ) ) ;
#2407 = DIRECTION ( 'NONE',  ( -0.000000000000000000, -1.000000000000000000, -0.000000000000000000 ) ) ;
#2408 = DIRECTION ( 'NONE',  ( 0.000000000000000000, 0.000000000000000000, -1.000000000000000000 ) ) ;
#2409 = ORIENTED_EDGE ( 'NONE', *, *, #1700, .T. ) ;
#2410 = ORIENTED_EDGE ( 'NONE', *, *, #1604, .F. ) ;
#2411 = CARTESIAN_POINT ( 'NONE',  ( 0.7250000000000001998, 0.6716990566028296916, -0.2499999999999995837 ) ) ;
#2412 = LINE ( 'NONE', #3478, #2107 ) ;
#2413 = EDGE_CURVE ( 'NONE', #242, #3147, #1461, .T. ) ;
#2414 = ORIENTED_EDGE ( 'NONE', *, *, #300, .T. ) ;
#2415 = CARTESIAN_POINT ( 'NONE',  ( 0.9999999999999995559, 0.1999999999999999833, -0.6249999999999994449 ) ) ;
#2416 = ORIENTED_EDGE ( 'NONE', *, *, #3209, .T. ) ;
#2417 = FACE_OUTER_BOUND ( 'NONE', #2834, .T. ) ;
#2418 = DIRECTION ( 'NONE',  ( -0.000000000000000000, -1.000000000000000000, -0.000000000000000000 ) ) ;
#2419 = ORIENTED_EDGE ( 'NONE', *, *, #1455, .F. ) ;
#2420 = EDGE_CURVE ( 'NONE', #1526, #407, #423, .T. ) ;
#2421 = CARTESIAN_POINT ( 'NONE',  ( 0.7250000000000006439, 0.04999999999999999584, 0.3750000000000003331 ) ) ;
#2422 = LINE ( 'NONE', #1950, #3131 ) ;
#2423 = ADVANCED_FACE ( 'NONE', ( #1738 ), #409, .F. ) ;
#2424 = VERTEX_POINT ( 'NONE', #3144 ) ;
#2425 = FACE_OUTER_BOUND ( 'NONE', #1040, .T. ) ;
#2426 = ORIENTED_EDGE ( 'NONE', *, *, #2466, .F. ) ;
#2427 = ORIENTED_EDGE ( 'NONE', *, *, #1295, .F. ) ;
#2428 = LINE ( 'NONE', #8, #1031 ) ;
#2429 = EDGE_LOOP ( 'NONE', ( #853, #2856, #1947, #3284 ) ) ;
#2430 =( NAMED_UNIT ( * ) SI_UNIT ( $, .STERADIAN. ) SOLID_ANGLE_UNIT ( ) );
#2431 = ORIENTED_EDGE ( 'NONE', *, *, #1121, .F. ) ;
#2432 = PLANE ( 'NONE',  #3352 ) ;
#2433 = CARTESIAN_POINT ( 'NONE',  ( -0.7600000000000003419, 0.8000000000000000444, -1.199999999999999734 ) ) ;
#2434 = LINE ( 'NONE', #3260, #1177 ) ;
#2435 = CARTESIAN_POINT ( 'NONE',  ( -0.7250000000000008660, 0.2000000000000000111, 0.6250000000000014433 ) ) ;
#2436 = AXIS2_PLACEMENT_3D ( 'NONE', #1168, #2293, #3414 ) ;
#2437 = VERTEX_POINT ( 'NONE', #495 ) ;
#2438 = ADVANCED_FACE ( 'NONE', ( #2642 ), #3214, .F. ) ;
#2439 = CARTESIAN_POINT ( 'NONE',  ( -0.2300000000000002875, 0.2000000000000000944, 1.074999999999997957 ) ) ;
#2440 = DIRECTION ( 'NONE',  ( -0.000000000000000000, -1.000000000000000000, 0.000000000000000000 ) ) ;
#2441 = EDGE_CURVE ( 'NONE', #3241, #2382, #2943, .T. ) ;
#2442 = COLOUR_RGB ( '',0.7921568627450980005, 0.8196078431372548767, 0.9333333333333333481 ) ;
#2443 = CARTESIAN_POINT ( 'NONE',  ( 0.000000000000000000, 0.8000000000000000444, 0.000000000000000000 ) ) ;
#2444 = AXIS2_PLACEMENT_3D ( 'NONE', #3403, #164, #3150 ) ;
#2445 = AXIS2_PLACEMENT_3D ( 'NONE', #1506, #1287, #703 ) ;
#2446 = ORIENTED_EDGE ( 'NONE', *, *, #584, .F. ) ;
#2447 = DIRECTION ( 'NONE',  ( 0.000000000000000000, 1.000000000000000000, 0.000000000000000000 ) ) ;
#2448 = ORIENTED_EDGE ( 'NONE', *, *, #845, .T. ) ;
#2449 = VECTOR ( 'NONE', #955, 1000.000000000000000 ) ;
#2450 = DIRECTION ( 'NONE',  ( 0.000000000000000000, 0.000000000000000000, -1.000000000000000000 ) ) ;
#2451 = VERTEX_POINT ( 'NONE', #763 ) ;
#2452 = FILL_AREA_STYLE_COLOUR ( '', #3409 ) ;
#2453 = CARTESIAN_POINT ( 'NONE',  ( -0.6400000000000003464, 0.7499999999999998890, -0.1999999999999996503 ) ) ;
#2454 = ORIENTED_EDGE ( 'NONE', *, *, #2090, .F. ) ;
#2455 = AXIS2_PLACEMENT_3D ( 'NONE', #50, #3037, #3322 ) ;
#2456 = LINE ( 'NONE', #2665, #3179 ) ;
#2457 = DIRECTION ( 'NONE',  ( 0.000000000000000000, 0.000000000000000000, -1.000000000000000000 ) ) ;
#2458 = LINE ( 'NONE', #42, #2713 ) ;
#2459 = LINE ( 'NONE', #331, #526 ) ;
#2460 = EDGE_CURVE ( 'NONE', #2629, #1514, #1616, .T. ) ;
#2461 = PLANE ( 'NONE',  #2606 ) ;
#2462 = ORIENTED_EDGE ( 'NONE', *, *, #3162, .T. ) ;
#2463 = PLANE ( 'NONE',  #3175 ) ;
#2464 = ORIENTED_EDGE ( 'NONE', *, *, #2599, .T. ) ;
#2465 = ADVANCED_FACE ( 'NONE', ( #1555 ), #2711, .T. ) ;
#2466 = EDGE_CURVE ( 'NONE', #449, #2564, #1019, .T. ) ;
#2467 = ORIENTED_EDGE ( 'NONE', *, *, #280, .T. ) ;
#2468 = ADVANCED_FACE ( 'NONE', ( #220 ), #2116, .T. ) ;
#2469 = LINE ( 'NONE', #2500, #1595 ) ;
#2470 = LINE ( 'NONE', #2267, #2669 ) ;
#2471 = EDGE_LOOP ( 'NONE', ( #33, #665, #35, #2516 ) ) ;
#2472 = DIRECTION ( 'NONE',  ( 1.445602896647339163E-16, 0.000000000000000000, 1.000000000000000000 ) ) ;
#2473 = CARTESIAN_POINT ( 'NONE',  ( -0.7250000000000008660, 0.1999999999999999833, -0.3749999999999986122 ) ) ;
#2474 = DIRECTION ( 'NONE',  ( 0.000000000000000000, 0.000000000000000000, -1.000000000000000000 ) ) ;
#2475 = DIRECTION ( 'NONE',  ( 1.734723475976810053E-15, 0.000000000000000000, 1.000000000000000000 ) ) ;
#2476 = DIRECTION ( 'NONE',  ( 1.000000000000000000, 0.000000000000000000, -0.000000000000000000 ) ) ;
#2477 = VERTEX_POINT ( 'NONE', #1300 ) ;
#2478 = CARTESIAN_POINT ( 'NONE',  ( 0.9999999999999995559, 0.04999999999999999584, -0.3749999999999992228 ) ) ;
#2479 = ORIENTED_EDGE ( 'NONE', *, *, #3075, .T. ) ;
#2480 = PLANE ( 'NONE',  #1140 ) ;
#2481 = DIRECTION ( 'NONE',  ( 0.000000000000000000, 0.000000000000000000, -1.000000000000000000 ) ) ;
#2482 = EDGE_LOOP ( 'NONE', ( #537, #87, #2174, #2280 ) ) ;
#2483 = LINE ( 'NONE', #1794, #1292 ) ;
#2484 = CARTESIAN_POINT ( 'NONE',  ( -1.000000000000000000, 0.1999999999999999833, -0.1249999999999985983 ) ) ;
#2485 = LINE ( 'NONE', #1449, #3303 ) ;
#2486 = FACE_OUTER_BOUND ( 'NONE', #3200, .T. ) ;
#2487 = EDGE_CURVE ( 'NONE', #287, #457, #271, .T. ) ;
#2488 = DIRECTION ( 'NONE',  ( -0.000000000000000000, 0.000000000000000000, 1.000000000000000000 ) ) ;
#2489 = CARTESIAN_POINT ( 'NONE',  ( -0.7250000000000010880, 0.2000000000000000111, -0.6249999999999990008 ) ) ;
#2490 = AXIS2_PLACEMENT_3D ( 'NONE', #2314, #183, #2008 ) ;
#2491 = AXIS2_PLACEMENT_3D ( 'NONE', #1392, #887, #623 ) ;
#2492 = ORIENTED_EDGE ( 'NONE', *, *, #1455, .T. ) ;
#2493 = DIRECTION ( 'NONE',  ( -1.000000000000000000, 0.000000000000000000, 7.885106708985496922E-16 ) ) ;
#2494 = ORIENTED_EDGE ( 'NONE', *, *, #3224, .T. ) ;
#2495 = VECTOR ( 'NONE', #621, 1000.000000000000000 ) ;
#2496 = VERTEX_POINT ( 'NONE', #31 ) ;
#2497 = ADVANCED_FACE ( 'NONE', ( #550 ), #792, .F. ) ;
#2498 = EDGE_LOOP ( 'NONE', ( #3394, #691, #3114, #2890 ) ) ;
#2499 = VECTOR ( 'NONE', #1098, 1000.000000000000000 ) ;
#2500 = CARTESIAN_POINT ( 'NONE',  ( 0.2799999999999998601, 2.421733557382613533, 1.024999999999997691 ) ) ;
#2501 = ORIENTED_EDGE ( 'NONE', *, *, #3169, .F. ) ;
#2502 = DIRECTION ( 'NONE',  ( 0.000000000000000000, 1.000000000000000000, -0.000000000000000000 ) ) ;
#2503 = DIRECTION ( 'NONE',  ( 0.000000000000000000, 0.000000000000000000, 1.000000000000000000 ) ) ;
#2504 = AXIS2_PLACEMENT_3D ( 'NONE', #1273, #2108, #2349 ) ;
#2505 = CARTESIAN_POINT ( 'NONE',  ( -0.7250000000000008660, 0.000000000000000000, 0.1250000000000014155 ) ) ;
#2506 = SURFACE_SIDE_STYLE ('',( #1710 ) ) ;
#2507 = CARTESIAN_POINT ( 'NONE',  ( 0.7250000000000001998, 0.2000000000000000111, 0.1250000000000006661 ) ) ;
#2508 = LINE ( 'NONE', #3116, #1697 ) ;
#2509 = ADVANCED_FACE ( 'NONE', ( #1587 ), #745, .F. ) ;
#2510 = EDGE_CURVE ( 'NONE', #1435, #2875, #2393, .T. ) ;
#2511 = CARTESIAN_POINT ( 'NONE',  ( -1.000000000000000444, 0.2000000000000000111, -0.8749999999999984457 ) ) ;
#2512 = EDGE_LOOP ( 'NONE', ( #2694, #1404, #2220, #2551 ) ) ;
#2513 = ORIENTED_EDGE ( 'NONE', *, *, #2184, .F. ) ;
#2514 = LINE ( 'NONE', #3349, #1481 ) ;
#2515 = PRESENTATION_STYLE_ASSIGNMENT (( #1158 ) ) ;
#2516 = ORIENTED_EDGE ( 'NONE', *, *, #1664, .T. ) ;
#2517 = DIRECTION ( 'NONE',  ( -1.000000000000000000, 0.000000000000000000, 1.577021341797103132E-15 ) ) ;
#2518 = EDGE_CURVE ( 'NONE', #2994, #2309, #2148, .T. ) ;
#2519 = ORIENTED_EDGE ( 'NONE', *, *, #3449, .F. ) ;
#2520 = DIRECTION ( 'NONE',  ( -0.000000000000000000, -1.000000000000000000, -0.000000000000000000 ) ) ;
#2521 = CARTESIAN_POINT ( 'NONE',  ( 0.2299999999999998990, 0.2000000000000000944, 1.074999999999997513 ) ) ;
#2522 = DIRECTION ( 'NONE',  ( 1.008560160451632098E-16, 0.000000000000000000, -1.000000000000000000 ) ) ;
#2523 = EDGE_CURVE ( 'NONE', #2629, #1786, #1815, .T. ) ;
#2524 = DIRECTION ( 'NONE',  ( 1.000000000000000000, 0.000000000000000000, 0.000000000000000000 ) ) ;
#2525 = ADVANCED_FACE ( 'NONE', ( #1038 ), #480, .F. ) ;
#2526 = DIRECTION ( 'NONE',  ( 0.000000000000000000, 0.000000000000000000, 1.000000000000000000 ) ) ;
#2527 = ORIENTED_EDGE ( 'NONE', *, *, #2405, .T. ) ;
#2528 = VERTEX_POINT ( 'NONE', #515 ) ;
#2529 = CARTESIAN_POINT ( 'NONE',  ( -0.7250000000000008660, 0.2000000000000000111, 0.2500000000000011102 ) ) ;
#2530 = DIRECTION ( 'NONE',  ( 0.000000000000000000, -1.000000000000000000, 0.000000000000000000 ) ) ;
#2531 = DIRECTION ( 'NONE',  ( 1.000000000000000000, 0.000000000000000000, 0.000000000000000000 ) ) ;
#2532 = CARTESIAN_POINT ( 'NONE',  ( -1.000000000000000222, 0.05000000000000000278, 0.1250000000000016376 ) ) ;
#2533 = VERTEX_POINT ( 'NONE', #2680 ) ;
#2534 = CARTESIAN_POINT ( 'NONE',  ( 0.2800000000000003042, 0.2000000000000000944, -1.075000000000002398 ) ) ;
#2535 = CARTESIAN_POINT ( 'NONE',  ( 0.7250000000000001998, 0.2000000000000000111, 0.6250000000000006661 ) ) ;
#2536 = VECTOR ( 'NONE', #2754, 1000.000000000000000 ) ;
#2537 = EDGE_CURVE ( 'NONE', #479, #2085, #2965, .T. ) ;
#2538 = EDGE_CURVE ( 'NONE', #2223, #1995, #2428, .T. ) ;
#2539 = CIRCLE ( 'NONE', #2832, 0.04999999999999991257 ) ;
#2540 = FACE_OUTER_BOUND ( 'NONE', #991, .T. ) ;
#2541 = VERTEX_POINT ( 'NONE', #3253 ) ;
#2542 = AXIS2_PLACEMENT_3D ( 'NONE', #1962, #1944, #2531 ) ;
#2543 = STYLED_ITEM ( 'NONE', ( #572 ), #3269 ) ;
#2544 = UNCERTAINTY_MEASURE_WITH_UNIT (LENGTH_MEASURE( 1.000000000000000082E-05 ), #2403, 'distance_accuracy_value', 'NONE');
#2545 = ORIENTED_EDGE ( 'NONE', *, *, #381, .T. ) ;
#2546 = VERTEX_POINT ( 'NONE', #335 ) ;
#2547 = CARTESIAN_POINT ( 'NONE',  ( 0.2299999999999998990, 0.05000000000000012768, 1.074999999999997513 ) ) ;
#2548 = COLOUR_RGB ( '',0.7921568627450980005, 0.8196078431372548767, 0.9333333333333333481 ) ;
#2549 = CARTESIAN_POINT ( 'NONE',  ( -0.7250000000000010880, 0.2000000000000000111, -0.1249999999999990286 ) ) ;
#2550 = AXIS2_PLACEMENT_3D ( 'NONE', #3357, #3136, #2256 ) ;
#2551 = ORIENTED_EDGE ( 'NONE', *, *, #1090, .T. ) ;
#2552 = CARTESIAN_POINT ( 'NONE',  ( -0.7250000000000008660, 0.1999999999999999833, 0.1250000000000014155 ) ) ;
#2553 = DIRECTION ( 'NONE',  ( -1.000000000000000000, 0.000000000000000000, 0.000000000000000000 ) ) ;
#2554 = AXIS2_PLACEMENT_3D ( 'NONE', #121, #1178, #1150 ) ;
#2555 = DIRECTION ( 'NONE',  ( 0.000000000000000000, 0.000000000000000000, -1.000000000000000000 ) ) ;
#2556 = LINE ( 'NONE', #2795, #1871 ) ;
#2557 = ORIENTED_EDGE ( 'NONE', *, *, #2331, .F. ) ;
#2558 = AXIS2_PLACEMENT_3D ( 'NONE', #144, #2571, #2079 ) ;
#2559 = ORIENTED_EDGE ( 'NONE', *, *, #3430, .T. ) ;
#2560 = AXIS2_PLACEMENT_3D ( 'NONE', #1869, #255, #236 ) ;
#2561 = DIRECTION ( 'NONE',  ( 1.000000000000000000, -0.000000000000000000, 7.885106708985515658E-16 ) ) ;
#2562 = ADVANCED_FACE ( 'NONE', ( #304 ), #370, .T. ) ;
#2563 = DIRECTION ( 'NONE',  ( -1.000000000000000000, 0.000000000000000000, 1.577021341797103132E-15 ) ) ;
#2564 = VERTEX_POINT ( 'NONE', #2511 ) ;
#2565 = VERTEX_POINT ( 'NONE', #1403 ) ;
#2566 = CARTESIAN_POINT ( 'NONE',  ( -1.000000000000000000, 0.2000000000000000111, 0.8750000000000014433 ) ) ;
#2567 = FACE_OUTER_BOUND ( 'NONE', #2749, .T. ) ;
#2568 = EDGE_CURVE ( 'NONE', #494, #2477, #1387, .T. ) ;
#2569 = CARTESIAN_POINT ( 'NONE',  ( 0.9999999999999995559, 0.04999999999999999584, 0.6250000000000007772 ) ) ;
#2570 = ORIENTED_EDGE ( 'NONE', *, *, #987, .F. ) ;
#2571 = DIRECTION ( 'NONE',  ( -0.000000000000000000, -1.000000000000000000, -0.000000000000000000 ) ) ;
#2572 = CARTESIAN_POINT ( 'NONE',  ( -0.2800000000000003042, 0.05000000000000012768, 1.024999999999998135 ) ) ;
#2573 = ORIENTED_EDGE ( 'NONE', *, *, #2040, .T. ) ;
#2574 = DIRECTION ( 'NONE',  ( -1.000000000000000000, -0.000000000000000000, -0.000000000000000000 ) ) ;
#2575 = DIRECTION ( 'NONE',  ( -0.000000000000000000, -1.000000000000000000, -0.000000000000000000 ) ) ;
#2576 = ORIENTED_EDGE ( 'NONE', *, *, #3140, .F. ) ;
#2577 = EDGE_CURVE ( 'NONE', #3132, #1225, #588, .T. ) ;
#2578 = ORIENTED_EDGE ( 'NONE', *, *, #336, .F. ) ;
#2579 = FACE_OUTER_BOUND ( 'NONE', #3211, .T. ) ;
#2580 = ADVANCED_FACE ( 'NONE', ( #1937 ), #2463, .T. ) ;
#2581 = UNCERTAINTY_MEASURE_WITH_UNIT (LENGTH_MEASURE( 1.000000000000000082E-05 ), #1742, 'distance_accuracy_value', 'NONE');
#2582 = VERTEX_POINT ( 'NONE', #1369 ) ;
#2583 = CARTESIAN_POINT ( 'NONE',  ( -0.2800000000000003042, 0.2000000000000000944, 1.074999999999997957 ) ) ;
#2584 = EDGE_CURVE ( 'NONE', #143, #1165, #3120, .T. ) ;
#2585 = DIRECTION ( 'NONE',  ( 0.000000000000000000, 0.000000000000000000, -1.000000000000000000 ) ) ;
#2586 = DIRECTION ( 'NONE',  ( -1.000000000000000000, 0.000000000000000000, -1.445602896647339410E-16 ) ) ;
#2587 = EDGE_CURVE ( 'NONE', #1770, #479, #1916, .T. ) ;
#2588 = VERTEX_POINT ( 'NONE', #3032 ) ;
#2589 =( NAMED_UNIT ( * ) PLANE_ANGLE_UNIT ( ) SI_UNIT ( $, .RADIAN. ) );
#2590 = ADVANCED_FACE ( 'NONE', ( #2186 ), #3013, .F. ) ;
#2591 = EDGE_CURVE ( 'NONE', #1122, #768, #3267, .T. ) ;
#2592 = DIRECTION ( 'NONE',  ( 0.000000000000000000, 0.000000000000000000, 1.000000000000000000 ) ) ;
#2593 = ORIENTED_EDGE ( 'NONE', *, *, #214, .F. ) ;
#2594 = LINE ( 'NONE', #1286, #2957 ) ;
#2595 = LINE ( 'NONE', #1769, #911 ) ;
#2596 = ORIENTED_EDGE ( 'NONE', *, *, #1217, .T. ) ;
#2597 = DIRECTION ( 'NONE',  ( -1.000000000000000000, 0.000000000000000000, -7.885106708985515658E-16 ) ) ;
#2598 = PRESENTATION_STYLE_ASSIGNMENT (( #1509 ) ) ;
#2599 = EDGE_CURVE ( 'NONE', #1527, #2807, #2202, .T. ) ;
#2600 = DIRECTION ( 'NONE',  ( 0.000000000000000000, 0.000000000000000000, -1.000000000000000000 ) ) ;
#2601 = VECTOR ( 'NONE', #1082, 1000.000000000000000 ) ;
#2602 = CIRCLE ( 'NONE', #3059, 0.05000000000000002359 ) ;
#2603 = ORIENTED_EDGE ( 'NONE', *, *, #2007, .F. ) ;
#2604 = DIRECTION ( 'NONE',  ( 0.000000000000000000, 0.000000000000000000, -1.000000000000000000 ) ) ;
#2605 = EDGE_LOOP ( 'NONE', ( #2954, #1120, #2016, #438 ) ) ;
#2606 = AXIS2_PLACEMENT_3D ( 'NONE', #2443, #3280, #2993 ) ;
#2607 = CARTESIAN_POINT ( 'NONE',  ( -1.000000000000000000, 0.2000000000000000111, -0.1249999999999985983 ) ) ;
#2608 = EDGE_CURVE ( 'NONE', #2404, #2541, #3282, .T. ) ;
#2609 = VERTEX_POINT ( 'NONE', #2478 ) ;
#2610 = AXIS2_PLACEMENT_3D ( 'NONE', #190, #1003, #1486 ) ;
#2611 = DIRECTION ( 'NONE',  ( -7.744301232039311751E-16, 0.000000000000000000, -1.000000000000000000 ) ) ;
#2612 = DIRECTION ( 'NONE',  ( 1.000000000000000000, 0.000000000000000000, -1.734723475976808278E-15 ) ) ;
#2613 = VECTOR ( 'NONE', #225, 1000.000000000000000 ) ;
#2614 = LINE ( 'NONE', #1219, #2972 ) ;
#2615 =( GEOMETRIC_REPRESENTATION_CONTEXT ( 3 ) GLOBAL_UNCERTAINTY_ASSIGNED_CONTEXT ( ( #1297 ) ) GLOBAL_UNIT_ASSIGNED_CONTEXT ( ( #2244, #3358, #1968 ) ) REPRESENTATION_CONTEXT ( 'NONE', 'WORKASPACE' ) );
#2616 = LINE ( 'NONE', #2666, #633 ) ;
#2617 = ORIENTED_EDGE ( 'NONE', *, *, #1106, .F. ) ;
#2618 = VECTOR ( 'NONE', #2066, 1000.000000000000000 ) ;
#2619 = CARTESIAN_POINT ( 'NONE',  ( -0.7250000000000010880, 0.04999999999999999584, -0.1249999999999991396 ) ) ;
#2620 = EDGE_CURVE ( 'NONE', #568, #2966, #1117, .T. ) ;
#2621 = LINE ( 'NONE', #3156, #2840 ) ;
#2622 = EDGE_CURVE ( 'NONE', #158, #1091, #288, .T. ) ;
#2623 = VECTOR ( 'NONE', #660, 1000.000000000000000 ) ;
#2624 = DIRECTION ( 'NONE',  ( 0.000000000000000000, 0.000000000000000000, -1.000000000000000000 ) ) ;
#2625 = AXIS2_PLACEMENT_3D ( 'NONE', #170, #970, #1246 ) ;
#2626 = ORIENTED_EDGE ( 'NONE', *, *, #2591, .F. ) ;
#2627 = VERTEX_POINT ( 'NONE', #60 ) ;
#2628 = CARTESIAN_POINT ( 'NONE',  ( -0.7250000000000008660, 0.1999999999999999833, 0.1250000000000014155 ) ) ;
#2629 = VERTEX_POINT ( 'NONE', #565 ) ;
#2630 = LINE ( 'NONE', #3419, #1528 ) ;
#2631 = ORIENTED_EDGE ( 'NONE', *, *, #36, .T. ) ;
#2632 = FACE_OUTER_BOUND ( 'NONE', #2166, .T. ) ;
#2633 = AXIS2_PLACEMENT_3D ( 'NONE', #2932, #3462, #994 ) ;
#2634 = DIRECTION ( 'NONE',  ( 0.000000000000000000, -1.000000000000000000, 0.000000000000000000 ) ) ;
#2635 = DIRECTION ( 'NONE',  ( -1.000000000000000000, 0.000000000000000000, 0.000000000000000000 ) ) ;
#2636 = LINE ( 'NONE', #767, #191 ) ;
#2637 = CARTESIAN_POINT ( 'NONE',  ( 0.7250000000000006439, 0.2000000000000000111, -0.6249999999999996669 ) ) ;
#2638 = CARTESIAN_POINT ( 'NONE',  ( 0.2300000000000003153, 0.05000000000000012768, -1.025000000000002798 ) ) ;
#2639 = EDGE_CURVE ( 'NONE', #2219, #2677, #1406, .T. ) ;
#2640 = CARTESIAN_POINT ( 'NONE',  ( -1.000000000000000000, 0.2000000000000000111, 0.8750000000000014433 ) ) ;
#2641 = ORIENTED_EDGE ( 'NONE', *, *, #477, .T. ) ;
#2642 = FACE_OUTER_BOUND ( 'NONE', #641, .T. ) ;
#2643 = VERTEX_POINT ( 'NONE', #3319 ) ;
#2644 = LINE ( 'NONE', #98, #1966 ) ;
#2645 = DIRECTION ( 'NONE',  ( 0.000000000000000000, 1.000000000000000000, 0.000000000000000000 ) ) ;
#2646 = ORIENTED_EDGE ( 'NONE', *, *, #54, .T. ) ;
#2647 = DIRECTION ( 'NONE',  ( 1.000000000000000000, 0.000000000000000000, -1.445602896647338917E-16 ) ) ;
#2648 = DIRECTION ( 'NONE',  ( 1.445602896647339163E-16, 0.000000000000000000, 1.000000000000000000 ) ) ;
#2649 = EDGE_LOOP ( 'NONE', ( #1264, #3353, #701, #2467 ) ) ;
#2650 = CARTESIAN_POINT ( 'NONE',  ( -0.7250000000000010880, 0.000000000000000000, -0.6249999999999990008 ) ) ;
#2651 = LINE ( 'NONE', #247, #2388 ) ;
#2652 = ORIENTED_EDGE ( 'NONE', *, *, #2622, .T. ) ;
#2653 = DIRECTION ( 'NONE',  ( 0.000000000000000000, 1.000000000000000000, 0.000000000000000000 ) ) ;
#2654 = CARTESIAN_POINT ( 'NONE',  ( -1.000000000000000000, 0.1999999999999999833, -0.1249999999999985983 ) ) ;
#2655 = CARTESIAN_POINT ( 'NONE',  ( 0.2300000000000002875, 0.000000000000000000, -1.075000000000002398 ) ) ;
#2656 = ADVANCED_FACE ( 'NONE', ( #863 ), #616, .T. ) ;
#2657 = ORIENTED_EDGE ( 'NONE', *, *, #3249, .F. ) ;
#2658 = VERTEX_POINT ( 'NONE', #100 ) ;
#2659 = DIRECTION ( 'NONE',  ( -0.000000000000000000, -1.000000000000000000, -0.000000000000000000 ) ) ;
#2660 = ORIENTED_EDGE ( 'NONE', *, *, #589, .F. ) ;
#2661 = DIRECTION ( 'NONE',  ( -0.000000000000000000, 1.000000000000000000, -0.000000000000000000 ) ) ;
#2662 = ORIENTED_EDGE ( 'NONE', *, *, #2843, .F. ) ;
#2663 = AXIS2_PLACEMENT_3D ( 'NONE', #1685, #2778, #1427 ) ;
#2664 = DIRECTION ( 'NONE',  ( 0.000000000000000000, -1.000000000000000000, 0.000000000000000000 ) ) ;
#2665 = CARTESIAN_POINT ( 'NONE',  ( -1.000000000000000444, 0.05000000000000000278, -1.499999999999999556 ) ) ;
#2666 = CARTESIAN_POINT ( 'NONE',  ( -1.000000000000000000, 0.1999999999999999833, -0.6249999999999985567 ) ) ;
#2667 = AXIS2_PLACEMENT_3D ( 'NONE', #902, #390, #342 ) ;
#2668 = ORIENTED_EDGE ( 'NONE', *, *, #70, .F. ) ;
#2669 = VECTOR ( 'NONE', #2251, 1000.000000000000000 ) ;
#2670 = AXIS2_PLACEMENT_3D ( 'NONE', #128, #1454, #2277 ) ;
#2671 = LINE ( 'NONE', #180, #2849 ) ;
#2672 = FACE_OUTER_BOUND ( 'NONE', #682, .T. ) ;
#2673 = VECTOR ( 'NONE', #1030, 1000.000000000000000 ) ;
#2674 = LINE ( 'NONE', #2389, #2775 ) ;
#2675 = EDGE_CURVE ( 'NONE', #274, #200, #1154, .T. ) ;
#2676 = VECTOR ( 'NONE', #53, 1000.000000000000000 ) ;
#2677 = VERTEX_POINT ( 'NONE', #1972 ) ;
#2678 = EDGE_LOOP ( 'NONE', ( #2759, #2787, #223, #3381 ) ) ;
#2679 = AXIS2_PLACEMENT_3D ( 'NONE', #639, #2804, #592 ) ;
#2680 = CARTESIAN_POINT ( 'NONE',  ( 0.7250000000000001998, 0.000000000000000000, 0.1250000000000006661 ) ) ;
#2681 = CARTESIAN_POINT ( 'NONE',  ( -0.7250000000000008660, 0.04999999999999999584, -0.8749999999999985567 ) ) ;
#2682 = ORIENTED_EDGE ( 'NONE', *, *, #498, .T. ) ;
#2683 = DIRECTION ( 'NONE',  ( 0.000000000000000000, 1.000000000000000000, 0.000000000000000000 ) ) ;
#2684 = ADVANCED_FACE ( 'NONE', ( #2540 ), #454, .T. ) ;
#2685 = ADVANCED_FACE ( 'NONE', ( #3102 ), #1734, .T. ) ;
#2686 = CARTESIAN_POINT ( 'NONE',  ( 0.7250000000000006439, 0.1999999999999999833, -0.1249999999999996808 ) ) ;
#2687 = DIRECTION ( 'NONE',  ( -1.000000000000000000, 0.000000000000000000, 7.885106708985496922E-16 ) ) ;
#2688 = SHAPE_DEFINITION_REPRESENTATION ( #1991, #1213 ) ;
#2689 = VERTEX_POINT ( 'NONE', #2858 ) ;
#2690 = CYLINDRICAL_SURFACE ( 'NONE', #1575, 0.04999999999999991257 ) ;
#2691 = CARTESIAN_POINT ( 'NONE',  ( -0.7600000000000003419, 0.8000000000000000444, -1.199999999999999734 ) ) ;
#2692 = EDGE_CURVE ( 'NONE', #2132, #2701, #725, .T. ) ;
#2693 = FACE_OUTER_BOUND ( 'NONE', #3386, .T. ) ;
#2694 = ORIENTED_EDGE ( 'NONE', *, *, #1552, .T. ) ;
#2695 = CARTESIAN_POINT ( 'NONE',  ( -0.7250000000000008660, 0.2000000000000000111, -0.8749999999999985567 ) ) ;
#2696 = ORIENTED_EDGE ( 'NONE', *, *, #2981, .T. ) ;
#2697 =( NAMED_UNIT ( * ) PLANE_ANGLE_UNIT ( ) SI_UNIT ( $, .RADIAN. ) );
#2698 = VERTEX_POINT ( 'NONE', #965 ) ;
#2699 = VERTEX_POINT ( 'NONE', #2833 ) ;
#2700 = CARTESIAN_POINT ( 'NONE',  ( 0.9999999999999995559, 0.000000000000000000, -0.6249999999999994449 ) ) ;
#2701 = VERTEX_POINT ( 'NONE', #667 ) ;
#2702 = LINE ( 'NONE', #3237, #238 ) ;
#2703 = LINE ( 'NONE', #576, #913 ) ;
#2704 = ADVANCED_FACE ( 'NONE', ( #404 ), #1187, .F. ) ;
#2705 = DIRECTION ( 'NONE',  ( -0.000000000000000000, -1.000000000000000000, -0.000000000000000000 ) ) ;
#2706 = CARTESIAN_POINT ( 'NONE',  ( 0.7250000000000001998, 0.6716990566028296916, -0.7499999999999995559 ) ) ;
#2707 = FACE_OUTER_BOUND ( 'NONE', #607, .T. ) ;
#2708 = FACE_OUTER_BOUND ( 'NONE', #655, .T. ) ;
#2709 = CLOSED_SHELL ( 'NONE', ( #707, #2465, #2590, #27, #48, #1844 ) ) ;
#2710 = VERTEX_POINT ( 'NONE', #1205 ) ;
#2711 = CYLINDRICAL_SURFACE ( 'NONE', #756, 0.1249999999999997918 ) ;
#2712 = ORIENTED_EDGE ( 'NONE', *, *, #559, .F. ) ;
#2713 = VECTOR ( 'NONE', #1909, 1000.000000000000000 ) ;
#2714 = ORIENTED_EDGE ( 'NONE', *, *, #3048, .T. ) ;
#2715 = ORIENTED_EDGE ( 'NONE', *, *, #2466, .T. ) ;
#2716 = SURFACE_STYLE_FILL_AREA ( #277 ) ;
#2717 = DIRECTION ( 'NONE',  ( 0.000000000000000000, 1.000000000000000000, 0.000000000000000000 ) ) ;
#2718 = ADVANCED_FACE ( 'NONE', ( #1510 ), #168, .T. ) ;
#2719 = CYLINDRICAL_SURFACE ( 'NONE', #1245, 0.1249999999999997918 ) ;
#2720 = AXIS2_PLACEMENT_3D ( 'NONE', #2071, #3121, #1456 ) ;
#2721 = FACE_OUTER_BOUND ( 'NONE', #2017, .T. ) ;
#2722 = VECTOR ( 'NONE', #1232, 1000.000000000000000 ) ;
#2723 = CARTESIAN_POINT ( 'NONE',  ( -1.000000000000000444, 0.2000000000000000111, -0.3749999999999983902 ) ) ;
#2724 = VECTOR ( 'NONE', #2312, 1000.000000000000000 ) ;
#2725 = CARTESIAN_POINT ( 'NONE',  ( -1.000000000000000000, 0.000000000000000000, 0.3750000000000014433 ) ) ;
#2726 = AXIS2_PLACEMENT_3D ( 'NONE', #1029, #2102, #195 ) ;
#2727 = EDGE_CURVE ( 'NONE', #2643, #2979, #3375, .T. ) ;
#2728 = EDGE_CURVE ( 'NONE', #1165, #2998, #3157, .T. ) ;
#2729 = VECTOR ( 'NONE', #1009, 1000.000000000000000 ) ;
#2730 = VERTEX_POINT ( 'NONE', #2278 ) ;
#2731 = DIRECTION ( 'NONE',  ( 0.000000000000000000, 1.000000000000000000, 0.000000000000000000 ) ) ;
#2732 = ORIENTED_EDGE ( 'NONE', *, *, #1525, .T. ) ;
#2733 = VECTOR ( 'NONE', #2653, 1000.000000000000000 ) ;
#2734 = AXIS2_PLACEMENT_3D ( 'NONE', #3052, #2204, #1708 ) ;
#2735 = ORIENTED_EDGE ( 'NONE', *, *, #2577, .T. ) ;
#2736 = ORIENTED_EDGE ( 'NONE', *, *, #3219, .T. ) ;
#2737 = CARTESIAN_POINT ( 'NONE',  ( 0.9999999999999995559, 0.05000000000000000278, -1.499999999999999556 ) ) ;
#2738 = ORIENTED_EDGE ( 'NONE', *, *, #3449, .T. ) ;
#2739 = DIRECTION ( 'NONE',  ( -0.000000000000000000, -1.000000000000000000, -0.000000000000000000 ) ) ;
#2740 = VECTOR ( 'NONE', #1886, 1000.000000000000000 ) ;
#2741 = CARTESIAN_POINT ( 'NONE',  ( -0.7250000000000010880, 0.2000000000000000111, 0.3750000000000009992 ) ) ;
#2742 = CARTESIAN_POINT ( 'NONE',  ( -0.7250000000000008660, 0.1999999999999999833, -0.3749999999999986122 ) ) ;
#2743 = ADVANCED_FACE ( 'NONE', ( #1223 ), #3343, .T. ) ;
#2744 = FACE_OUTER_BOUND ( 'NONE', #2235, .T. ) ;
#2745 = DIRECTION ( 'NONE',  ( -0.000000000000000000, -1.000000000000000000, -0.000000000000000000 ) ) ;
#2746 = CARTESIAN_POINT ( 'NONE',  ( 0.9999999999999995559, 0.6716990566028296916, 0.3750000000000005551 ) ) ;
#2747 = ORIENTED_EDGE ( 'NONE', *, *, #1374, .F. ) ;
#2748 = CARTESIAN_POINT ( 'NONE',  ( -0.7250000000000008660, 0.6716990566028296916, -0.8749999999999985567 ) ) ;
#2749 = EDGE_LOOP ( 'NONE', ( #2046, #2454, #1299, #790 ) ) ;
#2750 = DIRECTION ( 'NONE',  ( -1.000000000000000000, 0.000000000000000000, 0.000000000000000000 ) ) ;
#2751 = LINE ( 'NONE', #2241, #2161 ) ;
#2752 = LINE ( 'NONE', #1108, #1478 ) ;
#2753 = DIRECTION ( 'NONE',  ( -1.000000000000000000, 0.000000000000000000, 7.885106708985496922E-16 ) ) ;
#2754 = DIRECTION ( 'NONE',  ( 0.000000000000000000, 0.000000000000000000, -1.000000000000000000 ) ) ;
#2755 = DIRECTION ( 'NONE',  ( 0.000000000000000000, 1.000000000000000000, 0.000000000000000000 ) ) ;
#2756 = ORIENTED_EDGE ( 'NONE', *, *, #2308, .T. ) ;
#2757 = CARTESIAN_POINT ( 'NONE',  ( -0.7250000000000008660, 0.04999999999999999584, 0.6250000000000014433 ) ) ;
#2758 = ADVANCED_FACE ( 'NONE', ( #946 ), #931, .F. ) ;
#2759 = ORIENTED_EDGE ( 'NONE', *, *, #3049, .F. ) ;
#2760 = CARTESIAN_POINT ( 'NONE',  ( -0.7250000000000008660, 0.2000000000000000111, -0.8749999999999985567 ) ) ;
#2761 = CARTESIAN_POINT ( 'NONE',  ( -1.000000000000000000, 0.000000000000000000, 0.8750000000000014433 ) ) ;
#2762 = EDGE_CURVE ( 'NONE', #2710, #9, #1993, .T. ) ;
#2763 = ORIENTED_EDGE ( 'NONE', *, *, #1611, .T. ) ;
#2764 = LINE ( 'NONE', #885, #752 ) ;
#2765 = LINE ( 'NONE', #1193, #1472 ) ;
#2766 = ORIENTED_EDGE ( 'NONE', *, *, #1809, .F. ) ;
#2767 = ADVANCED_FACE ( 'NONE', ( #2579 ), #688, .F. ) ;
#2768 = CARTESIAN_POINT ( 'NONE',  ( -0.7250000000000008660, 0.000000000000000000, -0.2499999999999989175 ) ) ;
#2769 = CARTESIAN_POINT ( 'NONE',  ( -1.000000000000000000, 0.2000000000000000111, 0.3750000000000014433 ) ) ;
#2770 = CARTESIAN_POINT ( 'NONE',  ( 0.9999999999999995559, 0.04999999999999999584, -0.8749999999999992228 ) ) ;
#2771 = ORIENTED_EDGE ( 'NONE', *, *, #1217, .F. ) ;
#2772 = DIRECTION ( 'NONE',  ( 1.000000000000000000, 0.000000000000000000, -7.744301232039311751E-16 ) ) ;
#2773 = CARTESIAN_POINT ( 'NONE',  ( 0.2800000000000003042, 0.05000000000000000278, -1.025000000000002798 ) ) ;
#2774 = CARTESIAN_POINT ( 'NONE',  ( -0.7600000000000003419, 0.8000000000000000444, -0.1999999999999996503 ) ) ;
#2775 = VECTOR ( 'NONE', #1328, 1000.000000000000000 ) ;
#2776 =( LENGTH_UNIT ( ) NAMED_UNIT ( * ) SI_UNIT ( .MILLI., .METRE. ) );
#2777 = STYLED_ITEM ( 'NONE', ( #1557 ), #852 ) ;
#2778 = DIRECTION ( 'NONE',  ( 7.744301232039315695E-16, 0.000000000000000000, 1.000000000000000000 ) ) ;
#2779 = VECTOR ( 'NONE', #2648, 1000.000000000000000 ) ;
#2780 = ADVANCED_FACE ( 'NONE', ( #1495 ), #2051, .F. ) ;
#2781 =( GEOMETRIC_REPRESENTATION_CONTEXT ( 3 ) GLOBAL_UNCERTAINTY_ASSIGNED_CONTEXT ( ( #386 ) ) GLOBAL_UNIT_ASSIGNED_CONTEXT ( ( #2776, #99, #764 ) ) REPRESENTATION_CONTEXT ( 'NONE', 'WORKASPACE' ) );
#2782 = EDGE_LOOP ( 'NONE', ( #1371, #1729, #1568, #1958 ) ) ;
#2783 = ORIENTED_EDGE ( 'NONE', *, *, #1970, .T. ) ;
#2784 = AXIS2_PLACEMENT_3D ( 'NONE', #2826, #1471, #2273 ) ;
#2785 = DIRECTION ( 'NONE',  ( 0.000000000000000000, 1.000000000000000000, 0.000000000000000000 ) ) ;
#2786 = LINE ( 'NONE', #2805, #3393 ) ;
#2787 = ORIENTED_EDGE ( 'NONE', *, *, #36, .F. ) ;
#2788 = DIRECTION ( 'NONE',  ( 0.000000000000000000, 0.000000000000000000, -1.000000000000000000 ) ) ;
#2789 = CIRCLE ( 'NONE', #3077, 0.04999999999999991257 ) ;
#2790 = EDGE_CURVE ( 'NONE', #3230, #371, #1774, .T. ) ;
#2791 = PLANE ( 'NONE',  #916 ) ;
#2792 = EDGE_CURVE ( 'NONE', #2528, #1482, #1242, .T. ) ;
#2793 = AXIS2_PLACEMENT_3D ( 'NONE', #1791, #2075, #1208 ) ;
#2794 = CARTESIAN_POINT ( 'NONE',  ( 0.7250000000000006439, 0.6716990566028296916, 0.8750000000000003331 ) ) ;
#2795 = CARTESIAN_POINT ( 'NONE',  ( -0.7600000000000003419, 0.7500000000000000000, -0.1999999999999996503 ) ) ;
#2796 = ORIENTED_EDGE ( 'NONE', *, *, #2831, .F. ) ;
#2797 = ADVANCED_FACE ( 'NONE', ( #2425 ), #3227, .T. ) ;
#2798 = CARTESIAN_POINT ( 'NONE',  ( 0.7250000000000006439, 0.1999999999999999833, -0.6249999999999996669 ) ) ;
#2799 = DIRECTION ( 'NONE',  ( 7.885106708985497909E-16, 0.000000000000000000, 1.000000000000000000 ) ) ;
#2800 = EDGE_LOOP ( 'NONE', ( #948, #3164, #2281, #397 ) ) ;
#2801 = UNCERTAINTY_MEASURE_WITH_UNIT (LENGTH_MEASURE( 1.000000000000000082E-05 ), #151, 'distance_accuracy_value', 'NONE');
#2802 = ORIENTED_EDGE ( 'NONE', *, *, #2831, .T. ) ;
#2803 = ORIENTED_EDGE ( 'NONE', *, *, #2510, .T. ) ;
#2804 = DIRECTION ( 'NONE',  ( 0.000000000000000000, 1.000000000000000000, 0.000000000000000000 ) ) ;
#2805 = CARTESIAN_POINT ( 'NONE',  ( -1.000000000000000444, 0.2000000000000000111, -0.3749999999999983902 ) ) ;
#2806 = DIRECTION ( 'NONE',  ( 1.734723475976810053E-15, 0.000000000000000000, 1.000000000000000000 ) ) ;
#2807 = VERTEX_POINT ( 'NONE', #1845 ) ;
#2808 =( NAMED_UNIT ( * ) SI_UNIT ( $, .STERADIAN. ) SOLID_ANGLE_UNIT ( ) );
#2809 = CARTESIAN_POINT ( 'NONE',  ( 0.9999999999999993339, 0.05000000000000000278, 0.3750000000000005551 ) ) ;
#2810 = EDGE_CURVE ( 'NONE', #1389, #2167, #3247, .T. ) ;
#2811 = LINE ( 'NONE', #1220, #2221 ) ;
#2812 = ADVANCED_FACE ( 'NONE', ( #3210 ), #1811, .T. ) ;
#2813 = EDGE_CURVE ( 'NONE', #2045, #2817, #772, .T. ) ;
#2814 = CARTESIAN_POINT ( 'NONE',  ( 0.7250000000000001998, 0.6716990566028296916, 0.1250000000000007494 ) ) ;
#2815 = ORIENTED_EDGE ( 'NONE', *, *, #873, .F. ) ;
#2816 = EDGE_CURVE ( 'NONE', #737, #219, #3174, .T. ) ;
#2817 = VERTEX_POINT ( 'NONE', #2351 ) ;
#2818 = EDGE_LOOP ( 'NONE', ( #2942, #1652, #2929, #877 ) ) ;
#2819 = LINE ( 'NONE', #3364, #1309 ) ;
#2820 = PLANE ( 'NONE',  #1413 ) ;
#2821 = DIRECTION ( 'NONE',  ( -1.000000000000000000, -0.000000000000000000, -0.000000000000000000 ) ) ;
#2822 = ORIENTED_EDGE ( 'NONE', *, *, #2313, .T. ) ;
#2823 = CARTESIAN_POINT ( 'NONE',  ( 0.9999999999999995559, 5.205551275463989214, -1.499999999999999556 ) ) ;
#2824 = VECTOR ( 'NONE', #2705, 1000.000000000000000 ) ;
#2825 = CARTESIAN_POINT ( 'NONE',  ( -1.000000000000000000, 0.8000000000000003775, 1.500000000000000000 ) ) ;
#2826 = CARTESIAN_POINT ( 'NONE',  ( 0.000000000000000000, 0.8000000000000000444, 0.000000000000000000 ) ) ;
#2827 = ORIENTED_EDGE ( 'NONE', *, *, #3430, .F. ) ;
#2828 = VECTOR ( 'NONE', #2272, 1000.000000000000000 ) ;
#2829 = ORIENTED_EDGE ( 'NONE', *, *, #3160, .T. ) ;
#2830 = LINE ( 'NONE', #401, #3397 ) ;
#2831 = EDGE_CURVE ( 'NONE', #1389, #143, #1566, .T. ) ;
#2832 = AXIS2_PLACEMENT_3D ( 'NONE', #1628, #1365, #1341 ) ;
#2833 = CARTESIAN_POINT ( 'NONE',  ( -0.2800000000000000822, 0.2000000000000000944, -0.8750000000000018874 ) ) ;
#2834 = EDGE_LOOP ( 'NONE', ( #2501, #1493, #101, #1210 ) ) ;
#2835 = CIRCLE ( 'NONE', #2491, 0.1249999999999997918 ) ;
#2836 = VECTOR ( 'NONE', #751, 1000.000000000000000 ) ;
#2837 = ORIENTED_EDGE ( 'NONE', *, *, #2620, .T. ) ;
#2838 = ORIENTED_EDGE ( 'NONE', *, *, #73, .T. ) ;
#2839 = CARTESIAN_POINT ( 'NONE',  ( 0.2800000000000003042, 0.2000000000000000944, -1.025000000000002798 ) ) ;
#2840 = VECTOR ( 'NONE', #2407, 1000.000000000000000 ) ;
#2841 = CYLINDRICAL_SURFACE ( 'NONE', #1353, 0.1249999999999997918 ) ;
#2842 = CARTESIAN_POINT ( 'NONE',  ( -0.07999999999999918288, 0.2000000000000000944, -1.075000000000002176 ) ) ;
#2843 = EDGE_CURVE ( 'NONE', #838, #2477, #344, .T. ) ;
#2844 = VECTOR ( 'NONE', #3294, 1000.000000000000000 ) ;
#2845 = ORIENTED_EDGE ( 'NONE', *, *, #2608, .F. ) ;
#2846 = VERTEX_POINT ( 'NONE', #2924 ) ;
#2847 = SURFACE_STYLE_USAGE ( .BOTH. , #939 ) ;
#2848 = LINE ( 'NONE', #3184, #2106 ) ;
#2849 = VECTOR ( 'NONE', #1011, 1000.000000000000000 ) ;
#2850 = ORIENTED_EDGE ( 'NONE', *, *, #280, .F. ) ;
#2851 = CYLINDRICAL_SURFACE ( 'NONE', #1516, 0.1249999999999997918 ) ;
#2852 = CARTESIAN_POINT ( 'NONE',  ( -1.000000000000000000, 0.2000000000000000111, 0.8750000000000014433 ) ) ;
#2853 = DIRECTION ( 'NONE',  ( -1.000000000000000000, 0.000000000000000000, 0.000000000000000000 ) ) ;
#2854 = ORIENTED_EDGE ( 'NONE', *, *, #1610, .F. ) ;
#2855 = AXIS2_PLACEMENT_3D ( 'NONE', #1076, #3258, #1357 ) ;
#2856 = ORIENTED_EDGE ( 'NONE', *, *, #1610, .T. ) ;
#2857 = AXIS2_PLACEMENT_3D ( 'NONE', #3197, #1331, #1833 ) ;
#2858 = CARTESIAN_POINT ( 'NONE',  ( 0.2799999999999998601, 0.2000000000000000944, 1.024999999999997691 ) ) ;
#2859 = PRODUCT_RELATED_PRODUCT_CATEGORY ( 'part', '', ( #1189 ) ) ;
#2860 = VERTEX_POINT ( 'NONE', #1882 ) ;
#2861 = LINE ( 'NONE', #3106, #303 ) ;
#2862 = CARTESIAN_POINT ( 'NONE',  ( 0.7250000000000001998, 0.2000000000000000111, 0.2500000000000004441 ) ) ;
#2863 = DIRECTION ( 'NONE',  ( 0.000000000000000000, 1.000000000000000000, 0.000000000000000000 ) ) ;
#2864 = VERTEX_POINT ( 'NONE', #2655 ) ;
#2865 = DIRECTION ( 'NONE',  ( 0.000000000000000000, 0.000000000000000000, 1.000000000000000000 ) ) ;
#2866 = ORIENTED_EDGE ( 'NONE', *, *, #2622, .F. ) ;
#2867 = CARTESIAN_POINT ( 'NONE',  ( -0.7250000000000008660, 0.2000000000000000111, -0.2499999999999989175 ) ) ;
#2868 = FACE_OUTER_BOUND ( 'NONE', #722, .T. ) ;
#2869 = ORIENTED_EDGE ( 'NONE', *, *, #856, .T. ) ;
#2870 = VERTEX_POINT ( 'NONE', #3448 ) ;
#2871 = DIRECTION ( 'NONE',  ( 0.000000000000000000, 0.000000000000000000, -1.000000000000000000 ) ) ;
#2872 = CARTESIAN_POINT ( 'NONE',  ( 0.7250000000000001998, 0.1999999999999999833, -0.8749999999999993339 ) ) ;
#2873 = CARTESIAN_POINT ( 'NONE',  ( 0.9999999999999995559, 0.000000000000000000, 0.3750000000000005551 ) ) ;
#2874 = VERTEX_POINT ( 'NONE', #217 ) ;
#2875 = VERTEX_POINT ( 'NONE', #548 ) ;
#2876 = FACE_OUTER_BOUND ( 'NONE', #1940, .T. ) ;
#2877 = ORIENTED_EDGE ( 'NONE', *, *, #178, .F. ) ;
#2878 = DIRECTION ( 'NONE',  ( 7.885106708985495936E-16, -0.000000000000000000, 1.000000000000000000 ) ) ;
#2879 = ORIENTED_EDGE ( 'NONE', *, *, #1627, .F. ) ;
#2880 = CARTESIAN_POINT ( 'NONE',  ( -0.7250000000000008660, 0.000000000000000000, 0.6250000000000014433 ) ) ;
#2881 = EDGE_CURVE ( 'NONE', #2024, #2689, #2111, .T. ) ;
#2882 = LINE ( 'NONE', #2572, #3455 ) ;
#2883 = CARTESIAN_POINT ( 'NONE',  ( 0.9999999999999991118, 0.05000000000000000278, 1.500000000000000000 ) ) ;
#2884 = DIRECTION ( 'NONE',  ( 0.000000000000000000, -1.000000000000000000, 0.000000000000000000 ) ) ;
#2885 = CLOSED_SHELL ( 'NONE', ( #2334, #256, #837, #2003, #1960, #539 ) ) ;
#2886 = CARTESIAN_POINT ( 'NONE',  ( -1.000000000000000000, 0.1999999999999999833, 0.8750000000000014433 ) ) ;
#2887 = FACE_OUTER_BOUND ( 'NONE', #1867, .T. ) ;
#2888 = CARTESIAN_POINT ( 'NONE',  ( 0.9999999999999995559, 0.2000000000000000111, -0.6249999999999994449 ) ) ;
#2889 = VECTOR ( 'NONE', #893, 1000.000000000000000 ) ;
#2890 = ORIENTED_EDGE ( 'NONE', *, *, #364, .F. ) ;
#2891 = DIRECTION ( 'NONE',  ( -0.000000000000000000, 0.000000000000000000, 1.000000000000000000 ) ) ;
#2892 = AXIS2_PLACEMENT_3D ( 'NONE', #3161, #2863, #3130 ) ;
#2893 = LINE ( 'NONE', #1779, #683 ) ;
#2894 = ORIENTED_EDGE ( 'NONE', *, *, #1951, .F. ) ;
#2895 = VECTOR ( 'NONE', #1291, 1000.000000000000000 ) ;
#2896 = CARTESIAN_POINT ( 'NONE',  ( -0.7600000000000003419, 0.7499999999999998890, -0.1999999999999996503 ) ) ;
#2897 = CARTESIAN_POINT ( 'NONE',  ( -1.000000000000000000, 0.6716990566028296916, -0.1249999999999985983 ) ) ;
#2898 = CARTESIAN_POINT ( 'NONE',  ( 0.7250000000000001998, 0.000000000000000000, 0.1250000000000007494 ) ) ;
#2899 = ADVANCED_FACE ( 'NONE', ( #2693 ), #1050, .F. ) ;
#2900 = VECTOR ( 'NONE', #2365, 1000.000000000000000 ) ;
#2901 = CARTESIAN_POINT ( 'NONE',  ( 0.000000000000000000, 0.05000000000000000278, -0.3749999999999992228 ) ) ;
#2902 =( GEOMETRIC_REPRESENTATION_CONTEXT ( 3 ) GLOBAL_UNCERTAINTY_ASSIGNED_CONTEXT ( ( #1553 ) ) GLOBAL_UNIT_ASSIGNED_CONTEXT ( ( #1310, #2154, #41 ) ) REPRESENTATION_CONTEXT ( 'NONE', 'WORKASPACE' ) );
#2903 = EDGE_CURVE ( 'NONE', #2132, #64, #2674, .T. ) ;
#2904 = ORIENTED_EDGE ( 'NONE', *, *, #2188, .F. ) ;
#2905 = VECTOR ( 'NONE', #295, 1000.000000000000000 ) ;
#2906 = CARTESIAN_POINT ( 'NONE',  ( -1.000000000000000000, 0.04999999999999999584, -0.1249999999999985983 ) ) ;
#2907 = DIRECTION ( 'NONE',  ( 0.000000000000000000, 0.000000000000000000, -1.000000000000000000 ) ) ;
#2908 = AXIS2_PLACEMENT_3D ( 'NONE', #2048, #1771, #2871 ) ;
#2909 = CARTESIAN_POINT ( 'NONE',  ( -0.2300000000000002875, 0.000000000000000000, 1.074999999999997957 ) ) ;
#2910 = VECTOR ( 'NONE', #2947, 1000.000000000000000 ) ;
#2911 = ADVANCED_FACE ( 'NONE', ( #1035 ), #2162, .F. ) ;
#2912 = EDGE_LOOP ( 'NONE', ( #2020, #534, #2357, #2894 ) ) ;
#2913 = CARTESIAN_POINT ( 'NONE',  ( 0.7250000000000006439, 0.2000000000000000111, -0.1249999999999996808 ) ) ;
#2914 = ORIENTED_EDGE ( 'NONE', *, *, #2441, .F. ) ;
#2915 = SURFACE_SIDE_STYLE ('',( #2358 ) ) ;
#2916 = ORIENTED_EDGE ( 'NONE', *, *, #1925, .T. ) ;
#2917 = CARTESIAN_POINT ( 'NONE',  ( -1.000000000000000000, 0.6716990566028296916, -0.6249999999999985567 ) ) ;
#2918 = FACE_OUTER_BOUND ( 'NONE', #269, .T. ) ;
#2919 = DIRECTION ( 'NONE',  ( 0.000000000000000000, 0.000000000000000000, -1.000000000000000000 ) ) ;
#2920 = DIRECTION ( 'NONE',  ( 0.000000000000000000, -1.000000000000000000, 0.000000000000000000 ) ) ;
#2921 = VERTEX_POINT ( 'NONE', #3471 ) ;
#2922 = DIRECTION ( 'NONE',  ( 0.000000000000000000, 1.000000000000000000, 0.000000000000000000 ) ) ;
#2923 = DIRECTION ( 'NONE',  ( 0.000000000000000000, 0.000000000000000000, -1.000000000000000000 ) ) ;
#2924 = CARTESIAN_POINT ( 'NONE',  ( -0.2300000000000002875, 0.2000000000000000944, 1.074999999999997957 ) ) ;
#2925 = EDGE_LOOP ( 'NONE', ( #1979, #3118, #275, #2339 ) ) ;
#2926 = ORIENTED_EDGE ( 'NONE', *, *, #2903, .T. ) ;
#2927 = CARTESIAN_POINT ( 'NONE',  ( -0.7600000000000003419, 0.7500000000000000000, -1.199999999999999734 ) ) ;
#2928 = ORIENTED_EDGE ( 'NONE', *, *, #878, .T. ) ;
#2929 = ORIENTED_EDGE ( 'NONE', *, *, #1511, .T. ) ;
#2930 = PLANE ( 'NONE',  #412 ) ;
#2931 = SURFACE_SIDE_STYLE ('',( #244 ) ) ;
#2932 = CARTESIAN_POINT ( 'NONE',  ( -0.7250000000000008660, 0.2000000000000000111, -0.3749999999999986122 ) ) ;
#2933 = DIRECTION ( 'NONE',  ( 1.734723475976808278E-15, -0.000000000000000000, 1.000000000000000000 ) ) ;
#2934 = EDGE_LOOP ( 'NONE', ( #2427, #1885, #55, #3099 ) ) ;
#2935 = EDGE_CURVE ( 'NONE', #1656, #1492, #3193, .T. ) ;
#2936 = LINE ( 'NONE', #2087, #26 ) ;
#2937 = CARTESIAN_POINT ( 'NONE',  ( -0.2800000000000000822, 0.2000000000000000944, -0.8750000000000027756 ) ) ;
#2938 = CARTESIAN_POINT ( 'NONE',  ( 0.9999999999999995559, 0.6716990566028296916, 0.8750000000000005551 ) ) ;
#2939 = EDGE_CURVE ( 'NONE', #3132, #1677, #492, .T. ) ;
#2940 = UNCERTAINTY_MEASURE_WITH_UNIT (LENGTH_MEASURE( 1.000000000000000082E-05 ), #538, 'distance_accuracy_value', 'NONE');
#2941 = ORIENTED_EDGE ( 'NONE', *, *, #708, .F. ) ;
#2942 = ORIENTED_EDGE ( 'NONE', *, *, #518, .F. ) ;
#2943 = LINE ( 'NONE', #3493, #2740 ) ;
#2944 = EDGE_CURVE ( 'NONE', #457, #1820, #511, .T. ) ;
#2945 =( NAMED_UNIT ( * ) PLANE_ANGLE_UNIT ( ) SI_UNIT ( $, .RADIAN. ) );
#2946 = ORIENTED_EDGE ( 'NONE', *, *, #178, .T. ) ;
#2947 = DIRECTION ( 'NONE',  ( 1.445602896647339410E-16, 0.000000000000000000, -1.000000000000000000 ) ) ;
#2948 = VECTOR ( 'NONE', #2600, 1000.000000000000000 ) ;
#2949 = DIRECTION ( 'NONE',  ( 0.000000000000000000, 0.000000000000000000, -1.000000000000000000 ) ) ;
#2950 = EDGE_CURVE ( 'NONE', #2451, #737, #1259, .T. ) ;
#2951 = DIRECTION ( 'NONE',  ( 0.000000000000000000, 1.000000000000000000, 0.000000000000000000 ) ) ;
#2952 = DIRECTION ( 'NONE',  ( 1.000000000000000000, -0.000000000000000000, -1.577021341797103132E-15 ) ) ;
#2953 = VECTOR ( 'NONE', #3220, 1000.000000000000000 ) ;
#2954 = ORIENTED_EDGE ( 'NONE', *, *, #643, .F. ) ;
#2955 = PRESENTATION_LAYER_ASSIGNMENT (  '', '', ( #185 ) ) ;
#2956 = LINE ( 'NONE', #2439, #63 ) ;
#2957 = VECTOR ( 'NONE', #2635, 1000.000000000000000 ) ;
#2958 = CARTESIAN_POINT ( 'NONE',  ( -0.7250000000000008660, 0.1999999999999999833, -0.8749999999999985567 ) ) ;
#2959 = VECTOR ( 'NONE', #380, 1000.000000000000000 ) ;
#2960 = CARTESIAN_POINT ( 'NONE',  ( 0.7250000000000001998, 0.000000000000000000, -0.2499999999999995837 ) ) ;
#2961 = AXIS2_PLACEMENT_3D ( 'NONE', #1826, #2922, #996 ) ;
#2962 = ORIENTED_EDGE ( 'NONE', *, *, #336, .T. ) ;
#2963 = VERTEX_POINT ( 'NONE', #268 ) ;
#2964 = AXIS2_PLACEMENT_3D ( 'NONE', #2529, #2785, #323 ) ;
#2965 = LINE ( 'NONE', #536, #587 ) ;
#2966 = VERTEX_POINT ( 'NONE', #2909 ) ;
#2967 = DIRECTION ( 'NONE',  ( 0.000000000000000000, 1.000000000000000000, -0.000000000000000000 ) ) ;
#2968 = EDGE_CURVE ( 'NONE', #2874, #1850, #3316, .T. ) ;
#2969 = ORIENTED_EDGE ( 'NONE', *, *, #1550, .F. ) ;
#2970 =( NAMED_UNIT ( * ) SI_UNIT ( $, .STERADIAN. ) SOLID_ANGLE_UNIT ( ) );
#2971 =( NAMED_UNIT ( * ) SI_UNIT ( $, .STERADIAN. ) SOLID_ANGLE_UNIT ( ) );
#2972 = VECTOR ( 'NONE', #3203, 1000.000000000000000 ) ;
#2973 = DIRECTION ( 'NONE',  ( -1.000000000000000000, 0.000000000000000000, 7.885106708985496922E-16 ) ) ;
#2974 = LINE ( 'NONE', #327, #2676 ) ;
#2975 = VECTOR ( 'NONE', #487, 1000.000000000000000 ) ;
#2976 = PLANE ( 'NONE',  #1969 ) ;
#2977 = DIRECTION ( 'NONE',  ( -1.000000000000000000, -0.000000000000000000, -0.000000000000000000 ) ) ;
#2978 = DIRECTION ( 'NONE',  ( 0.000000000000000000, -1.000000000000000000, 0.000000000000000000 ) ) ;
#2979 = VERTEX_POINT ( 'NONE', #1085 ) ;
#2980 = CARTESIAN_POINT ( 'NONE',  ( -0.7250000000000008660, 0.2000000000000000111, -0.7499999999999988898 ) ) ;
#2981 = EDGE_CURVE ( 'NONE', #257, #872, #2287, .T. ) ;
#2982 = LINE ( 'NONE', #3199, #3128 ) ;
#2983 = ORIENTED_EDGE ( 'NONE', *, *, #3097, .F. ) ;
#2984 = CARTESIAN_POINT ( 'NONE',  ( -0.7250000000000008660, 0.000000000000000000, 0.7500000000000011102 ) ) ;
#2985 = VERTEX_POINT ( 'NONE', #2725 ) ;
#2986 = CARTESIAN_POINT ( 'NONE',  ( 0.9999999999999995559, 0.2000000000000000111, 0.1250000000000007494 ) ) ;
#2987 = CARTESIAN_POINT ( 'NONE',  ( 0.9999999999999995559, 0.2000000000000000111, -0.1249999999999994588 ) ) ;
#2988 = LINE ( 'NONE', #1878, #1301 ) ;
#2989 = EDGE_CURVE ( 'NONE', #890, #371, #2212, .T. ) ;
#2990 = EDGE_CURVE ( 'NONE', #2689, #242, #2539, .T. ) ;
#2991 = FACE_OUTER_BOUND ( 'NONE', #2011, .T. ) ;
#2992 = FACE_OUTER_BOUND ( 'NONE', #1605, .T. ) ;
#2993 = DIRECTION ( 'NONE',  ( 0.000000000000000000, -0.000000000000000000, 1.000000000000000000 ) ) ;
#2994 = VERTEX_POINT ( 'NONE', #1911 ) ;
#2995 = DIRECTION ( 'NONE',  ( -1.000000000000000000, 0.000000000000000000, 1.577021341797103132E-15 ) ) ;
#2996 = CARTESIAN_POINT ( 'NONE',  ( 0.9999999999999993339, 0.05000000000000000278, -0.6249999999999994449 ) ) ;
#2997 = VECTOR ( 'NONE', #3043, 1000.000000000000000 ) ;
#2998 = VERTEX_POINT ( 'NONE', #2757 ) ;
#2999 = ORIENTED_EDGE ( 'NONE', *, *, #2315, .F. ) ;
#3000 = FILL_AREA_STYLE ('',( #2452 ) ) ;
#3001 = PRESENTATION_STYLE_ASSIGNMENT (( #1306 ) ) ;
#3002 = CARTESIAN_POINT ( 'NONE',  ( -0.07999999999999912736, 2.421733557382613533, -1.075000000000002176 ) ) ;
#3003 = DIRECTION ( 'NONE',  ( 0.000000000000000000, -1.000000000000000000, 0.000000000000000000 ) ) ;
#3004 = VECTOR ( 'NONE', #533, 1000.000000000000000 ) ;
#3005 = CARTESIAN_POINT ( 'NONE',  ( -0.2800000000000003042, 0.2000000000000000944, 1.024999999999998135 ) ) ;
#3006 = PLANE ( 'NONE',  #2110 ) ;
#3007 = ADVANCED_FACE ( 'NONE', ( #44 ), #317, .F. ) ;
#3008 =( GEOMETRIC_REPRESENTATION_CONTEXT ( 3 ) GLOBAL_UNCERTAINTY_ASSIGNED_CONTEXT ( ( #2940 ) ) GLOBAL_UNIT_ASSIGNED_CONTEXT ( ( #538, #2697, #2430 ) ) REPRESENTATION_CONTEXT ( 'NONE', 'WORKASPACE' ) );
#3009 = APPLICATION_CONTEXT ( 'automotive_design' ) ;
#3010 = DIRECTION ( 'NONE',  ( 0.000000000000000000, 0.000000000000000000, 1.000000000000000000 ) ) ;
#3011 = VECTOR ( 'NONE', #1626, 1000.000000000000000 ) ;
#3012 = ORIENTED_EDGE ( 'NONE', *, *, #218, .F. ) ;
#3013 = PLANE ( 'NONE',  #12 ) ;
#3014 = ORIENTED_EDGE ( 'NONE', *, *, #1693, .T. ) ;
#3015 = DIRECTION ( 'NONE',  ( -1.000000000000000000, 0.000000000000000000, 7.885106708985495936E-16 ) ) ;
#3016 = STYLED_ITEM ( 'NONE', ( #2254 ), #1990 ) ;
#3017 = VECTOR ( 'NONE', #1593, 1000.000000000000000 ) ;
#3018 = ORIENTED_EDGE ( 'NONE', *, *, #2113, .T. ) ;
#3019 = PLANE ( 'NONE',  #2091 ) ;
#3020 = CARTESIAN_POINT ( 'NONE',  ( -1.000000000000000000, 0.04999999999999999584, 0.8750000000000014433 ) ) ;
#3021 = DIRECTION ( 'NONE',  ( -0.000000000000000000, -1.000000000000000000, -0.000000000000000000 ) ) ;
#3022 = VECTOR ( 'NONE', #949, 1000.000000000000000 ) ;
#3023 = LINE ( 'NONE', #842, #1691 ) ;
#3024 = DIRECTION ( 'NONE',  ( -1.000000000000000000, -0.000000000000000000, -0.000000000000000000 ) ) ;
#3025 = DIRECTION ( 'NONE',  ( 0.000000000000000000, 0.000000000000000000, 1.000000000000000000 ) ) ;
#3026 = ADVANCED_FACE ( 'NONE', ( #1952 ), #940, .T. ) ;
#3027 = PLANE ( 'NONE',  #1280 ) ;
#3028 = CARTESIAN_POINT ( 'NONE',  ( 0.2799999999999998601, 0.000000000000000000, 1.074999999999997513 ) ) ;
#3029 = DIRECTION ( 'NONE',  ( 1.000000000000000000, -0.000000000000000000, -1.577021341797103132E-15 ) ) ;
#3030 = EDGE_LOOP ( 'NONE', ( #2391, #3223, #649, #2056 ) ) ;
#3031 = EDGE_CURVE ( 'NONE', #959, #358, #614, .T. ) ;
#3032 = CARTESIAN_POINT ( 'NONE',  ( -0.7250000000000010880, 0.1999999999999999833, 0.3750000000000008882 ) ) ;
#3033 = ADVANCED_FACE ( 'NONE', ( #3297 ), #1681, .F. ) ;
#3034 = EDGE_CURVE ( 'NONE', #2860, #929, #1399, .T. ) ;
#3035 = ORIENTED_EDGE ( 'NONE', *, *, #3270, .T. ) ;
#3036 = ORIENTED_EDGE ( 'NONE', *, *, #381, .F. ) ;
#3037 = DIRECTION ( 'NONE',  ( 0.000000000000000000, -1.000000000000000000, 0.000000000000000000 ) ) ;
#3038 = CARTESIAN_POINT ( 'NONE',  ( 0.2799999999999998601, 0.2000000000000000944, 1.074999999999997513 ) ) ;
#3039 = DIRECTION ( 'NONE',  ( 0.000000000000000000, 0.000000000000000000, 1.000000000000000000 ) ) ;
#3040 = DIRECTION ( 'NONE',  ( 0.000000000000000000, 1.000000000000000000, 0.000000000000000000 ) ) ;
#3041 = DIRECTION ( 'NONE',  ( -0.000000000000000000, -1.000000000000000000, -0.000000000000000000 ) ) ;
#3042 = ORIENTED_EDGE ( 'NONE', *, *, #3103, .T. ) ;
#3043 = DIRECTION ( 'NONE',  ( 2.017120320903264195E-16, 0.000000000000000000, -1.000000000000000000 ) ) ;
#3044 = LINE ( 'NONE', #2691, #1535 ) ;
#3045 = CARTESIAN_POINT ( 'NONE',  ( -0.7250000000000010880, 0.2000000000000000111, -0.1249999999999991396 ) ) ;
#3046 = CARTESIAN_POINT ( 'NONE',  ( 0.9999999999999995559, 0.1999999999999999833, 0.1250000000000007494 ) ) ;
#3047 = DIRECTION ( 'NONE',  ( 0.000000000000000000, -1.000000000000000000, 0.000000000000000000 ) ) ;
#3048 = EDGE_CURVE ( 'NONE', #496, #637, #859, .T. ) ;
#3049 = EDGE_CURVE ( 'NONE', #2658, #1996, #676, .T. ) ;
#3050 = ORIENTED_EDGE ( 'NONE', *, *, #2023, .F. ) ;
#3051 = VERTEX_POINT ( 'NONE', #1099 ) ;
#3052 = CARTESIAN_POINT ( 'NONE',  ( -0.7250000000000008660, 0.000000000000000000, 0.2500000000000011102 ) ) ;
#3053 = DIRECTION ( 'NONE',  ( 0.000000000000000000, 0.000000000000000000, -1.000000000000000000 ) ) ;
#3054 = PLANE ( 'NONE',  #2667 ) ;
#3055 = DIRECTION ( 'NONE',  ( 0.000000000000000000, 0.000000000000000000, -1.000000000000000000 ) ) ;
#3056 = VECTOR ( 'NONE', #3324, 1000.000000000000000 ) ;
#3057 = CARTESIAN_POINT ( 'NONE',  ( 0.2800000000000000822, 0.05000000000000000278, 5.647936898529142014E-17 ) ) ;
#3058 = DIRECTION ( 'NONE',  ( 1.000000000000000000, 0.000000000000000000, 0.000000000000000000 ) ) ;
#3059 = AXIS2_PLACEMENT_3D ( 'NONE', #393, #1467, #3010 ) ;
#3060 = ORIENTED_EDGE ( 'NONE', *, *, #510, .F. ) ;
#3061 = ORIENTED_EDGE ( 'NONE', *, *, #857, .T. ) ;
#3062 = COLOUR_RGB ( '',0.7921568627450980005, 0.8196078431372548767, 0.9333333333333333481 ) ;
#3063 = CARTESIAN_POINT ( 'NONE',  ( 0.2799999999999998601, 0.2000000000000000944, 1.024999999999997691 ) ) ;
#3064 = AXIS2_PLACEMENT_3D ( 'NONE', #1764, #2586, #427 ) ;
#3065 = DIRECTION ( 'NONE',  ( 1.000000000000000000, 0.000000000000000000, -7.885106708985497909E-16 ) ) ;
#3066 = ORIENTED_EDGE ( 'NONE', *, *, #3389, .T. ) ;
#3067 = COLOUR_RGB ( '',0.7921568627450980005, 0.8196078431372548767, 0.9333333333333333481 ) ;
#3068 = ADVANCED_FACE ( 'NONE', ( #583, #2707 ), #2461, .T. ) ;
#3069 = AXIS2_PLACEMENT_3D ( 'NONE', #3145, #3378, #2319 ) ;
#3070 = ORIENTED_EDGE ( 'NONE', *, *, #1758, .T. ) ;
#3071 = ORIENTED_EDGE ( 'NONE', *, *, #1260, .T. ) ;
#3072 = AXIS2_PLACEMENT_3D ( 'NONE', #1680, #909, #1988 ) ;
#3073 = FACE_OUTER_BOUND ( 'NONE', #3257, .T. ) ;
#3074 = PLANE ( 'NONE',  #1863 ) ;
#3075 = EDGE_CURVE ( 'NONE', #175, #896, #833, .T. ) ;
#3076 = CARTESIAN_POINT ( 'NONE',  ( 0.2299999999999998712, 2.421733557382613533, 1.024999999999997691 ) ) ;
#3077 = AXIS2_PLACEMENT_3D ( 'NONE', #2366, #435, #1842 ) ;
#3078 = DIRECTION ( 'NONE',  ( 0.000000000000000000, 0.000000000000000000, 1.000000000000000000 ) ) ;
#3079 = VECTOR ( 'NONE', #2356, 1000.000000000000000 ) ;
#3080 = PLANE ( 'NONE',  #741 ) ;
#3081 = DIRECTION ( 'NONE',  ( 0.000000000000000000, 1.000000000000000000, 0.000000000000000000 ) ) ;
#3082 = DIRECTION ( 'NONE',  ( 0.000000000000000000, -1.000000000000000000, 0.000000000000000000 ) ) ;
#3083 = DIRECTION ( 'NONE',  ( 1.000000000000000000, 0.000000000000000000, 7.885106708985515658E-16 ) ) ;
#3084 = ORIENTED_EDGE ( 'NONE', *, *, #2990, .F. ) ;
#3085 = ORIENTED_EDGE ( 'NONE', *, *, #1809, .T. ) ;
#3086 = EDGE_CURVE ( 'NONE', #2382, #1542, #2602, .T. ) ;
#3087 = EDGE_LOOP ( 'NONE', ( #398, #3231, #290, #2290 ) ) ;
#3088 = CARTESIAN_POINT ( 'NONE',  ( -0.7250000000000008660, 0.2000000000000000111, -0.7499999999999988898 ) ) ;
#3089 = ORIENTED_EDGE ( 'NONE', *, *, #1669, .F. ) ;
#3090 = DIRECTION ( 'NONE',  ( 0.000000000000000000, 0.000000000000000000, 1.000000000000000000 ) ) ;
#3091 = VERTEX_POINT ( 'NONE', #2232 ) ;
#3092 = DIRECTION ( 'NONE',  ( 0.000000000000000000, 1.000000000000000000, 0.000000000000000000 ) ) ;
#3093 = ORIENTED_EDGE ( 'NONE', *, *, #575, .F. ) ;
#3094 = FACE_OUTER_BOUND ( 'NONE', #388, .T. ) ;
#3095 = CARTESIAN_POINT ( 'NONE',  ( -0.7250000000000010880, 0.6716990566028296916, 0.3750000000000008882 ) ) ;
#3096 = ADVANCED_FACE ( 'NONE', ( #284 ), #1651, .T. ) ;
#3097 = EDGE_CURVE ( 'NONE', #1176, #1563, #1199, .T. ) ;
#3098 = ORIENTED_EDGE ( 'NONE', *, *, #3317, .F. ) ;
#3099 = ORIENTED_EDGE ( 'NONE', *, *, #1457, .T. ) ;
#3100 = EDGE_LOOP ( 'NONE', ( #465, #1036, #424, #1705 ) ) ;
#3101 = FILL_AREA_STYLE_COLOUR ( '', #1864 ) ;
#3102 = FACE_OUTER_BOUND ( 'NONE', #3465, .T. ) ;
#3103 = EDGE_CURVE ( 'NONE', #3424, #1492, #21, .T. ) ;
#3104 = ORIENTED_EDGE ( 'NONE', *, *, #1502, .T. ) ;
#3105 = ORIENTED_EDGE ( 'NONE', *, *, #2169, .T. ) ;
#3106 = CARTESIAN_POINT ( 'NONE',  ( -0.07999999999999923839, 2.421733557382613533, -1.075000000000002176 ) ) ;
#3107 = DIRECTION ( 'NONE',  ( 1.000000000000000000, 0.000000000000000000, -7.744301232039311751E-16 ) ) ;
#3108 = EDGE_LOOP ( 'NONE', ( #1762, #864, #2735, #1539 ) ) ;
#3109 = DIRECTION ( 'NONE',  ( -1.000000000000000000, 0.000000000000000000, -1.008560160451632098E-16 ) ) ;
#3110 = ORIENTED_EDGE ( 'NONE', *, *, #1216, .T. ) ;
#3111 = ORIENTED_EDGE ( 'NONE', *, *, #2487, .F. ) ;
#3112 = PLANE ( 'NONE',  #692 ) ;
#3113 = DIRECTION ( 'NONE',  ( 0.000000000000000000, -1.000000000000000000, 0.000000000000000000 ) ) ;
#3114 = ORIENTED_EDGE ( 'NONE', *, *, #2577, .F. ) ;
#3115 = LINE ( 'NONE', #2534, #1400 ) ;
#3116 = CARTESIAN_POINT ( 'NONE',  ( -1.000000000000000000, 5.205551275463989214, 1.500000000000000444 ) ) ;
#3117 = VECTOR ( 'NONE', #1490, 1000.000000000000000 ) ;
#3118 = ORIENTED_EDGE ( 'NONE', *, *, #2935, .T. ) ;
#3119 = DIRECTION ( 'NONE',  ( -0.000000000000000000, 0.000000000000000000, 1.000000000000000000 ) ) ;
#3120 = CIRCLE ( 'NONE', #2320, 0.1249999999999997918 ) ;
#3121 = DIRECTION ( 'NONE',  ( 0.000000000000000000, -1.000000000000000000, 0.000000000000000000 ) ) ;
#3122 = ADVANCED_FACE ( 'NONE', ( #3202 ), #1783, .T. ) ;
#3123 = VECTOR ( 'NONE', #1621, 1000.000000000000000 ) ;
#3124 = VECTOR ( 'NONE', #1375, 1000.000000000000000 ) ;
#3125 = ORIENTED_EDGE ( 'NONE', *, *, #1948, .F. ) ;
#3126 = ORIENTED_EDGE ( 'NONE', *, *, #650, .F. ) ;
#3127 = CARTESIAN_POINT ( 'NONE',  ( 0.7250000000000001998, 0.2000000000000000111, 0.6250000000000007772 ) ) ;
#3128 = VECTOR ( 'NONE', #2450, 1000.000000000000000 ) ;
#3129 = CARTESIAN_POINT ( 'NONE',  ( -0.6400000000000003464, 0.8000000000000000444, -0.1999999999999996503 ) ) ;
#3130 = DIRECTION ( 'NONE',  ( 0.000000000000000000, 0.000000000000000000, 1.000000000000000000 ) ) ;
#3131 = VECTOR ( 'NONE', #3315, 1000.000000000000000 ) ;
#3132 = VERTEX_POINT ( 'NONE', #3165 ) ;
#3133 = CARTESIAN_POINT ( 'NONE',  ( 0.7250000000000001998, 0.2000000000000000111, -0.7499999999999995559 ) ) ;
#3134 = AXIS2_PLACEMENT_3D ( 'NONE', #378, #1394, #3336 ) ;
#3135 = DIRECTION ( 'NONE',  ( 0.000000000000000000, 0.000000000000000000, 1.000000000000000000 ) ) ;
#3136 = DIRECTION ( 'NONE',  ( 0.000000000000000000, 1.000000000000000000, -0.000000000000000000 ) ) ;
#3137 = VECTOR ( 'NONE', #1431, 1000.000000000000000 ) ;
#3138 = ORIENTED_EDGE ( 'NONE', *, *, #3245, .F. ) ;
#3139 = DIRECTION ( 'NONE',  ( 1.000000000000000000, -0.000000000000000000, -7.744301232039311751E-16 ) ) ;
#3140 = EDGE_CURVE ( 'NONE', #3147, #897, #1982, .T. ) ;
#3141 = DIRECTION ( 'NONE',  ( 0.000000000000000000, 0.000000000000000000, 1.000000000000000000 ) ) ;
#3142 = EDGE_CURVE ( 'NONE', #768, #2062, #717, .T. ) ;
#3143 = ORIENTED_EDGE ( 'NONE', *, *, #3178, .F. ) ;
#3144 = CARTESIAN_POINT ( 'NONE',  ( -0.6400000000000003464, 0.7499999999999998890, -0.1999999999999996503 ) ) ;
#3145 = CARTESIAN_POINT ( 'NONE',  ( -0.7250000000000008660, 0.2000000000000000111, 0.7500000000000011102 ) ) ;
#3146 = DIRECTION ( 'NONE',  ( 0.000000000000000000, 0.000000000000000000, 1.000000000000000000 ) ) ;
#3147 = VERTEX_POINT ( 'NONE', #1799 ) ;
#3148 = VERTEX_POINT ( 'NONE', #734 ) ;
#3149 = SURFACE_STYLE_FILL_AREA ( #1746 ) ;
#3150 = DIRECTION ( 'NONE',  ( 0.000000000000000000, 0.000000000000000000, 1.000000000000000000 ) ) ;
#3151 = DIRECTION ( 'NONE',  ( -1.000000000000000000, 0.000000000000000000, 2.168404344971009854E-16 ) ) ;
#3152 = PLANE ( 'NONE',  #799 ) ;
#3153 = ORIENTED_EDGE ( 'NONE', *, *, #2968, .F. ) ;
#3154 = ORIENTED_EDGE ( 'NONE', *, *, #1047, .T. ) ;
#3155 = CARTESIAN_POINT ( 'NONE',  ( 0.9999999999999995559, 0.2000000000000000111, -0.6249999999999994449 ) ) ;
#3156 = CARTESIAN_POINT ( 'NONE',  ( -0.7250000000000010880, 0.6716990566028296916, 0.8750000000000008882 ) ) ;
#3157 = LINE ( 'NONE', #385, #512 ) ;
#3158 = ORIENTED_EDGE ( 'NONE', *, *, #1588, .F. ) ;
#3159 = LINE ( 'NONE', #2583, #1541 ) ;
#3160 = EDGE_CURVE ( 'NONE', #1512, #2921, #1218, .T. ) ;
#3161 = CARTESIAN_POINT ( 'NONE',  ( -0.7250000000000008660, 0.1999999999999999833, -0.2499999999999989175 ) ) ;
#3162 = EDGE_CURVE ( 'NONE', #1527, #9, #446, .T. ) ;
#3163 = EDGE_CURVE ( 'NONE', #1402, #513, #1635, .T. ) ;
#3164 = ORIENTED_EDGE ( 'NONE', *, *, #1426, .F. ) ;
#3165 = CARTESIAN_POINT ( 'NONE',  ( -0.7250000000000008660, 0.2000000000000000111, -0.3749999999999986122 ) ) ;
#3166 = CARTESIAN_POINT ( 'NONE',  ( -0.7600000000000003419, 0.8000000000000000444, -1.199999999999999734 ) ) ;
#3167 = CARTESIAN_POINT ( 'NONE',  ( 0.9999999999999995559, 0.000000000000000000, -0.1249999999999994588 ) ) ;
#3168 = ORIENTED_EDGE ( 'NONE', *, *, #3389, .F. ) ;
#3169 = EDGE_CURVE ( 'NONE', #2496, #732, #1283, .T. ) ;
#3170 = ORIENTED_EDGE ( 'NONE', *, *, #575, .T. ) ;
#3171 = PLANE ( 'NONE',  #468 ) ;
#3172 = CARTESIAN_POINT ( 'NONE',  ( -0.7250000000000008660, 0.1999999999999999833, -0.7499999999999988898 ) ) ;
#3173 = VECTOR ( 'NONE', #2242, 1000.000000000000000 ) ;
#3174 = LINE ( 'NONE', #1583, #1857 ) ;
#3175 = AXIS2_PLACEMENT_3D ( 'NONE', #46, #3047, #1102 ) ;
#3176 = DIRECTION ( 'NONE',  ( -1.577021341797103132E-15, 0.000000000000000000, -1.000000000000000000 ) ) ;
#3177 = ORIENTED_EDGE ( 'NONE', *, *, #264, .F. ) ;
#3178 = EDGE_CURVE ( 'NONE', #13, #2219, #2882, .T. ) ;
#3179 = VECTOR ( 'NONE', #2472, 1000.000000000000000 ) ;
#3180 = DIRECTION ( 'NONE',  ( 0.000000000000000000, -0.000000000000000000, 1.000000000000000000 ) ) ;
#3181 = ORIENTED_EDGE ( 'NONE', *, *, #2398, .T. ) ;
#3182 = CIRCLE ( 'NONE', #1977, 0.1249999999999997918 ) ;
#3183 = CARTESIAN_POINT ( 'NONE',  ( -1.000000000000000000, 0.000000000000000000, -0.6249999999999985567 ) ) ;
#3184 = CARTESIAN_POINT ( 'NONE',  ( -0.7600000000000003419, -0.2571742649611338805, -1.199999999999999734 ) ) ;
#3185 = CARTESIAN_POINT ( 'NONE',  ( 0.7250000000000001998, 0.04999999999999999584, -0.3749999999999993339 ) ) ;
#3186 = VECTOR ( 'NONE', #2522, 1000.000000000000000 ) ;
#3187 = DIRECTION ( 'NONE',  ( 0.000000000000000000, 0.000000000000000000, 1.000000000000000000 ) ) ;
#3188 = ORIENTED_EDGE ( 'NONE', *, *, #1323, .T. ) ;
#3189 = CIRCLE ( 'NONE', #1359, 0.1249999999999997918 ) ;
#3190 = CARTESIAN_POINT ( 'NONE',  ( 0.9999999999999995559, 0.2000000000000000111, -0.1249999999999994588 ) ) ;
#3191 = DIRECTION ( 'NONE',  ( 0.000000000000000000, 1.000000000000000000, -0.000000000000000000 ) ) ;
#3192 = EDGE_CURVE ( 'NONE', #880, #257, #1520, .T. ) ;
#3193 = LINE ( 'NONE', #203, #2377 ) ;
#3194 = VECTOR ( 'NONE', #139, 1000.000000000000000 ) ;
#3195 = ORIENTED_EDGE ( 'NONE', *, *, #789, .F. ) ;
#3196 = ORIENTED_EDGE ( 'NONE', *, *, #477, .F. ) ;
#3197 = CARTESIAN_POINT ( 'NONE',  ( -0.2800000000000000822, 2.421733557382613533, -0.8750000000000018874 ) ) ;
#3198 = ORIENTED_EDGE ( 'NONE', *, *, #1934, .T. ) ;
#3199 = CARTESIAN_POINT ( 'NONE',  ( 0.9999999999999995559, 0.1999999999999999833, 0.3750000000000005551 ) ) ;
#3200 = EDGE_LOOP ( 'NONE', ( #3196, #3346, #2446, #2557 ) ) ;
#3201 =( NAMED_UNIT ( * ) PLANE_ANGLE_UNIT ( ) SI_UNIT ( $, .RADIAN. ) );
#3202 = FACE_OUTER_BOUND ( 'NONE', #2355, .T. ) ;
#3203 = DIRECTION ( 'NONE',  ( -0.000000000000000000, 1.000000000000000000, -0.000000000000000000 ) ) ;
#3204 = CARTESIAN_POINT ( 'NONE',  ( 0.7250000000000001998, 0.000000000000000000, 0.7500000000000004441 ) ) ;
#3205 = ORIENTED_EDGE ( 'NONE', *, *, #1951, .T. ) ;
#3206 = PLANE ( 'NONE',  #2908 ) ;
#3207 = ADVANCED_FACE ( 'NONE', ( #1503 ), #953, .F. ) ;
#3208 = DIRECTION ( 'NONE',  ( 1.000000000000000000, -0.000000000000000000, -7.885106708985497909E-16 ) ) ;
#3209 = EDGE_CURVE ( 'NONE', #545, #2699, #2080, .T. ) ;
#3210 = FACE_OUTER_BOUND ( 'NONE', #2678, .T. ) ;
#3211 = EDGE_LOOP ( 'NONE', ( #2492, #207, #2330, #618 ) ) ;
#3212 = ORIENTED_EDGE ( 'NONE', *, *, #553, .T. ) ;
#3213 = ADVANCED_FACE ( 'NONE', ( #2918 ), #2344, .T. ) ;
#3214 = PLANE ( 'NONE',  #3308 ) ;
#3215 = ORIENTED_EDGE ( 'NONE', *, *, #135, .F. ) ;
#3216 = DIRECTION ( 'NONE',  ( 0.000000000000000000, 0.000000000000000000, 1.000000000000000000 ) ) ;
#3217 = CARTESIAN_POINT ( 'NONE',  ( -1.000000000000000444, 5.205551275463989214, -1.499999999999999556 ) ) ;
#3218 = FILL_AREA_STYLE ('',( #1594 ) ) ;
#3219 = EDGE_CURVE ( 'NONE', #513, #2643, #3440, .T. ) ;
#3220 = DIRECTION ( 'NONE',  ( 0.000000000000000000, 0.000000000000000000, -1.000000000000000000 ) ) ;
#3221 = LINE ( 'NONE', #2484, #246 ) ;
#3222 = LINE ( 'NONE', #3486, #3461 ) ;
#3223 = ORIENTED_EDGE ( 'NONE', *, *, #3249, .T. ) ;
#3224 = EDGE_CURVE ( 'NONE', #2546, #1408, #2848, .T. ) ;
#3225 = FACE_OUTER_BOUND ( 'NONE', #749, .T. ) ;
#3226 = DIRECTION ( 'NONE',  ( 0.000000000000000000, 1.000000000000000000, 0.000000000000000000 ) ) ;
#3227 = CYLINDRICAL_SURFACE ( 'NONE', #739, 0.1249999999999997918 ) ;
#3228 = EDGE_CURVE ( 'NONE', #2860, #2921, #2378, .T. ) ;
#3229 = ADVANCED_FACE ( 'NONE', ( #3460 ), #485, .F. ) ;
#3230 = VERTEX_POINT ( 'NONE', #174 ) ;
#3231 = ORIENTED_EDGE ( 'NONE', *, *, #1588, .T. ) ;
#3232 = CARTESIAN_POINT ( 'NONE',  ( -0.7600000000000003419, 0.7500000000000000000, -1.199999999999999734 ) ) ;
#3233 = FILL_AREA_STYLE ('',( #1571 ) ) ;
#3234 = CARTESIAN_POINT ( 'NONE',  ( 0.7250000000000001998, 0.2000000000000000111, -0.7499999999999995559 ) ) ;
#3235 = VECTOR ( 'NONE', #2183, 1000.000000000000000 ) ;
#3236 = ORIENTED_EDGE ( 'NONE', *, *, #720, .T. ) ;
#3237 = CARTESIAN_POINT ( 'NONE',  ( 0.7250000000000001998, 0.2000000000000000111, 0.1250000000000007494 ) ) ;
#3238 = DIRECTION ( 'NONE',  ( -1.000000000000000000, 0.000000000000000000, -7.885106708985515658E-16 ) ) ;
#3239 = MANIFOLD_SOLID_BREP ( 'LPattern2[4]', #1623 ) ;
#3240 = VECTOR ( 'NONE', #3399, 1000.000000000000000 ) ;
#3241 = VERTEX_POINT ( 'NONE', #3482 ) ;
#3242 = VECTOR ( 'NONE', #2144, 1000.000000000000000 ) ;
#3243 = CYLINDRICAL_SURFACE ( 'NONE', #786, 0.1249999999999997918 ) ;
#3244 = CYLINDRICAL_SURFACE ( 'NONE', #82, 0.1249999999999997918 ) ;
#3245 = EDGE_CURVE ( 'NONE', #1770, #1994, #1574, .T. ) ;
#3246 = VECTOR ( 'NONE', #1728, 1000.000000000000000 ) ;
#3247 = LINE ( 'NONE', #2640, #3390 ) ;
#3248 = CIRCLE ( 'NONE', #969, 0.1249999999999997918 ) ;
#3249 = EDGE_CURVE ( 'NONE', #2424, #2029, #824, .T. ) ;
#3250 = EDGE_LOOP ( 'NONE', ( #2238, #1247, #3498, #1718 ) ) ;
#3251 = VERTEX_POINT ( 'NONE', #2433 ) ;
#3252 = VECTOR ( 'NONE', #1513, 1000.000000000000000 ) ;
#3253 = CARTESIAN_POINT ( 'NONE',  ( -1.000000000000000000, 0.04999999999999999584, 0.3750000000000014433 ) ) ;
#3254 = VERTEX_POINT ( 'NONE', #2399 ) ;
#3255 = ADVANCED_FACE ( 'NONE', ( #502 ), #37, .F. ) ;
#3256 = EDGE_CURVE ( 'NONE', #929, #1512, #2205, .T. ) ;
#3257 = EDGE_LOOP ( 'NONE', ( #373, #1870, #2426, #2712 ) ) ;
#3258 = DIRECTION ( 'NONE',  ( 0.000000000000000000, 1.000000000000000000, 0.000000000000000000 ) ) ;
#3259 = DIRECTION ( 'NONE',  ( 1.734723475976810053E-15, 0.000000000000000000, 1.000000000000000000 ) ) ;
#3260 = CARTESIAN_POINT ( 'NONE',  ( -0.7250000000000010880, 0.2000000000000000111, 0.8750000000000008882 ) ) ;
#3261 = LINE ( 'NONE', #312, #851 ) ;
#3262 = ORIENTED_EDGE ( 'NONE', *, *, #1980, .T. ) ;
#3263 = CARTESIAN_POINT ( 'NONE',  ( 0.7250000000000006439, 0.2000000000000000111, -0.1249999999999996808 ) ) ;
#3264 = CARTESIAN_POINT ( 'NONE',  ( 0.7250000000000006439, 0.1999999999999999833, 0.3750000000000003331 ) ) ;
#3265 = CARTESIAN_POINT ( 'NONE',  ( 0.9999999999999995559, 5.205551275463989214, -1.499999999999999556 ) ) ;
#3266 = ORIENTED_EDGE ( 'NONE', *, *, #3228, .T. ) ;
#3267 = LINE ( 'NONE', #2748, #71 ) ;
#3268 = VERTEX_POINT ( 'NONE', #2986 ) ;
#3269 = MANIFOLD_SOLID_BREP ( 'Fillet2', #1453 ) ;
#3270 = EDGE_CURVE ( 'NONE', #872, #1512, #1350, .T. ) ;
#3271 = EDGE_LOOP ( 'NONE', ( #2660, #2766, #1639, #762 ) ) ;
#3272 = DIRECTION ( 'NONE',  ( -1.445602896647338917E-16, 0.000000000000000000, -1.000000000000000000 ) ) ;
#3273 = FILL_AREA_STYLE_COLOUR ( '', #1294 ) ;
#3274 = EDGE_CURVE ( 'NONE', #1606, #3051, #1838, .T. ) ;
#3275 = DIRECTION ( 'NONE',  ( 1.000000000000000000, -0.000000000000000000, -1.577021341797103132E-15 ) ) ;
#3276 = LINE ( 'NONE', #781, #802 ) ;
#3277 = PRESENTATION_STYLE_ASSIGNMENT (( #1379 ) ) ;
#3278 = CARTESIAN_POINT ( 'NONE',  ( -0.7250000000000008660, 0.2000000000000000111, 0.2500000000000011102 ) ) ;
#3279 = LINE ( 'NONE', #831, #3299 ) ;
#3280 = DIRECTION ( 'NONE',  ( 0.000000000000000000, 1.000000000000000000, 0.000000000000000000 ) ) ;
#3281 = ORIENTED_EDGE ( 'NONE', *, *, #2762, .F. ) ;
#3282 = LINE ( 'NONE', #1667, #1012 ) ;
#3283 = MANIFOLD_SOLID_BREP ( 'Boss-Extrude2[2]', #2885 ) ;
#3284 = ORIENTED_EDGE ( 'NONE', *, *, #2989, .F. ) ;
#3285 = PLANE ( 'NONE',  #2964 ) ;
#3286 = DIRECTION ( 'NONE',  ( -1.000000000000000000, 0.000000000000000000, -0.000000000000000000 ) ) ;
#3287 = CARTESIAN_POINT ( 'NONE',  ( -1.000000000000000000, 0.2000000000000000111, 0.3750000000000014433 ) ) ;
#3288 = DIRECTION ( 'NONE',  ( 1.445602896647339163E-16, 0.000000000000000000, 1.000000000000000000 ) ) ;
#3289 = AXIS2_PLACEMENT_3D ( 'NONE', #58, #3113, #1933 ) ;
#3290 = LINE ( 'NONE', #328, #356 ) ;
#3291 = CLOSED_SHELL ( 'NONE', ( #622, #1155, #399, #1473, #3026, #1167 ) ) ;
#3292 = DIRECTION ( 'NONE',  ( -0.000000000000000000, -1.000000000000000000, -0.000000000000000000 ) ) ;
#3293 = CIRCLE ( 'NONE', #2892, 0.1249999999999997918 ) ;
#3294 = DIRECTION ( 'NONE',  ( -2.017120320903264442E-16, -0.000000000000000000, 1.000000000000000000 ) ) ;
#3295 = PRESENTATION_LAYER_ASSIGNMENT (  '', '', ( #2543 ) ) ;
#3296 = ORIENTED_EDGE ( 'NONE', *, *, #559, .T. ) ;
#3297 = FACE_OUTER_BOUND ( 'NONE', #1475, .T. ) ;
#3298 = VECTOR ( 'NONE', #2123, 1000.000000000000000 ) ;
#3299 = VECTOR ( 'NONE', #626, 1000.000000000000000 ) ;
#3300 = ORIENTED_EDGE ( 'NONE', *, *, #2675, .T. ) ;
#3301 = DIRECTION ( 'NONE',  ( 1.000000000000000000, 0.000000000000000000, -1.577021341797103132E-15 ) ) ;
#3302 = ORIENTED_EDGE ( 'NONE', *, *, #476, .T. ) ;
#3303 = VECTOR ( 'NONE', #1985, 1000.000000000000000 ) ;
#3304 = EDGE_LOOP ( 'NONE', ( #554, #822, #1884, #2359 ) ) ;
#3305 = ORIENTED_EDGE ( 'NONE', *, *, #153, .T. ) ;
#3306 = LINE ( 'NONE', #1941, #1364 ) ;
#3307 = DIRECTION ( 'NONE',  ( 1.734723475976808278E-15, -0.000000000000000000, 1.000000000000000000 ) ) ;
#3308 = AXIS2_PLACEMENT_3D ( 'NONE', #2980, #2447, #3452 ) ;
#3309 = PLANE ( 'NONE',  #2215 ) ;
#3310 = EDGE_CURVE ( 'NONE', #704, #2528, #2470, .T. ) ;
#3311 = DIRECTION ( 'NONE',  ( 7.885106708985515658E-16, 0.000000000000000000, -1.000000000000000000 ) ) ;
#3312 = LINE ( 'NONE', #107, #408 ) ;
#3313 = ORIENTED_EDGE ( 'NONE', *, *, #329, .T. ) ;
#3314 = DIRECTION ( 'NONE',  ( 0.000000000000000000, 0.000000000000000000, -1.000000000000000000 ) ) ;
#3315 = DIRECTION ( 'NONE',  ( -0.000000000000000000, 1.000000000000000000, -0.000000000000000000 ) ) ;
#3316 = LINE ( 'NONE', #3045, #567 ) ;
#3317 = EDGE_CURVE ( 'NONE', #2658, #737, #67, .T. ) ;
#3318 = ORIENTED_EDGE ( 'NONE', *, *, #3470, .T. ) ;
#3319 = CARTESIAN_POINT ( 'NONE',  ( 0.9999999999999995559, 0.2000000000000000111, -0.6249999999999994449 ) ) ;
#3320 = ORIENTED_EDGE ( 'NONE', *, *, #1260, .F. ) ;
#3321 = ORIENTED_EDGE ( 'NONE', *, *, #1388, .T. ) ;
#3322 = DIRECTION ( 'NONE',  ( 0.000000000000000000, -0.000000000000000000, -1.000000000000000000 ) ) ;
#3323 = DIRECTION ( 'NONE',  ( 0.000000000000000000, -1.000000000000000000, 0.000000000000000000 ) ) ;
#3324 = DIRECTION ( 'NONE',  ( -0.000000000000000000, -1.000000000000000000, -0.000000000000000000 ) ) ;
#3325 = CARTESIAN_POINT ( 'NONE',  ( 0.2299999999999998990, 2.421733557382613533, 1.074999999999997513 ) ) ;
#3326 = EDGE_CURVE ( 'NONE', #242, #2846, #1391, .T. ) ;
#3327 = ORIENTED_EDGE ( 'NONE', *, *, #2944, .T. ) ;
#3328 = ADVANCED_FACE ( 'NONE', ( #2240 ), #2820, .F. ) ;
#3329 = CARTESIAN_POINT ( 'NONE',  ( 0.7250000000000006439, 0.2000000000000000111, 0.8750000000000003331 ) ) ;
#3330 = ORIENTED_EDGE ( 'NONE', *, *, #2939, .T. ) ;
#3331 = EDGE_LOOP ( 'NONE', ( #363, #237, #938, #2714, #2573, #1298, #1586, #2310 ) ) ;
#3332 = CARTESIAN_POINT ( 'NONE',  ( 0.7250000000000006439, 0.04999999999999999584, -0.6249999999999996669 ) ) ;
#3333 = CARTESIAN_POINT ( 'NONE',  ( 0.2800000000000003042, 2.421733557382613533, -1.075000000000002398 ) ) ;
#3334 = FACE_OUTER_BOUND ( 'NONE', #2093, .T. ) ;
#3335 = VECTOR ( 'NONE', #1930, 1000.000000000000000 ) ;
#3336 = DIRECTION ( 'NONE',  ( 1.000000000000000000, 0.000000000000000000, -0.000000000000000000 ) ) ;
#3337 = CARTESIAN_POINT ( 'NONE',  ( 0.7250000000000006439, 0.04999999999999999584, 0.8750000000000003331 ) ) ;
#3338 = LINE ( 'NONE', #3095, #3246 ) ;
#3339 = AXIS2_PLACEMENT_3D ( 'NONE', #979, #3407, #3151 ) ;
#3340 = DIRECTION ( 'NONE',  ( -0.000000000000000000, -1.000000000000000000, -0.000000000000000000 ) ) ;
#3341 = AXIS2_PLACEMENT_3D ( 'NONE', #1544, #3423, #2865 ) ;
#3342 = EDGE_CURVE ( 'NONE', #1225, #1654, #2786, .T. ) ;
#3343 = PLANE ( 'NONE',  #1173 ) ;
#3344 = AXIS2_PLACEMENT_3D ( 'NONE', #2862, #972, #1763 ) ;
#3345 = AXIS2_PLACEMENT_3D ( 'NONE', #149, #3081, #1163 ) ;
#3346 = ORIENTED_EDGE ( 'NONE', *, *, #3404, .F. ) ;
#3347 = EDGE_LOOP ( 'NONE', ( #2827, #307, #3427, #338 ) ) ;
#3348 = AXIS2_PLACEMENT_3D ( 'NONE', #1466, #2002, #3055 ) ;
#3349 = CARTESIAN_POINT ( 'NONE',  ( 0.7250000000000001998, 0.1999999999999999833, 0.6250000000000007772 ) ) ;
#3350 = DIRECTION ( 'NONE',  ( -1.000000000000000000, 0.000000000000000000, 7.744301232039311751E-16 ) ) ;
#3351 = PLANE ( 'NONE',  #3453 ) ;
#3352 = AXIS2_PLACEMENT_3D ( 'NONE', #3234, #812, #555 ) ;
#3353 = ORIENTED_EDGE ( 'NONE', *, *, #2113, .F. ) ;
#3354 = FACE_OUTER_BOUND ( 'NONE', #757, .T. ) ;
#3355 = AXIS2_PLACEMENT_3D ( 'NONE', #3127, #2891, #1538 ) ;
#3356 = LINE ( 'NONE', #123, #1063 ) ;
#3357 = CARTESIAN_POINT ( 'NONE',  ( 0.7250000000000001998, 0.2000000000000000111, 0.7500000000000004441 ) ) ;
#3358 =( NAMED_UNIT ( * ) PLANE_ANGLE_UNIT ( ) SI_UNIT ( $, .RADIAN. ) );
#3359 = DIRECTION ( 'NONE',  ( 0.000000000000000000, -0.000000000000000000, -1.000000000000000000 ) ) ;
#3360 = ADVANCED_FACE ( 'NONE', ( #118 ), #3074, .T. ) ;
#3361 = DIRECTION ( 'NONE',  ( 0.000000000000000000, 0.000000000000000000, 1.000000000000000000 ) ) ;
#3362 = ORIENTED_EDGE ( 'NONE', *, *, #3342, .F. ) ;
#3363 = VERTEX_POINT ( 'NONE', #606 ) ;
#3364 = CARTESIAN_POINT ( 'NONE',  ( -0.6400000000000003464, 0.8000000000000000444, -0.1999999999999996503 ) ) ;
#3365 = CARTESIAN_POINT ( 'NONE',  ( 0.7250000000000006439, 0.1999999999999999833, 0.3750000000000003331 ) ) ;
#3366 = DIRECTION ( 'NONE',  ( 0.000000000000000000, 0.000000000000000000, -1.000000000000000000 ) ) ;
#3367 = ORIENTED_EDGE ( 'NONE', *, *, #428, .F. ) ;
#3368 = CARTESIAN_POINT ( 'NONE',  ( 0.2800000000000003042, 0.2000000000000000944, -1.025000000000002798 ) ) ;
#3369 = CARTESIAN_POINT ( 'NONE',  ( -1.000000000000000000, 0.000000000000000000, -0.1249999999999985983 ) ) ;
#3370 = CARTESIAN_POINT ( 'NONE',  ( -1.000000000000000444, 0.05000000000000000278, -0.8749999999999984457 ) ) ;
#3371 = CARTESIAN_POINT ( 'NONE',  ( -0.2800000000000003042, 0.000000000000000000, 1.024999999999998135 ) ) ;
#3372 = ORIENTED_EDGE ( 'NONE', *, *, #1624, .T. ) ;
#3373 = EDGE_LOOP ( 'NONE', ( #2151, #65, #2802, #811 ) ) ;
#3374 = SURFACE_SIDE_STYLE ('',( #2292 ) ) ;
#3375 = LINE ( 'NONE', #2888, #1629 ) ;
#3376 = ORIENTED_EDGE ( 'NONE', *, *, #3387, .T. ) ;
#3377 = LINE ( 'NONE', #1263, #1702 ) ;
#3378 = DIRECTION ( 'NONE',  ( 0.000000000000000000, 1.000000000000000000, 0.000000000000000000 ) ) ;
#3379 = CARTESIAN_POINT ( 'NONE',  ( -0.2800000000000003042, 2.421733557382613533, 1.074999999999997957 ) ) ;
#3380 = ADVANCED_FACE ( 'NONE', ( #1998 ), #1126, .T. ) ;
#3381 = ORIENTED_EDGE ( 'NONE', *, *, #1344, .F. ) ;
#3382 = CARTESIAN_POINT ( 'NONE',  ( -0.7250000000000008660, 0.2000000000000000111, -0.2499999999999989175 ) ) ;
#3383 = PLANE ( 'NONE',  #3339 ) ;
#3384 = CARTESIAN_POINT ( 'NONE',  ( -0.7600000000000003419, 0.8000000000000000444, -1.199999999999999734 ) ) ;
#3385 = EDGE_CURVE ( 'NONE', #1122, #2963, #2224, .T. ) ;
#3386 = EDGE_LOOP ( 'NONE', ( #3168, #3, #3085, #305 ) ) ;
#3387 = EDGE_CURVE ( 'NONE', #2325, #896, #886, .T. ) ;
#3388 = SURFACE_STYLE_USAGE ( .BOTH. , #3374 ) ;
#3389 = EDGE_CURVE ( 'NONE', #1938, #2006, #140, .T. ) ;
#3390 = VECTOR ( 'NONE', #2089, 1000.000000000000000 ) ;
#3391 = CARTESIAN_POINT ( 'NONE',  ( -1.000000000000000000, 0.000000000000000000, 0.8750000000000014433 ) ) ;
#3392 = CIRCLE ( 'NONE', #2261, 0.1249999999999997918 ) ;
#3393 = VECTOR ( 'NONE', #2530, 1000.000000000000000 ) ;
#3394 = ORIENTED_EDGE ( 'NONE', *, *, #710, .F. ) ;
#3395 = ORIENTED_EDGE ( 'NONE', *, *, #3192, .T. ) ;
#3396 = DIRECTION ( 'NONE',  ( 1.000000000000000000, 0.000000000000000000, -7.885106708985495936E-16 ) ) ;
#3397 = VECTOR ( 'NONE', #2561, 1000.000000000000000 ) ;
#3398 = CARTESIAN_POINT ( 'NONE',  ( 0.2800000000000003042, 0.2000000000000000944, -1.075000000000002398 ) ) ;
#3399 = DIRECTION ( 'NONE',  ( -0.000000000000000000, -0.000000000000000000, 1.000000000000000000 ) ) ;
#3400 = CIRCLE ( 'NONE', #1865, 0.1249999999999997918 ) ;
#3401 = AXIS2_PLACEMENT_3D ( 'NONE', #1340, #1649, #1083 ) ;
#3402 = CARTESIAN_POINT ( 'NONE',  ( -1.000000000000000444, 0.8000000000000003775, -1.499999999999999556 ) ) ;
#3403 = CARTESIAN_POINT ( 'NONE',  ( 0.2299999999999998712, 0.05000000000000012768, 1.024999999999997691 ) ) ;
#3404 = EDGE_CURVE ( 'NONE', #2627, #1752, #2765, .T. ) ;
#3405 = VECTOR ( 'NONE', #3139, 1000.000000000000000 ) ;
#3406 = VERTEX_POINT ( 'NONE', #1923 ) ;
#3407 = DIRECTION ( 'NONE',  ( -2.168404344971009854E-16, 0.000000000000000000, -1.000000000000000000 ) ) ;
#3408 = FACE_OUTER_BOUND ( 'NONE', #1744, .T. ) ;
#3409 = COLOUR_RGB ( '',0.7921568627450980005, 0.8196078431372548767, 0.9333333333333333481 ) ;
#3410 = ORIENTED_EDGE ( 'NONE', *, *, #3178, .T. ) ;
#3411 = LINE ( 'NONE', #983, #1422 ) ;
#3412 = DIRECTION ( 'NONE',  ( 0.000000000000000000, 0.000000000000000000, -1.000000000000000000 ) ) ;
#3413 = EDGE_CURVE ( 'NONE', #2966, #1288, #912, .T. ) ;
#3414 = DIRECTION ( 'NONE',  ( 0.000000000000000000, -0.000000000000000000, 1.000000000000000000 ) ) ;
#3415 = EDGE_CURVE ( 'NONE', #104, #2132, #3400, .T. ) ;
#3416 = EDGE_LOOP ( 'NONE', ( #2248, #1101, #3456, #2218 ) ) ;
#3417 = CARTESIAN_POINT ( 'NONE',  ( -0.7600000000000003419, 0.7500000000000000000, -1.199999999999999734 ) ) ;
#3418 = VERTEX_POINT ( 'NONE', #1978 ) ;
#3419 = CARTESIAN_POINT ( 'NONE',  ( 0.7250000000000001998, 0.6716990566028296916, 0.1250000000000006661 ) ) ;
#3420 = EDGE_CURVE ( 'NONE', #1288, #1435, #1692, .T. ) ;
#3421 = ORIENTED_EDGE ( 'NONE', *, *, #650, .T. ) ;
#3422 = CARTESIAN_POINT ( 'NONE',  ( -0.6400000000000003464, 0.7499999999999998890, -1.199999999999999734 ) ) ;
#3423 = DIRECTION ( 'NONE',  ( 0.000000000000000000, 1.000000000000000000, 0.000000000000000000 ) ) ;
#3424 = VERTEX_POINT ( 'NONE', #171 ) ;
#3425 = CARTESIAN_POINT ( 'NONE',  ( -0.7250000000000008660, 0.2000000000000000111, -0.8749999999999985567 ) ) ;
#3426 = LINE ( 'NONE', #177, #3463 ) ;
#3427 = ORIENTED_EDGE ( 'NONE', *, *, #1450, .F. ) ;
#3428 = PLANE ( 'NONE',  #2961 ) ;
#3429 = DIRECTION ( 'NONE',  ( -1.577021341797103132E-15, 0.000000000000000000, -1.000000000000000000 ) ) ;
#3430 = EDGE_CURVE ( 'NONE', #896, #1619, #2032, .T. ) ;
#3431 = DIRECTION ( 'NONE',  ( -0.000000000000000000, -1.000000000000000000, -0.000000000000000000 ) ) ;
#3432 = ADVANCED_FACE ( 'NONE', ( #2567 ), #2841, .F. ) ;
#3433 = APPLICATION_CONTEXT ( 'automotive_design' ) ;
#3434 = ADVANCED_FACE ( 'NONE', ( #2298 ), #157, .F. ) ;
#3435 = ORIENTED_EDGE ( 'NONE', *, *, #214, .T. ) ;
#3436 = DIRECTION ( 'NONE',  ( 0.000000000000000000, -1.000000000000000000, 0.000000000000000000 ) ) ;
#3437 = DIRECTION ( 'NONE',  ( -0.000000000000000000, -1.000000000000000000, -0.000000000000000000 ) ) ;
#3438 = ORIENTED_EDGE ( 'NONE', *, *, #434, .F. ) ;
#3439 = DIRECTION ( 'NONE',  ( 1.000000000000000000, 0.000000000000000000, -7.885106708985495936E-16 ) ) ;
#3440 = LINE ( 'NONE', #1007, #1918 ) ;
#3441 = EDGE_CURVE ( 'NONE', #1790, #405, #425, .T. ) ;
#3442 = EDGE_LOOP ( 'NONE', ( #1281, #3153, #2299, #3330 ) ) ;
#3443 = CARTESIAN_POINT ( 'NONE',  ( -0.7250000000000008660, 0.6716990566028296916, 0.2500000000000011102 ) ) ;
#3444 = CARTESIAN_POINT ( 'NONE',  ( -0.2800000000000000822, 0.000000000000000000, -0.8750000000000014433 ) ) ;
#3445 = ORIENTED_EDGE ( 'NONE', *, *, #1925, .F. ) ;
#3446 = CARTESIAN_POINT ( 'NONE',  ( 0.9999999999999991118, 0.8000000000000003775, 1.500000000000000000 ) ) ;
#3447 = LINE ( 'NONE', #491, #243 ) ;
#3448 = CARTESIAN_POINT ( 'NONE',  ( 0.9999999999999995559, 0.1999999999999999833, 0.6250000000000007772 ) ) ;
#3449 = EDGE_CURVE ( 'NONE', #3497, #1091, #936, .T. ) ;
#3450 = VECTOR ( 'NONE', #2027, 1000.000000000000000 ) ;
#3451 = EDGE_LOOP ( 'NONE', ( #3320, #2983, #669, #1792 ) ) ;
#3452 = DIRECTION ( 'NONE',  ( 0.000000000000000000, -0.000000000000000000, 1.000000000000000000 ) ) ;
#3453 = AXIS2_PLACEMENT_3D ( 'NONE', #2768, #1174, #1159 ) ;
#3454 = DIRECTION ( 'NONE',  ( -0.000000000000000000, -1.000000000000000000, -0.000000000000000000 ) ) ;
#3455 = VECTOR ( 'NONE', #2634, 1000.000000000000000 ) ;
#3456 = ORIENTED_EDGE ( 'NONE', *, *, #2518, .F. ) ;
#3457 = PRESENTATION_LAYER_ASSIGNMENT (  '', '', ( #1532 ) ) ;
#3458 = CARTESIAN_POINT ( 'NONE',  ( -0.7250000000000010880, 0.2000000000000000111, -0.1249999999999990286 ) ) ;
#3459 = ADVANCED_FACE ( 'NONE', ( #672 ), #1227, .T. ) ;
#3460 = FACE_OUTER_BOUND ( 'NONE', #137, .T. ) ;
#3461 = VECTOR ( 'NONE', #1646, 1000.000000000000000 ) ;
#3462 = DIRECTION ( 'NONE',  ( 7.885106708985497909E-16, 0.000000000000000000, 1.000000000000000000 ) ) ;
#3463 = VECTOR ( 'NONE', #2920, 1000.000000000000000 ) ;
#3464 = DIRECTION ( 'NONE',  ( -1.000000000000000000, 0.000000000000000000, 0.000000000000000000 ) ) ;
#3465 = EDGE_LOOP ( 'NONE', ( #2829, #205, #1834, #1267 ) ) ;
#3466 = PRESENTATION_LAYER_ASSIGNMENT (  '', '', ( #3016 ) ) ;
#3467 = DIRECTION ( 'NONE',  ( 7.885106708985515658E-16, 0.000000000000000000, -1.000000000000000000 ) ) ;
#3468 = DIRECTION ( 'NONE',  ( 0.000000000000000000, 1.000000000000000000, -0.000000000000000000 ) ) ;
#3469 = VECTOR ( 'NONE', #2239, 1000.000000000000000 ) ;
#3470 = EDGE_CURVE ( 'NONE', #545, #1542, #2283, .T. ) ;
#3471 = CARTESIAN_POINT ( 'NONE',  ( -1.000000000000000000, 0.04999999999999999584, -0.6249999999999985567 ) ) ;
#3472 = AXIS2_PLACEMENT_3D ( 'NONE', #1087, #3176, #2371 ) ;
#3473 = UNCERTAINTY_MEASURE_WITH_UNIT (LENGTH_MEASURE( 1.000000000000000082E-05 ), #375, 'distance_accuracy_value', 'NONE');
#3474 = ORIENTED_EDGE ( 'NONE', *, *, #1954, .T. ) ;
#3475 = ORIENTED_EDGE ( 'NONE', *, *, #3086, .F. ) ;
#3476 = DIRECTION ( 'NONE',  ( -1.000000000000000000, -0.000000000000000000, -0.000000000000000000 ) ) ;
#3477 = EDGE_LOOP ( 'NONE', ( #619, #2190, #1735, #2291 ) ) ;
#3478 = CARTESIAN_POINT ( 'NONE',  ( 0.9999999999999995559, 0.2000000000000000111, -0.8749999999999992228 ) ) ;
#3479 = EDGE_CURVE ( 'NONE', #1170, #2363, #950, .T. ) ;
#3480 = ORIENTED_EDGE ( 'NONE', *, *, #1590, .F. ) ;
#3481 = CARTESIAN_POINT ( 'NONE',  ( -1.000000000000000444, 0.2000000000000000111, 0.6250000000000016653 ) ) ;
#3482 = CARTESIAN_POINT ( 'NONE',  ( 0.2800000000000003042, 0.000000000000000000, -1.025000000000001910 ) ) ;
#3483 = DIRECTION ( 'NONE',  ( -0.000000000000000000, -1.000000000000000000, 0.000000000000000000 ) ) ;
#3484 = EDGE_CURVE ( 'NONE', #2564, #2860, #3222, .T. ) ;
#3485 = DIRECTION ( 'NONE',  ( -0.000000000000000000, 1.000000000000000000, -0.000000000000000000 ) ) ;
#3486 = CARTESIAN_POINT ( 'NONE',  ( -1.000000000000000000, 0.2000000000000000111, -0.6249999999999985567 ) ) ;
#3487 = ORIENTED_EDGE ( 'NONE', *, *, #850, .F. ) ;
#3488 = CARTESIAN_POINT ( 'NONE',  ( -1.000000000000000000, 0.1999999999999999833, -0.6249999999999985567 ) ) ;
#3489 = DIRECTION ( 'NONE',  ( -0.000000000000000000, -1.000000000000000000, -0.000000000000000000 ) ) ;
#3490 = CARTESIAN_POINT ( 'NONE',  ( 0.2799999999999998601, 0.2000000000000000944, 1.074999999999997513 ) ) ;
#3491 = EDGE_LOOP ( 'NONE', ( #615, #551, #136, #2838, #3018, #2916, #3050, #1355, #114, #1010, #337, #698, #918, #1547, #1446, #1666, #711, #2114, #2941, #2631 ) ) ;
#3492 = ORIENTED_EDGE ( 'NONE', *, *, #1216, .F. ) ;
#3493 = CARTESIAN_POINT ( 'NONE',  ( 0.2800000000000003042, 2.421733557382613533, -1.025000000000002798 ) ) ;
#3494 = EDGE_LOOP ( 'NONE', ( #900, #2372, #549, #3143 ) ) ;
#3495 = CARTESIAN_POINT ( 'NONE',  ( 0.7250000000000001998, 0.6716990566028296916, 0.6250000000000007772 ) ) ;
#3496 = LINE ( 'NONE', #522, #3017 ) ;
#3497 = VERTEX_POINT ( 'NONE', #2179 ) ;
#3498 = ORIENTED_EDGE ( 'NONE', *, *, #2098, .F. ) ;
#3499 = DIRECTION ( 'NONE',  ( 0.7071067811865449082, -0.000000000000000000, 0.7071067811865502373 ) ) ;
#3500 = CARTESIAN_POINT ( 'NONE',  ( -0.7250000000000008660, 0.2000000000000000111, 0.2500000000000011102 ) ) ;
ENDSEC;
END-ISO-10303-21;
