ISO-10303-21;
HEADER;
FILE_DESCRIPTION (( 'STEP AP214' ),
    '1' );
FILE_NAME ('SJ-3506-SMT-TR.STEP',
    '2026-03-05T13:00:03',
    ( '' ),
    ( '' ),
    'SwSTEP 2.0',
    'SolidWorks 2021',
    '' );
FILE_SCHEMA (( 'AUTOMOTIVE_DESIGN' ));
ENDSEC;

DATA;
#1 = VECTOR ( 'NONE', #1495, 1000.000000000000000 ) ;
#2 = ORIENTED_EDGE ( 'NONE', *, *, #5963, .F. ) ;
#3 = DIRECTION ( 'NONE',  ( 1.047444401652940007E-14, 0.000000000000000000, 1.000000000000000000 ) ) ;
#4 = CARTESIAN_POINT ( 'NONE',  ( -2.799999999999999822, 0.000000000000000000, 2.932844324628232018E-14 ) ) ;
#5 = PLANE ( 'NONE',  #3215 ) ;
#6 = LINE ( 'NONE', #6134, #3136 ) ;
#7 = CARTESIAN_POINT ( 'NONE',  ( 9.249999999999941380, -0.2500000000000000000, -6.400000000000097167 ) ) ;
#8 = DIRECTION ( 'NONE',  ( -1.047444401652940007E-14, 0.000000000000000000, -1.000000000000000000 ) ) ;
#9 = VERTEX_POINT ( 'NONE', #3157 ) ;
#10 = EDGE_CURVE ( 'NONE', #5100, #3753, #4792, .T. ) ;
#11 = CARTESIAN_POINT ( 'NONE',  ( -0.5276685944934245143, 2.510000000000001119, 3.667218261896505016 ) ) ;
#12 = ORIENTED_EDGE ( 'NONE', *, *, #1468, .T. ) ;
#13 = ORIENTED_EDGE ( 'NONE', *, *, #5356, .F. ) ;
#14 = PLANE ( 'NONE',  #1638 ) ;
#15 = AXIS2_PLACEMENT_3D ( 'NONE', #2671, #8037, #1952 ) ;
#16 = LINE ( 'NONE', #2684, #3103 ) ;
#17 = LINE ( 'NONE', #58, #1379 ) ;
#18 = DIRECTION ( 'NONE',  ( 1.047444401652940007E-14, 0.000000000000000000, 1.000000000000000000 ) ) ;
#19 = CARTESIAN_POINT ( 'NONE',  ( 11.94042104365680323, 2.260000000000000675, 5.390421043656622224 ) ) ;
#20 = LINE ( 'NONE', #5433, #2540 ) ;
#21 = ORIENTED_EDGE ( 'NONE', *, *, #3079, .T. ) ;
#22 = ORIENTED_EDGE ( 'NONE', *, *, #8127, .F. ) ;
#23 = ORIENTED_EDGE ( 'NONE', *, *, #1196, .F. ) ;
#24 = DIRECTION ( 'NONE',  ( 1.000000000000000000, 0.000000000000000000, -1.047444401652940007E-14 ) ) ;
#25 = CARTESIAN_POINT ( 'NONE',  ( 11.89999999999993818, -1.560703055139993412, -5.800000000000125944 ) ) ;
#26 = SURFACE_STYLE_FILL_AREA ( #1660 ) ;
#27 = DIRECTION ( 'NONE',  ( 3.562796849662421707E-30, -1.000000000000000000, 3.401418580346680819E-16 ) ) ;
#28 = DIRECTION ( 'NONE',  ( 1.000000000000000000, 0.000000000000000000, -1.047444401652940007E-14 ) ) ;
#29 = EDGE_CURVE ( 'NONE', #3737, #4566, #5279, .T. ) ;
#30 = DIRECTION ( 'NONE',  ( 1.047444401652940007E-14, 0.000000000000000000, 1.000000000000000000 ) ) ;
#31 = DIRECTION ( 'NONE',  ( -1.047444401652940007E-14, 0.000000000000000000, -1.000000000000000000 ) ) ;
#32 = ORIENTED_EDGE ( 'NONE', *, *, #1588, .T. ) ;
#33 = VERTEX_POINT ( 'NONE', #3326 ) ;
#34 = ORIENTED_EDGE ( 'NONE', *, *, #1229, .F. ) ;
#35 = EDGE_CURVE ( 'NONE', #903, #291, #4961, .T. ) ;
#36 =( LENGTH_UNIT ( ) NAMED_UNIT ( * ) SI_UNIT ( .MILLI., .METRE. ) );
#37 = CARTESIAN_POINT ( 'NONE',  ( -2.600000000000000089, 0.000000000000000000, 2.723355444297644017E-14 ) ) ;
#38 = CARTESIAN_POINT ( 'NONE',  ( 12.49999999999993250, -0.2500000000000000000, -6.400000000000130917 ) ) ;
#39 =( LENGTH_UNIT ( ) NAMED_UNIT ( * ) SI_UNIT ( .MILLI., .METRE. ) );
#40 = ORIENTED_EDGE ( 'NONE', *, *, #6455, .T. ) ;
#41 = CARTESIAN_POINT ( 'NONE',  ( 6.380000000000059401, 0.06000000000000066391, 5.799999999999934097 ) ) ;
#42 = EDGE_CURVE ( 'NONE', #5760, #6345, #7514, .T. ) ;
#43 = ORIENTED_EDGE ( 'NONE', *, *, #3251, .F. ) ;
#44 = CARTESIAN_POINT ( 'NONE',  ( 8.799999999999963407, -0.2899999999999954281, -4.850000000000091127 ) ) ;
#45 = ADVANCED_FACE ( 'NONE', ( #1429 ), #2584, .F. ) ;
#46 = CARTESIAN_POINT ( 'NONE',  ( 12.24999999999995559, -1.939999999999999059, -4.300000000000125056 ) ) ;
#47 = DIRECTION ( 'NONE',  ( -1.141265444721583757E-16, -1.000000000000000000, 1.195412100873575815E-30 ) ) ;
#48 = LINE ( 'NONE', #2090, #6407 ) ;
#49 = LINE ( 'NONE', #4982, #3240 ) ;
#50 = CARTESIAN_POINT ( 'NONE',  ( 11.99999999999995204, -2.300000000000000711, -4.600000000000124878 ) ) ;
#51 = VERTEX_POINT ( 'NONE', #2667 ) ;
#52 = ORIENTED_EDGE ( 'NONE', *, *, #3439, .T. ) ;
#53 = DIRECTION ( 'NONE',  ( 1.047444401652940007E-14, 1.355252715606880296E-16, 1.000000000000000000 ) ) ;
#54 = ORIENTED_EDGE ( 'NONE', *, *, #7697, .T. ) ;
#55 = ORIENTED_EDGE ( 'NONE', *, *, #3856, .T. ) ;
#56 = FACE_OUTER_BOUND ( 'NONE', #4337, .T. ) ;
#57 = PLANE ( 'NONE',  #5085 ) ;
#58 = CARTESIAN_POINT ( 'NONE',  ( 4.765872027520876083E-14, -2.300000000000000711, 4.549999999999998934 ) ) ;
#59 = DIRECTION ( 'NONE',  ( 0.000000000000000000, -1.000000000000000000, 0.000000000000000000 ) ) ;
#60 = DIRECTION ( 'NONE',  ( 1.000000000000000000, 0.000000000000000000, -1.047444401652940007E-14 ) ) ;
#61 = EDGE_CURVE ( 'NONE', #3884, #7536, #1001, .T. ) ;
#62 = DIRECTION ( 'NONE',  ( 7.406550393246804314E-15, -0.7071067811865469066, 0.7071067811865482389 ) ) ;
#63 = VERTEX_POINT ( 'NONE', #4661 ) ;
#64 = VERTEX_POINT ( 'NONE', #613 ) ;
#65 = VERTEX_POINT ( 'NONE', #6037 ) ;
#66 = CARTESIAN_POINT ( 'NONE',  ( 2.249999999999935607, -0.3300000000000048450, -6.000000000000023981 ) ) ;
#67 = CARTESIAN_POINT ( 'NONE',  ( 2.504999999999961702, 1.370000000000000773, -3.200000000000026823 ) ) ;
#68 = DIRECTION ( 'NONE',  ( 1.047444401652940007E-14, 0.000000000000000000, 1.000000000000000000 ) ) ;
#69 = APPLICATION_PROTOCOL_DEFINITION ( 'draft international standard', 'automotive_design', 1998, #5566 ) ;
#70 = CARTESIAN_POINT ( 'NONE',  ( 12.00000000000004796, 2.260000000000000675, 4.499999999999872990 ) ) ;
#71 = DIRECTION ( 'NONE',  ( -1.419551869787370853E-30, 1.000000000000000000, -1.355252715606880296E-16 ) ) ;
#72 = DIRECTION ( 'NONE',  ( 1.000000000000000000, 0.000000000000000000, -1.047444401652940007E-14 ) ) ;
#73 = VERTEX_POINT ( 'NONE', #1326 ) ;
#74 = DIRECTION ( 'NONE',  ( 1.047444401652940007E-14, 1.355252715606880296E-16, 1.000000000000000000 ) ) ;
#75 = ORIENTED_EDGE ( 'NONE', *, *, #887, .F. ) ;
#76 = CLOSED_SHELL ( 'NONE', ( #3359, #3536, #1480, #5924, #2112, #2385 ) ) ;
#77 = ORIENTED_EDGE ( 'NONE', *, *, #2894, .F. ) ;
#78 = ORIENTED_EDGE ( 'NONE', *, *, #5035, .T. ) ;
#79 = EDGE_CURVE ( 'NONE', #2300, #4573, #6661, .T. ) ;
#80 = ADVANCED_FACE ( 'NONE', ( #7412 ), #2038, .T. ) ;
#81 = EDGE_CURVE ( 'NONE', #394, #1164, #2716, .T. ) ;
#82 = DIRECTION ( 'NONE',  ( -1.047444401652940007E-14, 0.000000000000000000, -1.000000000000000000 ) ) ;
#83 = CARTESIAN_POINT ( 'NONE',  ( 1.549999999999992717, 2.260000000000000675, -0.7000000000000172751 ) ) ;
#84 = DIRECTION ( 'NONE',  ( -1.000000000000000000, 0.000000000000000000, 1.047444401652940007E-14 ) ) ;
#85 = SURFACE_STYLE_USAGE ( .BOTH. , #186 ) ;
#86 = ORIENTED_EDGE ( 'NONE', *, *, #2390, .F. ) ;
#87 = DIRECTION ( 'NONE',  ( -1.314324936418602102E-14, 0.000000000000000000, -1.000000000000000000 ) ) ;
#88 = EDGE_LOOP ( 'NONE', ( #2058, #5623, #7404, #5532, #6068, #874, #5514, #1843, #5289, #1697, #496, #774 ) ) ;
#89 = AXIS2_PLACEMENT_3D ( 'NONE', #1939, #3902, #2619 ) ;
#90 = DIRECTION ( 'NONE',  ( -0.000000000000000000, 1.000000000000000000, -0.000000000000000000 ) ) ;
#91 = CARTESIAN_POINT ( 'NONE',  ( 1.850000000000041167, -1.399999999999999467, 3.999999999999980904 ) ) ;
#92 = FACE_OUTER_BOUND ( 'NONE', #1608, .T. ) ;
#93 = DIRECTION ( 'NONE',  ( 1.048062100069320848E-14, 0.000000000000000000, 1.000000000000000000 ) ) ;
#94 = CARTESIAN_POINT ( 'NONE',  ( 2.800000000000062883, 1.450000000000000844, 5.999999999999970690 ) ) ;
#95 = AXIS2_PLACEMENT_3D ( 'NONE', #6454, #1703, #6495 ) ;
#96 = LINE ( 'NONE', #50, #7122 ) ;
#97 = ADVANCED_FACE ( 'NONE', ( #4041 ), #1999, .F. ) ;
#98 = VERTEX_POINT ( 'NONE', #8125 ) ;
#99 = ORIENTED_EDGE ( 'NONE', *, *, #3769, .T. ) ;
#100 = ORIENTED_EDGE ( 'NONE', *, *, #3876, .F. ) ;
#101 = VERTEX_POINT ( 'NONE', #7454 ) ;
#102 = AXIS2_PLACEMENT_3D ( 'NONE', #5186, #4707, #615 ) ;
#103 = VECTOR ( 'NONE', #6995, 1000.000000000000000 ) ;
#104 = DIRECTION ( 'NONE',  ( -1.000000000000000000, 0.000000000000000000, 1.047444401652940007E-14 ) ) ;
#105 = DIRECTION ( 'NONE',  ( 1.047444401652940007E-14, 0.000000000000000000, 1.000000000000000000 ) ) ;
#106 = LINE ( 'NONE', #4679, #2965 ) ;
#107 = CARTESIAN_POINT ( 'NONE',  ( 0.4999999999999685807, 3.673940397442060361E-16, -3.000000000000005773 ) ) ;
#108 = DIRECTION ( 'NONE',  ( -1.047444401652940007E-14, 0.000000000000000000, -1.000000000000000000 ) ) ;
#109 = PLANE ( 'NONE',  #8071 ) ;
#110 = EDGE_CURVE ( 'NONE', #1764, #6806, #8712, .T. ) ;
#111 = VECTOR ( 'NONE', #87, 1000.000000000000000 ) ;
#112 = VECTOR ( 'NONE', #8150, 1000.000000000000000 ) ;
#113 = ORIENTED_EDGE ( 'NONE', *, *, #7899, .T. ) ;
#114 = EDGE_CURVE ( 'NONE', #926, #4546, #1283, .T. ) ;
#115 = ORIENTED_EDGE ( 'NONE', *, *, #4250, .T. ) ;
#116 = VECTOR ( 'NONE', #2014, 1000.000000000000000 ) ;
#117 = ORIENTED_EDGE ( 'NONE', *, *, #7862, .T. ) ;
#118 = EDGE_CURVE ( 'NONE', #1493, #4897, #4705, .T. ) ;
#119 = LINE ( 'NONE', #3672, #2703 ) ;
#120 = AXIS2_PLACEMENT_3D ( 'NONE', #8717, #760, #4711 ) ;
#121 = DIRECTION ( 'NONE',  ( -1.000000000000000000, 0.000000000000000000, 1.047444401652940007E-14 ) ) ;
#122 = CYLINDRICAL_SURFACE ( 'NONE', #4231, 0.1999999999999996503 ) ;
#123 = LINE ( 'NONE', #4207, #5372 ) ;
#124 = DIRECTION ( 'NONE',  ( 0.000000000000000000, 1.000000000000000000, 0.000000000000000000 ) ) ;
#125 = LINE ( 'NONE', #920, #2433 ) ;
#126 = ORIENTED_EDGE ( 'NONE', *, *, #6669, .T. ) ;
#127 = LINE ( 'NONE', #4777, #6394 ) ;
#128 = VERTEX_POINT ( 'NONE', #660 ) ;
#129 = VERTEX_POINT ( 'NONE', #3371 ) ;
#131 = ORIENTED_EDGE ( 'NONE', *, *, #4438, .T. ) ;
#130 = AXIS2_PLACEMENT_3D ( 'NONE', #6353, #271, #5011 ) ;
#132 = ADVANCED_FACE ( 'NONE', ( #4091 ), #713, .F. ) ;
#133 = CIRCLE ( 'NONE', #6230, 0.3999999999999993006 ) ;
#134 = CARTESIAN_POINT ( 'NONE',  ( 11.09999999999995879, -1.399999999999999245, -4.000000000000117240 ) ) ;
#135 = CARTESIAN_POINT ( 'NONE',  ( 3.874999999999948486, 2.380000000000000782, -4.970000000000040608 ) ) ;
#136 = AXIS2_PLACEMENT_3D ( 'NONE', #422, #6426, #3130 ) ;
#137 = VECTOR ( 'NONE', #6846, 1000.000000000000000 ) ;
#138 = CARTESIAN_POINT ( 'NONE',  ( 11.99999999999993783, 1.399999999999997025, -6.000000000000127010 ) ) ;
#139 = AXIS2_PLACEMENT_3D ( 'NONE', #4909, #7627, #3543 ) ;
#140 = FILL_AREA_STYLE_COLOUR ( '', #5224 ) ;
#141 = ORIENTED_EDGE ( 'NONE', *, *, #2906, .T. ) ;
#142 = DIRECTION ( 'NONE',  ( 1.419551869787370503E-30, -1.000000000000000000, 1.355252715606880049E-16 ) ) ;
#143 = VERTEX_POINT ( 'NONE', #8170 ) ;
#144 = VECTOR ( 'NONE', #5503, 1000.000000000000000 ) ;
#145 = DIRECTION ( 'NONE',  ( -1.000000000000000000, 0.000000000000000000, 1.084202172485501594E-14 ) ) ;
#146 = AXIS2_PLACEMENT_3D ( 'NONE', #6106, #1345, #1971 ) ;
#147 = LINE ( 'NONE', #858, #7079 ) ;
#148 = DIRECTION ( 'NONE',  ( -1.047444401652940007E-14, -3.401418580346680819E-16, -1.000000000000000000 ) ) ;
#149 = CARTESIAN_POINT ( 'NONE',  ( 9.449999999999960210, 2.299999999999998490, -4.700000000000098765 ) ) ;
#150 = CARTESIAN_POINT ( 'NONE',  ( 0.8000000000000185851, 2.510000000000001119, 1.771111005056567711 ) ) ;
#151 = AXIS2_PLACEMENT_3D ( 'NONE', #5013, #7850, #7109 ) ;
#152 = CARTESIAN_POINT ( 'NONE',  ( 2.699999999999939782, 2.260000000000000675, -5.640421043656777655 ) ) ;
#153 = ORIENTED_EDGE ( 'NONE', *, *, #3796, .F. ) ;
#154 = ORIENTED_EDGE ( 'NONE', *, *, #8793, .F. ) ;
#155 = VERTEX_POINT ( 'NONE', #2085 ) ;
#156 = ORIENTED_EDGE ( 'NONE', *, *, #5919, .F. ) ;
#157 = EDGE_CURVE ( 'NONE', #5172, #4556, #1643, .T. ) ;
#158 = DIRECTION ( 'NONE',  ( -1.047444401652940007E-14, -0.000000000000000000, -1.000000000000000000 ) ) ;
#159 = LINE ( 'NONE', #5577, #985 ) ;
#160 = CARTESIAN_POINT ( 'NONE',  ( 11.99999999999993960, 1.599999999999996758, -5.800000000000126832 ) ) ;
#161 = EDGE_CURVE ( 'NONE', #7882, #4301, #191, .T. ) ;
#162 = CARTESIAN_POINT ( 'NONE',  ( 1.550000000000070877, 2.510000000000001119, 6.749999999999984901 ) ) ;
#163 = ORIENTED_EDGE ( 'NONE', *, *, #5749, .F. ) ;
#164 = ORIENTED_EDGE ( 'NONE', *, *, #7506, .T. ) ;
#165 = AXIS2_PLACEMENT_3D ( 'NONE', #1408, #5632, #7682 ) ;
#166 = EDGE_CURVE ( 'NONE', #416, #8437, #6330, .T. ) ;
#167 = VERTEX_POINT ( 'NONE', #2903 ) ;
#168 = FACE_OUTER_BOUND ( 'NONE', #6140, .T. ) ;
#169 = EDGE_CURVE ( 'NONE', #3049, #6893, #984, .T. ) ;
#170 = DIRECTION ( 'NONE',  ( -1.047444401652940007E-14, 0.000000000000000000, -1.000000000000000000 ) ) ;
#171 = ADVANCED_FACE ( 'NONE', ( #2992 ), #3607, .F. ) ;
#172 = FACE_OUTER_BOUND ( 'NONE', #5173, .T. ) ;
#173 = DIRECTION ( 'NONE',  ( 0.000000000000000000, 1.000000000000000000, 0.000000000000000000 ) ) ;
#174 = DIRECTION ( 'NONE',  ( 1.152640183373292192E-15, -1.000000000000000000, -1.207326507194573150E-29 ) ) ;
#175 = DIRECTION ( 'NONE',  ( 1.000000000000000000, 0.000000000000000000, -1.084202172485506327E-14 ) ) ;
#176 = ORIENTED_EDGE ( 'NONE', *, *, #35, .T. ) ;
#177 = CARTESIAN_POINT ( 'NONE',  ( 9.400000000000058975, -0.2499999999999986955, 5.799999999999902123 ) ) ;
#178 = EDGE_LOOP ( 'NONE', ( #7320, #8791, #5328, #7039 ) ) ;
#179 = VERTEX_POINT ( 'NONE', #5607 ) ;
#180 = ORIENTED_EDGE ( 'NONE', *, *, #3125, .F. ) ;
#181 = EDGE_CURVE ( 'NONE', #65, #3668, #3633, .T. ) ;
#182 = PLANE ( 'NONE',  #7934 ) ;
#183 = DIRECTION ( 'NONE',  ( -1.047444401652940007E-14, -0.000000000000000000, -1.000000000000000000 ) ) ;
#184 = CARTESIAN_POINT ( 'NONE',  ( 1.349999999999966116, 1.450000000000000844, -3.000000000000014211 ) ) ;
#185 = EDGE_CURVE ( 'NONE', #369, #1754, #7731, .T. ) ;
#186 = SURFACE_SIDE_STYLE ('',( #6929 ) ) ;
#187 = VERTEX_POINT ( 'NONE', #5017 ) ;
#188 = FACE_OUTER_BOUND ( 'NONE', #7754, .T. ) ;
#189 = ORIENTED_EDGE ( 'NONE', *, *, #306, .T. ) ;
#190 = EDGE_CURVE ( 'NONE', #4852, #7834, #6984, .T. ) ;
#191 = LINE ( 'NONE', #2946, #1350 ) ;
#192 = DIRECTION ( 'NONE',  ( -1.047444401652940007E-14, -0.000000000000000000, -1.000000000000000000 ) ) ;
#193 = CARTESIAN_POINT ( 'NONE',  ( 8.289999999999956515, 0.05999999999999994227, -4.850000000000085798 ) ) ;
#194 = LINE ( 'NONE', #3471, #2082 ) ;
#195 = CARTESIAN_POINT ( 'NONE',  ( 3.874999999999945377, 2.510000000000001119, -5.250000000000039080 ) ) ;
#196 = ORIENTED_EDGE ( 'NONE', *, *, #7774, .T. ) ;
#197 = VERTEX_POINT ( 'NONE', #7066 ) ;
#198 = ORIENTED_EDGE ( 'NONE', *, *, #2001, .T. ) ;
#199 = ORIENTED_EDGE ( 'NONE', *, *, #5991, .F. ) ;
#200 = EDGE_CURVE ( 'NONE', #5848, #6110, #8317, .T. ) ;
#201 = LINE ( 'NONE', #2913, #8610 ) ;
#202 = DIRECTION ( 'NONE',  ( -1.419551869787370853E-30, 1.000000000000000000, -1.355252715606880296E-16 ) ) ;
#203 = CARTESIAN_POINT ( 'NONE',  ( 0.9000000000000403233, 1.850000000000000977, 4.349999999999992539 ) ) ;
#204 = CYLINDRICAL_SURFACE ( 'NONE', #1369, 1.900000000000000355 ) ;
#205 = VERTEX_POINT ( 'NONE', #3648 ) ;
#206 = VERTEX_POINT ( 'NONE', #4928 ) ;
#207 = ORIENTED_EDGE ( 'NONE', *, *, #3158, .F. ) ;
#208 = CARTESIAN_POINT ( 'NONE',  ( 6.730000000000061711, -1.600703055139993669, 6.049999999999929656 ) ) ;
#209 = DIRECTION ( 'NONE',  ( -1.000000000000000000, -0.000000000000000000, 1.047444401652940007E-14 ) ) ;
#210 = LINE ( 'NONE', #5000, #6774 ) ;
#211 = FACE_OUTER_BOUND ( 'NONE', #1863, .T. ) ;
#212 = DIRECTION ( 'NONE',  ( 1.047444401652940007E-14, 0.000000000000000000, 1.000000000000000000 ) ) ;
#213 = FACE_OUTER_BOUND ( 'NONE', #7048, .T. ) ;
#214 = VERTEX_POINT ( 'NONE', #8365 ) ;
#215 = DIRECTION ( 'NONE',  ( -1.000000000000000000, 0.000000000000000000, 1.156482317317873973E-14 ) ) ;
#216 = VERTEX_POINT ( 'NONE', #7647 ) ;
#218 = ORIENTED_EDGE ( 'NONE', *, *, #5521, .F. ) ;
#217 = EDGE_CURVE ( 'NONE', #4566, #7903, #3509, .T. ) ;
#219 = EDGE_LOOP ( 'NONE', ( #2527, #6646, #1763, #5849, #1813, #5518, #7633, #153, #7675, #5124, #8448, #5689, #864, #3276, #4089, #1717, #2869, #7442 ) ) ;
#220 = AXIS2_PLACEMENT_3D ( 'NONE', #5054, #5737, #7775 ) ;
#221 = LINE ( 'NONE', #2850, #1004 ) ;
#222 = DIRECTION ( 'NONE',  ( -1.047444401652940007E-14, -0.000000000000000000, -1.000000000000000000 ) ) ;
#223 = DIRECTION ( 'NONE',  ( -1.047444401652940007E-14, 0.000000000000000000, -1.000000000000000000 ) ) ;
#224 = VECTOR ( 'NONE', #5327, 1000.000000000000000 ) ;
#225 = CARTESIAN_POINT ( 'NONE',  ( 9.400000000000060751, -1.560703055139993412, 5.999999999999901412 ) ) ;
#226 = EDGE_LOOP ( 'NONE', ( #7924, #7378, #8250, #2794 ) ) ;
#227 = EDGE_CURVE ( 'NONE', #8145, #187, #2805, .T. ) ;
#228 = CARTESIAN_POINT ( 'NONE',  ( 0.7999999999999815037, 2.260000000000000675, -1.771111005056584586 ) ) ;
#229 = ORIENTED_EDGE ( 'NONE', *, *, #637, .T. ) ;
#230 = AXIS2_PLACEMENT_3D ( 'NONE', #4140, #754, #8413 ) ;
#231 = CARTESIAN_POINT ( 'NONE',  ( 5.680000000000064553, 1.160000000000000142, 6.049999999999940314 ) ) ;
#232 = EDGE_CURVE ( 'NONE', #3777, #7730, #2858, .T. ) ;
#233 = EDGE_CURVE ( 'NONE', #4556, #4581, #6315, .T. ) ;
#234 = CARTESIAN_POINT ( 'NONE',  ( -1.199999999999993960, 1.949999999999999956, 0.5750000000000122791 ) ) ;
#235 = CARTESIAN_POINT ( 'NONE',  ( 6.280000000000057980, 0.6600000000000000311, 5.799999999999934985 ) ) ;
#236 = CARTESIAN_POINT ( 'NONE',  ( 0.6000000000000398348, 1.400000000000000355, 3.899999999999996358 ) ) ;
#237 = LINE ( 'NONE', #7701, #7485 ) ;
#238 = ORIENTED_EDGE ( 'NONE', *, *, #8094, .T. ) ;
#239 = AXIS2_PLACEMENT_3D ( 'NONE', #6166, #1509, #4219 ) ;
#240 = VERTEX_POINT ( 'NONE', #280 ) ;
#241 = EDGE_LOOP ( 'NONE', ( #347, #6489, #1173, #724 ) ) ;
#242 = ORIENTED_EDGE ( 'NONE', *, *, #2062, .T. ) ;
#243 = DIRECTION ( 'NONE',  ( 0.000000000000000000, 1.000000000000000000, 0.000000000000000000 ) ) ;
#244 = CARTESIAN_POINT ( 'NONE',  ( -2.799999999999999822, 0.000000000000000000, 2.932844324628232018E-14 ) ) ;
#245 = AXIS2_PLACEMENT_3D ( 'NONE', #6063, #7398, #1311 ) ;
#246 = PLANE ( 'NONE',  #7638 ) ;
#247 = CYLINDRICAL_SURFACE ( 'NONE', #8751, 0.09999999999999982514 ) ;
#248 = VECTOR ( 'NONE', #5853, 1000.000000000000000 ) ;
#249 = VERTEX_POINT ( 'NONE', #8276 ) ;
#250 = ORIENTED_EDGE ( 'NONE', *, *, #635, .F. ) ;
#251 = EDGE_CURVE ( 'NONE', #7396, #2747, #7559, .T. ) ;
#252 = AXIS2_PLACEMENT_3D ( 'NONE', #5144, #6491, #3834 ) ;
#253 = DIRECTION ( 'NONE',  ( 0.000000000000000000, -1.000000000000000000, 0.000000000000000000 ) ) ;
#254 = CARTESIAN_POINT ( 'NONE',  ( 6.479999999999948912, 2.299999999999998490, -4.700000000000067679 ) ) ;
#255 = PLANE ( 'NONE',  #4087 ) ;
#256 = AXIS2_PLACEMENT_3D ( 'NONE', #3949, #8750, #6931 ) ;
#257 = AXIS2_PLACEMENT_3D ( 'NONE', #800, #4281, #5610 ) ;
#258 = LINE ( 'NONE', #3048, #413 ) ;
#259 = AXIS2_PLACEMENT_3D ( 'NONE', #3131, #1392, #6761 ) ;
#260 = LINE ( 'NONE', #2972, #3691 ) ;
#261 = CARTESIAN_POINT ( 'NONE',  ( 6.730000000000059046, 0.06000000000000063616, 5.799999999999930544 ) ) ;
#262 = VERTEX_POINT ( 'NONE', #2287 ) ;
#263 = ORIENTED_EDGE ( 'NONE', *, *, #8123, .F. ) ;
#264 = VERTEX_POINT ( 'NONE', #856 ) ;
#265 = VECTOR ( 'NONE', #3323, 1000.000000000000000 ) ;
#266 = ORIENTED_EDGE ( 'NONE', *, *, #6448, .T. ) ;
#267 = AXIS2_PLACEMENT_3D ( 'NONE', #1010, #425, #7172 ) ;
#268 = AXIS2_PLACEMENT_3D ( 'NONE', #2104, #4808, #1442 ) ;
#269 = EDGE_CURVE ( 'NONE', #6767, #4885, #1644, .T. ) ;
#270 = DIRECTION ( 'NONE',  ( 0.000000000000000000, 1.000000000000000000, 0.000000000000000000 ) ) ;
#271 = DIRECTION ( 'NONE',  ( 1.047444401652940007E-14, 0.000000000000000000, 1.000000000000000000 ) ) ;
#272 = CARTESIAN_POINT ( 'NONE',  ( 3.975000000000060929, -0.1900000000000010292, 5.799999999999958966 ) ) ;
#273 = DIRECTION ( 'NONE',  ( 1.047444401652940007E-14, -3.401418580346681312E-16, 1.000000000000000000 ) ) ;
#274 = EDGE_CURVE ( 'NONE', #1148, #6057, #4181, .T. ) ;
#275 = VERTEX_POINT ( 'NONE', #4227 ) ;
#276 = CARTESIAN_POINT ( 'NONE',  ( 12.12000000000006139, 2.380000000000000782, 5.799999999999873701 ) ) ;
#277 = VECTOR ( 'NONE', #5264, 1000.000000000000000 ) ;
#278 = VERTEX_POINT ( 'NONE', #6933 ) ;
#279 = ADVANCED_FACE ( 'NONE', ( #3564 ), #6273, .F. ) ;
#280 = CARTESIAN_POINT ( 'NONE',  ( 12.00000000000004974, -2.049999999999999822, 4.799999999999873701 ) ) ;
#281 = AXIS2_PLACEMENT_3D ( 'NONE', #4501, #374, #7800 ) ;
#282 = LINE ( 'NONE', #938, #5338 ) ;
#283 = CIRCLE ( 'NONE', #988, 0.1000000000000002554 ) ;
#284 = EDGE_CURVE ( 'NONE', #2931, #7059, #6408, .T. ) ;
#285 = FACE_OUTER_BOUND ( 'NONE', #1563, .T. ) ;
#286 = CARTESIAN_POINT ( 'NONE',  ( 1.274999999999938849, -0.2499999999999988065, -5.800000000000013145 ) ) ;
#287 = FACE_OUTER_BOUND ( 'NONE', #5537, .T. ) ;
#288 = VECTOR ( 'NONE', #7900, 1000.000000000000114 ) ;
#289 = AXIS2_PLACEMENT_3D ( 'NONE', #7780, #3823, #7119 ) ;
#290 = AXIS2_PLACEMENT_3D ( 'NONE', #8054, #770, #680 ) ;
#291 = VERTEX_POINT ( 'NONE', #8450 ) ;
#292 = ORIENTED_EDGE ( 'NONE', *, *, #7660, .F. ) ;
#293 = ORIENTED_EDGE ( 'NONE', *, *, #1381, .T. ) ;
#294 = CARTESIAN_POINT ( 'NONE',  ( 5.479999999999959570, -1.399999999999999245, -4.000000000000058620 ) ) ;
#295 = FACE_OUTER_BOUND ( 'NONE', #4509, .T. ) ;
#296 = CARTESIAN_POINT ( 'NONE',  ( 3.825000000000067679, -3.000000000000000000, 6.399999999999961275 ) ) ;
#297 = DIRECTION ( 'NONE',  ( 1.000000000000000000, 0.000000000000000000, -1.047444401652940007E-14 ) ) ;
#298 = EDGE_CURVE ( 'NONE', #515, #943, #8515, .T. ) ;
#299 = AXIS2_PLACEMENT_3D ( 'NONE', #4310, #4347, #2321 ) ;
#300 = AXIS2_PLACEMENT_3D ( 'NONE', #6115, #6155, #7037 ) ;
#301 = VECTOR ( 'NONE', #4866, 1000.000000000000000 ) ;
#302 = EDGE_CURVE ( 'NONE', #1931, #6781, #2359, .T. ) ;
#303 = ORIENTED_EDGE ( 'NONE', *, *, #2673, .T. ) ;
#304 = AXIS2_PLACEMENT_3D ( 'NONE', #876, #1449, #3584 ) ;
#305 = VERTEX_POINT ( 'NONE', #7333 ) ;
#306 = EDGE_CURVE ( 'NONE', #5582, #2383, #6734, .T. ) ;
#307 = PLANE ( 'NONE',  #711 ) ;
#308 = DIRECTION ( 'NONE',  ( -1.419551869787370853E-30, 1.000000000000000000, -1.355252715606880296E-16 ) ) ;
#309 = DIRECTION ( 'NONE',  ( 1.000000000000000000, -0.000000000000000000, -1.047444401652940007E-14 ) ) ;
#310 = LINE ( 'NONE', #3016, #6381 ) ;
#311 = DIRECTION ( 'NONE',  ( 1.047444401652940007E-14, 0.000000000000000000, 1.000000000000000000 ) ) ;
#312 = ORIENTED_EDGE ( 'NONE', *, *, #5310, .T. ) ;
#313 = ORIENTED_EDGE ( 'NONE', *, *, #5009, .F. ) ;
#314 = AXIS2_PLACEMENT_3D ( 'NONE', #2421, #1126, #5792 ) ;
#315 = ORIENTED_EDGE ( 'NONE', *, *, #6960, .F. ) ;
#316 = VERTEX_POINT ( 'NONE', #8720 ) ;
#317 = EDGE_CURVE ( 'NONE', #7179, #4767, #4673, .T. ) ;
#318 = FACE_OUTER_BOUND ( 'NONE', #3254, .T. ) ;
#319 = FACE_OUTER_BOUND ( 'NONE', #2591, .T. ) ;
#320 = LINE ( 'NONE', #2937, #8595 ) ;
#321 = DIRECTION ( 'NONE',  ( -1.000000000000000000, -1.355252715606883008E-16, 1.047444401652940007E-14 ) ) ;
#322 = EDGE_LOOP ( 'NONE', ( #2431, #2210, #3484, #5426 ) ) ;
#323 = EDGE_CURVE ( 'NONE', #8133, #5988, #1248, .T. ) ;
#324 = FACE_OUTER_BOUND ( 'NONE', #2188, .T. ) ;
#325 = ORIENTED_EDGE ( 'NONE', *, *, #3043, .F. ) ;
#326 = CARTESIAN_POINT ( 'NONE',  ( 1.249999999999966027, 1.650000000000000799, -3.000000000000013767 ) ) ;
#327 = DIRECTION ( 'NONE',  ( -1.047444401652940007E-14, 0.000000000000000000, -1.000000000000000000 ) ) ;
#328 = DIRECTION ( 'NONE',  ( 1.047444401652940007E-14, 0.000000000000000000, 1.000000000000000000 ) ) ;
#329 = PRESENTATION_STYLE_ASSIGNMENT (( #6413 ) ) ;
#330 = DIRECTION ( 'NONE',  ( -1.000000000000000000, 0.000000000000000000, 1.084202172485501594E-14 ) ) ;
#331 = EDGE_CURVE ( 'NONE', #4624, #8392, #763, .T. ) ;
#332 = EDGE_CURVE ( 'NONE', #6280, #1794, #2008, .T. ) ;
#333 = ORIENTED_EDGE ( 'NONE', *, *, #6017, .T. ) ;
#334 = ORIENTED_EDGE ( 'NONE', *, *, #3616, .T. ) ;
#335 = LINE ( 'NONE', #294, #659 ) ;
#336 = CARTESIAN_POINT ( 'NONE',  ( 6.479999999999948024, -2.050000000000001155, -4.850000000000067146 ) ) ;
#337 = DIRECTION ( 'NONE',  ( -1.047444401652940007E-14, 0.000000000000000000, -1.000000000000000000 ) ) ;
#338 = DIRECTION ( 'NONE',  ( -1.047444401652940007E-14, 0.000000000000000000, -1.000000000000000000 ) ) ;
#339 = ORIENTED_EDGE ( 'NONE', *, *, #6836, .T. ) ;
#340 = ORIENTED_EDGE ( 'NONE', *, *, #6669, .F. ) ;
#341 = LINE ( 'NONE', #3045, #3952 ) ;
#342 = CARTESIAN_POINT ( 'NONE',  ( 6.280000000000062421, -1.600703055139993669, 6.049999999999934097 ) ) ;
#343 = EDGE_CURVE ( 'NONE', #1111, #4485, #4715, .T. ) ;
#344 = LINE ( 'NONE', #6583, #3645 ) ;
#345 = CARTESIAN_POINT ( 'NONE',  ( 6.380000000000062066, 0.5599999999999992761, 6.049999999999933209 ) ) ;
#346 = ORIENTED_EDGE ( 'NONE', *, *, #996, .F. ) ;
#347 = ORIENTED_EDGE ( 'NONE', *, *, #181, .F. ) ;
#348 = ORIENTED_EDGE ( 'NONE', *, *, #7913, .T. ) ;
#349 = ORIENTED_EDGE ( 'NONE', *, *, #480, .T. ) ;
#350 = DIRECTION ( 'NONE',  ( -3.562796849662422407E-30, -1.000000000000000000, -3.401418580346681312E-16 ) ) ;
#351 = DIRECTION ( 'NONE',  ( -1.047444401652940007E-14, 0.000000000000000000, -1.000000000000000000 ) ) ;
#352 = LINE ( 'NONE', #392, #8744 ) ;
#353 = LINE ( 'NONE', #3060, #8075 ) ;
#354 = ORIENTED_EDGE ( 'NONE', *, *, #7867, .F. ) ;
#355 = ADVANCED_FACE ( 'NONE', ( #8679 ), #3967, .T. ) ;
#356 = ORIENTED_EDGE ( 'NONE', *, *, #8742, .F. ) ;
#357 = EDGE_CURVE ( 'NONE', #4914, #101, #6670, .T. ) ;
#358 = DIRECTION ( 'NONE',  ( -1.047444401652940007E-14, 0.000000000000000000, -1.000000000000000000 ) ) ;
#359 = CARTESIAN_POINT ( 'NONE',  ( 0.8000000000000418998, 2.260000000000000675, 3.999999999999991562 ) ) ;
#360 = FACE_BOUND ( 'NONE', #7028, .T. ) ;
#361 = DIRECTION ( 'NONE',  ( -1.000000000000000000, 0.000000000000000000, 1.047444401652940007E-14 ) ) ;
#362 = ORIENTED_EDGE ( 'NONE', *, *, #2761, .F. ) ;
#363 = ORIENTED_EDGE ( 'NONE', *, *, #7482, .F. ) ;
#364 = CARTESIAN_POINT ( 'NONE',  ( 9.449999999999960210, 2.299999999999998490, -4.700000000000098765 ) ) ;
#365 = CARTESIAN_POINT ( 'NONE',  ( 0.9999999999999317213, 1.399999999999999023, -6.400000000000011013 ) ) ;
#366 = DIRECTION ( 'NONE',  ( 1.047444401652940007E-14, 0.000000000000000000, 1.000000000000000000 ) ) ;
#367 = CARTESIAN_POINT ( 'NONE',  ( 1.274999999999938849, -0.1699999999999992628, -5.800000000000013145 ) ) ;
#368 = EDGE_CURVE ( 'NONE', #6457, #2736, #2727, .T. ) ;
#369 = VERTEX_POINT ( 'NONE', #6098 ) ;
#370 = ORIENTED_EDGE ( 'NONE', *, *, #42, .T. ) ;
#371 = ADVANCED_FACE ( 'NONE', ( #722 ), #8095, .T. ) ;
#372 = DIRECTION ( 'NONE',  ( 1.000000000000000000, 0.000000000000000000, -1.084202172485501594E-14 ) ) ;
#373 = AXIS2_PLACEMENT_3D ( 'NONE', #3559, #8163, #5557 ) ;
#374 = DIRECTION ( 'NONE',  ( 1.000000000000000000, 0.000000000000000000, -1.047444401652940007E-14 ) ) ;
#375 = CARTESIAN_POINT ( 'NONE',  ( 0.5000000000000122125, 2.764439852957066623, 1.165277777777772084 ) ) ;
#376 = DIRECTION ( 'NONE',  ( -1.047444401652940007E-14, 0.000000000000000000, -1.000000000000000000 ) ) ;
#377 = ADVANCED_FACE ( 'NONE', ( #2767 ), #8044, .T. ) ;
#378 = ADVANCED_FACE ( 'NONE', ( #4012 ), #3293, .F. ) ;
#379 = DIRECTION ( 'NONE',  ( -1.000000000000000000, 0.000000000000000000, 1.155864618901490608E-14 ) ) ;
#380 = DIRECTION ( 'NONE',  ( 1.047444401652940007E-14, 0.000000000000000000, 1.000000000000000000 ) ) ;
#381 = AXIS2_PLACEMENT_3D ( 'NONE', #3715, #5871, #338 ) ;
#382 = ORIENTED_EDGE ( 'NONE', *, *, #6299, .F. ) ;
#383 = ORIENTED_EDGE ( 'NONE', *, *, #5413, .F. ) ;
#384 = VERTEX_POINT ( 'NONE', #1385 ) ;
#385 = EDGE_CURVE ( 'NONE', #7125, #3409, #6755, .T. ) ;
#386 = VERTEX_POINT ( 'NONE', #2046 ) ;
#387 = AXIS2_PLACEMENT_3D ( 'NONE', #235, #2327, #4406 ) ;
#388 = DIRECTION ( 'NONE',  ( -1.000000000000000000, 0.000000000000000000, 1.047444401652940007E-14 ) ) ;
#389 = AXIS2_PLACEMENT_3D ( 'NONE', #1133, #7259, #3846 ) ;
#390 = CARTESIAN_POINT ( 'NONE',  ( 12.00000000000005507, 2.510000000000001119, 5.249999999999872102 ) ) ;
#391 = DIRECTION ( 'NONE',  ( 0.000000000000000000, 1.000000000000000000, 0.000000000000000000 ) ) ;
#392 = CARTESIAN_POINT ( 'NONE',  ( 11.99999999999993960, -0.2499999999999997780, -5.800000000000126832 ) ) ;
#393 = DIRECTION ( 'NONE',  ( 1.000000000000000000, 0.000000000000000000, -1.016467196724782760E-14 ) ) ;
#394 = VERTEX_POINT ( 'NONE', #3335 ) ;
#395 = AXIS2_PLACEMENT_3D ( 'NONE', #4443, #5061, #2409 ) ;
#396 = EDGE_CURVE ( 'NONE', #7029, #8116, #5467, .T. ) ;
#397 = VECTOR ( 'NONE', #7472, 1000.000000000000000 ) ;
#398 = ORIENTED_EDGE ( 'NONE', *, *, #4293, .T. ) ;
#399 = DIRECTION ( 'NONE',  ( -1.000000000000000000, 0.000000000000000000, 1.084202172485506327E-14 ) ) ;
#400 = LINE ( 'NONE', #7154, #854 ) ;
#401 = CARTESIAN_POINT ( 'NONE',  ( 6.280000000000060645, -1.399999999999999467, 5.799999999999934985 ) ) ;
#402 = EDGE_LOOP ( 'NONE', ( #8068, #6692, #806, #1504 ) ) ;
#403 = AXIS2_PLACEMENT_3D ( 'NONE', #3793, #1130, #6500 ) ;
#404 = VERTEX_POINT ( 'NONE', #622 ) ;
#405 = VECTOR ( 'NONE', #1983, 1000.000000000000000 ) ;
#406 = CIRCLE ( 'NONE', #8781, 1.900000000000000355 ) ;
#407 = CARTESIAN_POINT ( 'NONE',  ( 6.479999999999948912, 2.510000000000001119, -4.700000000000067679 ) ) ;
#408 = PLANE ( 'NONE',  #5796 ) ;
#409 = DIRECTION ( 'NONE',  ( 1.047444401652940007E-14, 0.000000000000000000, 1.000000000000000000 ) ) ;
#410 = CARTESIAN_POINT ( 'NONE',  ( 12.25000000000004619, -2.140000000000001457, 4.299999999999869260 ) ) ;
#411 = VECTOR ( 'NONE', #3461, 1000.000000000000000 ) ;
#412 = PRESENTATION_LAYER_ASSIGNMENT (  '', '', ( #7513 ) ) ;
#413 = VECTOR ( 'NONE', #6256, 1000.000000000000000 ) ;
#414 = ORIENTED_EDGE ( 'NONE', *, *, #6199, .T. ) ;
#415 = ADVANCED_FACE ( 'NONE', ( #6045 ), #8764, .F. ) ;
#416 = VERTEX_POINT ( 'NONE', #1436 ) ;
#417 = VERTEX_POINT ( 'NONE', #8243 ) ;
#418 = DIRECTION ( 'NONE',  ( 1.047444401652940007E-14, 0.000000000000000000, 1.000000000000000000 ) ) ;
#419 = CIRCLE ( 'NONE', #8794, 0.08000000000000020983 ) ;
#420 = VECTOR ( 'NONE', #3100, 1000.000000000000000 ) ;
#421 = VECTOR ( 'NONE', #6688, 1000.000000000000000 ) ;
#422 = CARTESIAN_POINT ( 'NONE',  ( 1.650000000000063416, -1.560703055139994522, 5.999999999999983125 ) ) ;
#423 = AXIS2_PLACEMENT_3D ( 'NONE', #2362, #7574, #2443 ) ;
#424 = CARTESIAN_POINT ( 'NONE',  ( 0.8500000000000459410, 2.260000000000000231, 4.399999999999993250 ) ) ;
#425 = DIRECTION ( 'NONE',  ( -1.000000000000000000, 0.000000000000000000, 1.047444401652940007E-14 ) ) ;
#426 = CARTESIAN_POINT ( 'NONE',  ( 0.9000000000000403233, 1.730000000000000870, 4.349999999999992539 ) ) ;
#427 = VERTEX_POINT ( 'NONE', #5470 ) ;
#428 = EDGE_LOOP ( 'NONE', ( #8594, #5597, #7844, #3034 ) ) ;
#429 = VECTOR ( 'NONE', #8254, 1000.000000000000000 ) ;
#430 = VERTEX_POINT ( 'NONE', #1337 ) ;
#431 = ADVANCED_FACE ( 'NONE', ( #56 ), #6101, .T. ) ;
#432 = ORIENTED_EDGE ( 'NONE', *, *, #2607, .F. ) ;
#433 = EDGE_CURVE ( 'NONE', #5506, #4923, #7868, .T. ) ;
#434 = EDGE_CURVE ( 'NONE', #8124, #745, #3970, .T. ) ;
#435 = CARTESIAN_POINT ( 'NONE',  ( 11.09999999999993925, -0.2499999999999989175, -5.800000000000117950 ) ) ;
#436 = DIRECTION ( 'NONE',  ( -1.000000000000000000, 0.000000000000000000, 1.047444401652940007E-14 ) ) ;
#437 = DIRECTION ( 'NONE',  ( 1.000000000000000000, 0.000000000000000000, -1.047444401652940007E-14 ) ) ;
#438 = DIRECTION ( 'NONE',  ( -1.419551869787370853E-30, 1.000000000000000000, -1.355252715606880296E-16 ) ) ;
#439 = CARTESIAN_POINT ( 'NONE',  ( 2.759578956343191614, 2.510000000000001119, -5.700000000000028599 ) ) ;
#440 = VERTEX_POINT ( 'NONE', #3384 ) ;
#441 = VERTEX_POINT ( 'NONE', #1390 ) ;
#442 = EDGE_LOOP ( 'NONE', ( #6161, #4348, #7052, #2331 ) ) ;
#443 = VECTOR ( 'NONE', #4708, 1000.000000000000000 ) ;
#444 = ADVANCED_FACE ( 'NONE', ( #4102 ), #14, .F. ) ;
#445 = EDGE_CURVE ( 'NONE', #6806, #4485, #1964, .T. ) ;
#446 = DIRECTION ( 'NONE',  ( 0.000000000000000000, 1.000000000000000000, 0.000000000000000000 ) ) ;
#447 = CARTESIAN_POINT ( 'NONE',  ( 8.064999999999956870, 1.099999999999996758, -4.850000000000084022 ) ) ;
#448 = DIRECTION ( 'NONE',  ( 1.000000000000000000, 0.000000000000000000, -1.047444401652940007E-14 ) ) ;
#449 = LINE ( 'NONE', #5863, #5343 ) ;
#450 = ORIENTED_EDGE ( 'NONE', *, *, #5621, .T. ) ;
#451 = ORIENTED_EDGE ( 'NONE', *, *, #793, .T. ) ;
#452 = CARTESIAN_POINT ( 'NONE',  ( 12.00000000000004974, -2.049999999999999822, 4.799999999999873701 ) ) ;
#453 = DIRECTION ( 'NONE',  ( -1.000000000000000000, 0.000000000000000000, 1.084202172485506327E-14 ) ) ;
#454 = LINE ( 'NONE', #7206, #5207 ) ;
#455 = LINE ( 'NONE', #5788, #8608 ) ;
#456 = ORIENTED_EDGE ( 'NONE', *, *, #7755, .T. ) ;
#457 = EDGE_CURVE ( 'NONE', #4860, #6325, #5428, .T. ) ;
#458 = ORIENTED_EDGE ( 'NONE', *, *, #4059, .F. ) ;
#459 = ORIENTED_EDGE ( 'NONE', *, *, #6455, .F. ) ;
#460 = FACE_OUTER_BOUND ( 'NONE', #8323, .T. ) ;
#461 = DIRECTION ( 'NONE',  ( 1.000000000000000000, -0.000000000000000000, -1.047444401652940007E-14 ) ) ;
#462 = EDGE_CURVE ( 'NONE', #2080, #8777, #3477, .T. ) ;
#463 = CARTESIAN_POINT ( 'NONE',  ( 2.720000000000045937, 1.650000000000000799, 4.349999999999973888 ) ) ;
#464 = DIRECTION ( 'NONE',  ( -1.419551869787370853E-30, 1.000000000000000000, -1.355252715606880296E-16 ) ) ;
#465 = DIRECTION ( 'NONE',  ( -0.000000000000000000, -1.000000000000000000, -0.000000000000000000 ) ) ;
#466 = ORIENTED_EDGE ( 'NONE', *, *, #1585, .F. ) ;
#467 = ORIENTED_EDGE ( 'NONE', *, *, #7385, .F. ) ;
#468 = ORIENTED_EDGE ( 'NONE', *, *, #2245, .T. ) ;
#469 = VERTEX_POINT ( 'NONE', #2730 ) ;
#470 = CARTESIAN_POINT ( 'NONE',  ( 10.09999999999993925, -0.2500000000000000000, -6.400000000000106049 ) ) ;
#471 = CARTESIAN_POINT ( 'NONE',  ( 8.799999999999963407, -0.2899999999999954281, -4.850000000000091127 ) ) ;
#472 = CARTESIAN_POINT ( 'NONE',  ( 0.4999999999999798495, 2.259999999999999343, -1.926136028425828428 ) ) ;
#473 = ADVANCED_FACE ( 'NONE', ( #4676 ), #6855, .F. ) ;
#474 = PLANE ( 'NONE',  #7807 ) ;
#475 = VERTEX_POINT ( 'NONE', #4718 ) ;
#476 = VERTEX_POINT ( 'NONE', #6673 ) ;
#477 = EDGE_LOOP ( 'NONE', ( #7211, #3443, #648, #7012, #1839, #1815 ) ) ;
#478 = CARTESIAN_POINT ( 'NONE',  ( 2.505000000000058069, 1.450000000000000844, 5.999999999999974243 ) ) ;
#479 = DIRECTION ( 'NONE',  ( 1.047444401652940007E-14, 0.000000000000000000, 1.000000000000000000 ) ) ;
#480 = EDGE_CURVE ( 'NONE', #2454, #8249, #1934, .T. ) ;
#481 = PLANE ( 'NONE',  #8043 ) ;
#482 = DIRECTION ( 'NONE',  ( -1.047444401652940007E-14, 0.000000000000000000, -1.000000000000000000 ) ) ;
#483 = LINE ( 'NONE', #6530, #3366 ) ;
#484 = EDGE_CURVE ( 'NONE', #206, #2840, #8098, .T. ) ;
#485 = ORIENTED_EDGE ( 'NONE', *, *, #8212, .F. ) ;
#486 = ADVANCED_FACE ( 'NONE', ( #3296, #6808 ), #766, .T. ) ;
#487 = EDGE_LOOP ( 'NONE', ( #4753, #3534, #7756, #5404 ) ) ;
#488 = FACE_OUTER_BOUND ( 'NONE', #3754, .T. ) ;
#489 = DIRECTION ( 'NONE',  ( 1.047444401652940007E-14, 0.000000000000000000, 1.000000000000000000 ) ) ;
#490 = PLANE ( 'NONE',  #1539 ) ;
#491 = CARTESIAN_POINT ( 'NONE',  ( 2.345000000000056151, -0.1700000000000047862, 5.799999999999975842 ) ) ;
#492 = CLOSED_SHELL ( 'NONE', ( #5065, #3301, #8771, #486, #7254, #1741, #4461, #2000, #6071, #6170, #5286, #3498, #2459, #6771, #1271, #1880, #6753, #4743, #1601, #45, #5137, #8568, #7276, #3901, #2613, #2403, #941, #2223, #3942, #3950, #2938, #7435, #2344, #6423, #415, #7208, #7332, #4536, #8078, #5722, #3303, #6668, #6538, #8684, #1301, #2862, #7118, #2119, #1779, #7236, #6409, #925, #571, #1856, #7252, #7104, #5699, #3649, #4448, #3601, #7451, #3184, #8190, #4141, #2238, #2993, #4328, #1377, #5499, #8731, #5595, #1618, #444, #4491, #1627, #8701, #97, #5025, #7267, #6429, #8418, #3839, #2505, #132, #2655, #2437, #534, #6278, #1998, #8029, #5477, #6923, #3806, #2057, #6019, #796, #6837, #1580, #6087, #7367, #8332, #3386, #3363 ) ) ;
#493 = AXIS2_PLACEMENT_3D ( 'NONE', #2096, #6141, #4622 ) ;
#494 = ORIENTED_EDGE ( 'NONE', *, *, #8463, .T. ) ;
#495 = VERTEX_POINT ( 'NONE', #4151 ) ;
#496 = ORIENTED_EDGE ( 'NONE', *, *, #343, .T. ) ;
#497 = DIRECTION ( 'NONE',  ( -1.000000000000000000, 1.141265444721583757E-16, 1.047444401652940007E-14 ) ) ;
#498 = LINE ( 'NONE', #5970, #6935 ) ;
#499 = DIRECTION ( 'NONE',  ( -1.059491092458334483E-14, 0.000000000000000000, -1.000000000000000000 ) ) ;
#500 = DIRECTION ( 'NONE',  ( 1.000000000000000000, 0.000000000000000000, -1.047444401652940007E-14 ) ) ;
#501 = CARTESIAN_POINT ( 'NONE',  ( 1.449999999999937117, -0.3299999999999993494, -6.000000000000015987 ) ) ;
#502 = EDGE_LOOP ( 'NONE', ( #3863, #8156, #5986, #7432 ) ) ;
#503 = ORIENTED_EDGE ( 'NONE', *, *, #528, .F. ) ;
#504 = ORIENTED_EDGE ( 'NONE', *, *, #1477, .F. ) ;
#505 = AXIS2_PLACEMENT_3D ( 'NONE', #4974, #7641, #6438 ) ;
#506 = EDGE_LOOP ( 'NONE', ( #6121, #1282, #7958, #8353 ) ) ;
#507 = CARTESIAN_POINT ( 'NONE',  ( 12.49999999999993250, -0.2500000000000000000, -6.400000000000130917 ) ) ;
#508 = CARTESIAN_POINT ( 'NONE',  ( 2.699999999999931344, 1.399999999999999023, -6.400000000000028777 ) ) ;
#509 = VECTOR ( 'NONE', #1739, 1000.000000000000000 ) ;
#510 = CARTESIAN_POINT ( 'NONE',  ( 6.479999999999948024, -2.050000000000001155, -4.850000000000067146 ) ) ;
#511 = AXIS2_PLACEMENT_3D ( 'NONE', #5168, #5888, #8656 ) ;
#512 = DIRECTION ( 'NONE',  ( 1.000000000000000000, 0.000000000000000000, -1.024947202821298640E-14 ) ) ;
#513 = DIRECTION ( 'NONE',  ( 1.000000000000000000, 0.000000000000000000, -1.047444401652940007E-14 ) ) ;
#514 = VERTEX_POINT ( 'NONE', #6006 ) ;
#515 = VERTEX_POINT ( 'NONE', #4015 ) ;
#516 = AXIS2_PLACEMENT_3D ( 'NONE', #7909, #1198, #2586 ) ;
#517 = ORIENTED_EDGE ( 'NONE', *, *, #2488, .T. ) ;
#518 = VECTOR ( 'NONE', #725, 1000.000000000000000 ) ;
#519 = EDGE_CURVE ( 'NONE', #240, #4040, #6186, .T. ) ;
#520 = CARTESIAN_POINT ( 'NONE',  ( 11.99999999999993960, -0.2499999999999997780, -5.800000000000126832 ) ) ;
#521 = DIRECTION ( 'NONE',  ( -1.047444401652940007E-14, -1.355252715606880296E-16, -1.000000000000000000 ) ) ;
#522 = PLANE ( 'NONE',  #1649 ) ;
#523 = VECTOR ( 'NONE', #8710, 1000.000000000000000 ) ;
#524 = DIRECTION ( 'NONE',  ( 1.334402673828314266E-14, 0.000000000000000000, 1.000000000000000000 ) ) ;
#525 = AXIS2_PLACEMENT_3D ( 'NONE', #67, #8149, #4863 ) ;
#526 = FACE_OUTER_BOUND ( 'NONE', #4374, .T. ) ;
#527 = EDGE_CURVE ( 'NONE', #6221, #6806, #5489, .T. ) ;
#528 = EDGE_CURVE ( 'NONE', #6122, #1170, #4225, .T. ) ;
#529 = VERTEX_POINT ( 'NONE', #5387 ) ;
#530 = EDGE_CURVE ( 'NONE', #6781, #8646, #2011, .T. ) ;
#531 = AXIS2_PLACEMENT_3D ( 'NONE', #1478, #6320, #1613 ) ;
#532 = ORIENTED_EDGE ( 'NONE', *, *, #8004, .T. ) ;
#533 = EDGE_CURVE ( 'NONE', #4302, #529, #2250, .T. ) ;
#534 = ADVANCED_FACE ( 'NONE', ( #4898 ), #7613, .F. ) ;
#535 = CARTESIAN_POINT ( 'NONE',  ( 6.360000000000059828, -0.3699999999999982747, 5.799999999999934097 ) ) ;
#536 = DIRECTION ( 'NONE',  ( 0.000000000000000000, -1.000000000000000000, 0.000000000000000000 ) ) ;
#537 = CARTESIAN_POINT ( 'NONE',  ( 0.9000000000000379918, 1.850000000000000977, 4.149999999999994138 ) ) ;
#538 = DIRECTION ( 'NONE',  ( 1.000000000000000000, 0.000000000000000000, -1.047444401652940007E-14 ) ) ;
#539 = ORIENTED_EDGE ( 'NONE', *, *, #1419, .T. ) ;
#540 = ORIENTED_EDGE ( 'NONE', *, *, #3349, .T. ) ;
#541 = ORIENTED_EDGE ( 'NONE', *, *, #3450, .T. ) ;
#542 = DIRECTION ( 'NONE',  ( -1.000000000000000000, 0.000000000000000000, 1.047444401652940007E-14 ) ) ;
#543 = EDGE_CURVE ( 'NONE', #2633, #5548, #7664, .T. ) ;
#544 = FACE_OUTER_BOUND ( 'NONE', #3452, .T. ) ;
#545 = DIRECTION ( 'NONE',  ( 0.000000000000000000, 1.000000000000000000, 0.000000000000000000 ) ) ;
#546 = CARTESIAN_POINT ( 'NONE',  ( 0.5000000000000000000, 0.000000000000000000, -5.237222008264700033E-15 ) ) ;
#547 = VECTOR ( 'NONE', #815, 1000.000000000000000 ) ;
#548 = VECTOR ( 'NONE', #2076, 1000.000000000000000 ) ;
#549 = EDGE_CURVE ( 'NONE', #4923, #5634, #6240, .T. ) ;
#550 = VECTOR ( 'NONE', #7298, 1000.000000000000000 ) ;
#551 = EDGE_CURVE ( 'NONE', #866, #2037, #4368, .T. ) ;
#552 = DIRECTION ( 'NONE',  ( 1.047444401652940007E-14, 0.000000000000000000, 1.000000000000000000 ) ) ;
#553 = ORIENTED_EDGE ( 'NONE', *, *, #317, .T. ) ;
#554 = ORIENTED_EDGE ( 'NONE', *, *, #4832, .F. ) ;
#555 = EDGE_CURVE ( 'NONE', #5353, #1932, #4240, .T. ) ;
#557 = ORIENTED_EDGE ( 'NONE', *, *, #6883, .F. ) ;
#556 = AXIS2_PLACEMENT_3D ( 'NONE', #3187, #4527, #5358 ) ;
#558 = DIRECTION ( 'NONE',  ( 1.036015409263926372E-14, 0.000000000000000000, 1.000000000000000000 ) ) ;
#559 = CYLINDRICAL_SURFACE ( 'NONE', #6623, 1.800000000000000266 ) ;
#560 = DIRECTION ( 'NONE',  ( 7.406550393246802736E-15, -0.7071067811865470176, 0.7071067811865481278 ) ) ;
#561 = DIRECTION ( 'NONE',  ( -1.047444401652940007E-14, 0.000000000000000000, -1.000000000000000000 ) ) ;
#562 = VECTOR ( 'NONE', #693, 1000.000000000000000 ) ;
#563 = LINE ( 'NONE', #8015, #5481 ) ;
#565 = CIRCLE ( 'NONE', #4405, 3.000000000000000444 ) ;
#564 = DIRECTION ( 'NONE',  ( 1.047444401652940007E-14, -4.765723835101119949E-17, 1.000000000000000000 ) ) ;
#566 = ORIENTED_EDGE ( 'NONE', *, *, #4124, .F. ) ;
#567 = ORIENTED_EDGE ( 'NONE', *, *, #1740, .T. ) ;
#568 = ORIENTED_EDGE ( 'NONE', *, *, #7779, .T. ) ;
#569 = DIRECTION ( 'NONE',  ( 1.000000000000000000, 1.355252715606883254E-16, -1.047444401652940007E-14 ) ) ;
#570 = CARTESIAN_POINT ( 'NONE',  ( 4.115421043656688482, 2.510000000000001119, -5.700000000000043698 ) ) ;
#571 = ADVANCED_FACE ( 'NONE', ( #814 ), #8458, .T. ) ;
#572 = CARTESIAN_POINT ( 'NONE',  ( 11.99999999999993960, 1.599999999999996758, -5.800000000000126832 ) ) ;
#573 = CARTESIAN_POINT ( 'NONE',  ( 12.00000000000005507, 2.300000000000000711, 5.249999999999872102 ) ) ;
#574 = DIRECTION ( 'NONE',  ( 1.047444401652940007E-14, 5.699890467440196975E-16, 1.000000000000000000 ) ) ;
#575 = VECTOR ( 'NONE', #5118, 1000.000000000000000 ) ;
#576 = VERTEX_POINT ( 'NONE', #5576 ) ;
#577 = DIRECTION ( 'NONE',  ( 1.047444401652940007E-14, 0.000000000000000000, 1.000000000000000000 ) ) ;
#578 = LINE ( 'NONE', #7988, #4963 ) ;
#579 = DIRECTION ( 'NONE',  ( -1.000000000000000000, 0.000000000000000000, 1.084202172485501594E-14 ) ) ;
#580 = CARTESIAN_POINT ( 'NONE',  ( 0.6500000000000405453, 1.450000000000000844, 4.349999999999995204 ) ) ;
#581 = CARTESIAN_POINT ( 'NONE',  ( 1.449999999999957989, -1.399999999999999467, -4.000000000000016875 ) ) ;
#582 = AXIS2_PLACEMENT_3D ( 'NONE', #7329, #6001, #8092 ) ;
#583 = EDGE_CURVE ( 'NONE', #6862, #430, #5059, .T. ) ;
#584 = EDGE_CURVE ( 'NONE', #291, #1164, #2871, .T. ) ;
#585 = ORIENTED_EDGE ( 'NONE', *, *, #1292, .T. ) ;
#586 = DIRECTION ( 'NONE',  ( -1.000000000000000000, 0.000000000000000000, 1.084202172485504592E-14 ) ) ;
#587 = ORIENTED_EDGE ( 'NONE', *, *, #3117, .T. ) ;
#588 = VERTEX_POINT ( 'NONE', #8288 ) ;
#589 = CARTESIAN_POINT ( 'NONE',  ( 6.630000000000058513, 1.060000000000000053, 5.799999999999931433 ) ) ;
#590 = PLANE ( 'NONE',  #7218 ) ;
#591 = PLANE ( 'NONE',  #1094 ) ;
#592 = CYLINDRICAL_SURFACE ( 'NONE', #3087, 0.08000000000000020983 ) ;
#593 = LINE ( 'NONE', #5294, #1696 ) ;
#594 = DIRECTION ( 'NONE',  ( 0.000000000000000000, 1.000000000000000000, 0.000000000000000000 ) ) ;
#595 = ORIENTED_EDGE ( 'NONE', *, *, #8391, .T. ) ;
#596 = ORIENTED_EDGE ( 'NONE', *, *, #2387, .T. ) ;
#597 = ORIENTED_EDGE ( 'NONE', *, *, #939, .F. ) ;
#598 = ADVANCED_FACE ( 'NONE', ( #6419 ), #4990, .T. ) ;
#599 = LINE ( 'NONE', #3308, #5935 ) ;
#600 = LINE ( 'NONE', #737, #8194 ) ;
#601 = CARTESIAN_POINT ( 'NONE',  ( 1.449999999999973754, 1.450000000000000844, -2.300000000000015365 ) ) ;
#602 = DIRECTION ( 'NONE',  ( 1.419551869787370853E-30, -1.000000000000000000, 1.355252715606880296E-16 ) ) ;
#603 = DIRECTION ( 'NONE',  ( 1.062933004117018709E-14, 0.000000000000000000, 1.000000000000000000 ) ) ;
#604 = VERTEX_POINT ( 'NONE', #7570 ) ;
#605 = ORIENTED_EDGE ( 'NONE', *, *, #6875, .F. ) ;
#606 = ORIENTED_EDGE ( 'NONE', *, *, #611, .T. ) ;
#607 =( LENGTH_UNIT ( ) NAMED_UNIT ( * ) SI_UNIT ( .MILLI., .METRE. ) );
#608 = CARTESIAN_POINT ( 'NONE',  ( 3.875000000000063505, 2.380000000000001226, 6.049999999999958966 ) ) ;
#609 = CARTESIAN_POINT ( 'NONE',  ( 11.99999999999995026, -2.050000000000001155, -4.850000000000124878 ) ) ;
#610 = DIRECTION ( 'NONE',  ( 1.419551869787370853E-30, -1.000000000000000000, 1.355252715606880296E-16 ) ) ;
#611 = EDGE_CURVE ( 'NONE', #7466, #3583, #867, .T. ) ;
#612 = VERTEX_POINT ( 'NONE', #1485 ) ;
#613 = CARTESIAN_POINT ( 'NONE',  ( 9.449999999999953104, 2.510000000000001119, -5.250000000000096811 ) ) ;
#614 = CARTESIAN_POINT ( 'NONE',  ( -2.600000000000031175, 3.673940397442060361E-16, -2.999999999999973355 ) ) ;
#615 = DIRECTION ( 'NONE',  ( -1.000000000000000000, 0.000000000000000000, 1.047444401652940007E-14 ) ) ;
#616 = FACE_OUTER_BOUND ( 'NONE', #5073, .T. ) ;
#617 = CARTESIAN_POINT ( 'NONE',  ( -6.703644170578817304E-14, 2.259999999999998899, -6.400000000000001243 ) ) ;
#618 = CARTESIAN_POINT ( 'NONE',  ( 2.759578956343192502, 2.260000000000000675, -5.640421043656776767 ) ) ;
#619 = VERTEX_POINT ( 'NONE', #5666 ) ;
#620 = VECTOR ( 'NONE', #2191, 1000.000000000000000 ) ;
#621 = VERTEX_POINT ( 'NONE', #2301 ) ;
#622 = CARTESIAN_POINT ( 'NONE',  ( 5.030000000000058868, 1.059999999999999387, 5.799999999999947420 ) ) ;
#623 = ORIENTED_EDGE ( 'NONE', *, *, #731, .T. ) ;
#624 = ORIENTED_EDGE ( 'NONE', *, *, #433, .T. ) ;
#625 = CARTESIAN_POINT ( 'NONE',  ( 1.550000000000007594, 2.260000000000000675, 0.6999999999999847455 ) ) ;
#626 = CARTESIAN_POINT ( 'NONE',  ( 0.9000000000000403233, 1.650000000000000799, 4.349999999999992539 ) ) ;
#627 = EDGE_CURVE ( 'NONE', #4579, #647, #4492, .T. ) ;
#628 = FACE_OUTER_BOUND ( 'NONE', #7996, .T. ) ;
#629 = LINE ( 'NONE', #8102, #7071 ) ;
#630 = FACE_OUTER_BOUND ( 'NONE', #2632, .T. ) ;
#631 = EDGE_CURVE ( 'NONE', #386, #4634, #2202, .T. ) ;
#632 = DIRECTION ( 'NONE',  ( 1.047444401652940007E-14, 0.000000000000000000, 1.000000000000000000 ) ) ;
#633 = ORIENTED_EDGE ( 'NONE', *, *, #7605, .T. ) ;
#634 = ORIENTED_EDGE ( 'NONE', *, *, #7113, .T. ) ;
#635 = EDGE_CURVE ( 'NONE', #4579, #6862, #335, .T. ) ;
#636 = ORIENTED_EDGE ( 'NONE', *, *, #584, .T. ) ;
#637 = EDGE_CURVE ( 'NONE', #5520, #8606, #201, .T. ) ;
#638 = CARTESIAN_POINT ( 'NONE',  ( 11.99999999999993960, 1.599999999999996758, -5.800000000000127720 ) ) ;
#639 = EDGE_CURVE ( 'NONE', #5183, #3695, #8329, .T. ) ;
#640 = CARTESIAN_POINT ( 'NONE',  ( 11.99999999999994316, 2.260000000000000675, -5.390421043656873579 ) ) ;
#641 = CARTESIAN_POINT ( 'NONE',  ( 1.550000000000005373, 2.260000000000000675, 0.4999999999999836242 ) ) ;
#642 = CARTESIAN_POINT ( 'NONE',  ( 0.7999999999998441691, 2.260000000000000675, -14.75411377792221401 ) ) ;
#643 = DIRECTION ( 'NONE',  ( -1.000000000000000000, -0.000000000000000000, 1.047444401652940007E-14 ) ) ;
#644 = EDGE_CURVE ( 'NONE', #6238, #6550, #5643, .T. ) ;
#645 = ORIENTED_EDGE ( 'NONE', *, *, #4671, .T. ) ;
#646 = VECTOR ( 'NONE', #7943, 1000.000000000000000 ) ;
#647 = VERTEX_POINT ( 'NONE', #5957 ) ;
#648 = ORIENTED_EDGE ( 'NONE', *, *, #4336, .F. ) ;
#649 = VECTOR ( 'NONE', #1082, 1000.000000000000000 ) ;
#650 = AXIS2_PLACEMENT_3D ( 'NONE', #4259, #5631, #5002 ) ;
#651 = FACE_OUTER_BOUND ( 'NONE', #1683, .T. ) ;
#652 = DIRECTION ( 'NONE',  ( -1.000000000000000000, 0.000000000000000000, 8.673617379883937653E-15 ) ) ;
#653 = DIRECTION ( 'NONE',  ( 1.000000000000000000, 0.000000000000000000, -8.673617379884051249E-15 ) ) ;
#654 = EDGE_CURVE ( 'NONE', #6496, #7548, #1736, .T. ) ;
#655 = CYLINDRICAL_SURFACE ( 'NONE', #4810, 0.1299999999999998934 ) ;
#656 = LINE ( 'NONE', #2713, #2962 ) ;
#657 = VECTOR ( 'NONE', #6998, 1000.000000000000000 ) ;
#658 = ORIENTED_EDGE ( 'NONE', *, *, #2176, .F. ) ;
#659 = VECTOR ( 'NONE', #6283, 1000.000000000000000 ) ;
#660 = CARTESIAN_POINT ( 'NONE',  ( 1.224999999999939249, 1.399999999999999245, -5.800000000000012257 ) ) ;
#661 = CARTESIAN_POINT ( 'NONE',  ( 12.24999999999984546, 2.260000000000000675, -14.75411377792233480 ) ) ;
#662 = CARTESIAN_POINT ( 'NONE',  ( 3.344999999999993978, 3.345000000000004636, -4.500000000000035527 ) ) ;
#663 = AXIS2_PLACEMENT_3D ( 'NONE', #662, #5374, #1865 ) ;
#664 = DIRECTION ( 'NONE',  ( 1.047444401652940007E-14, 0.000000000000000000, 1.000000000000000000 ) ) ;
#665 = DIRECTION ( 'NONE',  ( -1.047444401652940007E-14, 0.000000000000000000, -1.000000000000000000 ) ) ;
#666 = AXIS2_PLACEMENT_3D ( 'NONE', #877, #209, #4999 ) ;
#667 = CARTESIAN_POINT ( 'NONE',  ( 0.9999999999999767963, 1.399999999999999467, -2.100000000000011191 ) ) ;
#668 = VERTEX_POINT ( 'NONE', #5907 ) ;
#669 = VECTOR ( 'NONE', #3903, 1000.000000000000000 ) ;
#670 = DIRECTION ( 'NONE',  ( 1.000000000000000000, 1.152640183373292192E-15, -1.047444401652940007E-14 ) ) ;
#671 = EDGE_LOOP ( 'NONE', ( #1104, #3563, #7662, #1492 ) ) ;
#672 = AXIS2_PLACEMENT_3D ( 'NONE', #3047, #5754, #8469 ) ;
#673 = AXIS2_PLACEMENT_3D ( 'NONE', #6857, #1300, #5334 ) ;
#674 = ORIENTED_EDGE ( 'NONE', *, *, #808, .T. ) ;
#675 = DIRECTION ( 'NONE',  ( -3.562796849662422407E-30, -1.000000000000000000, -3.401418580346681312E-16 ) ) ;
#676 = PLANE ( 'NONE',  #4660 ) ;
#677 = EDGE_CURVE ( 'NONE', #1825, #6510, #3243, .T. ) ;
#678 = CARTESIAN_POINT ( 'NONE',  ( 9.249999999999950262, 2.299999999999998490, -5.450000000000098765 ) ) ;
#679 = CARTESIAN_POINT ( 'NONE',  ( 11.94042104365680323, 2.260000000000000675, 5.449999999999875833 ) ) ;
#680 = DIRECTION ( 'NONE',  ( -8.673617379884051249E-15, 0.000000000000000000, -1.000000000000000000 ) ) ;
#681 = LINE ( 'NONE', #3392, #1403 ) ;
#682 = EDGE_CURVE ( 'NONE', #8777, #6418, #5066, .T. ) ;
#683 = ORIENTED_EDGE ( 'NONE', *, *, #584, .F. ) ;
#684 = ORIENTED_EDGE ( 'NONE', *, *, #2846, .F. ) ;
#685 = EDGE_LOOP ( 'NONE', ( #6827, #7796, #5881, #3885, #3138, #4853 ) ) ;
#686 = VECTOR ( 'NONE', #7680, 1000.000000000000000 ) ;
#687 = CYLINDRICAL_SURFACE ( 'NONE', #6485, 0.09999999999999939493 ) ;
#688 = CYLINDRICAL_SURFACE ( 'NONE', #1669, 0.1000000000000002554 ) ;
#689 = LINE ( 'NONE', #6868, #8631 ) ;
#690 = CARTESIAN_POINT ( 'NONE',  ( 2.249999999999935607, -1.560703055139994522, -6.000000000000023981 ) ) ;
#691 = ADVANCED_FACE ( 'NONE', ( #3072 ), #2368, .F. ) ;
#692 = PLANE ( 'NONE',  #2154 ) ;
#693 = DIRECTION ( 'NONE',  ( 1.047444401652940007E-14, 0.000000000000000000, 1.000000000000000000 ) ) ;
#694 = ORIENTED_EDGE ( 'NONE', *, *, #5407, .F. ) ;
#695 = AXIS2_PLACEMENT_3D ( 'NONE', #4481, #3529, #8492 ) ;
#696 = VECTOR ( 'NONE', #6604, 1000.000000000000000 ) ;
#697 = VECTOR ( 'NONE', #6011, 1000.000000000000000 ) ;
#699 = ORIENTED_EDGE ( 'NONE', *, *, #8344, .F. ) ;
#698 = EDGE_CURVE ( 'NONE', #8607, #1549, #3871, .T. ) ;
#700 = EDGE_CURVE ( 'NONE', #6768, #6264, #7951, .T. ) ;
#701 = EDGE_LOOP ( 'NONE', ( #4454, #131, #8400, #7282 ) ) ;
#702 = AXIS2_PLACEMENT_3D ( 'NONE', #3423, #6130, #5456 ) ;
#703 = VECTOR ( 'NONE', #4043, 1000.000000000000000 ) ;
#704 = VECTOR ( 'NONE', #1146, 1000.000000000000000 ) ;
#705 = AXIS2_PLACEMENT_3D ( 'NONE', #1602, #5812, #7181 ) ;
#706 = DIRECTION ( 'NONE',  ( 1.000000000000000000, 0.000000000000000000, -1.047444401652940007E-14 ) ) ;
#707 = LINE ( 'NONE', #2033, #3822 ) ;
#708 = DIRECTION ( 'NONE',  ( 1.047444401652940007E-14, 0.000000000000000000, 1.000000000000000000 ) ) ;
#709 = CARTESIAN_POINT ( 'NONE',  ( 1.449999999999937117, -0.3299999999999993494, -6.000000000000015987 ) ) ;
#710 = DIRECTION ( 'NONE',  ( -1.047444401652940007E-14, 4.765723835101119949E-17, -1.000000000000000000 ) ) ;
#711 = AXIS2_PLACEMENT_3D ( 'NONE', #6386, #4548, #2341 ) ;
#712 = VERTEX_POINT ( 'NONE', #4575 ) ;
#713 = PLANE ( 'NONE',  #702 ) ;
#714 = DIRECTION ( 'NONE',  ( -1.000000000000000000, -0.000000000000000000, 1.047444401652940007E-14 ) ) ;
#715 = DIRECTION ( 'NONE',  ( -1.000000000000000000, 1.141265444721583757E-16, 1.047444401652940007E-14 ) ) ;
#716 = CARTESIAN_POINT ( 'NONE',  ( 11.99999999999993783, 1.599999999999996758, -6.000000000000127010 ) ) ;
#717 = DIRECTION ( 'NONE',  ( -1.059357333255999177E-14, 0.000000000000000000, -1.000000000000000000 ) ) ;
#718 = AXIS2_PLACEMENT_3D ( 'NONE', #2500, #418, #3792 ) ;
#719 = DIRECTION ( 'NONE',  ( 0.000000000000000000, 1.000000000000000000, 0.000000000000000000 ) ) ;
#720 = ORIENTED_EDGE ( 'NONE', *, *, #5770, .T. ) ;
#721 = ORIENTED_EDGE ( 'NONE', *, *, #5809, .F. ) ;
#722 = FACE_OUTER_BOUND ( 'NONE', #995, .T. ) ;
#723 = EDGE_LOOP ( 'NONE', ( #7631, #6072, #4079, #2257 ) ) ;
#724 = ORIENTED_EDGE ( 'NONE', *, *, #3117, .F. ) ;
#725 = DIRECTION ( 'NONE',  ( 1.047444401652940007E-14, 0.000000000000000000, 1.000000000000000000 ) ) ;
#726 = LINE ( 'NONE', #8289, #6504 ) ;
#727 = CARTESIAN_POINT ( 'NONE',  ( 11.99999999999993960, -0.2500000000000000000, -5.800000000000126832 ) ) ;
#728 = FACE_OUTER_BOUND ( 'NONE', #6497, .T. ) ;
#729 = DIRECTION ( 'NONE',  ( -1.000000000000000000, 0.000000000000000000, 1.047444401652940007E-14 ) ) ;
#730 = CARTESIAN_POINT ( 'NONE',  ( 1.355000000000060156, -0.2499999999999992506, 5.799999999999986500 ) ) ;
#731 = EDGE_CURVE ( 'NONE', #2100, #6782, #2512, .T. ) ;
#732 = ORIENTED_EDGE ( 'NONE', *, *, #200, .F. ) ;
#733 = ORIENTED_EDGE ( 'NONE', *, *, #4650, .F. ) ;
#734 = VERTEX_POINT ( 'NONE', #3120 ) ;
#735 = EDGE_CURVE ( 'NONE', #262, #7346, #1700, .T. ) ;
#736 = LINE ( 'NONE', #4026, #7197 ) ;
#737 = CARTESIAN_POINT ( 'NONE',  ( 9.249999999999960920, -3.000000000000000444, -4.500000000000097700 ) ) ;
#738 = LINE ( 'NONE', #7438, #1114 ) ;
#739 = PLANE ( 'NONE',  #3347 ) ;
#740 = FACE_OUTER_BOUND ( 'NONE', #8718, .T. ) ;
#741 = EDGE_LOOP ( 'NONE', ( #8668, #7238, #1869, #2680 ) ) ;
#742 = PLANE ( 'NONE',  #1841 ) ;
#743 = VERTEX_POINT ( 'NONE', #364 ) ;
#744 = ORIENTED_EDGE ( 'NONE', *, *, #3696, .T. ) ;
#745 = VERTEX_POINT ( 'NONE', #8624 ) ;
#746 = EDGE_CURVE ( 'NONE', #5596, #6496, #4075, .T. ) ;
#747 = CARTESIAN_POINT ( 'NONE',  ( 1.275000000000060307, -0.2499999999999988065, 5.799999999999987388 ) ) ;
#748 = DIRECTION ( 'NONE',  ( -1.047444401652940007E-14, -0.000000000000000000, -1.000000000000000000 ) ) ;
#749 = CARTESIAN_POINT ( 'NONE',  ( 2.250000000000059064, -1.560703055139994522, 5.799999999999976730 ) ) ;
#750 = CARTESIAN_POINT ( 'NONE',  ( 4.471067811865500730, 0.000000000000000000, 2.499999999999953371 ) ) ;
#751 = ORIENTED_EDGE ( 'NONE', *, *, #879, .T. ) ;
#752 = FACE_OUTER_BOUND ( 'NONE', #4555, .T. ) ;
#753 = ORIENTED_EDGE ( 'NONE', *, *, #6302, .T. ) ;
#754 = DIRECTION ( 'NONE',  ( 1.047444401652940007E-14, 0.000000000000000000, 1.000000000000000000 ) ) ;
#755 = DIRECTION ( 'NONE',  ( 0.000000000000000000, 1.000000000000000000, 0.000000000000000000 ) ) ;
#756 = EDGE_CURVE ( 'NONE', #240, #1677, #7828, .T. ) ;
#757 = CARTESIAN_POINT ( 'NONE',  ( 8.945230123270782485, 2.260000000000000675, -5.450000000000095213 ) ) ;
#758 = LINE ( 'NONE', #8173, #7687 ) ;
#759 = CARTESIAN_POINT ( 'NONE',  ( 2.699999999999842970, 2.260000000000000675, -14.75411377792223533 ) ) ;
#760 = DIRECTION ( 'NONE',  ( -1.000000000000000000, 0.000000000000000000, 1.047444401652940007E-14 ) ) ;
#761 = ORIENTED_EDGE ( 'NONE', *, *, #3587, .F. ) ;
#762 = EDGE_CURVE ( 'NONE', #4428, #2830, #5190, .T. ) ;
#763 = LINE ( 'NONE', #1295, #4330 ) ;
#764 = VERTEX_POINT ( 'NONE', #4414 ) ;
#765 = ORIENTED_EDGE ( 'NONE', *, *, #7677, .F. ) ;
#766 = PLANE ( 'NONE',  #2803 ) ;
#767 = PLANE ( 'NONE',  #846 ) ;
#768 = CARTESIAN_POINT ( 'NONE',  ( 1.449999999999937117, -0.2499999999999997780, -6.000000000000015987 ) ) ;
#769 = LINE ( 'NONE', #3480, #4488 ) ;
#770 = DIRECTION ( 'NONE',  ( 1.000000000000000000, -0.000000000000000000, -1.047444401652940007E-14 ) ) ;
#771 = CARTESIAN_POINT ( 'NONE',  ( 1.225000000000066924, -3.000000000000000000, 6.399999999999988809 ) ) ;
#772 = EDGE_CURVE ( 'NONE', #6874, #6525, #7126, .T. ) ;
#773 = ORIENTED_EDGE ( 'NONE', *, *, #1477, .T. ) ;
#774 = ORIENTED_EDGE ( 'NONE', *, *, #2338, .T. ) ;
#775 = ORIENTED_EDGE ( 'NONE', *, *, #2791, .T. ) ;
#776 = LINE ( 'NONE', #66, #1 ) ;
#777 = FACE_OUTER_BOUND ( 'NONE', #1333, .T. ) ;
#778 = DIRECTION ( 'NONE',  ( 1.047444401652940007E-14, 0.000000000000000000, 1.000000000000000000 ) ) ;
#779 = LINE ( 'NONE', #3490, #981 ) ;
#780 = DIRECTION ( 'NONE',  ( -1.000000000000000000, 0.000000000000000000, 8.673617379884013384E-15 ) ) ;
#781 = CARTESIAN_POINT ( 'NONE',  ( 6.730000000000059046, 1.059999999999999387, 5.799999999999930544 ) ) ;
#782 = ORIENTED_EDGE ( 'NONE', *, *, #1452, .T. ) ;
#783 = CARTESIAN_POINT ( 'NONE',  ( 1.550000000000007594, 2.510000000000001119, 0.6999999999999859668 ) ) ;
#784 = ORIENTED_EDGE ( 'NONE', *, *, #2061, .T. ) ;
#785 = EDGE_LOOP ( 'NONE', ( #8484, #3805, #3592, #4474 ) ) ;
#786 = EDGE_LOOP ( 'NONE', ( #6211, #3092, #1909, #7392 ) ) ;
#787 = DIRECTION ( 'NONE',  ( 0.000000000000000000, 1.000000000000000000, 0.000000000000000000 ) ) ;
#788 = CARTESIAN_POINT ( 'NONE',  ( 9.449999999999944222, 2.299999999999998490, -6.200000000000102318 ) ) ;
#789 = FACE_OUTER_BOUND ( 'NONE', #1123, .T. ) ;
#790 = CARTESIAN_POINT ( 'NONE',  ( 2.330000000000059579, -0.3300000000000047340, 5.799999999999975842 ) ) ;
#791 = ORIENTED_EDGE ( 'NONE', *, *, #7784, .T. ) ;
#792 = CARTESIAN_POINT ( 'NONE',  ( 0.7999999999999579670, 2.260000000000000675, -4.000000000000008882 ) ) ;
#793 = EDGE_CURVE ( 'NONE', #4634, #1055, #2694, .T. ) ;
#794 = EDGE_CURVE ( 'NONE', #4896, #5268, #6451, .T. ) ;
#795 = ORIENTED_EDGE ( 'NONE', *, *, #6350, .T. ) ;
#796 = ADVANCED_FACE ( 'NONE', ( #488 ), #6533, .T. ) ;
#797 = CIRCLE ( 'NONE', #505, 0.1000000000000002554 ) ;
#798 = DIRECTION ( 'NONE',  ( -4.910882144129292609E-30, 1.000000000000000000, -4.688441826964352187E-16 ) ) ;
#799 = DIRECTION ( 'NONE',  ( -1.047444401652940007E-14, -3.401418580346680819E-16, -1.000000000000000000 ) ) ;
#800 = CARTESIAN_POINT ( 'NONE',  ( 9.699999999999944222, -1.399999999999999467, -6.000000000000102141 ) ) ;
#801 = CARTESIAN_POINT ( 'NONE',  ( 6.280000000000061533, -1.600703055139993669, 5.999999999999934275 ) ) ;
#802 = CARTESIAN_POINT ( 'NONE',  ( 6.630000000000061178, 0.05999999999999996309, 6.049999999999930544 ) ) ;
#803 = AXIS2_PLACEMENT_3D ( 'NONE', #3331, #5911, #1378 ) ;
#804 = CARTESIAN_POINT ( 'NONE',  ( 4.765872027520876083E-14, -2.300000000000000711, 4.549999999999998934 ) ) ;
#805 = EDGE_CURVE ( 'NONE', #6478, #3777, #3193, .T. ) ;
#806 = ORIENTED_EDGE ( 'NONE', *, *, #4939, .F. ) ;
#807 = EDGE_CURVE ( 'NONE', #6264, #6280, #419, .T. ) ;
#808 = EDGE_CURVE ( 'NONE', #1931, #8678, #8384, .T. ) ;
#809 = ORIENTED_EDGE ( 'NONE', *, *, #6561, .T. ) ;
#810 = ORIENTED_EDGE ( 'NONE', *, *, #4939, .T. ) ;
#811 = ORIENTED_EDGE ( 'NONE', *, *, #8031, .F. ) ;
#812 = VECTOR ( 'NONE', #1901, 1000.000000000000000 ) ;
#813 = AXIS2_PLACEMENT_3D ( 'NONE', #2957, #998, #7032 ) ;
#814 = FACE_OUTER_BOUND ( 'NONE', #8430, .T. ) ;
#815 = DIRECTION ( 'NONE',  ( -1.419551869787370853E-30, 1.000000000000000000, -1.355252715606880296E-16 ) ) ;
#816 = LINE ( 'NONE', #6188, #3362 ) ;
#817 = DIRECTION ( 'NONE',  ( 1.047444401652940007E-14, 0.000000000000000000, 1.000000000000000000 ) ) ;
#818 = PLANE ( 'NONE',  #5529 ) ;
#819 =( LENGTH_UNIT ( ) NAMED_UNIT ( * ) SI_UNIT ( .MILLI., .METRE. ) );
#820 = VECTOR ( 'NONE', #4349, 1000.000000000000000 ) ;
#821 = ORIENTED_EDGE ( 'NONE', *, *, #5558, .F. ) ;
#822 = VERTEX_POINT ( 'NONE', #8126 ) ;
#823 = AXIS2_PLACEMENT_3D ( 'NONE', #2699, #4067, #4771 ) ;
#824 = EDGE_CURVE ( 'NONE', #7966, #441, #7323, .T. ) ;
#825 = ORIENTED_EDGE ( 'NONE', *, *, #2823, .T. ) ;
#826 = CARTESIAN_POINT ( 'NONE',  ( 3.100000000000046274, 2.260000000000000231, 4.399999999999970157 ) ) ;
#827 = EDGE_CURVE ( 'NONE', #2902, #1714, #8713, .T. ) ;
#828 = CIRCLE ( 'NONE', #8200, 0.5000000000000004441 ) ;
#829 = EDGE_CURVE ( 'NONE', #1698, #404, #3113, .T. ) ;
#830 = FACE_OUTER_BOUND ( 'NONE', #5285, .T. ) ;
#831 = CARTESIAN_POINT ( 'NONE',  ( 4.465421043656687239, -0.03999999999999801631, -5.800000000000046896 ) ) ;
#832 = DIRECTION ( 'NONE',  ( -1.000000000000000000, 0.000000000000000000, 1.047444401652940007E-14 ) ) ;
#833 = CARTESIAN_POINT ( 'NONE',  ( 7.714999999999956337, 1.099999999999996758, -4.850000000000080469 ) ) ;
#834 = DIRECTION ( 'NONE',  ( 1.000000000000000000, -0.000000000000000000, -1.047444401652940007E-14 ) ) ;
#835 = ORIENTED_EDGE ( 'NONE', *, *, #8020, .F. ) ;
#836 = DIRECTION ( 'NONE',  ( 0.000000000000000000, 1.000000000000000000, 0.000000000000000000 ) ) ;
#837 = EDGE_CURVE ( 'NONE', #4573, #7077, #2086, .T. ) ;
#838 = ORIENTED_EDGE ( 'NONE', *, *, #3841, .T. ) ;
#839 = ORIENTED_EDGE ( 'NONE', *, *, #8443, .T. ) ;
#840 = CIRCLE ( 'NONE', #6380, 0.1000000000000002554 ) ;
#842 = ORIENTED_EDGE ( 'NONE', *, *, #3621, .F. ) ;
#841 = VECTOR ( 'NONE', #748, 1000.000000000000000 ) ;
#843 = CIRCLE ( 'NONE', #3948, 0.5000000000000004441 ) ;
#844 = DIRECTION ( 'NONE',  ( -1.047444401652940007E-14, 0.000000000000000000, -1.000000000000000000 ) ) ;
#845 = CARTESIAN_POINT ( 'NONE',  ( 4.465421043656684574, 0.1100000000000019712, -6.050000000000046896 ) ) ;
#846 = AXIS2_PLACEMENT_3D ( 'NONE', #3618, #7529, #8330 ) ;
#847 = VECTOR ( 'NONE', #2577, 1000.000000000000000 ) ;
#848 = CARTESIAN_POINT ( 'NONE',  ( 8.189999999999956870, -0.04000000000000003553, -4.850000000000085798 ) ) ;
#849 = VECTOR ( 'NONE', #5845, 1000.000000000000000 ) ;
#850 = PRESENTATION_STYLE_ASSIGNMENT (( #85 ) ) ;
#851 = ORIENTED_EDGE ( 'NONE', *, *, #1848, .F. ) ;
#852 = FACE_OUTER_BOUND ( 'NONE', #865, .T. ) ;
#853 = EDGE_LOOP ( 'NONE', ( #7245, #554, #3631, #5663, #3842, #2842 ) ) ;
#854 = VECTOR ( 'NONE', #3743, 1000.000000000000000 ) ;
#855 = CIRCLE ( 'NONE', #3698, 0.08000000000000020983 ) ;
#856 = CARTESIAN_POINT ( 'NONE',  ( 2.800000000000043343, 1.730000000000000870, 4.149999999999973710 ) ) ;
#857 = AXIS2_PLACEMENT_3D ( 'NONE', #5312, #1858, #1107 ) ;
#858 = CARTESIAN_POINT ( 'NONE',  ( 3.874999999999948486, 2.510000000000001119, -4.970000000000040608 ) ) ;
#859 = CARTESIAN_POINT ( 'NONE',  ( 2.850000000000067146, 2.260000000000000675, 6.399999999999971045 ) ) ;
#860 = PLANE ( 'NONE',  #7657 ) ;
#861 = AXIS2_PLACEMENT_3D ( 'NONE', #1929, #4645, #1272 ) ;
#862 = DIRECTION ( 'NONE',  ( 1.047444401652940007E-14, 0.000000000000000000, 1.000000000000000000 ) ) ;
#863 = ORIENTED_EDGE ( 'NONE', *, *, #3530, .F. ) ;
#864 = ORIENTED_EDGE ( 'NONE', *, *, #1757, .F. ) ;
#865 = EDGE_LOOP ( 'NONE', ( #4269, #795, #7223, #7692 ) ) ;
#866 = VERTEX_POINT ( 'NONE', #3285 ) ;
#867 = LINE ( 'NONE', #3036, #1371 ) ;
#868 = DIRECTION ( 'NONE',  ( 1.047444401652940007E-14, 0.000000000000000000, 1.000000000000000000 ) ) ;
#869 = CARTESIAN_POINT ( 'NONE',  ( 2.017520399796655109E-14, -2.300000000000000711, 1.926136028425821989 ) ) ;
#870 = CARTESIAN_POINT ( 'NONE',  ( 0.6500000000000405453, 1.850000000000000977, 4.349999999999995204 ) ) ;
#871 = EDGE_CURVE ( 'NONE', #2267, #4251, #1566, .T. ) ;
#872 = CARTESIAN_POINT ( 'NONE',  ( 8.064999999999953317, 1.099999999999996758, -5.100000000000083134 ) ) ;
#873 = ORIENTED_EDGE ( 'NONE', *, *, #3893, .F. ) ;
#874 = ORIENTED_EDGE ( 'NONE', *, *, #7135, .T. ) ;
#875 = EDGE_LOOP ( 'NONE', ( #1536, #6635, #1174, #2315 ) ) ;
#876 = CARTESIAN_POINT ( 'NONE',  ( 6.075177529587053300E-14, -2.796517654436379748E-15, 5.800000000000001599 ) ) ;
#877 = CARTESIAN_POINT ( 'NONE',  ( 6.729999999999946247, 2.380000000000000782, -4.970000000000069917 ) ) ;
#878 = CARTESIAN_POINT ( 'NONE',  ( 6.729999999999961346, -0.03999999999999967470, -4.500000000000071054 ) ) ;
#879 = EDGE_CURVE ( 'NONE', #3253, #1754, #2669, .T. ) ;
#880 = LINE ( 'NONE', #3628, #3540 ) ;
#881 = DIRECTION ( 'NONE',  ( 1.000000000000000000, 1.152640183373292192E-15, -1.047444401652940007E-14 ) ) ;
#882 = LINE ( 'NONE', #6296, #4834 ) ;
#883 = EDGE_LOOP ( 'NONE', ( #4883, #3156, #5434, #2221 ) ) ;
#884 = CARTESIAN_POINT ( 'NONE',  ( 10.09999999999993925, 1.599999999999996758, -6.400000000000106937 ) ) ;
#885 = ORIENTED_EDGE ( 'NONE', *, *, #8541, .F. ) ;
#886 = VERTEX_POINT ( 'NONE', #2585 ) ;
#887 = EDGE_CURVE ( 'NONE', #3283, #6767, #578, .T. ) ;
#888 = ORIENTED_EDGE ( 'NONE', *, *, #3876, .T. ) ;
#889 = CARTESIAN_POINT ( 'NONE',  ( -2.599999999999979661, 0.000000000000000000, 1.900000000000027667 ) ) ;
#890 = CARTESIAN_POINT ( 'NONE',  ( 1.274999999999936851, -0.1699999999999992628, -6.000000000000013323 ) ) ;
#891 = DIRECTION ( 'NONE',  ( 1.047444401652940007E-14, 0.000000000000000000, 1.000000000000000000 ) ) ;
#892 = CARTESIAN_POINT ( 'NONE',  ( 1.450000000000062794, -1.399999999999999467, 5.999999999999984901 ) ) ;
#893 = VERTEX_POINT ( 'NONE', #3424 ) ;
#894 = DIRECTION ( 'NONE',  ( -1.047444401652940007E-14, -0.000000000000000000, -1.000000000000000000 ) ) ;
#895 = ORIENTED_EDGE ( 'NONE', *, *, #3266, .T. ) ;
#896 = DIRECTION ( 'NONE',  ( 8.739720540552594549E-15, 0.000000000000000000, 1.000000000000000000 ) ) ;
#897 = EDGE_CURVE ( 'NONE', #1044, #4546, #8034, .T. ) ;
#898 = DIRECTION ( 'NONE',  ( 1.047444401652940007E-14, -4.765723835101119949E-17, 1.000000000000000000 ) ) ;
#899 = CYLINDRICAL_SURFACE ( 'NONE', #1092, 0.3999999999999993006 ) ;
#900 = DIRECTION ( 'NONE',  ( 1.242600792700330805E-14, 0.000000000000000000, 1.000000000000000000 ) ) ;
#901 = LINE ( 'NONE', #5513, #1238 ) ;
#902 = EDGE_CURVE ( 'NONE', #3231, #1195, #1240, .T. ) ;
#903 = VERTEX_POINT ( 'NONE', #7373 ) ;
#904 = EDGE_LOOP ( 'NONE', ( #732, #4364, #1632, #4948 ) ) ;
#905 = ORIENTED_EDGE ( 'NONE', *, *, #5464, .F. ) ;
#906 = ORIENTED_EDGE ( 'NONE', *, *, #4549, .F. ) ;
#907 = DIRECTION ( 'NONE',  ( -1.000000000000000000, 0.000000000000000000, 1.084202172485506327E-14 ) ) ;
#908 = PLANE ( 'NONE',  #2676 ) ;
#909 = DIRECTION ( 'NONE',  ( 1.000000000000000000, 0.000000000000000000, -1.084202172485504592E-14 ) ) ;
#910 = LINE ( 'NONE', #6859, #3352 ) ;
#911 = EDGE_LOOP ( 'NONE', ( #8378, #2675, #2094, #5006, #4735, #12, #340 ) ) ;
#912 = ORIENTED_EDGE ( 'NONE', *, *, #2478, .T. ) ;
#913 = EDGE_CURVE ( 'NONE', #2966, #2448, #1900, .T. ) ;
#914 = PLANE ( 'NONE',  #1138 ) ;
#915 = CARTESIAN_POINT ( 'NONE',  ( -0.6165090848399680246, 2.904814840370913309, 0.7776010122083475418 ) ) ;
#916 = CARTESIAN_POINT ( 'NONE',  ( 0.000000000000000000, 0.000000000000000000, 0.000000000000000000 ) ) ;
#917 = EDGE_CURVE ( 'NONE', #3729, #4237, #6954, .T. ) ;
#918 = CARTESIAN_POINT ( 'NONE',  ( 8.945230123270791367, 2.260000000000000675, -4.850000000000093792 ) ) ;
#919 = FACE_OUTER_BOUND ( 'NONE', #7879, .T. ) ;
#920 = CARTESIAN_POINT ( 'NONE',  ( -0.5000000000000379696, 2.259999999999999343, -2.999999999999995559 ) ) ;
#921 = ORIENTED_EDGE ( 'NONE', *, *, #5604, .F. ) ;
#922 = EDGE_CURVE ( 'NONE', #1932, #8145, #3372, .T. ) ;
#923 = VERTEX_POINT ( 'NONE', #614 ) ;
#924 = ORIENTED_EDGE ( 'NONE', *, *, #1192, .T. ) ;
#925 = ADVANCED_FACE ( 'NONE', ( #3327 ), #5373, .T. ) ;
#926 = VERTEX_POINT ( 'NONE', #1373 ) ;
#927 = EDGE_CURVE ( 'NONE', #2795, #1872, #1250, .T. ) ;
#928 = CARTESIAN_POINT ( 'NONE',  ( -6.703644170578817304E-14, 2.299999999999998934, -6.400000000000001243 ) ) ;
#929 = PLANE ( 'NONE',  #2849 ) ;
#930 = CARTESIAN_POINT ( 'NONE',  ( 0.9800000000000379519, 1.730000000000000870, 4.149999999999993250 ) ) ;
#931 = AXIS2_PLACEMENT_3D ( 'NONE', #6713, #8184, #8049 ) ;
#932 = PLANE ( 'NONE',  #151 ) ;
#933 = ORIENTED_EDGE ( 'NONE', *, *, #735, .T. ) ;
#934 = LINE ( 'NONE', #5015, #5193 ) ;
#935 = ORIENTED_EDGE ( 'NONE', *, *, #879, .F. ) ;
#936 = CARTESIAN_POINT ( 'NONE',  ( 3.100000000000041833, 2.260000000000000231, 3.899999999999968825 ) ) ;
#937 = DIRECTION ( 'NONE',  ( -1.040834085586083310E-14, 0.000000000000000000, -1.000000000000000000 ) ) ;
#938 = CARTESIAN_POINT ( 'NONE',  ( 1.274999999999937073, 1.370000000000000773, -6.000000000000013323 ) ) ;
#939 = EDGE_CURVE ( 'NONE', #6634, #4377, #7413, .T. ) ;
#940 = DIRECTION ( 'NONE',  ( -1.000000000000000000, 0.000000000000000000, 8.673617379883937653E-15 ) ) ;
#941 = ADVANCED_FACE ( 'NONE', ( #8171 ), #6131, .F. ) ;
#942 = CIRCLE ( 'NONE', #5895, 0.07999999999999998779 ) ;
#943 = VERTEX_POINT ( 'NONE', #1430 ) ;
#944 = ORIENTED_EDGE ( 'NONE', *, *, #6198, .T. ) ;
#945 = VERTEX_POINT ( 'NONE', #4142 ) ;
#946 = DIRECTION ( 'NONE',  ( -1.000000000000000000, 0.000000000000000000, 1.047444401652940007E-14 ) ) ;
#947 = CARTESIAN_POINT ( 'NONE',  ( 1.849999999999957456, -1.399999999999999467, -4.000000000000020428 ) ) ;
#948 = VECTOR ( 'NONE', #4018, 1000.000000000000000 ) ;
#949 = CARTESIAN_POINT ( 'NONE',  ( 1.354999999999939142, -0.1699999999999992628, -5.800000000000014033 ) ) ;
#950 = CARTESIAN_POINT ( 'NONE',  ( 2.850000000000067146, 2.260000000000000675, 6.399999999999971045 ) ) ;
#951 = AXIS2_PLACEMENT_3D ( 'NONE', #2838, #8259, #8738 ) ;
#952 = SHAPE_DEFINITION_REPRESENTATION ( #8348, #8507 ) ;
#953 = ORIENTED_EDGE ( 'NONE', *, *, #1689, .T. ) ;
#954 = ORIENTED_EDGE ( 'NONE', *, *, #8521, .T. ) ;
#955 = ADVANCED_FACE ( 'NONE', ( #6843 ), #8318, .F. ) ;
#956 = VECTOR ( 'NONE', #5237, 1000.000000000000000 ) ;
#957 = DIRECTION ( 'NONE',  ( -1.000000000000000000, 0.000000000000000000, 1.047444401652940007E-14 ) ) ;
#958 = DIRECTION ( 'NONE',  ( -1.000000000000000000, 0.000000000000000000, 8.673617379883975519E-15 ) ) ;
#959 = LINE ( 'NONE', #878, #4375 ) ;
#960 = VECTOR ( 'NONE', #8223, 1000.000000000000000 ) ;
#961 = AXIS2_PLACEMENT_3D ( 'NONE', #7650, #7562, #2719 ) ;
#962 = EDGE_CURVE ( 'NONE', #8117, #7051, #843, .T. ) ;
#963 = DIRECTION ( 'NONE',  ( 1.047444401652940007E-14, 0.000000000000000000, 1.000000000000000000 ) ) ;
#964 = VECTOR ( 'NONE', #4423, 1000.000000000000000 ) ;
#965 = SURFACE_STYLE_USAGE ( .BOTH. , #2589 ) ;
#966 = ORIENTED_EDGE ( 'NONE', *, *, #4263, .F. ) ;
#967 = EDGE_LOOP ( 'NONE', ( #8576, #6672, #3877, #3864, #634, #8577, #751 ) ) ;
#968 = ORIENTED_EDGE ( 'NONE', *, *, #2528, .F. ) ;
#969 = CIRCLE ( 'NONE', #531, 0.2249999999999995060 ) ;
#970 = ORIENTED_EDGE ( 'NONE', *, *, #5861, .T. ) ;
#971 = CIRCLE ( 'NONE', #267, 3.000000000000000444 ) ;
#972 = AXIS2_PLACEMENT_3D ( 'NONE', #1866, #2587, #6453 ) ;
#973 = EDGE_CURVE ( 'NONE', #5520, #668, #2289, .T. ) ;
#974 = CARTESIAN_POINT ( 'NONE',  ( 6.280000000000059757, -0.3699999999999982747, 5.799999999999934985 ) ) ;
#975 = CARTESIAN_POINT ( 'NONE',  ( 2.800000000000061995, 1.570000000000001394, 5.919999999999970619 ) ) ;
#976 = LINE ( 'NONE', #5732, #8465 ) ;
#977 = ADVANCED_FACE ( 'NONE', ( #6174 ), #2237, .T. ) ;
#978 = PLANE ( 'NONE',  #4818 ) ;
#979 = VERTEX_POINT ( 'NONE', #3510 ) ;
#980 = CARTESIAN_POINT ( 'NONE',  ( 2.474999999999932587, 2.299999999999998934, -6.400000000000027001 ) ) ;
#981 = VECTOR ( 'NONE', #6204, 1000.000000000000000 ) ;
#982 = AXIS2_PLACEMENT_3D ( 'NONE', #3930, #4638, #7348 ) ;
#983 = ORIENTED_EDGE ( 'NONE', *, *, #8135, .T. ) ;
#984 = LINE ( 'NONE', #2326, #5889 ) ;
#985 = VECTOR ( 'NONE', #202, 1000.000000000000000 ) ;
#986 = CARTESIAN_POINT ( 'NONE',  ( 9.249999999999960920, -2.300000000000000266, -4.500000000000097700 ) ) ;
#987 = AXIS2_PLACEMENT_3D ( 'NONE', #6737, #1152, #1808 ) ;
#988 = AXIS2_PLACEMENT_3D ( 'NONE', #6430, #4333, #8434 ) ;
#989 = SURFACE_STYLE_USAGE ( .BOTH. , #1766 ) ;
#990 = DIRECTION ( 'NONE',  ( -1.000000000000000000, 0.000000000000000000, 1.047444401652940007E-14 ) ) ;
#991 = CARTESIAN_POINT ( 'NONE',  ( 12.24999999999995559, -2.140000000000001457, -4.300000000000125056 ) ) ;
#992 = VECTOR ( 'NONE', #1768, 1000.000000000000000 ) ;
#993 = VECTOR ( 'NONE', #6073, 1000.000000000000000 ) ;
#994 = VECTOR ( 'NONE', #2996, 1000.000000000000000 ) ;
#995 = EDGE_LOOP ( 'NONE', ( #7937, #4321, #7968, #1483 ) ) ;
#996 = EDGE_CURVE ( 'NONE', #2021, #3360, #147, .T. ) ;
#997 = VERTEX_POINT ( 'NONE', #8229 ) ;
#998 = DIRECTION ( 'NONE',  ( 1.047444401652940007E-14, 0.000000000000000000, 1.000000000000000000 ) ) ;
#999 = DIRECTION ( 'NONE',  ( -1.047444401652940007E-14, -0.000000000000000000, -1.000000000000000000 ) ) ;
#1000 = PLANE ( 'NONE',  #3670 ) ;
#1001 = CIRCLE ( 'NONE', #3555, 0.3999999999999993006 ) ;
#1002 = PLANE ( 'NONE',  #95 ) ;
#1003 = AXIS2_PLACEMENT_3D ( 'NONE', #1181, #5267, #4694 ) ;
#1004 = VECTOR ( 'NONE', #82, 1000.000000000000000 ) ;
#1005 = VECTOR ( 'NONE', #4825, 1000.000000000000000 ) ;
#1006 = EDGE_LOOP ( 'NONE', ( #721, #4497, #7599, #7702 ) ) ;
#1007 = EDGE_LOOP ( 'NONE', ( #968, #1713, #334, #1889 ) ) ;
#1008 = FACE_OUTER_BOUND ( 'NONE', #5945, .T. ) ;
#1009 = CARTESIAN_POINT ( 'NONE',  ( 11.89999999999993641, -0.2500000000000000000, -6.000000000000126121 ) ) ;
#1010 = CARTESIAN_POINT ( 'NONE',  ( 0.5000000000000000000, 0.000000000000000000, -5.237222008264700033E-15 ) ) ;
#1011 = EDGE_CURVE ( 'NONE', #2966, #6138, #133, .T. ) ;
#1012 = DIRECTION ( 'NONE',  ( 0.000000000000000000, 1.000000000000000000, 0.000000000000000000 ) ) ;
#1013 = LINE ( 'NONE', #8471, #1855 ) ;
#1014 = ORIENTED_EDGE ( 'NONE', *, *, #2754, .F. ) ;
#1015 = ORIENTED_EDGE ( 'NONE', *, *, #4068, .F. ) ;
#1016 = ADVANCED_FACE ( 'NONE', ( #6316 ), #5129, .T. ) ;
#1017 = ORIENTED_EDGE ( 'NONE', *, *, #185, .F. ) ;
#1018 = ORIENTED_EDGE ( 'NONE', *, *, #7811, .T. ) ;
#1019 = PRESENTATION_LAYER_ASSIGNMENT (  '', '', ( #3721 ) ) ;
#1020 = CARTESIAN_POINT ( 'NONE',  ( -0.8499999999999977573, 2.260000000000000675, 0.2500000000000095479 ) ) ;
#1021 = DIRECTION ( 'NONE',  ( -1.084202172485501594E-14, 0.000000000000000000, -1.000000000000000000 ) ) ;
#1022 = DIRECTION ( 'NONE',  ( -2.282530889443167515E-16, 1.000000000000000000, 2.390824201747151630E-30 ) ) ;
#1023 = DIRECTION ( 'NONE',  ( -1.000000000000000000, 0.000000000000000000, 1.047444401652940007E-14 ) ) ;
#1024 = EDGE_LOOP ( 'NONE', ( #5260, #4158, #383, #2299 ) ) ;
#1025 = VERTEX_POINT ( 'NONE', #3651 ) ;
#1026 = DIRECTION ( 'NONE',  ( -1.000000000000000000, 0.000000000000000000, 8.673617379884030739E-15 ) ) ;
#1027 = EDGE_CURVE ( 'NONE', #4024, #5007, #7652, .T. ) ;
#1028 = FACE_OUTER_BOUND ( 'NONE', #428, .T. ) ;
#1029 = LINE ( 'NONE', #5104, #3821 ) ;
#1030 = FACE_OUTER_BOUND ( 'NONE', #2396, .T. ) ;
#1031 = CARTESIAN_POINT ( 'NONE',  ( 0.9999999999999767963, 2.259999999999999343, -2.100000000000011191 ) ) ;
#1032 = PLANE ( 'NONE',  #2088 ) ;
#1033 = ORIENTED_EDGE ( 'NONE', *, *, #61, .F. ) ;
#1034 = EDGE_CURVE ( 'NONE', #4475, #6396, #5811, .T. ) ;
#1035 = ORIENTED_EDGE ( 'NONE', *, *, #3530, .T. ) ;
#1036 = VECTOR ( 'NONE', #5654, 1000.000000000000000 ) ;
#1037 = EDGE_CURVE ( 'NONE', #5801, #5100, #2904, .T. ) ;
#1038 = DIRECTION ( 'NONE',  ( 0.000000000000000000, 1.000000000000000000, 0.000000000000000000 ) ) ;
#1039 = CARTESIAN_POINT ( 'NONE',  ( 5.480000000000061711, -1.399999999999999245, 5.799999999999942979 ) ) ;
#1040 = CARTESIAN_POINT ( 'NONE',  ( 5.280000000000057980, 0.05999999999999999084, 5.799999999999944755 ) ) ;
#1041 = CARTESIAN_POINT ( 'NONE',  ( 3.875000000000061284, -0.1900000000000003353, 5.799999999999959854 ) ) ;
#1042 = ADVANCED_FACE ( 'NONE', ( #2859 ), #1473, .F. ) ;
#1043 = ORIENTED_EDGE ( 'NONE', *, *, #4086, .T. ) ;
#1044 = VERTEX_POINT ( 'NONE', #6363 ) ;
#1045 = CARTESIAN_POINT ( 'NONE',  ( 5.400000000000063416, -0.3699999999999993849, 6.049999999999943867 ) ) ;
#1046 = FACE_OUTER_BOUND ( 'NONE', #4927, .T. ) ;
#1047 = CARTESIAN_POINT ( 'NONE',  ( 3.100000000000041833, 1.400000000000000355, 3.899999999999968825 ) ) ;
#1048 = CARTESIAN_POINT ( 'NONE',  ( 11.99999999999993783, -0.2500000000000000000, -6.000000000000127010 ) ) ;
#1049 = ADVANCED_FACE ( 'NONE', ( #6985 ), #4182, .F. ) ;
#1050 = CARTESIAN_POINT ( 'NONE',  ( 11.50000000000006750, 1.600000000000000755, 6.399999999999880451 ) ) ;
#1051 = DIRECTION ( 'NONE',  ( 0.000000000000000000, -1.000000000000000000, 0.000000000000000000 ) ) ;
#1052 = ORIENTED_EDGE ( 'NONE', *, *, #5556, .F. ) ;
#1053 = VERTEX_POINT ( 'NONE', #5609 ) ;
#1054 = ORIENTED_EDGE ( 'NONE', *, *, #2791, .F. ) ;
#1055 = VERTEX_POINT ( 'NONE', #5567 ) ;
#1056 = CYLINDRICAL_SURFACE ( 'NONE', #3115, 0.4999999999999995559 ) ;
#1057 = CARTESIAN_POINT ( 'NONE',  ( 0.5000000000000000000, 0.000000000000000000, -5.237222008264700033E-15 ) ) ;
#1058 = DIRECTION ( 'NONE',  ( -1.000000000000000000, 0.000000000000000000, 1.084202172485506327E-14 ) ) ;
#1059 = CARTESIAN_POINT ( 'NONE',  ( 2.649999999999934186, 1.450000000000000844, -6.000000000000027534 ) ) ;
#1060 = ORIENTED_EDGE ( 'NONE', *, *, #3040, .F. ) ;
#1061 = ORIENTED_EDGE ( 'NONE', *, *, #8467, .T. ) ;
#1062 = FILL_AREA_STYLE_COLOUR ( '', #5942 ) ;
#1063 = CARTESIAN_POINT ( 'NONE',  ( 11.89999999999993818, -1.399999999999999245, -5.800000000000125944 ) ) ;
#1064 = ADVANCED_FACE ( 'NONE', ( #4930 ), #8277, .F. ) ;
#1065 = DIRECTION ( 'NONE',  ( -1.000000000000000000, 0.000000000000000000, 1.047444401652940007E-14 ) ) ;
#1066 = CYLINDRICAL_SURFACE ( 'NONE', #395, 0.1000000000000002554 ) ;
#1067 = ORIENTED_EDGE ( 'NONE', *, *, #5049, .F. ) ;
#1068 = ORIENTED_EDGE ( 'NONE', *, *, #2012, .F. ) ;
#1069 = DIRECTION ( 'NONE',  ( -1.000000000000000000, 0.000000000000000000, 1.047444401652940007E-14 ) ) ;
#1070 = DIRECTION ( 'NONE',  ( 1.047444401652940007E-14, 0.000000000000000000, 1.000000000000000000 ) ) ;
#1071 = CYLINDRICAL_SURFACE ( 'NONE', #5927, 0.1299999999999998934 ) ;
#1072 = CARTESIAN_POINT ( 'NONE',  ( 12.11999999999995303, 2.380000000000000782, -4.500000000000126121 ) ) ;
#1073 = EDGE_CURVE ( 'NONE', #3485, #6895, #8524, .T. ) ;
#1074 = EDGE_LOOP ( 'NONE', ( #7744, #606, #5880, #1205, #3119, #8264 ) ) ;
#1075 = EDGE_CURVE ( 'NONE', #2549, #4024, #4228, .T. ) ;
#1076 = ORIENTED_EDGE ( 'NONE', *, *, #5407, .T. ) ;
#1077 = ORIENTED_EDGE ( 'NONE', *, *, #871, .F. ) ;
#1078 = DIRECTION ( 'NONE',  ( 1.069941600484581374E-14, 0.000000000000000000, 1.000000000000000000 ) ) ;
#1079 = AXIS2_PLACEMENT_3D ( 'NONE', #5012, #7849, #6690 ) ;
#1080 = DIRECTION ( 'NONE',  ( -1.084202172485501594E-14, 0.000000000000000000, -1.000000000000000000 ) ) ;
#1081 = CARTESIAN_POINT ( 'NONE',  ( 12.11999999999995303, 2.380000000000000782, -4.500000000000126121 ) ) ;
#1082 = DIRECTION ( 'NONE',  ( -1.000000000000000000, 0.000000000000000000, 1.047444401652940007E-14 ) ) ;
#1083 = CARTESIAN_POINT ( 'NONE',  ( 5.280000000000060645, 0.05999999999999999084, 6.049999999999943867 ) ) ;
#1084 = CARTESIAN_POINT ( 'NONE',  ( 11.10000000000006359, 1.400000000000001021, 5.999999999999883649 ) ) ;
#1085 = AXIS2_PLACEMENT_3D ( 'NONE', #1903, #6000, #4666 ) ;
#1086 = ORIENTED_EDGE ( 'NONE', *, *, #8785, .T. ) ;
#1087 = ORIENTED_EDGE ( 'NONE', *, *, #6017, .F. ) ;
#1088 = EDGE_CURVE ( 'NONE', #476, #4189, #2432, .T. ) ;
#1089 = ORIENTED_EDGE ( 'NONE', *, *, #7912, .T. ) ;
#1090 = ORIENTED_EDGE ( 'NONE', *, *, #3053, .T. ) ;
#1091 = ADVANCED_FACE ( 'NONE', ( #1175 ), #5980, .F. ) ;
#1092 = AXIS2_PLACEMENT_3D ( 'NONE', #2807, #5509, #3425 ) ;
#1093 = DIRECTION ( 'NONE',  ( 1.000000000000000000, 0.000000000000000000, -1.084202172485506327E-14 ) ) ;
#1094 = AXIS2_PLACEMENT_3D ( 'NONE', #1875, #4584, #7296 ) ;
#1095 = ADVANCED_FACE ( 'NONE', ( #4558 ), #6592, .F. ) ;
#1096 = DIRECTION ( 'NONE',  ( 3.562796849662422407E-30, -1.000000000000000000, 3.401418580346681312E-16 ) ) ;
#1097 = DIRECTION ( 'NONE',  ( -1.047444401652940007E-14, 0.000000000000000000, -1.000000000000000000 ) ) ;
#1098 = DIRECTION ( 'NONE',  ( -1.047444401652940007E-14, -0.000000000000000000, -1.000000000000000000 ) ) ;
#1099 = FACE_OUTER_BOUND ( 'NONE', #6947, .T. ) ;
#1100 = ORIENTED_EDGE ( 'NONE', *, *, #227, .T. ) ;
#1101 = VECTOR ( 'NONE', #8454, 1000.000000000000000 ) ;
#1102 = VECTOR ( 'NONE', #4206, 1000.000000000000000 ) ;
#1103 = VECTOR ( 'NONE', #1621, 1000.000000000000000 ) ;
#1104 = ORIENTED_EDGE ( 'NONE', *, *, #5255, .T. ) ;
#1105 = ORIENTED_EDGE ( 'NONE', *, *, #298, .T. ) ;
#1106 = DIRECTION ( 'NONE',  ( 0.000000000000000000, -1.000000000000000000, 0.000000000000000000 ) ) ;
#1107 = DIRECTION ( 'NONE',  ( 1.000000000000000000, -5.575896887068300516E-15, -1.047444401652940007E-14 ) ) ;
#1108 = DIRECTION ( 'NONE',  ( 7.406550393246804314E-15, -0.7071067811865469066, 0.7071067811865482389 ) ) ;
#1109 = EDGE_CURVE ( 'NONE', #1262, #822, #3217, .T. ) ;
#1110 = CARTESIAN_POINT ( 'NONE',  ( 6.479999999999951577, -3.000000000000000444, -4.500000000000068390 ) ) ;
#1111 = VERTEX_POINT ( 'NONE', #5165 ) ;
#1112 = VECTOR ( 'NONE', #2377, 1000.000000000000000 ) ;
#1113 = ORIENTED_EDGE ( 'NONE', *, *, #462, .T. ) ;
#1114 = VECTOR ( 'NONE', #4071, 1000.000000000000000 ) ;
#1115 = VECTOR ( 'NONE', #1571, 1000.000000000000114 ) ;
#1116 = DIRECTION ( 'NONE',  ( 0.000000000000000000, 1.000000000000000000, 0.000000000000000000 ) ) ;
#1117 = CARTESIAN_POINT ( 'NONE',  ( 12.49999999999993250, -0.2500000000000000000, -6.400000000000130917 ) ) ;
#1118 = LINE ( 'NONE', #7830, #6368 ) ;
#1119 = LINE ( 'NONE', #4490, #2647 ) ;
#1120 =( GEOMETRIC_REPRESENTATION_CONTEXT ( 3 ) GLOBAL_UNCERTAINTY_ASSIGNED_CONTEXT ( ( #6928 ) ) GLOBAL_UNIT_ASSIGNED_CONTEXT ( ( #1190, #8616, #7409 ) ) REPRESENTATION_CONTEXT ( 'NONE', 'WORKASPACE' ) );
#1121 = VECTOR ( 'NONE', #1476, 1000.000000000000000 ) ;
#1122 = AXIS2_PLACEMENT_3D ( 'NONE', #5105, #8247, #5826 ) ;
#1123 = EDGE_LOOP ( 'NONE', ( #585, #4508, #2644, #1137, #154, #6237, #4744, #354, #2375, #6282 ) ) ;
#1124 = ORIENTED_EDGE ( 'NONE', *, *, #1073, .T. ) ;
#1125 = ORIENTED_EDGE ( 'NONE', *, *, #2485, .T. ) ;
#1126 = DIRECTION ( 'NONE',  ( 1.000000000000000000, 0.000000000000000000, -1.047444401652940007E-14 ) ) ;
#1127 = AXIS2_PLACEMENT_3D ( 'NONE', #7247, #1116, #6572 ) ;
#1128 = AXIS2_PLACEMENT_3D ( 'NONE', #790, #4882, #6220 ) ;
#1129 = COLOUR_RGB ( '',0.7921568627450980005, 0.8196078431372548767, 0.9333333333333333481 ) ;
#1130 = DIRECTION ( 'NONE',  ( -5.575896887068300516E-15, -1.000000000000000000, 5.840441978553746280E-29 ) ) ;
#1131 = AXIS2_PLACEMENT_3D ( 'NONE', #1992, #6788, #4133 ) ;
#1132 = EDGE_CURVE ( 'NONE', #6044, #6634, #8650, .T. ) ;
#1133 = CARTESIAN_POINT ( 'NONE',  ( 7.885000000000061959, 2.380000000000000782, 5.919999999999917328 ) ) ;
#1134 = CYLINDRICAL_SURFACE ( 'NONE', #7459, 0.09999999999999982514 ) ;
#1135 = LINE ( 'NONE', #6546, #2834 ) ;
#1136 = ORIENTED_EDGE ( 'NONE', *, *, #1463, .T. ) ;
#1137 = ORIENTED_EDGE ( 'NONE', *, *, #8467, .F. ) ;
#1138 = AXIS2_PLACEMENT_3D ( 'NONE', #2881, #7712, #1591 ) ;
#1139 = ORIENTED_EDGE ( 'NONE', *, *, #2176, .T. ) ;
#1140 = EDGE_LOOP ( 'NONE', ( #2629, #753, #7683, #4033, #2879 ) ) ;
#1141 = EDGE_CURVE ( 'NONE', #1881, #6457, #1142, .T. ) ;
#1142 = LINE ( 'NONE', #507, #4383 ) ;
#1143 =( LENGTH_UNIT ( ) NAMED_UNIT ( * ) SI_UNIT ( .MILLI., .METRE. ) );
#1144 = DIRECTION ( 'NONE',  ( 0.000000000000000000, -1.000000000000000000, 0.000000000000000000 ) ) ;
#1145 = CARTESIAN_POINT ( 'NONE',  ( 0.6500000000000384359, 1.850000000000000977, 4.149999999999996803 ) ) ;
#1146 = DIRECTION ( 'NONE',  ( 3.562796849662422407E-30, -1.000000000000000000, 3.401418580346681312E-16 ) ) ;
#1147 = EDGE_CURVE ( 'NONE', #1881, #7283, #6553, .T. ) ;
#1148 = VERTEX_POINT ( 'NONE', #470 ) ;
#1149 = ORIENTED_EDGE ( 'NONE', *, *, #3702, .F. ) ;
#1150 = ORIENTED_EDGE ( 'NONE', *, *, #166, .T. ) ;
#1151 = VECTOR ( 'NONE', #7917, 1000.000000000000000 ) ;
#1152 = DIRECTION ( 'NONE',  ( -1.064791636412708078E-14, -1.355252715606880296E-16, -1.000000000000000000 ) ) ;
#1153 = LINE ( 'NONE', #3865, #4268 ) ;
#1154 = FACE_OUTER_BOUND ( 'NONE', #6323, .T. ) ;
#1155 = DIRECTION ( 'NONE',  ( 1.000000000000000000, 0.000000000000000000, -8.673617379884013384E-15 ) ) ;
#1156 = ORIENTED_EDGE ( 'NONE', *, *, #7815, .T. ) ;
#1157 = ORIENTED_EDGE ( 'NONE', *, *, #2447, .T. ) ;
#1158 = DIRECTION ( 'NONE',  ( 1.000000000000000000, 0.000000000000000000, -1.047444401652940007E-14 ) ) ;
#1159 = PLANE ( 'NONE',  #3661 ) ;
#1160 = DIRECTION ( 'NONE',  ( -1.047444401652940007E-14, 0.000000000000000000, -1.000000000000000000 ) ) ;
#1161 = CARTESIAN_POINT ( 'NONE',  ( 2.345000000000055707, -0.2500000000000047740, 5.799999999999975842 ) ) ;
#1162 = ORIENTED_EDGE ( 'NONE', *, *, #1585, .T. ) ;
#1163 = ORIENTED_EDGE ( 'NONE', *, *, #8155, .T. ) ;
#1164 = VERTEX_POINT ( 'NONE', #8734 ) ;
#1165 = CARTESIAN_POINT ( 'NONE',  ( 1.274999999999938849, -0.2499999999999988065, -5.800000000000013145 ) ) ;
#1166 = CARTESIAN_POINT ( 'NONE',  ( 11.10000000000006182, -1.399999999999999245, 5.799999999999884359 ) ) ;
#1167 = DIRECTION ( 'NONE',  ( 1.000000000000000000, 0.000000000000000000, -1.047444401652940007E-14 ) ) ;
#1168 = DIRECTION ( 'NONE',  ( -1.000000000000000000, 0.000000000000000000, 8.673617379884051249E-15 ) ) ;
#1169 = LINE ( 'NONE', #5295, #3955 ) ;
#1170 = VERTEX_POINT ( 'NONE', #3985 ) ;
#1171 = EDGE_LOOP ( 'NONE', ( #8362, #3209, #8058, #5560 ) ) ;
#1173 = ORIENTED_EDGE ( 'NONE', *, *, #1826, .F. ) ;
#1172 = EDGE_CURVE ( 'NONE', #7661, #8474, #406, .T. ) ;
#1174 = ORIENTED_EDGE ( 'NONE', *, *, #5803, .F. ) ;
#1175 = FACE_OUTER_BOUND ( 'NONE', #6983, .T. ) ;
#1176 = CARTESIAN_POINT ( 'NONE',  ( 5.480000000000063487, -0.3699999999999993849, 6.049999999999942979 ) ) ;
#1177 = EDGE_CURVE ( 'NONE', #604, #5329, #3140, .T. ) ;
#1178 = CARTESIAN_POINT ( 'NONE',  ( -0.8499999999999948708, 2.260000000000000675, 0.5000000000000085487 ) ) ;
#1179 = CARTESIAN_POINT ( 'NONE',  ( 8.085000000000054143, 2.300000000000000711, 5.349999999999913491 ) ) ;
#1180 = LINE ( 'NONE', #7888, #5053 ) ;
#1181 = CARTESIAN_POINT ( 'NONE',  ( 0.000000000000000000, 0.000000000000000000, 0.000000000000000000 ) ) ;
#1182 = VERTEX_POINT ( 'NONE', #5886 ) ;
#1183 = EDGE_CURVE ( 'NONE', #6525, #5592, #2645, .T. ) ;
#1184 = EDGE_CURVE ( 'NONE', #4766, #5603, #4687, .T. ) ;
#1185 = ORIENTED_EDGE ( 'NONE', *, *, #4393, .F. ) ;
#1186 = VERTEX_POINT ( 'NONE', #1844 ) ;
#1187 = DIRECTION ( 'NONE',  ( 1.047444401652940007E-14, 0.000000000000000000, 1.000000000000000000 ) ) ;
#1188 = FACE_OUTER_BOUND ( 'NONE', #8335, .T. ) ;
#1189 = CYLINDRICAL_SURFACE ( 'NONE', #7312, 0.2000000000000022593 ) ;
#1190 =( LENGTH_UNIT ( ) NAMED_UNIT ( * ) SI_UNIT ( .MILLI., .METRE. ) );
#1191 = CARTESIAN_POINT ( 'NONE',  ( 9.249999999999957367, -2.050000000000001155, -4.850000000000096456 ) ) ;
#1192 = EDGE_CURVE ( 'NONE', #73, #3896, #6375, .T. ) ;
#1193 = VERTEX_POINT ( 'NONE', #5261 ) ;
#1194 = ADVANCED_FACE ( 'NONE', ( #1922 ), #1980, .T. ) ;
#1195 = VERTEX_POINT ( 'NONE', #4591 ) ;
#1196 = EDGE_CURVE ( 'NONE', #4914, #3668, #8061, .T. ) ;
#1197 = DIRECTION ( 'NONE',  ( -7.406550393246783804E-15, -0.7071067811865487940, -0.7071067811865463515 ) ) ;
#1198 = DIRECTION ( 'NONE',  ( -1.000000000000000000, 0.000000000000000000, 1.047444401652940007E-14 ) ) ;
#1199 = CARTESIAN_POINT ( 'NONE',  ( 9.049999999999956302, 2.380000000000000782, -4.970000000000093898 ) ) ;
#1200 = DIRECTION ( 'NONE',  ( -1.000000000000000000, 0.000000000000000000, 1.047444401652940007E-14 ) ) ;
#1201 = EDGE_CURVE ( 'NONE', #1195, #384, #2516, .T. ) ;
#1202 = ORIENTED_EDGE ( 'NONE', *, *, #2533, .F. ) ;
#1203 = VERTEX_POINT ( 'NONE', #5213 ) ;
#1204 = ORIENTED_EDGE ( 'NONE', *, *, #3237, .F. ) ;
#1205 = ORIENTED_EDGE ( 'NONE', *, *, #2939, .T. ) ;
#1206 = CARTESIAN_POINT ( 'NONE',  ( 1.049999999999936096, 1.570000000000001172, -5.920000000000011475 ) ) ;
#1207 = LINE ( 'NONE', #3920, #4098 ) ;
#1208 = LINE ( 'NONE', #8000, #7901 ) ;
#1209 = CARTESIAN_POINT ( 'NONE',  ( 9.400000000000060751, -1.399999999999999467, 5.999999999999901412 ) ) ;
#1210 = DIRECTION ( 'NONE',  ( 1.078421606581097254E-14, 0.000000000000000000, 1.000000000000000000 ) ) ;
#1211 = VERTEX_POINT ( 'NONE', #7302 ) ;
#1212 = ORIENTED_EDGE ( 'NONE', *, *, #2376, .T. ) ;
#1213 = VECTOR ( 'NONE', #1799, 1000.000000000000000 ) ;
#1214 = ORIENTED_EDGE ( 'NONE', *, *, #7592, .F. ) ;
#1215 = EDGE_CURVE ( 'NONE', #7986, #8792, #4797, .T. ) ;
#1216 = DIRECTION ( 'NONE',  ( 3.562796849662422407E-30, 1.000000000000000000, 3.401418580346681312E-16 ) ) ;
#1217 = CYLINDRICAL_SURFACE ( 'NONE', #2956, 0.1499999999999999667 ) ;
#1218 = AXIS2_PLACEMENT_3D ( 'NONE', #491, #3375, #5960 ) ;
#1219 = DIRECTION ( 'NONE',  ( 1.000000000000000000, 1.152640183373292192E-15, -1.047444401652940007E-14 ) ) ;
#1220 = PLANE ( 'NONE',  #3975 ) ;
#1221 = VECTOR ( 'NONE', #7306, 1000.000000000000000 ) ;
#1222 = CARTESIAN_POINT ( 'NONE',  ( 5.680000000000064553, -0.03999999999999988981, 6.049999999999940314 ) ) ;
#1223 = CARTESIAN_POINT ( 'NONE',  ( 0.5999999999999870992, 1.949999999999999956, -1.200000000000006395 ) ) ;
#1224 = ORIENTED_EDGE ( 'NONE', *, *, #8687, .F. ) ;
#1225 = ORIENTED_EDGE ( 'NONE', *, *, #5564, .T. ) ;
#1226 = VECTOR ( 'NONE', #999, 1000.000000000000000 ) ;
#1227 = ORIENTED_EDGE ( 'NONE', *, *, #2113, .F. ) ;
#1228 = AXIS2_PLACEMENT_3D ( 'NONE', #589, #4757, #7424 ) ;
#1229 = EDGE_CURVE ( 'NONE', #6287, #3937, #599, .T. ) ;
#1230 = EDGE_CURVE ( 'NONE', #3307, #6433, #7486, .T. ) ;
#1231 = LINE ( 'NONE', #8024, #3551 ) ;
#1232 = LINE ( 'NONE', #572, #1920 ) ;
#1233 = AXIS2_PLACEMENT_3D ( 'NONE', #276, #7729, #4179 ) ;
#1234 = AXIS2_PLACEMENT_3D ( 'NONE', #5487, #5302, #2740 ) ;
#1235 = AXIS2_PLACEMENT_3D ( 'NONE', #8468, #3014, #7802 ) ;
#1236 = DIRECTION ( 'NONE',  ( 1.000000000000000000, 0.000000000000000000, -1.047444401652940007E-14 ) ) ;
#1237 = ORIENTED_EDGE ( 'NONE', *, *, #8325, .T. ) ;
#1238 = VECTOR ( 'NONE', #2293, 1000.000000000000000 ) ;
#1239 = DIRECTION ( 'NONE',  ( -1.047444401652940007E-14, -0.000000000000000000, -1.000000000000000000 ) ) ;
#1240 = LINE ( 'NONE', #1950, #5686 ) ;
#1241 = DIRECTION ( 'NONE',  ( 1.000000000000000000, 0.000000000000000000, -1.047444401652940007E-14 ) ) ;
#1242 = CARTESIAN_POINT ( 'NONE',  ( 1.275000000000062528, -0.2499999999999988065, 5.999999999999986677 ) ) ;
#1243 = CARTESIAN_POINT ( 'NONE',  ( 1.275000000000060529, 1.370000000000000551, 5.799999999999987388 ) ) ;
#1244 = CARTESIAN_POINT ( 'NONE',  ( 7.885000000000053078, 2.510000000000001119, 5.349999999999919709 ) ) ;
#1245 = EDGE_LOOP ( 'NONE', ( #1918, #3681, #1361, #5478 ) ) ;
#1246 = ADVANCED_FACE ( 'NONE', ( #1496 ), #8201, .F. ) ;
#1247 = VECTOR ( 'NONE', #391, 1000.000000000000000 ) ;
#1248 = LINE ( 'NONE', #11, #8159 ) ;
#1249 = EDGE_LOOP ( 'NONE', ( #1661, #2698, #2509, #198 ) ) ;
#1250 = CIRCLE ( 'NONE', #5214, 0.2000000000000022593 ) ;
#1251 = ORIENTED_EDGE ( 'NONE', *, *, #3330, .F. ) ;
#1252 = DIRECTION ( 'NONE',  ( 1.047444401652940007E-14, 0.000000000000000000, 1.000000000000000000 ) ) ;
#1253 = DIRECTION ( 'NONE',  ( -0.9446736642347828283, 0.000000000000000000, 0.3280116889704217664 ) ) ;
#1254 = LINE ( 'NONE', #3974, #1529 ) ;
#1255 = CARTESIAN_POINT ( 'NONE',  ( 12.50000000000004796, -2.300000000000000711, 4.549999999999868372 ) ) ;
#1256 = AXIS2_PLACEMENT_3D ( 'NONE', #3524, #3478, #2771 ) ;
#1257 = VECTOR ( 'NONE', #446, 1000.000000000000000 ) ;
#1258 = AXIS2_PLACEMENT_3D ( 'NONE', #1083, #632, #3344 ) ;
#1259 = LINE ( 'NONE', #6148, #1570 ) ;
#1260 = LINE ( 'NONE', #730, #6791 ) ;
#1261 = VERTEX_POINT ( 'NONE', #4163 ) ;
#1262 = VERTEX_POINT ( 'NONE', #8255 ) ;
#1263 = VECTOR ( 'NONE', #4607, 1000.000000000000227 ) ;
#1265 = ORIENTED_EDGE ( 'NONE', *, *, #1837, .F. ) ;
#1264 = AXIS2_PLACEMENT_3D ( 'NONE', #4198, #3481, #399 ) ;
#1266 = CARTESIAN_POINT ( 'NONE',  ( 6.703644170578816042E-14, -0.2499999999999985012, 6.400000000000000355 ) ) ;
#1267 = CARTESIAN_POINT ( 'NONE',  ( 4.315421043656687772, -0.2500000000000000000, -5.800000000000044231 ) ) ;
#1268 = CARTESIAN_POINT ( 'NONE',  ( 2.800000000000045564, 1.450000000000000844, 4.349999999999972999 ) ) ;
#1269 = AXIS2_PLACEMENT_3D ( 'NONE', #4975, #1023, #8482 ) ;
#1270 = DIRECTION ( 'NONE',  ( 1.047444401652940007E-14, 2.168404344971010594E-16, 1.000000000000000000 ) ) ;
#1271 = ADVANCED_FACE ( 'NONE', ( #777 ), #687, .F. ) ;
#1272 = DIRECTION ( 'NONE',  ( -1.000000000000000000, 0.000000000000000000, 1.040834085586084730E-14 ) ) ;
#1273 = ORIENTED_EDGE ( 'NONE', *, *, #5735, .F. ) ;
#1274 = ORIENTED_EDGE ( 'NONE', *, *, #368, .T. ) ;
#1275 = VERTEX_POINT ( 'NONE', #638 ) ;
#1276 = CARTESIAN_POINT ( 'NONE',  ( 7.935000000000067111, -3.000000000000000000, 6.399999999999917755 ) ) ;
#1277 = CARTESIAN_POINT ( 'NONE',  ( 8.289999999999952962, 0.05999999999999998390, -5.100000000000085798 ) ) ;
#1278 = DIRECTION ( 'NONE',  ( -1.047444401652940007E-14, 0.000000000000000000, -1.000000000000000000 ) ) ;
#1279 = DIRECTION ( 'NONE',  ( 8.673617379884051249E-15, 1.084202172485506406E-15, 1.000000000000000000 ) ) ;
#1280 = CIRCLE ( 'NONE', #718, 0.07999999999999998779 ) ;
#1281 = EDGE_CURVE ( 'NONE', #3813, #2979, #2063, .T. ) ;
#1282 = ORIENTED_EDGE ( 'NONE', *, *, #1928, .F. ) ;
#1283 = LINE ( 'NONE', #6701, #8234 ) ;
#1284 = CARTESIAN_POINT ( 'NONE',  ( 7.589999999999956337, 0.05999999999999997002, -4.850000000000079581 ) ) ;
#1285 = LINE ( 'NONE', #2860, #5650 ) ;
#1286 = DIRECTION ( 'NONE',  ( -1.000000000000000000, 0.000000000000000000, 8.673617379884013384E-15 ) ) ;
#1287 = DIRECTION ( 'NONE',  ( 0.000000000000000000, 1.000000000000000000, 0.000000000000000000 ) ) ;
#1288 = PRESENTATION_LAYER_ASSIGNMENT (  '', '', ( #3995 ) ) ;
#1289 = ADVANCED_FACE ( 'NONE', ( #3350 ), #5437, .F. ) ;
#1290 = CARTESIAN_POINT ( 'NONE',  ( 1.849999999999936362, -1.399999999999999467, -6.000000000000020428 ) ) ;
#1291 = VERTEX_POINT ( 'NONE', #4823 ) ;
#1292 = EDGE_CURVE ( 'NONE', #8732, #427, #2835, .T. ) ;
#1293 = EDGE_LOOP ( 'NONE', ( #1054, #485, #21, #2847, #6586, #5161, #6259 ) ) ;
#1294 = EDGE_CURVE ( 'NONE', #886, #1479, #6061, .T. ) ;
#1295 = CARTESIAN_POINT ( 'NONE',  ( 11.09999999999993925, -0.2499999999999989175, -5.800000000000117950 ) ) ;
#1296 = ORIENTED_EDGE ( 'NONE', *, *, #2548, .T. ) ;
#1297 = EDGE_LOOP ( 'NONE', ( #5004, #8421, #5171, #2737, #4816 ) ) ;
#1298 = CARTESIAN_POINT ( 'NONE',  ( 8.945230123270787814, 2.260000000000000675, -5.100000000000092015 ) ) ;
#1299 = DIRECTION ( 'NONE',  ( -1.047444401652940007E-14, 0.000000000000000000, -1.000000000000000000 ) ) ;
#1300 = DIRECTION ( 'NONE',  ( 1.000000000000000000, 0.000000000000000000, -1.047444401652940007E-14 ) ) ;
#1301 = ADVANCED_FACE ( 'NONE', ( #4119 ), #2172, .F. ) ;
#1302 = LINE ( 'NONE', #2773, #2964 ) ;
#1303 = DIRECTION ( 'NONE',  ( 1.419551869787371028E-30, -1.000000000000000000, 1.355252715606880543E-16 ) ) ;
#1304 = DIRECTION ( 'NONE',  ( 0.000000000000000000, -1.000000000000000000, 0.000000000000000000 ) ) ;
#1305 = ORIENTED_EDGE ( 'NONE', *, *, #2605, .F. ) ;
#1306 = ORIENTED_EDGE ( 'NONE', *, *, #746, .T. ) ;
#1307 = ORIENTED_EDGE ( 'NONE', *, *, #3185, .T. ) ;
#1308 = VECTOR ( 'NONE', #3700, 1000.000000000000000 ) ;
#1309 = ADVANCED_FACE ( 'NONE', ( #8109 ), #6113, .F. ) ;
#1310 = DIRECTION ( 'NONE',  ( 1.047444401652940007E-14, 0.000000000000000000, 1.000000000000000000 ) ) ;
#1311 = DIRECTION ( 'NONE',  ( 1.060586246167915856E-14, 0.000000000000000000, 1.000000000000000000 ) ) ;
#1312 = DIRECTION ( 'NONE',  ( 0.000000000000000000, -1.000000000000000000, 0.000000000000000000 ) ) ;
#1313 = DIRECTION ( 'NONE',  ( -0.000000000000000000, 1.000000000000000000, -0.000000000000000000 ) ) ;
#1314 = LINE ( 'NONE', #4030, #5903 ) ;
#1315 = LINE ( 'NONE', #3547, #1832 ) ;
#1316 = ORIENTED_EDGE ( 'NONE', *, *, #4600, .T. ) ;
#1317 = ORIENTED_EDGE ( 'NONE', *, *, #269, .F. ) ;
#1318 = ORIENTED_EDGE ( 'NONE', *, *, #3125, .T. ) ;
#1319 = CARTESIAN_POINT ( 'NONE',  ( 1.549999999999992717, 2.260000000000000675, -0.7000000000000172751 ) ) ;
#1320 = DIRECTION ( 'NONE',  ( 0.000000000000000000, 1.000000000000000000, 0.000000000000000000 ) ) ;
#1321 = DIRECTION ( 'NONE',  ( 1.000000000000000000, 0.000000000000000000, -1.047444401652940007E-14 ) ) ;
#1322 = DIRECTION ( 'NONE',  ( 1.419551869787370853E-30, -1.000000000000000000, 1.355252715606880296E-16 ) ) ;
#1323 = VECTOR ( 'NONE', #3, 1000.000000000000000 ) ;
#1324 = CARTESIAN_POINT ( 'NONE',  ( 1.149999999999965050, 1.450000000000000844, -3.200000000000012612 ) ) ;
#1325 = ORIENTED_EDGE ( 'NONE', *, *, #1201, .F. ) ;
#1326 = CARTESIAN_POINT ( 'NONE',  ( -2.599999999999981437, 0.000000000000000000, 1.800000000000027578 ) ) ;
#1327 = CARTESIAN_POINT ( 'NONE',  ( 9.249999999999950262, 2.299999999999998934, -5.450000000000098765 ) ) ;
#1328 = DIRECTION ( 'NONE',  ( 1.047444401652940007E-14, 0.000000000000000000, 1.000000000000000000 ) ) ;
#1329 = ADVANCED_FACE ( 'NONE', ( #6153 ), #2739, .T. ) ;
#1330 = CARTESIAN_POINT ( 'NONE',  ( 1.249999999999964251, 1.450000000000000844, -3.100000000000014300 ) ) ;
#1331 = CARTESIAN_POINT ( 'NONE',  ( 1.354999999999936922, -0.1699999999999992628, -6.000000000000014211 ) ) ;
#1332 = CARTESIAN_POINT ( 'NONE',  ( 1.349999999999973888, 1.650000000000000799, -2.300000000000015365 ) ) ;
#1333 = EDGE_LOOP ( 'NONE', ( #5736, #4238, #6712, #3393 ) ) ;
#1334 = DIRECTION ( 'NONE',  ( 1.047444401652940007E-14, 0.000000000000000000, 1.000000000000000000 ) ) ;
#1335 = ORIENTED_EDGE ( 'NONE', *, *, #1467, .T. ) ;
#1336 = ORIENTED_EDGE ( 'NONE', *, *, #1718, .T. ) ;
#1337 = CARTESIAN_POINT ( 'NONE',  ( 6.279999999999935412, -1.399999999999999689, -6.050000000000065548 ) ) ;
#1338 = DIRECTION ( 'NONE',  ( 1.047444401652940007E-14, 0.000000000000000000, 1.000000000000000000 ) ) ;
#1339 = EDGE_CURVE ( 'NONE', #5584, #515, #736, .T. ) ;
#1340 = CARTESIAN_POINT ( 'NONE',  ( 9.400000000000066080, -0.2499999999999989175, 6.399999999999901767 ) ) ;
#1341 = DIRECTION ( 'NONE',  ( -1.000000000000000000, 0.000000000000000000, 1.047444401652940007E-14 ) ) ;
#1342 = VECTOR ( 'NONE', #90, 1000.000000000000000 ) ;
#1343 = EDGE_CURVE ( 'NONE', #1764, #1111, #5486, .T. ) ;
#1344 = VECTOR ( 'NONE', #6710, 1000.000000000000000 ) ;
#1345 = DIRECTION ( 'NONE',  ( 1.047444401652940007E-14, 1.355252715606880296E-16, 1.000000000000000000 ) ) ;
#1346 = EDGE_CURVE ( 'NONE', #3274, #3253, #2120, .T. ) ;
#1347 = DIRECTION ( 'NONE',  ( -1.000000000000000000, 0.000000000000000000, 1.156482317317869556E-14 ) ) ;
#1348 = ORIENTED_EDGE ( 'NONE', *, *, #1452, .F. ) ;
#1349 = ORIENTED_EDGE ( 'NONE', *, *, #7117, .F. ) ;
#1350 = VECTOR ( 'NONE', #2149, 1000.000000000000000 ) ;
#1351 = ORIENTED_EDGE ( 'NONE', *, *, #3406, .T. ) ;
#1352 = DIRECTION ( 'NONE',  ( 0.000000000000000000, 1.000000000000000000, 0.000000000000000000 ) ) ;
#1353 = DIRECTION ( 'NONE',  ( 1.047444401652940007E-14, 0.000000000000000000, 1.000000000000000000 ) ) ;
#1354 = PRODUCT_CONTEXT ( 'NONE', #1749, 'mechanical' ) ;
#1355 = CARTESIAN_POINT ( 'NONE',  ( 1.355000000000060600, -0.1699999999999992628, 5.799999999999986500 ) ) ;
#1356 = DIRECTION ( 'NONE',  ( -9.854899917966253548E-15, -0.000000000000000000, -1.000000000000000000 ) ) ;
#1357 = LINE ( 'NONE', #7588, #562 ) ;
#1358 = ORIENTED_EDGE ( 'NONE', *, *, #6334, .F. ) ;
#1359 = AXIS2_PLACEMENT_3D ( 'NONE', #2898, #2751, #7595 ) ;
#1360 = ORIENTED_EDGE ( 'NONE', *, *, #5647, .F. ) ;
#1361 = ORIENTED_EDGE ( 'NONE', *, *, #1294, .T. ) ;
#1362 = CIRCLE ( 'NONE', #2943, 3.000000000000000444 ) ;
#1363 = AXIS2_PLACEMENT_3D ( 'NONE', #1985, #28, #4732 ) ;
#1364 = LINE ( 'NONE', #8118, #3953 ) ;
#1365 = FACE_OUTER_BOUND ( 'NONE', #1598, .T. ) ;
#1366 = LINE ( 'NONE', #4878, #2235 ) ;
#1367 = DIRECTION ( 'NONE',  ( 0.000000000000000000, 1.000000000000000000, 0.000000000000000000 ) ) ;
#1368 = FACE_BOUND ( 'NONE', #8252, .T. ) ;
#1369 = AXIS2_PLACEMENT_3D ( 'NONE', #2916, #5620, #6575 ) ;
#1370 = VERTEX_POINT ( 'NONE', #7436 ) ;
#1371 = VECTOR ( 'NONE', #4289, 1000.000000000000000 ) ;
#1372 = CARTESIAN_POINT ( 'NONE',  ( -1.100000000000154854, 2.260000000000000675, -14.75411377792219447 ) ) ;
#1373 = CARTESIAN_POINT ( 'NONE',  ( -0.4999999999999863443, 2.300000000000000266, 1.926136028425827984 ) ) ;
#1374 = DIRECTION ( 'NONE',  ( -1.000000000000000000, 0.000000000000000000, 1.047444401652940007E-14 ) ) ;
#1375 = VECTOR ( 'NONE', #4931, 1000.000000000000000 ) ;
#1376 = CARTESIAN_POINT ( 'NONE',  ( 1.550000000000005373, 2.260000000000000675, 0.4999999999999836242 ) ) ;
#1377 = ADVANCED_FACE ( 'NONE', ( #830 ), #3541, .T. ) ;
#1378 = DIRECTION ( 'NONE',  ( 1.000000000000000000, 0.000000000000000000, -1.047444401652940007E-14 ) ) ;
#1379 = VECTOR ( 'NONE', #2163, 1000.000000000000000 ) ;
#1380 = DIRECTION ( 'NONE',  ( -1.000000000000000000, 0.000000000000000000, 1.084202172485504592E-14 ) ) ;
#1381 = EDGE_CURVE ( 'NONE', #4833, #6057, #2882, .T. ) ;
#1382 = ORIENTED_EDGE ( 'NONE', *, *, #4495, .T. ) ;
#1383 = VECTOR ( 'NONE', #7417, 1000.000000000000000 ) ;
#1384 =( BOUNDED_CURVE ( )  B_SPLINE_CURVE ( 3, ( #5897, #1894, #8747, #4653 ),
 .UNSPECIFIED., .F., .F. ) 
 B_SPLINE_CURVE_WITH_KNOTS ( ( 4, 4 ),
 ( 1.763656342894471374, 1.969719101032879616 ),
 .UNSPECIFIED. ) 
 CURVE ( )  GEOMETRIC_REPRESENTATION_ITEM ( )  RATIONAL_B_SPLINE_CURVE ( ( 1.000000000000000000, 0.9964646407599137001, 0.9964646407599137001, 1.000000000000000000 ) ) 
 REPRESENTATION_ITEM ( '' )  );
#1385 = CARTESIAN_POINT ( 'NONE',  ( 2.699999999999976197, 2.259999999999999343, -2.100000000000028955 ) ) ;
#1386 = ORIENTED_EDGE ( 'NONE', *, *, #1513, .F. ) ;
#1387 = VECTOR ( 'NONE', #4680, 1000.000000000000000 ) ;
#1388 = VECTOR ( 'NONE', #5239, 1000.000000000000000 ) ;
#1389 = ORIENTED_EDGE ( 'NONE', *, *, #3798, .F. ) ;
#1390 = CARTESIAN_POINT ( 'NONE',  ( 5.380000000000061178, 0.5599999999999992761, 6.049999999999943867 ) ) ;
#1391 = CARTESIAN_POINT ( 'NONE',  ( 0.6500000000000382139, 1.450000000000000844, 4.149999999999996803 ) ) ;
#1392 = DIRECTION ( 'NONE',  ( -1.000000000000000000, 0.000000000000000000, 1.047444401652940007E-14 ) ) ;
#1393 = DIRECTION ( 'NONE',  ( 0.000000000000000000, -1.000000000000000000, 0.000000000000000000 ) ) ;
#1394 = PLANE ( 'NONE',  #146 ) ;
#1395 = CARTESIAN_POINT ( 'NONE',  ( 3.050000000000045119, 1.450000000000000844, 4.349999999999970335 ) ) ;
#1396 = VECTOR ( 'NONE', #2225, 1000.000000000000000 ) ;
#1397 = EDGE_LOOP ( 'NONE', ( #1035, #1157, #4565, #2428, #5759, #6406, #6684 ) ) ;
#1398 = VECTOR ( 'NONE', #4980, 1000.000000000000000 ) ;
#1399 = ORIENTED_EDGE ( 'NONE', *, *, #824, .T. ) ;
#1400 = EDGE_LOOP ( 'NONE', ( #7817, #7568, #7359, #8303 ) ) ;
#1401 = EDGE_CURVE ( 'NONE', #2045, #7142, #7678, .T. ) ;
#1402 = AXIS2_PLACEMENT_3D ( 'NONE', #365, #3835, #1070 ) ;
#1403 = VECTOR ( 'NONE', #6107, 1000.000000000000000 ) ;
#1404 = DIRECTION ( 'NONE',  ( -1.000000000000000000, 0.000000000000000000, 1.047444401652940007E-14 ) ) ;
#1405 = FACE_OUTER_BOUND ( 'NONE', #671, .T. ) ;
#1406 = CARTESIAN_POINT ( 'NONE',  ( 10.09999999999994458, -0.2499999999999988065, -6.000000000000106581 ) ) ;
#1407 = PLANE ( 'NONE',  #3203 ) ;
#1408 = CARTESIAN_POINT ( 'NONE',  ( 1.149999999999965050, 1.450000000000000844, -3.200000000000012612 ) ) ;
#1409 = DIRECTION ( 'NONE',  ( 0.000000000000000000, 1.000000000000000000, 0.000000000000000000 ) ) ;
#1410 = ORIENTED_EDGE ( 'NONE', *, *, #3464, .T. ) ;
#1411 = VECTOR ( 'NONE', #2091, 1000.000000000000000 ) ;
#1412 = AXIS2_PLACEMENT_3D ( 'NONE', #8491, #6190, #1694 ) ;
#1413 = ORIENTED_EDGE ( 'NONE', *, *, #805, .F. ) ;
#1414 = EDGE_CURVE ( 'NONE', #1578, #5062, #7093, .T. ) ;
#1415 = VERTEX_POINT ( 'NONE', #7749 ) ;
#1416 = CIRCLE ( 'NONE', #1003, 3.000000000000000888 ) ;
#1417 = AXIS2_PLACEMENT_3D ( 'NONE', #6924, #706, #844 ) ;
#1418 = AXIS2_PLACEMENT_3D ( 'NONE', #5731, #8445, #4344 ) ;
#1419 = EDGE_CURVE ( 'NONE', #1794, #475, #5721, .T. ) ;
#1420 = LINE ( 'NONE', #747, #5516 ) ;
#1421 = LINE ( 'NONE', #2711, #4535 ) ;
#1422 = LINE ( 'NONE', #848, #6042 ) ;
#1423 = UNCERTAINTY_MEASURE_WITH_UNIT (LENGTH_MEASURE( 1.000000000000000082E-05 ), #5825, 'distance_accuracy_value', 'NONE');
#1424 = CARTESIAN_POINT ( 'NONE',  ( 3.825000000000050804, -0.2499999999999988065, 4.799999999999959854 ) ) ;
#1425 = ORIENTED_EDGE ( 'NONE', *, *, #6290, .T. ) ;
#1426 = DIRECTION ( 'NONE',  ( 1.047444401652940007E-14, 0.000000000000000000, 1.000000000000000000 ) ) ;
#1427 = AXIS2_PLACEMENT_3D ( 'NONE', #4262, #7632, #215 ) ;
#1428 = ORIENTED_EDGE ( 'NONE', *, *, #5641, .F. ) ;
#1429 = FACE_OUTER_BOUND ( 'NONE', #7199, .T. ) ;
#1430 = CARTESIAN_POINT ( 'NONE',  ( 1.349999999999966116, 1.650000000000000799, -3.000000000000014211 ) ) ;
#1431 = LINE ( 'NONE', #6844, #5194 ) ;
#1432 = LINE ( 'NONE', #3426, #5399 ) ;
#1433 = CARTESIAN_POINT ( 'NONE',  ( 11.50000000000006217, 2.260000000000000675, 5.899999999999881339 ) ) ;
#1434 = PLANE ( 'NONE',  #5502 ) ;
#1435 = VERTEX_POINT ( 'NONE', #1009 ) ;
#1436 = CARTESIAN_POINT ( 'NONE',  ( 2.424999999999934097, 1.370000000000000773, -5.800000000000025580 ) ) ;
#1437 = ORIENTED_EDGE ( 'NONE', *, *, #6448, .F. ) ;
#1438 = ORIENTED_EDGE ( 'NONE', *, *, #5902, .T. ) ;
#1439 = DIRECTION ( 'NONE',  ( -1.000000000000000000, 0.000000000000000000, 1.047444401652940007E-14 ) ) ;
#1440 = VECTOR ( 'NONE', #4620, 1000.000000000000000 ) ;
#1441 = CARTESIAN_POINT ( 'NONE',  ( 6.280000000000058868, 0.5599999999999999423, 5.799999999999934985 ) ) ;
#1442 = DIRECTION ( 'NONE',  ( -1.000000000000000000, 0.000000000000000000, 8.673617379884030739E-15 ) ) ;
#1443 = CARTESIAN_POINT ( 'NONE',  ( 10.09999999999994458, -0.2499999999999988065, -6.000000000000106581 ) ) ;
#1444 = DIRECTION ( 'NONE',  ( -1.047444401652940007E-14, -0.000000000000000000, -1.000000000000000000 ) ) ;
#1445 = CARTESIAN_POINT ( 'NONE',  ( 8.289999999999952962, 2.260000000000000675, -5.100000000000085798 ) ) ;
#1446 = ORIENTED_EDGE ( 'NONE', *, *, #2374, .T. ) ;
#1447 = ORIENTED_EDGE ( 'NONE', *, *, #4186, .T. ) ;
#1448 = EDGE_LOOP ( 'NONE', ( #1525, #4221 ) ) ;
#1449 = DIRECTION ( 'NONE',  ( -1.047444401652940007E-14, 4.688441826964344298E-16, -1.000000000000000000 ) ) ;
#1450 = CARTESIAN_POINT ( 'NONE',  ( 10.99999999999993783, -0.2500000000000000000, -5.800000000000117062 ) ) ;
#1451 = DIRECTION ( 'NONE',  ( 1.000000000000000000, 0.000000000000000000, -1.047444401652940007E-14 ) ) ;
#1452 = EDGE_CURVE ( 'NONE', #3632, #3091, #2378, .T. ) ;
#1453 = DIRECTION ( 'NONE',  ( 1.047444401652940007E-14, 0.000000000000000000, 1.000000000000000000 ) ) ;
#1454 = DIRECTION ( 'NONE',  ( 1.000000000000000000, -0.000000000000000000, -1.047444401652940007E-14 ) ) ;
#1455 = EDGE_CURVE ( 'NONE', #1714, #4704, #4955, .T. ) ;
#1456 = LINE ( 'NONE', #4167, #6822 ) ;
#1457 = ORIENTED_EDGE ( 'NONE', *, *, #3643, .F. ) ;
#1458 = CARTESIAN_POINT ( 'NONE',  ( 11.30000000000006288, 1.400000000000001021, 5.999999999999881872 ) ) ;
#1459 = EDGE_CURVE ( 'NONE', #3561, #6892, #4256, .T. ) ;
#1460 = ORIENTED_EDGE ( 'NONE', *, *, #1183, .F. ) ;
#1461 = ORIENTED_EDGE ( 'NONE', *, *, #6334, .T. ) ;
#1462 = ORIENTED_EDGE ( 'NONE', *, *, #3841, .F. ) ;
#1463 = EDGE_CURVE ( 'NONE', #305, #5848, #5679, .T. ) ;
#1464 = SURFACE_STYLE_USAGE ( .BOTH. , #3414 ) ;
#1465 = CARTESIAN_POINT ( 'NONE',  ( 4.315421043656748168, 0.000000000000000000, -4.520163612953548686E-14 ) ) ;
#1466 = LINE ( 'NONE', #138, #2793 ) ;
#1467 = EDGE_CURVE ( 'NONE', #3035, #734, #3673, .T. ) ;
#1468 = EDGE_CURVE ( 'NONE', #4377, #5976, #7335, .T. ) ;
#1469 = ORIENTED_EDGE ( 'NONE', *, *, #2297, .T. ) ;
#1470 = CARTESIAN_POINT ( 'NONE',  ( 0.5000000000000122125, 1.579245872769683862E-16, 1.165277777777772528 ) ) ;
#1471 = ORIENTED_EDGE ( 'NONE', *, *, #772, .F. ) ;
#1472 = CARTESIAN_POINT ( 'NONE',  ( -6.075177529587053300E-14, -2.796517654436384876E-15, -5.800000000000001599 ) ) ;
#1473 = PLANE ( 'NONE',  #1962 ) ;
#1474 = DIRECTION ( 'NONE',  ( -0.000000000000000000, 1.000000000000000000, -0.000000000000000000 ) ) ;
#1475 = PLANE ( 'NONE',  #2569 ) ;
#1476 = DIRECTION ( 'NONE',  ( 0.000000000000000000, 1.000000000000000000, 0.000000000000000000 ) ) ;
#1477 = EDGE_CURVE ( 'NONE', #5159, #5891, #2262, .T. ) ;
#1478 = CARTESIAN_POINT ( 'NONE',  ( 8.064999999999953317, 0.8749999999999968914, -5.100000000000083134 ) ) ;
#1479 = VERTEX_POINT ( 'NONE', #5753 ) ;
#1480 = ADVANCED_FACE ( 'NONE', ( #6337 ), #6462, .F. ) ;
#1481 = ADVANCED_FACE ( 'NONE', ( #8513 ), #1628, .F. ) ;
#1482 = VERTEX_POINT ( 'NONE', #4379 ) ;
#1483 = ORIENTED_EDGE ( 'NONE', *, *, #6786, .T. ) ;
#1484 = ORIENTED_EDGE ( 'NONE', *, *, #3009, .T. ) ;
#1485 = CARTESIAN_POINT ( 'NONE',  ( 2.250000000000059064, -1.399999999999999467, 5.799999999999976730 ) ) ;
#1486 = DIRECTION ( 'NONE',  ( 1.000000000000000000, -0.000000000000000000, -1.047444401652940007E-14 ) ) ;
#1487 = CARTESIAN_POINT ( 'NONE',  ( 1.449999999999975309, 1.650000000000000799, -2.200000000000015721 ) ) ;
#1488 = EDGE_CURVE ( 'NONE', #2513, #3840, #8659, .T. ) ;
#1489 = CARTESIAN_POINT ( 'NONE',  ( 8.289999999999956515, 0.8749999999999968914, -4.850000000000086686 ) ) ;
#1490 = LINE ( 'NONE', #6901, #994 ) ;
#1491 = LINE ( 'NONE', #6957, #4524 ) ;
#1492 = ORIENTED_EDGE ( 'NONE', *, *, #8033, .T. ) ;
#1493 = VERTEX_POINT ( 'NONE', #7004 ) ;
#1494 = ORIENTED_EDGE ( 'NONE', *, *, #3643, .T. ) ;
#1495 = DIRECTION ( 'NONE',  ( 1.047444401652940007E-14, 0.000000000000000000, 1.000000000000000000 ) ) ;
#1496 = FACE_OUTER_BOUND ( 'NONE', #7915, .T. ) ;
#1497 = CARTESIAN_POINT ( 'NONE',  ( 11.99999999999995381, 2.460000000000000853, -4.500000000000125233 ) ) ;
#1498 = LINE ( 'NONE', #4121, #5933 ) ;
#1499 = CARTESIAN_POINT ( 'NONE',  ( 8.289999999999956515, 0.05999999999999998390, -4.850000000000086686 ) ) ;
#1500 = DIRECTION ( 'NONE',  ( -8.673617379884051249E-15, 0.000000000000000000, -1.000000000000000000 ) ) ;
#1501 = ORIENTED_EDGE ( 'NONE', *, *, #829, .T. ) ;
#1502 = CARTESIAN_POINT ( 'NONE',  ( 2.850000000000046274, 1.400000000000000355, 4.399999999999972822 ) ) ;
#1503 = ORIENTED_EDGE ( 'NONE', *, *, #5882, .T. ) ;
#1504 = ORIENTED_EDGE ( 'NONE', *, *, #484, .T. ) ;
#1505 = EDGE_CURVE ( 'NONE', #8777, #6498, #2423, .T. ) ;
#1506 = EDGE_LOOP ( 'NONE', ( #3052, #7188, #5987, #2477, #4130 ) ) ;
#1507 = DIRECTION ( 'NONE',  ( -0.7071067811865437980, 0.7071067811865513475, 7.406550393246756982E-15 ) ) ;
#1508 = CARTESIAN_POINT ( 'NONE',  ( 6.279999999999947846, 2.510000000000001119, -4.700000000000065903 ) ) ;
#1509 = DIRECTION ( 'NONE',  ( 1.047444401652940007E-14, 0.000000000000000000, 1.000000000000000000 ) ) ;
#1510 = CARTESIAN_POINT ( 'NONE',  ( 1.195000000000062679, 1.370000000000000551, 5.999999999999987566 ) ) ;
#1511 = VERTEX_POINT ( 'NONE', #6965 ) ;
#1512 = LINE ( 'NONE', #980, #820 ) ;
#1513 = EDGE_CURVE ( 'NONE', #3360, #2976, #7628, .T. ) ;
#1514 = VERTEX_POINT ( 'NONE', #3626 ) ;
#1515 = CIRCLE ( 'NONE', #4345, 3.000000000000000444 ) ;
#1516 = CARTESIAN_POINT ( 'NONE',  ( 12.00000000000004619, -1.939999999999999059, 4.299999999999871925 ) ) ;
#1517 = EDGE_CURVE ( 'NONE', #4724, #7737, #3515, .T. ) ;
#1518 = DIRECTION ( 'NONE',  ( -1.000000000000000000, -1.355252715606883008E-16, 1.047444401652940007E-14 ) ) ;
#1519 = CARTESIAN_POINT ( 'NONE',  ( 12.50000000000006750, -0.2499999999999985012, 6.399999999999868905 ) ) ;
#1520 = PLANE ( 'NONE',  #2074 ) ;
#1521 = VECTOR ( 'NONE', #7035, 1000.000000000000000 ) ;
#1522 = CARTESIAN_POINT ( 'NONE',  ( 1.450000000000062794, -0.2499999999999997780, 5.999999999999984901 ) ) ;
#1523 = ORIENTED_EDGE ( 'NONE', *, *, #6952, .F. ) ;
#1524 = ORIENTED_EDGE ( 'NONE', *, *, #6832, .T. ) ;
#1525 = ORIENTED_EDGE ( 'NONE', *, *, #6571, .T. ) ;
#1526 = ORIENTED_EDGE ( 'NONE', *, *, #5590, .T. ) ;
#1527 = CIRCLE ( 'NONE', #7063, 0.08000000000000020983 ) ;
#1528 = DIRECTION ( 'NONE',  ( -1.047444401652940007E-14, -0.000000000000000000, -1.000000000000000000 ) ) ;
#1529 = VECTOR ( 'NONE', #8589, 1000.000000000000000 ) ;
#1530 = DIRECTION ( 'NONE',  ( 1.000000000000000000, 0.000000000000000000, -8.673617379884013384E-15 ) ) ;
#1531 = DIRECTION ( 'NONE',  ( -8.673617379883937653E-15, 0.000000000000000000, -1.000000000000000000 ) ) ;
#1532 = CARTESIAN_POINT ( 'NONE',  ( 0.6500000000000405453, 1.850000000000000977, 4.349999999999995204 ) ) ;
#1533 = ADVANCED_FACE ( 'NONE', ( #2922 ), #6388, .T. ) ;
#1534 = CARTESIAN_POINT ( 'NONE',  ( 11.90000000000005898, -1.560703055139993412, 5.799999999999875477 ) ) ;
#1535 = VECTOR ( 'NONE', #3190, 1000.000000000000000 ) ;
#1536 = ORIENTED_EDGE ( 'NONE', *, *, #6299, .T. ) ;
#1537 = VECTOR ( 'NONE', #4551, 1000.000000000000000 ) ;
#1538 = EDGE_LOOP ( 'NONE', ( #694, #5975, #100, #6070 ) ) ;
#1539 = AXIS2_PLACEMENT_3D ( 'NONE', #3195, #8673, #6494 ) ;
#1540 = ORIENTED_EDGE ( 'NONE', *, *, #6576, .T. ) ;
#1541 = DIRECTION ( 'NONE',  ( 0.000000000000000000, -1.000000000000000000, 0.000000000000000000 ) ) ;
#1542 = DIRECTION ( 'NONE',  ( 1.060586246167915856E-14, 0.000000000000000000, 1.000000000000000000 ) ) ;
#1543 = LINE ( 'NONE', #2923, #7637 ) ;
#1544 = CARTESIAN_POINT ( 'NONE',  ( 11.49999999999993250, 2.259999999999998899, -6.400000000000122036 ) ) ;
#1545 = CYLINDRICAL_SURFACE ( 'NONE', #4109, 0.3999999999999993006 ) ;
#1546 = FACE_OUTER_BOUND ( 'NONE', #6248, .T. ) ;
#1547 = ORIENTED_EDGE ( 'NONE', *, *, #2846, .T. ) ;
#1548 = CARTESIAN_POINT ( 'NONE',  ( 9.049999999999954525, 2.380000000000000782, -5.100000000000092903 ) ) ;
#1549 = VERTEX_POINT ( 'NONE', #424 ) ;
#1550 = ORIENTED_EDGE ( 'NONE', *, *, #2723, .T. ) ;
#1551 = EDGE_CURVE ( 'NONE', #7737, #2830, #1208, .T. ) ;
#1552 = VECTOR ( 'NONE', #1874, 1000.000000000000000 ) ;
#1554 = ORIENTED_EDGE ( 'NONE', *, *, #1659, .F. ) ;
#1553 = VECTOR ( 'NONE', #6861, 1000.000000000000000 ) ;
#1555 = VECTOR ( 'NONE', #8559, 1000.000000000000000 ) ;
#1556 = ADVANCED_FACE ( 'NONE', ( #7170 ), #1914, .T. ) ;
#1557 = CARTESIAN_POINT ( 'NONE',  ( 2.549999999999962963, 1.450000000000000844, -3.200000000000027267 ) ) ;
#1558 = CARTESIAN_POINT ( 'NONE',  ( 5.030000000000058868, 1.059999999999999387, 5.799999999999947420 ) ) ;
#1559 = VECTOR ( 'NONE', #4922, 1000.000000000000000 ) ;
#1560 = VECTOR ( 'NONE', #1693, 1000.000000000000000 ) ;
#1561 = CARTESIAN_POINT ( 'NONE',  ( 12.00000000000004796, -1.939999999999999059, 4.499999999999873879 ) ) ;
#1562 = CARTESIAN_POINT ( 'NONE',  ( 5.027733127934111401E-14, -0.2499999999999988065, 4.799999999999999822 ) ) ;
#1563 = EDGE_LOOP ( 'NONE', ( #414, #7880, #7311, #7149, #921, #2367, #5308, #4830, #1358, #4917, #6028, #4466, #5468, #7495 ) ) ;
#1564 = CARTESIAN_POINT ( 'NONE',  ( 0.5000000000000000000, 0.000000000000000000, -5.237222008264700033E-15 ) ) ;
#1565 = ORIENTED_EDGE ( 'NONE', *, *, #6591, .F. ) ;
#1566 = CIRCLE ( 'NONE', #5377, 1.900000000000000355 ) ;
#1567 = AXIS2_PLACEMENT_3D ( 'NONE', #7936, #1850, #5170 ) ;
#1568 = VECTOR ( 'NONE', #7552, 1000.000000000000000 ) ;
#1569 = DIRECTION ( 'NONE',  ( -1.000000000000000000, -0.000000000000000000, 1.047444401652940007E-14 ) ) ;
#1570 = VECTOR ( 'NONE', #4019, 1000.000000000000000 ) ;
#1571 = DIRECTION ( 'NONE',  ( -0.7071067811865427988, -0.7071067811865522357, 7.406550393246747516E-15 ) ) ;
#1572 = CYLINDRICAL_SURFACE ( 'NONE', #5488, 0.08000000000000020983 ) ;
#1573 = CARTESIAN_POINT ( 'NONE',  ( 9.400000000000058975, 1.600000000000000977, 5.799999999999903011 ) ) ;
#1574 = VECTOR ( 'NONE', #4329, 1000.000000000000000 ) ;
#1575 = DIRECTION ( 'NONE',  ( 0.000000000000000000, 1.000000000000000000, 0.000000000000000000 ) ) ;
#1576 = EDGE_CURVE ( 'NONE', #3062, #416, #3881, .T. ) ;
#1577 = ORIENTED_EDGE ( 'NONE', *, *, #2880, .F. ) ;
#1578 = VERTEX_POINT ( 'NONE', #7874 ) ;
#1579 = ORIENTED_EDGE ( 'NONE', *, *, #7755, .F. ) ;
#1580 = ADVANCED_FACE ( 'NONE', ( #4502 ), #2460, .F. ) ;
#1581 = ORIENTED_EDGE ( 'NONE', *, *, #527, .F. ) ;
#1582 = CARTESIAN_POINT ( 'NONE',  ( 12.49999999999993250, 2.299999999999998934, -6.400000000000131806 ) ) ;
#1583 = FACE_OUTER_BOUND ( 'NONE', #477, .T. ) ;
#1584 = CARTESIAN_POINT ( 'NONE',  ( 10.09999999999994635, -0.2499999999999997780, -5.800000000000107292 ) ) ;
#1585 = EDGE_CURVE ( 'NONE', #8508, #6634, #4641, .T. ) ;
#1586 = FACE_OUTER_BOUND ( 'NONE', #3020, .T. ) ;
#1587 = ORIENTED_EDGE ( 'NONE', *, *, #8366, .F. ) ;
#1588 = EDGE_CURVE ( 'NONE', #440, #7059, #1835, .T. ) ;
#1589 = AXIS2_PLACEMENT_3D ( 'NONE', #1330, #5569, #8281 ) ;
#1590 = VERTEX_POINT ( 'NONE', #463 ) ;
#1591 = DIRECTION ( 'NONE',  ( 1.000000000000000000, 0.000000000000000000, -1.047444401652940007E-14 ) ) ;
#1592 = CARTESIAN_POINT ( 'NONE',  ( 3.875000000000062617, 2.380000000000000782, 5.919999999999959073 ) ) ;
#1593 = CARTESIAN_POINT ( 'NONE',  ( 2.475000000000067590, 1.400000000000000799, 6.399999999999974598 ) ) ;
#1594 = DIRECTION ( 'NONE',  ( -1.242600792700330962E-14, 0.000000000000000000, -1.000000000000000000 ) ) ;
#1595 = LINE ( 'NONE', #5589, #7658 ) ;
#1596 =( NAMED_UNIT ( * ) SI_UNIT ( $, .STERADIAN. ) SOLID_ANGLE_UNIT ( ) );
#1597 = ORIENTED_EDGE ( 'NONE', *, *, #762, .F. ) ;
#1598 = EDGE_LOOP ( 'NONE', ( #7978, #2340, #3521, #2932 ) ) ;
#1599 = ORIENTED_EDGE ( 'NONE', *, *, #3769, .F. ) ;
#1600 = ORIENTED_EDGE ( 'NONE', *, *, #7697, .F. ) ;
#1601 = ADVANCED_FACE ( 'NONE', ( #3794 ), #7339, .F. ) ;
#1602 = CARTESIAN_POINT ( 'NONE',  ( 6.480000000000059934, 0.05999999999999996309, 5.799999999999933209 ) ) ;
#1603 = CARTESIAN_POINT ( 'NONE',  ( 0.5000000000000202061, 2.300000000000000266, 1.926136028425817548 ) ) ;
#1604 = DIRECTION ( 'NONE',  ( -1.000000000000000000, 0.000000000000000000, 8.673617379884013384E-15 ) ) ;
#1605 = CYLINDRICAL_SURFACE ( 'NONE', #299, 0.2000000000000000944 ) ;
#1606 = ORIENTED_EDGE ( 'NONE', *, *, #5838, .T. ) ;
#1607 = CARTESIAN_POINT ( 'NONE',  ( 0.9999999999999767963, 1.399999999999999467, -2.100000000000011191 ) ) ;
#1608 = EDGE_LOOP ( 'NONE', ( #333, #6585, #5831, #8455 ) ) ;
#1609 = CARTESIAN_POINT ( 'NONE',  ( 9.249999999999950262, 2.460000000000000853, -5.450000000000098765 ) ) ;
#1610 = DIRECTION ( 'NONE',  ( 1.000000000000000000, 0.000000000000000000, -1.084202172485506958E-14 ) ) ;
#1611 = DIRECTION ( 'NONE',  ( 1.000000000000000000, 0.000000000000000000, -1.047444401652940007E-14 ) ) ;
#1612 = CARTESIAN_POINT ( 'NONE',  ( 8.289999999999956515, 0.8749999999999968914, -4.850000000000086686 ) ) ;
#1613 = DIRECTION ( 'NONE',  ( -1.000000000000000000, 0.000000000000000000, 1.156482317317873973E-14 ) ) ;
#1614 = EDGE_CURVE ( 'NONE', #2317, #7076, #3168, .T. ) ;
#1615 = ORIENTED_EDGE ( 'NONE', *, *, #2376, .F. ) ;
#1616 = ORIENTED_EDGE ( 'NONE', *, *, #6008, .T. ) ;
#1617 = ORIENTED_EDGE ( 'NONE', *, *, #549, .F. ) ;
#1618 = ADVANCED_FACE ( 'NONE', ( #5843 ), #5292, .F. ) ;
#1619 = DIRECTION ( 'NONE',  ( 0.000000000000000000, 1.000000000000000000, 0.000000000000000000 ) ) ;
#1620 = FACE_BOUND ( 'NONE', #2412, .T. ) ;
#1621 = DIRECTION ( 'NONE',  ( -1.057475489313306365E-14, 0.000000000000000000, -1.000000000000000000 ) ) ;
#1622 = LINE ( 'NONE', #1489, #1521 ) ;
#1623 = EDGE_LOOP ( 'NONE', ( #2930, #7465, #4340, #4905 ) ) ;
#1624 = EDGE_CURVE ( 'NONE', #51, #3561, #2556, .T. ) ;
#1625 = ORIENTED_EDGE ( 'NONE', *, *, #1468, .F. ) ;
#1626 = DIRECTION ( 'NONE',  ( 1.334402673828314266E-14, 0.000000000000000000, 1.000000000000000000 ) ) ;
#1627 = ADVANCED_FACE ( 'NONE', ( #8638 ), #591, .F. ) ;
#1628 = CYLINDRICAL_SURFACE ( 'NONE', #1235, 0.07999999999999998779 ) ;
#1629 = LINE ( 'NONE', #831, #2499 ) ;
#1630 = DIRECTION ( 'NONE',  ( -1.047444401652940007E-14, -0.000000000000000000, -1.000000000000000000 ) ) ;
#1631 = ORIENTED_EDGE ( 'NONE', *, *, #5254, .F. ) ;
#1632 = ORIENTED_EDGE ( 'NONE', *, *, #3053, .F. ) ;
#1633 = VERTEX_POINT ( 'NONE', #7837 ) ;
#1634 = ORIENTED_EDGE ( 'NONE', *, *, #1935, .T. ) ;
#1635 = CARTESIAN_POINT ( 'NONE',  ( -0.5000000000000379696, 2.259999999999999343, -2.999999999999995559 ) ) ;
#1636 = CARTESIAN_POINT ( 'NONE',  ( 6.630000000000060290, 1.159999999999999920, 6.049999999999930544 ) ) ;
#1637 = CARTESIAN_POINT ( 'NONE',  ( 2.549999999999962963, 1.450000000000000844, -3.100000000000028066 ) ) ;
#1638 = AXIS2_PLACEMENT_3D ( 'NONE', #625, #2770, #3436 ) ;
#1639 = CARTESIAN_POINT ( 'NONE',  ( 6.280000000000061533, 0.5599999999999999423, 6.049999999999934097 ) ) ;
#1640 = ORIENTED_EDGE ( 'NONE', *, *, #4425, .T. ) ;
#1641 = LINE ( 'NONE', #4884, #2809 ) ;
#1642 = ORIENTED_EDGE ( 'NONE', *, *, #3587, .T. ) ;
#1643 = CIRCLE ( 'NONE', #230, 0.1000000000000002554 ) ;
#1644 = LINE ( 'NONE', #8227, #8279 ) ;
#1645 = CARTESIAN_POINT ( 'NONE',  ( 11.49999999999993250, 2.259999999999998899, -6.400000000000122036 ) ) ;
#1646 = CARTESIAN_POINT ( 'NONE',  ( 0.4999999999999877320, 2.259999999999999787, -1.165277777777783186 ) ) ;
#1647 = FACE_OUTER_BOUND ( 'NONE', #1842, .T. ) ;
#1648 = DIRECTION ( 'NONE',  ( -3.562796849662421707E-30, -1.000000000000000000, -3.401418580346680819E-16 ) ) ;
#1649 = AXIS2_PLACEMENT_3D ( 'NONE', #3825, #448, #3188 ) ;
#1650 = ORIENTED_EDGE ( 'NONE', *, *, #3252, .T. ) ;
#1651 = ORIENTED_EDGE ( 'NONE', *, *, #7295, .F. ) ;
#1652 = EDGE_CURVE ( 'NONE', #2386, #8677, #4628, .T. ) ;
#1653 = CARTESIAN_POINT ( 'NONE',  ( 2.329999999999938343, -0.2500000000000047184, -5.800000000000024691 ) ) ;
#1654 = FACE_OUTER_BOUND ( 'NONE', #1006, .T. ) ;
#1655 = CIRCLE ( 'NONE', #6609, 0.1299999999999998934 ) ;
#1656 = CARTESIAN_POINT ( 'NONE',  ( 0.6000000000000460521, 2.260000000000000231, 4.399999999999995914 ) ) ;
#1657 = CARTESIAN_POINT ( 'NONE',  ( 0.9999999999999317213, 2.259999999999998899, -6.400000000000011013 ) ) ;
#1658 = VECTOR ( 'NONE', #1098, 1000.000000000000000 ) ;
#1659 = EDGE_CURVE ( 'NONE', #2736, #7077, #1254, .T. ) ;
#1660 = FILL_AREA_STYLE ('',( #2701 ) ) ;
#1661 = ORIENTED_EDGE ( 'NONE', *, *, #5200, .T. ) ;
#1662 = VECTOR ( 'NONE', #2003, 1000.000000000000000 ) ;
#1663 = VECTOR ( 'NONE', #3523, 1000.000000000000000 ) ;
#1664 = ORIENTED_EDGE ( 'NONE', *, *, #2511, .F. ) ;
#1665 = DIRECTION ( 'NONE',  ( 1.000000000000000000, 0.000000000000000000, -8.673617379884013384E-15 ) ) ;
#1666 = DIRECTION ( 'NONE',  ( -1.000000000000000000, 0.000000000000000000, 1.047444401652940007E-14 ) ) ;
#1667 = DIRECTION ( 'NONE',  ( 1.047444401652940007E-14, 0.000000000000000000, 1.000000000000000000 ) ) ;
#1668 = VECTOR ( 'NONE', #6313, 1000.000000000000000 ) ;
#1669 = AXIS2_PLACEMENT_3D ( 'NONE', #8695, #7541, #6020 ) ;
#1670 = LINE ( 'NONE', #2345, #2118 ) ;
#1671 = VECTOR ( 'NONE', #5251, 1000.000000000000000 ) ;
#1672 = VERTEX_POINT ( 'NONE', #6676 ) ;
#1673 = ORIENTED_EDGE ( 'NONE', *, *, #5543, .T. ) ;
#1675 = ORIENTED_EDGE ( 'NONE', *, *, #2134, .F. ) ;
#1674 = EDGE_CURVE ( 'NONE', #5152, #3485, #3299, .T. ) ;
#1676 = CIRCLE ( 'NONE', #120, 3.000000000000000444 ) ;
#1677 = VERTEX_POINT ( 'NONE', #2503 ) ;
#1678 = CARTESIAN_POINT ( 'NONE',  ( 2.759578956343192502, 2.510000000000001119, -5.640421043656776767 ) ) ;
#1679 = DIRECTION ( 'NONE',  ( -1.000000000000000000, 0.000000000000000000, 1.084202172485504592E-14 ) ) ;
#1680 = DIRECTION ( 'NONE',  ( 1.047444401652940007E-14, 0.000000000000000000, 1.000000000000000000 ) ) ;
#1681 = PRODUCT_DEFINITION_CONTEXT ( 'detailed design', #5566, 'design' ) ;
#1682 = DIRECTION ( 'NONE',  ( 1.066300091609209642E-14, 0.000000000000000000, 1.000000000000000000 ) ) ;
#1683 = EDGE_LOOP ( 'NONE', ( #1124, #2348, #8658, #7608 ) ) ;
#1684 = ADVANCED_FACE ( 'NONE', ( #6502 ), #5201, .T. ) ;
#1685 = VECTOR ( 'NONE', #8480, 1000.000000000000000 ) ;
#1686 = EDGE_CURVE ( 'NONE', #5634, #6496, #6243, .T. ) ;
#1687 = ORIENTED_EDGE ( 'NONE', *, *, #7758, .T. ) ;
#1688 = CARTESIAN_POINT ( 'NONE',  ( 1.225000000000060707, -3.000000000000000000, 5.799999999999987388 ) ) ;
#1689 = EDGE_CURVE ( 'NONE', #8765, #8609, #5472, .T. ) ;
#1690 = VECTOR ( 'NONE', #8100, 1000.000000000000000 ) ;
#1691 = PLANE ( 'NONE',  #387 ) ;
#1692 = AXIS2_PLACEMENT_3D ( 'NONE', #5681, #5630, #2264 ) ;
#1693 = DIRECTION ( 'NONE',  ( -1.419551869787370853E-30, 1.000000000000000000, -1.355252715606880296E-16 ) ) ;
#1694 = DIRECTION ( 'NONE',  ( -1.047444401652940007E-14, 0.000000000000000000, -1.000000000000000000 ) ) ;
#1695 = CARTESIAN_POINT ( 'NONE',  ( 1.149999999999965050, 1.650000000000000799, -3.200000000000012612 ) ) ;
#1696 = VECTOR ( 'NONE', #8143, 1000.000000000000000 ) ;
#1697 = ORIENTED_EDGE ( 'NONE', *, *, #2528, .T. ) ;
#1698 = VERTEX_POINT ( 'NONE', #6146 ) ;
#1699 = EDGE_CURVE ( 'NONE', #5572, #6525, #2821, .T. ) ;
#1700 = LINE ( 'NONE', #8498, #2952 ) ;
#1701 = DIRECTION ( 'NONE',  ( -1.000000000000000000, 0.000000000000000000, 1.047444401652940007E-14 ) ) ;
#1702 = DIRECTION ( 'NONE',  ( -3.562796849662422407E-30, 1.000000000000000000, -3.401418580346681312E-16 ) ) ;
#1703 = DIRECTION ( 'NONE',  ( 0.3280116889704218219, 1.280271548816496894E-16, 0.9446736642347829394 ) ) ;
#1704 = VECTOR ( 'NONE', #1367, 1000.000000000000000 ) ;
#1705 = VECTOR ( 'NONE', #1144, 1000.000000000000000 ) ;
#1706 = ORIENTED_EDGE ( 'NONE', *, *, #793, .F. ) ;
#1707 = ORIENTED_EDGE ( 'NONE', *, *, #3251, .T. ) ;
#1708 = FACE_OUTER_BOUND ( 'NONE', #1397, .T. ) ;
#1709 = CARTESIAN_POINT ( 'NONE',  ( 7.935000000000049347, -0.2499999999999988065, 4.799999999999916334 ) ) ;
#1710 = CARTESIAN_POINT ( 'NONE',  ( 1.449999999999975309, 1.450000000000000844, -2.200000000000015721 ) ) ;
#1711 = LINE ( 'NONE', #918, #7922 ) ;
#1712 = CARTESIAN_POINT ( 'NONE',  ( 9.049999999999959854, 2.260000000000000675, -4.700000000000094325 ) ) ;
#1713 = ORIENTED_EDGE ( 'NONE', *, *, #5243, .F. ) ;
#1714 = VERTEX_POINT ( 'NONE', #3387 ) ;
#1715 = AXIS2_PLACEMENT_3D ( 'NONE', #7545, #3545, #175 ) ;
#1716 = ORIENTED_EDGE ( 'NONE', *, *, #7677, .T. ) ;
#1717 = ORIENTED_EDGE ( 'NONE', *, *, #8456, .F. ) ;
#1718 = EDGE_CURVE ( 'NONE', #4237, #394, #816, .T. ) ;
#1719 = AXIS2_PLACEMENT_3D ( 'NONE', #3761, #6465, #6342 ) ;
#1720 = LINE ( 'NONE', #7054, #2136 ) ;
#1721 = ADVANCED_FACE ( 'NONE', ( #628 ), #4055, .T. ) ;
#1722 = FACE_OUTER_BOUND ( 'NONE', #3493, .T. ) ;
#1723 = DIRECTION ( 'NONE',  ( 4.910882144129293310E-30, -1.000000000000000000, 4.688441826964352187E-16 ) ) ;
#1724 = FACE_OUTER_BOUND ( 'NONE', #5299, .T. ) ;
#1725 = ORIENTED_EDGE ( 'NONE', *, *, #7715, .T. ) ;
#1726 = EDGE_LOOP ( 'NONE', ( #3763, #2476, #1033, #8314 ) ) ;
#1727 = EDGE_CURVE ( 'NONE', #2816, #4040, #17, .T. ) ;
#1728 = CARTESIAN_POINT ( 'NONE',  ( 2.699999999999931344, 1.399999999999999023, -6.400000000000028777 ) ) ;
#1729 = EDGE_CURVE ( 'NONE', #5995, #3896, #5390, .T. ) ;
#1730 = EDGE_CURVE ( 'NONE', #5208, #2778, #8772, .T. ) ;
#1731 = DIRECTION ( 'NONE',  ( 0.9446736642347824953, 0.000000000000000000, -0.3280116889704229877 ) ) ;
#1732 = PLANE ( 'NONE',  #1122 ) ;
#1733 = DIRECTION ( 'NONE',  ( 1.000000000000000000, 0.000000000000000000, -8.673617379884051249E-15 ) ) ;
#1734 = ORIENTED_EDGE ( 'NONE', *, *, #5149, .F. ) ;
#1735 = ORIENTED_EDGE ( 'NONE', *, *, #8186, .T. ) ;
#1736 = LINE ( 'NONE', #3779, #956 ) ;
#1737 = LINE ( 'NONE', #3037, #5941 ) ;
#1738 = DIRECTION ( 'NONE',  ( -1.060827874453277180E-14, 0.000000000000000000, -1.000000000000000000 ) ) ;
#1739 = DIRECTION ( 'NONE',  ( 1.000000000000000000, -5.575896887068300516E-15, -1.047444401652940007E-14 ) ) ;
#1740 = EDGE_CURVE ( 'NONE', #7283, #4147, #6051, .T. ) ;
#1741 = ADVANCED_FACE ( 'NONE', ( #3340 ), #1966, .F. ) ;
#1742 = ORIENTED_EDGE ( 'NONE', *, *, #4186, .F. ) ;
#1743 = EDGE_LOOP ( 'NONE', ( #5209, #6962, #6193, #4603, #5355, #4696, #2333 ) ) ;
#1744 = VERTEX_POINT ( 'NONE', #7426 ) ;
#1745 = EDGE_CURVE ( 'NONE', #2778, #5258, #7572, .T. ) ;
#1746 = PLANE ( 'NONE',  #7947 ) ;
#1747 = DIRECTION ( 'NONE',  ( 1.047444401652940007E-14, 0.000000000000000000, 1.000000000000000000 ) ) ;
#1748 = DIRECTION ( 'NONE',  ( 0.000000000000000000, 1.000000000000000000, 0.000000000000000000 ) ) ;
#1749 = APPLICATION_CONTEXT ( 'automotive_design' ) ;
#1750 = CARTESIAN_POINT ( 'NONE',  ( 1.850000000000062039, -1.399999999999999467, 5.999999999999981348 ) ) ;
#1751 = CARTESIAN_POINT ( 'NONE',  ( -0.4999999999999863443, 2.260000000000000231, 1.926136028425827984 ) ) ;
#1752 = SURFACE_SIDE_STYLE ('',( #7752 ) ) ;
#1753 = ORIENTED_EDGE ( 'NONE', *, *, #2889, .T. ) ;
#1754 = VERTEX_POINT ( 'NONE', #678 ) ;
#1755 = ORIENTED_EDGE ( 'NONE', *, *, #8312, .T. ) ;
#1756 = ORIENTED_EDGE ( 'NONE', *, *, #6514, .T. ) ;
#1757 = EDGE_CURVE ( 'NONE', #8158, #3552, #3089, .T. ) ;
#1758 = CARTESIAN_POINT ( 'NONE',  ( 7.985000000000050946, 2.300000000000000711, 5.249999999999914735 ) ) ;
#1759 = LINE ( 'NONE', #4432, #8226 ) ;
#1760 = PLANE ( 'NONE',  #5538 ) ;
#1761 = LINE ( 'NONE', #4471, #1213 ) ;
#1762 = CARTESIAN_POINT ( 'NONE',  ( 6.630000000000058513, 1.060000000000000053, 5.799999999999931433 ) ) ;
#1763 = ORIENTED_EDGE ( 'NONE', *, *, #4891, .F. ) ;
#1764 = VERTEX_POINT ( 'NONE', #6104 ) ;
#1765 = ORIENTED_EDGE ( 'NONE', *, *, #7171, .F. ) ;
#1766 = SURFACE_SIDE_STYLE ('',( #8571 ) ) ;
#1767 = DIRECTION ( 'NONE',  ( -1.000000000000000000, 0.000000000000000000, 1.047444401652940007E-14 ) ) ;
#1768 = DIRECTION ( 'NONE',  ( 0.000000000000000000, 1.000000000000000000, 0.000000000000000000 ) ) ;
#1769 = DIRECTION ( 'NONE',  ( -1.419551869787370853E-30, 1.000000000000000000, -1.355252715606880296E-16 ) ) ;
#1770 = EDGE_CURVE ( 'NONE', #2007, #4683, #106, .T. ) ;
#1771 = EDGE_LOOP ( 'NONE', ( #3291, #4940, #6046, #5039 ) ) ;
#1772 = VERTEX_POINT ( 'NONE', #5430 ) ;
#1773 = DIRECTION ( 'NONE',  ( 1.048062100069320848E-14, 0.000000000000000000, 1.000000000000000000 ) ) ;
#1774 = CARTESIAN_POINT ( 'NONE',  ( 2.249999999999937828, -1.399999999999999467, -5.800000000000023803 ) ) ;
#1775 = CARTESIAN_POINT ( 'NONE',  ( 12.50000000000006750, -0.2499999999999985012, 6.399999999999868905 ) ) ;
#1776 = LINE ( 'NONE', #3837, #5480 ) ;
#1777 = CIRCLE ( 'NONE', #6036, 0.09999999999999982514 ) ;
#1778 = ORIENTED_EDGE ( 'NONE', *, *, #1990, .F. ) ;
#1779 = ADVANCED_FACE ( 'NONE', ( #3438 ), #8141, .F. ) ;
#1780 = EDGE_LOOP ( 'NONE', ( #4210, #199, #1017, #2573 ) ) ;
#1781 = VERTEX_POINT ( 'NONE', #1487 ) ;
#1782 = VECTOR ( 'NONE', #5157, 1000.000000000000000 ) ;
#1783 = CARTESIAN_POINT ( 'NONE',  ( 12.00000000000004796, -2.300000000000000711, 4.549999999999873701 ) ) ;
#1784 = VECTOR ( 'NONE', #7401, 1000.000000000000000 ) ;
#1785 = CARTESIAN_POINT ( 'NONE',  ( 6.480000000000061711, 0.05999999999999996309, 6.049999999999932321 ) ) ;
#1786 = DIRECTION ( 'NONE',  ( 0.000000000000000000, 1.000000000000000000, 0.000000000000000000 ) ) ;
#1787 = ADVANCED_FACE ( 'NONE', ( #7387 ), #4196, .T. ) ;
#1788 = DIRECTION ( 'NONE',  ( 1.000000000000000000, 0.000000000000000000, -1.084202172485506327E-14 ) ) ;
#1789 = FACE_OUTER_BOUND ( 'NONE', #4804, .T. ) ;
#1790 = VERTEX_POINT ( 'NONE', #4760 ) ;
#1791 = ORIENTED_EDGE ( 'NONE', *, *, #4529, .T. ) ;
#1792 = EDGE_LOOP ( 'NONE', ( #1706, #5606, #3710 ) ) ;
#1793 = AXIS2_PLACEMENT_3D ( 'NONE', #8578, #3749, #1158 ) ;
#1794 = VERTEX_POINT ( 'NONE', #7471 ) ;
#1795 = AXIS2_PLACEMENT_3D ( 'NONE', #2087, #1474, #6175 ) ;
#1796 = DIRECTION ( 'NONE',  ( -1.419551869787370853E-30, 1.000000000000000000, -1.355252715606880296E-16 ) ) ;
#1797 = AXIS2_PLACEMENT_3D ( 'NONE', #5156, #2598, #7919 ) ;
#1798 = LINE ( 'NONE', #3353, #1005 ) ;
#1799 = DIRECTION ( 'NONE',  ( 1.047444401652940007E-14, 0.000000000000000000, 1.000000000000000000 ) ) ;
#1800 = PLANE ( 'NONE',  #2990 ) ;
#1801 = ORIENTED_EDGE ( 'NONE', *, *, #700, .T. ) ;
#1802 = VECTOR ( 'NONE', #6034, 1000.000000000000000 ) ;
#1803 = AXIS2_PLACEMENT_3D ( 'NONE', #8001, #7963, #8773 ) ;
#1804 = AXIS2_PLACEMENT_3D ( 'NONE', #1040, #6285, #7082 ) ;
#1805 = ORIENTED_EDGE ( 'NONE', *, *, #4703, .T. ) ;
#1806 = ORIENTED_EDGE ( 'NONE', *, *, #8733, .T. ) ;
#1807 = EDGE_CURVE ( 'NONE', #8009, #5024, #2099, .T. ) ;
#1808 = DIRECTION ( 'NONE',  ( -1.000000000000000000, 0.000000000000000000, 1.064791636412708078E-14 ) ) ;
#1809 = LINE ( 'NONE', #2660, #6246 ) ;
#1810 = LINE ( 'NONE', #4606, #6475 ) ;
#1811 = SURFACE_STYLE_FILL_AREA ( #6484 ) ;
#1812 = LINE ( 'NONE', #2484, #3797 ) ;
#1813 = ORIENTED_EDGE ( 'NONE', *, *, #8502, .F. ) ;
#1814 = CIRCLE ( 'NONE', #3814, 3.000000000000000444 ) ;
#1815 = ORIENTED_EDGE ( 'NONE', *, *, #4255, .F. ) ;
#1816 = VECTOR ( 'NONE', #8643, 1000.000000000000000 ) ;
#1817 = CARTESIAN_POINT ( 'NONE',  ( -0.5000000000000065503, 0.000000000000000000, 5.237222008264767875E-15 ) ) ;
#1818 = PLANE ( 'NONE',  #516 ) ;
#1819 = DIRECTION ( 'NONE',  ( 1.000802005371235700E-14, 0.000000000000000000, 1.000000000000000000 ) ) ;
#1820 = LINE ( 'NONE', #7250, #3917 ) ;
#1821 = ADVANCED_FACE ( 'NONE', ( #2204 ), #2915, .F. ) ;
#1822 = PRESENTATION_LAYER_ASSIGNMENT (  '', '', ( #7656 ) ) ;
#1823 = VECTOR ( 'NONE', #6135, 1000.000000000000000 ) ;
#1824 = VECTOR ( 'NONE', #3343, 1000.000000000000000 ) ;
#1825 = VERTEX_POINT ( 'NONE', #2960 ) ;
#1826 = EDGE_CURVE ( 'NONE', #7125, #7852, #6064, .T. ) ;
#1827 = EDGE_LOOP ( 'NONE', ( #3050, #6262, #3748, #2857, #7827, #4815 ) ) ;
#1828 = ORIENTED_EDGE ( 'NONE', *, *, #7659, .T. ) ;
#1829 = ADVANCED_FACE ( 'NONE', ( #3005 ), #1000, .T. ) ;
#1830 = DIRECTION ( 'NONE',  ( -1.141265444721583757E-16, -1.000000000000000000, 1.195412100873575815E-30 ) ) ;
#1831 = VECTOR ( 'NONE', #4486, 1000.000000000000000 ) ;
#1832 = VECTOR ( 'NONE', #6208, 1000.000000000000000 ) ;
#1833 = VECTOR ( 'NONE', #2980, 1000.000000000000000 ) ;
#1834 = CARTESIAN_POINT ( 'NONE',  ( 10.99999999999993783, 1.599999999999997646, -5.800000000000117062 ) ) ;
#1835 = LINE ( 'NONE', #6582, #3219 ) ;
#1836 = CARTESIAN_POINT ( 'NONE',  ( 11.90000000000004121, -1.399999999999999245, 3.999999999999875211 ) ) ;
#1837 = EDGE_CURVE ( 'NONE', #1974, #5064, #8290, .T. ) ;
#1838 = DIRECTION ( 'NONE',  ( 1.155864618901490608E-14, 0.000000000000000000, 1.000000000000000000 ) ) ;
#1839 = ORIENTED_EDGE ( 'NONE', *, *, #8427, .F. ) ;
#1840 = VERTEX_POINT ( 'NONE', #4992 ) ;
#1841 = AXIS2_PLACEMENT_3D ( 'NONE', #1502, #74, #5494 ) ;
#1842 = EDGE_LOOP ( 'NONE', ( #7956, #4139, #2955, #2845, #2464, #5454, #1113 ) ) ;
#1843 = ORIENTED_EDGE ( 'NONE', *, *, #939, .T. ) ;
#1844 = CARTESIAN_POINT ( 'NONE',  ( 12.24999999999995381, 2.380000000000000782, -4.500000000000127010 ) ) ;
#1845 = CARTESIAN_POINT ( 'NONE',  ( 12.49999999999993960, -0.2500000000000000000, -5.800000000000129496 ) ) ;
#1846 = VECTOR ( 'NONE', #5999, 1000.000000000000000 ) ;
#1847 = DIRECTION ( 'NONE',  ( 1.040834085586084257E-14, 0.000000000000000000, 1.000000000000000000 ) ) ;
#1848 = EDGE_CURVE ( 'NONE', #4113, #4833, #5715, .T. ) ;
#1849 = LINE ( 'NONE', #5132, #2501 ) ;
#1850 = DIRECTION ( 'NONE',  ( -1.000000000000000000, 0.000000000000000000, 1.047444401652940007E-14 ) ) ;
#1851 = VERTEX_POINT ( 'NONE', #8424 ) ;
#1852 = ADVANCED_FACE ( 'NONE', ( #4242 ), #246, .T. ) ;
#1853 = ORIENTED_EDGE ( 'NONE', *, *, #2765, .F. ) ;
#1854 = ORIENTED_EDGE ( 'NONE', *, *, #3428, .T. ) ;
#1855 = VECTOR ( 'NONE', #2426, 1000.000000000000000 ) ;
#1856 = ADVANCED_FACE ( 'NONE', ( #8381, #7707 ), #2303, .T. ) ;
#1857 = PLANE ( 'NONE',  #987 ) ;
#1858 = DIRECTION ( 'NONE',  ( -5.575896887068300516E-15, -1.000000000000000000, 5.840441978553746280E-29 ) ) ;
#1859 = CARTESIAN_POINT ( 'NONE',  ( 2.249999999999935607, -0.3300000000000048450, -6.000000000000023981 ) ) ;
#1860 = DIRECTION ( 'NONE',  ( 1.000000000000000000, -5.575896887068300516E-15, -1.047444401652940007E-14 ) ) ;
#1861 = FACE_OUTER_BOUND ( 'NONE', #6757, .T. ) ;
#1862 = ORIENTED_EDGE ( 'NONE', *, *, #8007, .T. ) ;
#1863 = EDGE_LOOP ( 'NONE', ( #2954, #450, #2184, #4172 ) ) ;
#1864 = CARTESIAN_POINT ( 'NONE',  ( 1.650000000000063416, 1.570000000000001394, 5.999999999999983125 ) ) ;
#1865 = DIRECTION ( 'NONE',  ( 0.7071067811865437980, -0.7071067811865513475, -7.406550393246756982E-15 ) ) ;
#1866 = CARTESIAN_POINT ( 'NONE',  ( 3.100000000000046274, 1.400000000000000355, 4.399999999999970157 ) ) ;
#1867 = FACE_OUTER_BOUND ( 'NONE', #2389, .T. ) ;
#1868 = EDGE_CURVE ( 'NONE', #5072, #1211, #2874, .T. ) ;
#1869 = ORIENTED_EDGE ( 'NONE', *, *, #7500, .F. ) ;
#1870 = ORIENTED_EDGE ( 'NONE', *, *, #8689, .F. ) ;
#1871 = VERTEX_POINT ( 'NONE', #1656 ) ;
#1872 = VERTEX_POINT ( 'NONE', #5578 ) ;
#1873 = CARTESIAN_POINT ( 'NONE',  ( 8.084999999999846310, 2.260000000000000675, -14.75411377792229217 ) ) ;
#1874 = DIRECTION ( 'NONE',  ( -1.047444401652940007E-14, -0.000000000000000000, -1.000000000000000000 ) ) ;
#1875 = CARTESIAN_POINT ( 'NONE',  ( 8.945230123270844658, 2.260000000000000675, 0.4999999999999067413 ) ) ;
#1876 = CARTESIAN_POINT ( 'NONE',  ( 3.875000000000041744, 2.260000000000000675, 3.999999999999959144 ) ) ;
#1877 = CARTESIAN_POINT ( 'NONE',  ( 11.99999999999995026, -0.2500000000000003331, -4.850000000000124878 ) ) ;
#1878 = ORIENTED_EDGE ( 'NONE', *, *, #7487, .T. ) ;
#1879 = VERTEX_POINT ( 'NONE', #869 ) ;
#1880 = ADVANCED_FACE ( 'NONE', ( #2253 ), #3578, .F. ) ;
#1881 = VERTEX_POINT ( 'NONE', #7666 ) ;
#1882 = EDGE_CURVE ( 'NONE', #7939, #7355, #2259, .T. ) ;
#1883 = DIRECTION ( 'NONE',  ( -1.047444401652940007E-14, -2.032879073410320074E-16, -1.000000000000000000 ) ) ;
#1884 = CARTESIAN_POINT ( 'NONE',  ( 11.99999999999994493, 2.300000000000000711, -5.250000000000123457 ) ) ;
#1885 = DIRECTION ( 'NONE',  ( -7.406550393246791692E-15, -0.7071067811865481278, -0.7071067811865470176 ) ) ;
#1886 = DIRECTION ( 'NONE',  ( 1.047444401652940007E-14, 1.008560160451632221E-16, 1.000000000000000000 ) ) ;
#1887 = LINE ( 'NONE', #1927, #1658 ) ;
#1888 = CARTESIAN_POINT ( 'NONE',  ( 1.049999999999964961, 1.450000000000000844, -3.200000000000012168 ) ) ;
#1889 = ORIENTED_EDGE ( 'NONE', *, *, #1343, .T. ) ;
#1890 = ORIENTED_EDGE ( 'NONE', *, *, #2866, .T. ) ;
#1891 = EDGE_LOOP ( 'NONE', ( #8042, #6540, #1547, #7686 ) ) ;
#1892 = ADVANCED_FACE ( 'NONE', ( #3619 ), #6328, .T. ) ;
#1893 = LINE ( 'NONE', #8079, #7085 ) ;
#1894 = CARTESIAN_POINT ( 'NONE',  ( -0.6165090848399847889, 2.904814840370913309, -0.7776010122083353293 ) ) ;
#1895 = FACE_OUTER_BOUND ( 'NONE', #7431, .T. ) ;
#1896 = LINE ( 'NONE', #3367, #288 ) ;
#1897 = DIRECTION ( 'NONE',  ( -1.000000000000000000, 0.000000000000000000, 1.047444401652940007E-14 ) ) ;
#1898 = ORIENTED_EDGE ( 'NONE', *, *, #637, .F. ) ;
#1899 = CARTESIAN_POINT ( 'NONE',  ( 2.249999999999973355, 1.450000000000000844, -2.200000000000024158 ) ) ;
#1900 = LINE ( 'NONE', #6088, #5814 ) ;
#1901 = DIRECTION ( 'NONE',  ( 0.000000000000000000, 1.000000000000000000, 0.000000000000000000 ) ) ;
#1902 = DIRECTION ( 'NONE',  ( -1.047444401652940007E-14, 0.000000000000000000, -1.000000000000000000 ) ) ;
#1903 = CARTESIAN_POINT ( 'NONE',  ( 11.94042104365668955, 2.260000000000000675, -5.390421043656871802 ) ) ;
#1904 = CYLINDRICAL_SURFACE ( 'NONE', #3519, 0.07999999999999998779 ) ;
#1905 = ORIENTED_EDGE ( 'NONE', *, *, #232, .F. ) ;
#1906 = ORIENTED_EDGE ( 'NONE', *, *, #6417, .F. ) ;
#1907 = EDGE_CURVE ( 'NONE', #8606, #4392, #4371, .T. ) ;
#1908 = DIRECTION ( 'NONE',  ( 1.000000000000000000, 0.000000000000000000, -9.854899917966253548E-15 ) ) ;
#1909 = ORIENTED_EDGE ( 'NONE', *, *, #7487, .F. ) ;
#1910 = ORIENTED_EDGE ( 'NONE', *, *, #7372, .F. ) ;
#1911 = CARTESIAN_POINT ( 'NONE',  ( -2.799999999999974065, 0.000000000000000000, 2.500000000000029754 ) ) ;
#1912 = DIRECTION ( 'NONE',  ( 1.242600792700330805E-14, 0.000000000000000000, 1.000000000000000000 ) ) ;
#1913 = EDGE_CURVE ( 'NONE', #8645, #8117, #8460, .T. ) ;
#1914 = PLANE ( 'NONE',  #7481 ) ;
#1915 = CARTESIAN_POINT ( 'NONE',  ( -2.600000000000019185, 2.326828918379972844E-16, -1.899999999999973266 ) ) ;
#1916 = CARTESIAN_POINT ( 'NONE',  ( 5.027733127934111401E-14, -2.049999999999999822, 4.799999999999999822 ) ) ;
#1917 = CARTESIAN_POINT ( 'NONE',  ( 11.99999999999993960, -0.2500000000000000000, -5.800000000000126832 ) ) ;
#1918 = ORIENTED_EDGE ( 'NONE', *, *, #644, .F. ) ;
#1919 = ORIENTED_EDGE ( 'NONE', *, *, #4901, .F. ) ;
#1920 = VECTOR ( 'NONE', #3280, 1000.000000000000000 ) ;
#1921 = ORIENTED_EDGE ( 'NONE', *, *, #2410, .F. ) ;
#1922 = FACE_OUTER_BOUND ( 'NONE', #8285, .T. ) ;
#1923 = CARTESIAN_POINT ( 'NONE',  ( 3.975000000000060929, -0.1900000000000010292, 5.799999999999958966 ) ) ;
#1924 = CIRCLE ( 'NONE', #5909, 0.05957895634325308803 ) ;
#1925 = DIRECTION ( 'NONE',  ( 1.048062100069320848E-14, 0.000000000000000000, 1.000000000000000000 ) ) ;
#1926 = LINE ( 'NONE', #4643, #5234 ) ;
#1927 = CARTESIAN_POINT ( 'NONE',  ( 11.09999999999993925, -0.2499999999999989175, -5.800000000000117950 ) ) ;
#1928 = EDGE_CURVE ( 'NONE', #6708, #205, #4416, .T. ) ;
#1929 = CARTESIAN_POINT ( 'NONE',  ( -0.8499999999999977573, 2.260000000000000675, 0.2500000000000095479 ) ) ;
#1930 = ORIENTED_EDGE ( 'NONE', *, *, #973, .F. ) ;
#1931 = VERTEX_POINT ( 'NONE', #7326 ) ;
#1932 = VERTEX_POINT ( 'NONE', #2416 ) ;
#1933 = AXIS2_PLACEMENT_3D ( 'NONE', #6534, #7864, #6420 ) ;
#1934 = CIRCLE ( 'NONE', #1228, 0.1000000000000002554 ) ;
#1935 = EDGE_CURVE ( 'NONE', #2593, #7939, #8580, .T. ) ;
#1936 = FILL_AREA_STYLE_COLOUR ( '', #4108 ) ;
#1937 = DIRECTION ( 'NONE',  ( 1.047444401652940007E-14, 2.032879073410320321E-16, 1.000000000000000000 ) ) ;
#1938 = ADVANCED_FACE ( 'NONE', ( #3782 ), #3873, .T. ) ;
#1939 = CARTESIAN_POINT ( 'NONE',  ( 9.249999999999959144, 2.510000000000001119, -4.700000000000096989 ) ) ;
#1940 = AXIS2_PLACEMENT_3D ( 'NONE', #3463, #894, #5698 ) ;
#1941 = ADVANCED_FACE ( 'NONE', ( #6535 ), #490, .F. ) ;
#1942 = CARTESIAN_POINT ( 'NONE',  ( 6.479999999999948024, -2.050000000000001155, -4.850000000000067146 ) ) ;
#1943 = VECTOR ( 'NONE', #1393, 1000.000000000000000 ) ;
#1944 = AXIS2_PLACEMENT_3D ( 'NONE', #727, #6898, #8245 ) ;
#1945 = CARTESIAN_POINT ( 'NONE',  ( 10.99999999999993605, 1.599999999999997646, -6.000000000000116351 ) ) ;
#1946 = ORIENTED_EDGE ( 'NONE', *, *, #3597, .F. ) ;
#1947 = EDGE_CURVE ( 'NONE', #214, #1974, #7162, .T. ) ;
#1948 = VECTOR ( 'NONE', #3569, 1000.000000000000000 ) ;
#1949 = DIRECTION ( 'NONE',  ( -1.000000000000000000, 0.000000000000000000, 8.673617379884013384E-15 ) ) ;
#1950 = CARTESIAN_POINT ( 'NONE',  ( 2.699999999999976197, 1.399999999999999467, -2.100000000000028955 ) ) ;
#1951 = CARTESIAN_POINT ( 'NONE',  ( 11.90000000000006075, -1.399999999999999245, 5.999999999999875655 ) ) ;
#1952 = DIRECTION ( 'NONE',  ( -1.000000000000000000, 0.000000000000000000, 8.673617379884051249E-15 ) ) ;
#1953 = CARTESIAN_POINT ( 'NONE',  ( 5.280000000000057092, -0.04000000000000003553, 5.799999999999944755 ) ) ;
#1954 = DIRECTION ( 'NONE',  ( -1.000000000000000000, 0.000000000000000000, 1.084202172485506327E-14 ) ) ;
#1955 = VERTEX_POINT ( 'NONE', #7990 ) ;
#1956 = VECTOR ( 'NONE', #5028, 1000.000000000000000 ) ;
#1957 = CIRCLE ( 'NONE', #7787, 0.05957895634325395540 ) ;
#1959 = ORIENTED_EDGE ( 'NONE', *, *, #5247, .T. ) ;
#1958 = ADVANCED_FACE ( 'NONE', ( #2493 ), #5188, .F. ) ;
#1960 = DIRECTION ( 'NONE',  ( 0.000000000000000000, 1.000000000000000000, 0.000000000000000000 ) ) ;
#1961 = ORIENTED_EDGE ( 'NONE', *, *, #4894, .T. ) ;
#1962 = AXIS2_PLACEMENT_3D ( 'NONE', #234, #7180, #2947 ) ;
#1963 = ORIENTED_EDGE ( 'NONE', *, *, #3223, .F. ) ;
#1964 = LINE ( 'NONE', #2049, #2774 ) ;
#1965 = FACE_OUTER_BOUND ( 'NONE', #3927, .T. ) ;
#1966 = PLANE ( 'NONE',  #5785 ) ;
#1967 = CARTESIAN_POINT ( 'NONE',  ( 2.344999999999934470, -0.2499999999999996669, -5.800000000000024691 ) ) ;
#1968 = PRESENTATION_LAYER_ASSIGNMENT (  '', '', ( #5092 ) ) ;
#1969 = VECTOR ( 'NONE', #8161, 1000.000000000000000 ) ;
#1970 = VECTOR ( 'NONE', #1594, 1000.000000000000000 ) ;
#1971 = DIRECTION ( 'NONE',  ( -1.419551869787370853E-30, 1.000000000000000000, -1.355252715606880296E-16 ) ) ;
#1972 = CARTESIAN_POINT ( 'NONE',  ( 9.400000000000066080, -0.2499999999999989175, 6.399999999999901767 ) ) ;
#1973 = ORIENTED_EDGE ( 'NONE', *, *, #6350, .F. ) ;
#1974 = VERTEX_POINT ( 'NONE', #537 ) ;
#1975 = AXIS2_PLACEMENT_3D ( 'NONE', #1817, #7203, #1773 ) ;
#1976 = COLOUR_RGB ( '',0.9686274509803921573, 0.8784313725490195957, 0.5999999999999999778 ) ;
#1977 = VECTOR ( 'NONE', #5166, 1000.000000000000000 ) ;
#1979 = ORIENTED_EDGE ( 'NONE', *, *, #2490, .F. ) ;
#1978 = VECTOR ( 'NONE', #108, 1000.000000000000000 ) ;
#1980 = CYLINDRICAL_SURFACE ( 'NONE', #3676, 0.08000000000000020983 ) ;
#1981 = DIRECTION ( 'NONE',  ( 1.000000000000000000, 0.000000000000000000, -1.047444401652940007E-14 ) ) ;
#1982 = CARTESIAN_POINT ( 'NONE',  ( 6.479999999999951577, -2.300000000000000266, -4.500000000000068390 ) ) ;
#1983 = DIRECTION ( 'NONE',  ( -1.000000000000000000, 0.000000000000000000, 1.047444401652940007E-14 ) ) ;
#1984 = VECTOR ( 'NONE', #6477, 1000.000000000000000 ) ;
#1985 = CARTESIAN_POINT ( 'NONE',  ( 9.249999999999950262, -3.000000000000000444, -5.450000000000098765 ) ) ;
#1986 = DIRECTION ( 'NONE',  ( -1.047444401652940007E-14, 0.000000000000000000, -1.000000000000000000 ) ) ;
#1987 = ORIENTED_EDGE ( 'NONE', *, *, #902, .F. ) ;
#1988 = EDGE_LOOP ( 'NONE', ( #34, #8241, #6864, #8555, #5235, #5913, #8629, #2583, #1716, #7851, #2427, #7291 ) ) ;
#1989 = ORIENTED_EDGE ( 'NONE', *, *, #1230, .T. ) ;
#1990 = EDGE_CURVE ( 'NONE', #3939, #3722, #7910, .T. ) ;
#1991 = DIRECTION ( 'NONE',  ( 0.000000000000000000, 1.000000000000000000, 0.000000000000000000 ) ) ;
#1992 = CARTESIAN_POINT ( 'NONE',  ( 5.679999999999940208, -1.600703055139993669, -5.800000000000060218 ) ) ;
#1993 = CARTESIAN_POINT ( 'NONE',  ( 8.600000000000060041, -1.399999999999999467, 5.799999999999910116 ) ) ;
#1994 = CARTESIAN_POINT ( 'NONE',  ( 2.249999999999937828, -0.3300000000000048450, -5.800000000000023803 ) ) ;
#1995 = LINE ( 'NONE', #7410, #2380 ) ;
#1996 = VECTOR ( 'NONE', #6664, 1000.000000000000000 ) ;
#1997 = ORIENTED_EDGE ( 'NONE', *, *, #3719, .T. ) ;
#1998 = ADVANCED_FACE ( 'NONE', ( #3122 ), #1071, .T. ) ;
#1999 = PLANE ( 'NONE',  #5534 ) ;
#2000 = ADVANCED_FACE ( 'NONE', ( #3075 ), #5910, .F. ) ;
#2001 = EDGE_CURVE ( 'NONE', #3818, #5016, #2452, .T. ) ;
#2002 = DIRECTION ( 'NONE',  ( 1.000000000000000000, 0.000000000000000000, -1.047444401652940007E-14 ) ) ;
#2003 = DIRECTION ( 'NONE',  ( 0.000000000000000000, 1.000000000000000000, 0.000000000000000000 ) ) ;
#2004 = LINE ( 'NONE', #716, #1846 ) ;
#2005 = DIRECTION ( 'NONE',  ( 0.000000000000000000, 1.000000000000000000, 0.000000000000000000 ) ) ;
#2006 = LINE ( 'NONE', #667, #1383 ) ;
#2007 = VERTEX_POINT ( 'NONE', #7865 ) ;
#2008 = LINE ( 'NONE', #4049, #1344 ) ;
#2009 = ORIENTED_EDGE ( 'NONE', *, *, #3574, .F. ) ;
#2010 = EDGE_LOOP ( 'NONE', ( #6849, #6570, #3878, #7925 ) ) ;
#2011 = LINE ( 'NONE', #7080, #1663 ) ;
#2012 = EDGE_CURVE ( 'NONE', #5685, #2979, #8627, .T. ) ;
#2013 = DIRECTION ( 'NONE',  ( -1.000000000000000000, 0.000000000000000000, 1.156482317317869556E-14 ) ) ;
#2014 = DIRECTION ( 'NONE',  ( -1.000000000000000000, 0.000000000000000000, 1.047444401652940007E-14 ) ) ;
#2015 = DIRECTION ( 'NONE',  ( 1.048062100069320848E-14, 0.000000000000000000, 1.000000000000000000 ) ) ;
#2016 = EDGE_CURVE ( 'NONE', #3412, #7620, #454, .T. ) ;
#2017 = FACE_OUTER_BOUND ( 'NONE', #723, .T. ) ;
#2018 = CARTESIAN_POINT ( 'NONE',  ( 2.345000000000058371, -0.1700000000000047862, 5.999999999999976019 ) ) ;
#2019 = ORIENTED_EDGE ( 'NONE', *, *, #2906, .F. ) ;
#2020 = ORIENTED_EDGE ( 'NONE', *, *, #2062, .F. ) ;
#2021 = VERTEX_POINT ( 'NONE', #5282 ) ;
#2022 = DIRECTION ( 'NONE',  ( 1.047444401652940007E-14, 0.000000000000000000, 1.000000000000000000 ) ) ;
#2023 = FACE_OUTER_BOUND ( 'NONE', #8441, .T. ) ;
#2024 = CARTESIAN_POINT ( 'NONE',  ( 2.474999999999939693, 1.399999999999999245, -5.800000000000025580 ) ) ;
#2025 = CARTESIAN_POINT ( 'NONE',  ( 6.730000000000069704, 2.510000000000001119, 6.749999999999931610 ) ) ;
#2026 = DIRECTION ( 'NONE',  ( 0.000000000000000000, -1.000000000000000000, 0.000000000000000000 ) ) ;
#2027 = VERTEX_POINT ( 'NONE', #3245 ) ;
#2028 = ORIENTED_EDGE ( 'NONE', *, *, #583, .F. ) ;
#2029 = ORIENTED_EDGE ( 'NONE', *, *, #5325, .T. ) ;
#2030 = EDGE_CURVE ( 'NONE', #576, #2475, #1118, .T. ) ;
#2031 = EDGE_CURVE ( 'NONE', #1851, #2027, #2543, .T. ) ;
#2032 = SURFACE_STYLE_FILL_AREA ( #6977 ) ;
#2033 = CARTESIAN_POINT ( 'NONE',  ( 6.279999999999947846, 2.299999999999998490, -4.700000000000065903 ) ) ;
#2034 = DIRECTION ( 'NONE',  ( 0.000000000000000000, -1.000000000000000000, 0.000000000000000000 ) ) ;
#2035 = CARTESIAN_POINT ( 'NONE',  ( 1.049999999999935207, 1.450000000000000844, -6.000000000000011546 ) ) ;
#2036 = LINE ( 'NONE', #8166, #7331 ) ;
#2037 = VERTEX_POINT ( 'NONE', #7953 ) ;
#2038 = PLANE ( 'NONE',  #5953 ) ;
#2039 = DIRECTION ( 'NONE',  ( 1.047444401652940007E-14, 0.000000000000000000, 1.000000000000000000 ) ) ;
#2040 = DIRECTION ( 'NONE',  ( 1.000000000000000000, 0.000000000000000000, -1.024947202821298640E-14 ) ) ;
#2041 = DIRECTION ( 'NONE',  ( 1.000000000000000000, -0.000000000000000000, -1.047444401652940007E-14 ) ) ;
#2042 = DIRECTION ( 'NONE',  ( 1.084202172485501594E-14, 0.000000000000000000, 1.000000000000000000 ) ) ;
#2043 = CARTESIAN_POINT ( 'NONE',  ( -6.703644170578817304E-14, 2.259999999999998899, -6.400000000000001243 ) ) ;
#2044 = ADVANCED_FACE ( 'NONE', ( #7286 ), #3161, .T. ) ;
#2045 = VERTEX_POINT ( 'NONE', #5870 ) ;
#2046 = CARTESIAN_POINT ( 'NONE',  ( 0.4999999999999798495, 2.299999999999999378, -1.926136028425828428 ) ) ;
#2047 = ORIENTED_EDGE ( 'NONE', *, *, #3705, .T. ) ;
#2048 = ORIENTED_EDGE ( 'NONE', *, *, #4686, .F. ) ;
#2049 = CARTESIAN_POINT ( 'NONE',  ( 5.400000000000060751, -0.2899999999999994249, 5.799999999999943867 ) ) ;
#2050 = DIRECTION ( 'NONE',  ( -1.419551869787370853E-30, 1.000000000000000000, -1.355252715606880296E-16 ) ) ;
#2051 = DIRECTION ( 'NONE',  ( -1.066300091609209642E-14, 0.000000000000000000, -1.000000000000000000 ) ) ;
#2052 = CARTESIAN_POINT ( 'NONE',  ( 2.699999999999939782, 2.260000000000000675, -5.640421043656777655 ) ) ;
#2053 = VECTOR ( 'NONE', #4314, 1000.000000000000000 ) ;
#2054 = AXIS2_PLACEMENT_3D ( 'NONE', #326, #3028, #1026 ) ;
#2055 = DIRECTION ( 'NONE',  ( -1.047444401652940007E-14, -1.355252715606880543E-16, -1.000000000000000000 ) ) ;
#2056 = DIRECTION ( 'NONE',  ( 1.047444401652940007E-14, 0.000000000000000000, 1.000000000000000000 ) ) ;
#2057 = ADVANCED_FACE ( 'NONE', ( #5375 ), #5420, .F. ) ;
#2058 = ORIENTED_EDGE ( 'NONE', *, *, #6137, .T. ) ;
#2059 = ORIENTED_EDGE ( 'NONE', *, *, #4820, .F. ) ;
#2061 = EDGE_CURVE ( 'NONE', #4852, #5697, #6705, .T. ) ;
#2060 = VERTEX_POINT ( 'NONE', #4005 ) ;
#2062 = EDGE_CURVE ( 'NONE', #8540, #129, #6976, .T. ) ;
#2063 = LINE ( 'NONE', #1450, #3789 ) ;
#2064 = FACE_BOUND ( 'NONE', #7806, .T. ) ;
#2065 = SURFACE_STYLE_USAGE ( .BOTH. , #2741 ) ;
#2066 = LINE ( 'NONE', #3448, #4802 ) ;
#2067 = LINE ( 'NONE', #642, #4353 ) ;
#2068 = CARTESIAN_POINT ( 'NONE',  ( 0.8500000000000459410, 1.400000000000000355, 4.399999999999993250 ) ) ;
#2069 = CARTESIAN_POINT ( 'NONE',  ( 8.945230123270777156, -0.03999999999999837019, -6.050000000000093081 ) ) ;
#2070 = ORIENTED_EDGE ( 'NONE', *, *, #3319, .F. ) ;
#2071 = AXIS2_PLACEMENT_3D ( 'NONE', #38, #2034, #6217 ) ;
#2072 = EDGE_LOOP ( 'NONE', ( #7150, #8761, #1806, #4537 ) ) ;
#2073 = ORIENTED_EDGE ( 'NONE', *, *, #1034, .T. ) ;
#2074 = AXIS2_PLACEMENT_3D ( 'NONE', #8174, #7653, #5611 ) ;
#2075 = AXIS2_PLACEMENT_3D ( 'NONE', #6824, #7492, #8112 ) ;
#2076 = DIRECTION ( 'NONE',  ( -1.047444401652940007E-14, -0.000000000000000000, -1.000000000000000000 ) ) ;
#2077 = DIRECTION ( 'NONE',  ( 1.000000000000000000, 0.000000000000000000, -8.673617379884051249E-15 ) ) ;
#2078 = CARTESIAN_POINT ( 'NONE',  ( 3.050000000000043343, 1.650000000000000799, 4.149999999999971045 ) ) ;
#2079 = CARTESIAN_POINT ( 'NONE',  ( 0.8000000000000418998, 2.260000000000000675, 3.999999999999991562 ) ) ;
#2080 = VERTEX_POINT ( 'NONE', #580 ) ;
#2081 = CARTESIAN_POINT ( 'NONE',  ( 8.945230123270837552, 2.260000000000000675, -0.5000000000000941469 ) ) ;
#2082 = VECTOR ( 'NONE', #7700, 1000.000000000000000 ) ;
#2083 = ORIENTED_EDGE ( 'NONE', *, *, #1147, .F. ) ;
#2084 = VECTOR ( 'NONE', #3575, 1000.000000000000000 ) ;
#2085 = CARTESIAN_POINT ( 'NONE',  ( 2.425000000000057998, -0.1700000000000047862, 5.999999999999975131 ) ) ;
#2086 = LINE ( 'NONE', #5418, #4532 ) ;
#2087 = CARTESIAN_POINT ( 'NONE',  ( 11.94042104365668955, 2.300000000000000711, -5.390421043656871802 ) ) ;
#2088 = AXIS2_PLACEMENT_3D ( 'NONE', #3744, #361, #3067 ) ;
#2089 = VECTOR ( 'NONE', #7604, 1000.000000000000000 ) ;
#2090 = CARTESIAN_POINT ( 'NONE',  ( 6.279999999999938076, -1.600703055139993669, -5.800000000000066436 ) ) ;
#2091 = DIRECTION ( 'NONE',  ( -1.047444401652940007E-14, 0.000000000000000000, -1.000000000000000000 ) ) ;
#2092 = AXIS2_PLACEMENT_3D ( 'NONE', #254, #7042, #958 ) ;
#2093 = CARTESIAN_POINT ( 'NONE',  ( 11.90000000000006075, -1.560703055139993412, 5.999999999999875655 ) ) ;
#2094 = ORIENTED_EDGE ( 'NONE', *, *, #7969, .T. ) ;
#2095 = CIRCLE ( 'NONE', #6218, 0.1000000000000011297 ) ;
#2096 = CARTESIAN_POINT ( 'NONE',  ( 0.6000000000000125233, 3.299999999999999822, 1.199999999999993072 ) ) ;
#2097 = ORIENTED_EDGE ( 'NONE', *, *, #1184, .T. ) ;
#2098 = VECTOR ( 'NONE', #6812, 1000.000000000000000 ) ;
#2099 = CIRCLE ( 'NONE', #1804, 0.1000000000000002554 ) ;
#2100 = VERTEX_POINT ( 'NONE', #4750 ) ;
#2101 = DIRECTION ( 'NONE',  ( 0.000000000000000000, 1.000000000000000000, 0.000000000000000000 ) ) ;
#2102 = FACE_OUTER_BOUND ( 'NONE', #5830, .T. ) ;
#2103 = EDGE_CURVE ( 'NONE', #3307, #3049, #6, .T. ) ;
#2104 = CARTESIAN_POINT ( 'NONE',  ( 1.249999999999966027, 1.450000000000000844, -3.000000000000013767 ) ) ;
#2105 = DIRECTION ( 'NONE',  ( 1.000000000000000000, 0.000000000000000000, -1.047444401652940007E-14 ) ) ;
#2106 = FACE_OUTER_BOUND ( 'NONE', #3370, .T. ) ;
#2107 = CARTESIAN_POINT ( 'NONE',  ( 7.714999999999956337, 0.8749999999999968914, -4.850000000000080469 ) ) ;
#2108 = VECTOR ( 'NONE', #5216, 1000.000000000000000 ) ;
#2109 = ORIENTED_EDGE ( 'NONE', *, *, #7862, .F. ) ;
#2110 = AXIS2_PLACEMENT_3D ( 'NONE', #7397, #7883, #6515 ) ;
#2111 = ORIENTED_EDGE ( 'NONE', *, *, #6263, .T. ) ;
#2112 = ADVANCED_FACE ( 'NONE', ( #616 ), #2810, .T. ) ;
#2113 = EDGE_CURVE ( 'NONE', #8210, #5326, #6845, .T. ) ;
#2114 = ORIENTED_EDGE ( 'NONE', *, *, #1215, .T. ) ;
#2115 = VECTOR ( 'NONE', #5746, 1000.000000000000000 ) ;
#2116 = VECTOR ( 'NONE', #1507, 1000.000000000000000 ) ;
#2117 = CARTESIAN_POINT ( 'NONE',  ( 5.480000000000063487, -0.2899999999999993139, 6.049999999999942979 ) ) ;
#2118 = VECTOR ( 'NONE', #1630, 1000.000000000000000 ) ;
#2119 = ADVANCED_FACE ( 'NONE', ( #3470 ), #3374, .T. ) ;
#2120 = LINE ( 'NONE', #4728, #5347 ) ;
#2121 = EDGE_CURVE ( 'NONE', #4171, #7938, #2004, .T. ) ;
#2122 = DIRECTION ( 'NONE',  ( -1.000000000000000000, 0.000000000000000000, 1.047444401652940007E-14 ) ) ;
#2123 = DIRECTION ( 'NONE',  ( 1.334402673828314266E-14, 0.000000000000000000, 1.000000000000000000 ) ) ;
#2124 = DIRECTION ( 'NONE',  ( -1.000000000000000000, 0.000000000000000000, 1.084202172485504592E-14 ) ) ;
#2125 = CARTESIAN_POINT ( 'NONE',  ( 2.549999999999962963, 1.450000000000000844, -3.100000000000028066 ) ) ;
#2126 = EDGE_LOOP ( 'NONE', ( #1640, #906, #8564, #2272 ) ) ;
#2127 = LINE ( 'NONE', #1458, #2562 ) ;
#2128 = ORIENTED_EDGE ( 'NONE', *, *, #3650, .T. ) ;
#2129 =( GEOMETRIC_REPRESENTATION_CONTEXT ( 3 ) GLOBAL_UNCERTAINTY_ASSIGNED_CONTEXT ( ( #2853 ) ) GLOBAL_UNIT_ASSIGNED_CONTEXT ( ( #39, #4135, #2854 ) ) REPRESENTATION_CONTEXT ( 'NONE', 'WORKASPACE' ) );
#2130 = AXIS2_PLACEMENT_3D ( 'NONE', #8600, #1885, #560 ) ;
#2131 = VECTOR ( 'NONE', #3031, 1000.000000000000114 ) ;
#2132 = ORIENTED_EDGE ( 'NONE', *, *, #5756, .F. ) ;
#2133 = EDGE_LOOP ( 'NONE', ( #2059, #1587, #6905, #4512 ) ) ;
#2134 = EDGE_CURVE ( 'NONE', #8474, #7661, #4283, .T. ) ;
#2135 = AXIS2_PLACEMENT_3D ( 'NONE', #1510, #2229, #6078 ) ;
#2136 = VECTOR ( 'NONE', #7812, 1000.000000000000000 ) ;
#2137 = VECTOR ( 'NONE', #6978, 1000.000000000000000 ) ;
#2138 = FILL_AREA_STYLE_COLOUR ( '', #1129 ) ;
#2139 = LINE ( 'NONE', #4175, #6228 ) ;
#2140 = EDGE_CURVE ( 'NONE', #4624, #3813, #7563, .T. ) ;
#2141 = CARTESIAN_POINT ( 'NONE',  ( 2.425000000000057554, 1.650000000000000799, 5.999999999999975131 ) ) ;
#2142 = EDGE_CURVE ( 'NONE', #5126, #926, #758, .T. ) ;
#2143 = UNCERTAINTY_MEASURE_WITH_UNIT (LENGTH_MEASURE( 1.000000000000000082E-05 ), #4334, 'distance_accuracy_value', 'NONE');
#2144 = PLANE ( 'NONE',  #3107 ) ;
#2145 = VERTEX_POINT ( 'NONE', #4847 ) ;
#2146 = LINE ( 'NONE', #228, #2514 ) ;
#2147 = ORIENTED_EDGE ( 'NONE', *, *, #6728, .T. ) ;
#2148 = EDGE_CURVE ( 'NONE', #8703, #2314, #1432, .T. ) ;
#2149 = DIRECTION ( 'NONE',  ( -1.057475489313306365E-14, 0.000000000000000000, -1.000000000000000000 ) ) ;
#2150 = DIRECTION ( 'NONE',  ( -4.991830750900646933E-31, -1.000000000000000000, -4.765723835101119949E-17 ) ) ;
#2151 = CARTESIAN_POINT ( 'NONE',  ( 8.600000000000060041, -0.2499999999999989175, 5.799999999999910116 ) ) ;
#2152 = CARTESIAN_POINT ( 'NONE',  ( 2.800000000000045564, 1.450000000000000844, 4.349999999999972999 ) ) ;
#2153 = LINE ( 'NONE', #236, #4773 ) ;
#2154 = AXIS2_PLACEMENT_3D ( 'NONE', #8349, #72, #7630 ) ;
#2155 = LINE ( 'NONE', #152, #8489 ) ;
#2156 = ORIENTED_EDGE ( 'NONE', *, *, #1088, .T. ) ;
#2157 = EDGE_LOOP ( 'NONE', ( #3747, #8327, #7805, #1086 ) ) ;
#2158 = ORIENTED_EDGE ( 'NONE', *, *, #8134, .F. ) ;
#2159 = ORIENTED_EDGE ( 'NONE', *, *, #4064, .T. ) ;
#2160 = DIRECTION ( 'NONE',  ( -1.047444401652940007E-14, 0.000000000000000000, -1.000000000000000000 ) ) ;
#2161 = MECHANICAL_DESIGN_GEOMETRIC_PRESENTATION_REPRESENTATION (  '', ( #3995 ), #4138 ) ;
#2162 = CARTESIAN_POINT ( 'NONE',  ( 6.703644170578816042E-14, -0.2499999999999985012, 6.400000000000000355 ) ) ;
#2163 = DIRECTION ( 'NONE',  ( 7.406550393246783804E-15, 0.7071067811865487940, 0.7071067811865463515 ) ) ;
#2164 = LINE ( 'NONE', #2961, #657 ) ;
#2165 = DIRECTION ( 'NONE',  ( 0.000000000000000000, -1.000000000000000000, 0.000000000000000000 ) ) ;
#2166 =( NAMED_UNIT ( * ) PLANE_ANGLE_UNIT ( ) SI_UNIT ( $, .RADIAN. ) );
#2167 = EDGE_CURVE ( 'NONE', #647, #6959, #48, .T. ) ;
#2168 = ORIENTED_EDGE ( 'NONE', *, *, #4068, .T. ) ;
#2169 = ORIENTED_EDGE ( 'NONE', *, *, #2895, .T. ) ;
#2170 = EDGE_LOOP ( 'NONE', ( #5482, #6288, #5552, #1878 ) ) ;
#2171 = LINE ( 'NONE', #7041, #3838 ) ;
#2172 = PLANE ( 'NONE',  #2958 ) ;
#2173 = CARTESIAN_POINT ( 'NONE',  ( 9.049999999999958078, -0.03999999999999880040, -4.850000000000093792 ) ) ;
#2174 = LINE ( 'NONE', #7400, #301 ) ;
#2175 = DIRECTION ( 'NONE',  ( -1.047444401652940007E-14, -0.000000000000000000, -1.000000000000000000 ) ) ;
#2176 = EDGE_CURVE ( 'NONE', #4833, #1275, #6176, .T. ) ;
#2177 = PRODUCT ( 'SJ-3506-SMT-TR', 'SJ-3506-SMT-TR', '', ( #1354 ) ) ;
#2178 = DIRECTION ( 'NONE',  ( 1.040834085586084257E-14, 0.000000000000000000, 1.000000000000000000 ) ) ;
#2179 = VERTEX_POINT ( 'NONE', #5460 ) ;
#2180 = CARTESIAN_POINT ( 'NONE',  ( 10.09999999999994635, -0.2499999999999988065, -5.800000000000107292 ) ) ;
#2181 = ORIENTED_EDGE ( 'NONE', *, *, #4759, .F. ) ;
#2183 = ORIENTED_EDGE ( 'NONE', *, *, #5749, .T. ) ;
#2182 = ADVANCED_FACE ( 'NONE', ( #8715 ), #4665, .T. ) ;
#2184 = ORIENTED_EDGE ( 'NONE', *, *, #3056, .F. ) ;
#2185 = CARTESIAN_POINT ( 'NONE',  ( 5.480000000000059046, 0.5599999999999999423, 5.799999999999942979 ) ) ;
#2186 = DIRECTION ( 'NONE',  ( -1.000000000000000000, 0.000000000000000000, 1.047444401652940007E-14 ) ) ;
#2187 = DIRECTION ( 'NONE',  ( -1.047444401652940007E-14, -2.032879073410320321E-16, -1.000000000000000000 ) ) ;
#2188 = EDGE_LOOP ( 'NONE', ( #3951, #3021, #1597, #3732, #2999, #1778, #1351, #540, #6143, #605, #468, #5160, #4160, #8097, #2439, #6946, #6523, #503, #6600, #1156, #3853, #1251, #7143, #126, #6981, #1906, #5297, #1734, #8692, #4610, #7087, #1606, #6152, #3042, #2399, #7591, #5928, #4455, #1389 ) ) ;
#2189 = CARTESIAN_POINT ( 'NONE',  ( 11.94042104365668955, 2.260000000000000675, -5.450000000000125411 ) ) ;
#2190 = ORIENTED_EDGE ( 'NONE', *, *, #6883, .T. ) ;
#2191 = DIRECTION ( 'NONE',  ( -4.910882144129293310E-30, 1.000000000000000000, -4.688441826964352187E-16 ) ) ;
#2192 = EDGE_CURVE ( 'NONE', #469, #743, #5706, .T. ) ;
#2193 = DIRECTION ( 'NONE',  ( -3.562796849662421707E-30, 1.000000000000000000, -3.401418580346680819E-16 ) ) ;
#2194 = CARTESIAN_POINT ( 'NONE',  ( 1.249999999999964251, 1.450000000000000844, -3.100000000000014300 ) ) ;
#2195 = DIRECTION ( 'NONE',  ( -1.000000000000000000, 0.000000000000000000, 1.047444401652940007E-14 ) ) ;
#2196 = FACE_OUTER_BOUND ( 'NONE', #1297, .T. ) ;
#2197 = CARTESIAN_POINT ( 'NONE',  ( 2.549999999999962963, 1.450000000000000844, -3.200000000000027267 ) ) ;
#2198 = ORIENTED_EDGE ( 'NONE', *, *, #5735, .T. ) ;
#2199 = ORIENTED_EDGE ( 'NONE', *, *, #8676, .T. ) ;
#2200 = ORIENTED_EDGE ( 'NONE', *, *, #7068, .T. ) ;
#2201 = ORIENTED_EDGE ( 'NONE', *, *, #3650, .F. ) ;
#2202 = LINE ( 'NONE', #8379, #2084 ) ;
#2203 = DIRECTION ( 'NONE',  ( 1.000000000000000000, 0.000000000000000000, -1.047444401652940007E-14 ) ) ;
#2204 = FACE_OUTER_BOUND ( 'NONE', #2133, .T. ) ;
#2205 = DIRECTION ( 'NONE',  ( 0.000000000000000000, 1.000000000000000000, 0.000000000000000000 ) ) ;
#2206 = ADVANCED_FACE ( 'NONE', ( #8757 ), #7415, .T. ) ;
#2207 = DIRECTION ( 'NONE',  ( -1.047444401652940007E-14, -0.000000000000000000, -1.000000000000000000 ) ) ;
#2208 = ORIENTED_EDGE ( 'NONE', *, *, #8570, .F. ) ;
#2209 = ORIENTED_EDGE ( 'NONE', *, *, #284, .F. ) ;
#2210 = ORIENTED_EDGE ( 'NONE', *, *, #3704, .F. ) ;
#2211 = EDGE_CURVE ( 'NONE', #475, #1590, #6889, .T. ) ;
#2212 = CARTESIAN_POINT ( 'NONE',  ( 9.299999999999947420, -1.399999999999999245, -5.800000000000098410 ) ) ;
#2213 = DIRECTION ( 'NONE',  ( -1.000000000000000000, 0.000000000000000000, 1.047444401652940007E-14 ) ) ;
#2214 = FACE_OUTER_BOUND ( 'NONE', #4191, .T. ) ;
#2215 = DIRECTION ( 'NONE',  ( 0.000000000000000000, 1.000000000000000000, 0.000000000000000000 ) ) ;
#2216 = CARTESIAN_POINT ( 'NONE',  ( 0.5999999999999870992, 3.299999999999999822, -1.200000000000006617 ) ) ;
#2217 = DIRECTION ( 'NONE',  ( -2.282530889443167515E-16, 1.000000000000000000, 2.390824201747151630E-30 ) ) ;
#2218 = ORIENTED_EDGE ( 'NONE', *, *, #3500, .F. ) ;
#2219 = LINE ( 'NONE', #3494, #7231 ) ;
#2220 = EDGE_LOOP ( 'NONE', ( #459, #3149, #8240, #6171 ) ) ;
#2221 = ORIENTED_EDGE ( 'NONE', *, *, #4749, .T. ) ;
#2222 = ORIENTED_EDGE ( 'NONE', *, *, #2142, .T. ) ;
#2223 = ADVANCED_FACE ( 'NONE', ( #6229 ), #1475, .F. ) ;
#2224 = CARTESIAN_POINT ( 'NONE',  ( 1.224999999999933475, -0.2500000000000000000, -6.400000000000013678 ) ) ;
#2225 = DIRECTION ( 'NONE',  ( -1.047444401652940007E-14, -3.401418580346680819E-16, -1.000000000000000000 ) ) ;
#2226 = AXIS2_PLACEMENT_3D ( 'NONE', #272, #5094, #4396 ) ;
#2227 = LINE ( 'NONE', #7408, #3639 ) ;
#2228 = UNCERTAINTY_MEASURE_WITH_UNIT (LENGTH_MEASURE( 1.000000000000000082E-05 ), #8390, 'distance_accuracy_value', 'NONE');
#2229 = DIRECTION ( 'NONE',  ( -1.047444401652940007E-14, -0.000000000000000000, -1.000000000000000000 ) ) ;
#2230 = EDGE_CURVE ( 'NONE', #743, #4127, #4185, .T. ) ;
#2231 = EDGE_LOOP ( 'NONE', ( #6142, #5856, #4249, #7535 ) ) ;
#2232 = CARTESIAN_POINT ( 'NONE',  ( 6.529999999999951399, 2.260000000000000675, -4.500000000000069278 ) ) ;
#2233 = ORIENTED_EDGE ( 'NONE', *, *, #6994, .F. ) ;
#2234 = EDGE_CURVE ( 'NONE', #2007, #1193, #8587, .T. ) ;
#2235 = VECTOR ( 'NONE', #6790, 1000.000000000000000 ) ;
#2236 = DIRECTION ( 'NONE',  ( 1.047444401652940007E-14, 2.168404344971010594E-16, 1.000000000000000000 ) ) ;
#2237 = CYLINDRICAL_SURFACE ( 'NONE', #6938, 0.3999999999999990785 ) ;
#2238 = ADVANCED_FACE ( 'NONE', ( #6627 ), #3844, .T. ) ;
#2239 = LINE ( 'NONE', #8172, #2089 ) ;
#2240 = EDGE_CURVE ( 'NONE', #7903, #6168, #1280, .T. ) ;
#2241 = DIRECTION ( 'NONE',  ( 1.000000000000000000, 0.000000000000000000, -1.047444401652940007E-14 ) ) ;
#2242 = CIRCLE ( 'NONE', #3654, 0.1000000000000002554 ) ;
#2243 = LINE ( 'NONE', #2950, #6927 ) ;
#2244 = EDGE_LOOP ( 'NONE', ( #539, #7550, #5624, #4400, #4013, #3191, #2111, #8224 ) ) ;
#2245 = EDGE_CURVE ( 'NONE', #8752, #4301, #4582, .T. ) ;
#2246 = ORIENTED_EDGE ( 'NONE', *, *, #445, .T. ) ;
#2247 = ORIENTED_EDGE ( 'NONE', *, *, #6875, .T. ) ;
#2248 = EDGE_LOOP ( 'NONE', ( #3192, #2594, #8506, #8586 ) ) ;
#2249 = VECTOR ( 'NONE', #6936, 1000.000000000000000 ) ;
#2250 = LINE ( 'NONE', #8422, #6203 ) ;
#2251 = VECTOR ( 'NONE', #3479, 1000.000000000000000 ) ;
#2252 = CARTESIAN_POINT ( 'NONE',  ( 2.425000000000055778, 1.650000000000000799, 5.799999999999974953 ) ) ;
#2253 = FACE_OUTER_BOUND ( 'NONE', #6807, .T. ) ;
#2254 = CARTESIAN_POINT ( 'NONE',  ( 6.730000000000059046, 1.059999999999999387, 5.799999999999930544 ) ) ;
#2255 = VECTOR ( 'NONE', #1426, 1000.000000000000000 ) ;
#2256 = EDGE_CURVE ( 'NONE', #6404, #1493, #6265, .T. ) ;
#2257 = ORIENTED_EDGE ( 'NONE', *, *, #897, .T. ) ;
#2258 = VECTOR ( 'NONE', #6503, 1000.000000000000000 ) ;
#2259 = CIRCLE ( 'NONE', #3229, 0.07999999999999998779 ) ;
#2260 = ORIENTED_EDGE ( 'NONE', *, *, #5861, .F. ) ;
#2261 = FACE_OUTER_BOUND ( 'NONE', #6111, .T. ) ;
#2262 = LINE ( 'NONE', #3757, #2658 ) ;
#2263 = CARTESIAN_POINT ( 'NONE',  ( 11.99999999999995026, -0.2500000000000003331, -4.850000000000124878 ) ) ;
#2264 = DIRECTION ( 'NONE',  ( 1.047444401652940007E-14, 0.000000000000000000, 1.000000000000000000 ) ) ;
#2265 = PLANE ( 'NONE',  #5226 ) ;
#2266 = CARTESIAN_POINT ( 'NONE',  ( 2.699999999999976197, 1.399999999999999467, -2.100000000000028955 ) ) ;
#2267 = VERTEX_POINT ( 'NONE', #3129 ) ;
#2268 = ORIENTED_EDGE ( 'NONE', *, *, #233, .F. ) ;
#2269 = ORIENTED_EDGE ( 'NONE', *, *, #8558, .F. ) ;
#2270 = VECTOR ( 'NONE', #2819, 1000.000000000000000 ) ;
#2272 = ORIENTED_EDGE ( 'NONE', *, *, #8127, .T. ) ;
#2271 = AXIS2_PLACEMENT_3D ( 'NONE', #1355, #1453, #6727 ) ;
#2273 = EDGE_CURVE ( 'NONE', #8178, #6876, #3716, .T. ) ;
#2274 = CARTESIAN_POINT ( 'NONE',  ( 12.49999999999993250, 2.299999999999998934, -6.400000000000131806 ) ) ;
#2275 = CARTESIAN_POINT ( 'NONE',  ( -0.5000000000000266454, 2.299999999999999378, -1.926136028425817992 ) ) ;
#2276 = PRESENTATION_LAYER_ASSIGNMENT (  '', '', ( #4667 ) ) ;
#2277 = STYLED_ITEM ( 'NONE', ( #6481 ), #8385 ) ;
#2278 = DIRECTION ( 'NONE',  ( 1.047444401652940007E-14, 0.000000000000000000, 1.000000000000000000 ) ) ;
#2279 = CARTESIAN_POINT ( 'NONE',  ( -0.8500000000000053069, 2.260000000000000675, -0.4999999999999907851 ) ) ;
#2280 = ORIENTED_EDGE ( 'NONE', *, *, #3914, .T. ) ;
#2281 = DIRECTION ( 'NONE',  ( -1.000000000000000000, 0.000000000000000000, 1.047444401652940007E-14 ) ) ;
#2282 = ADVANCED_FACE ( 'NONE', ( #460 ), #1746, .T. ) ;
#2283 = VERTEX_POINT ( 'NONE', #3166 ) ;
#2284 = AXIS2_PLACEMENT_3D ( 'NONE', #661, #8087, #6798 ) ;
#2285 = CIRCLE ( 'NONE', #6251, 0.3999999999999993006 ) ;
#2286 = VECTOR ( 'NONE', #8560, 1000.000000000000000 ) ;
#2287 = CARTESIAN_POINT ( 'NONE',  ( 3.142333204958821282E-14, 0.000000000000000000, 3.000000000000000444 ) ) ;
#2288 = VECTOR ( 'NONE', #7407, 1000.000000000000000 ) ;
#2289 = LINE ( 'NONE', #1758, #2681 ) ;
#2290 = LINE ( 'NONE', #4439, #7898 ) ;
#2291 = CARTESIAN_POINT ( 'NONE',  ( 6.730000000000061711, 0.06000000000000063616, 6.049999999999929656 ) ) ;
#2292 = AXIS2_PLACEMENT_3D ( 'NONE', #3845, #1747, #4458 ) ;
#2293 = DIRECTION ( 'NONE',  ( -1.047444401652940007E-14, 0.000000000000000000, -1.000000000000000000 ) ) ;
#2294 = ADVANCED_FACE ( 'NONE', ( #8509 ), #3255, .T. ) ;
#2295 = EDGE_CURVE ( 'NONE', #1511, #369, #8682, .T. ) ;
#2296 = EDGE_CURVE ( 'NONE', #4127, #64, #5841, .T. ) ;
#2297 = EDGE_CURVE ( 'NONE', #1677, #2827, #2457, .T. ) ;
#2298 = EDGE_LOOP ( 'NONE', ( #4697, #3181, #3849, #4436 ) ) ;
#2299 = ORIENTED_EDGE ( 'NONE', *, *, #5824, .F. ) ;
#2300 = VERTEX_POINT ( 'NONE', #3918 ) ;
#2301 = CARTESIAN_POINT ( 'NONE',  ( 3.875000000000063505, -0.1900000000000003353, 6.049999999999958966 ) ) ;
#2302 = CARTESIAN_POINT ( 'NONE',  ( 12.50000000000006217, -0.2499999999999985845, 5.799999999999868372 ) ) ;
#2303 = PLANE ( 'NONE',  #3801 ) ;
#2304 = DIRECTION ( 'NONE',  ( -1.000000000000000000, 0.000000000000000000, 8.673617379884051249E-15 ) ) ;
#2305 = ORIENTED_EDGE ( 'NONE', *, *, #1414, .T. ) ;
#2306 = VECTOR ( 'NONE', #6542, 1000.000000000000000 ) ;
#2307 = VERTEX_POINT ( 'NONE', #3755 ) ;
#2308 = CARTESIAN_POINT ( 'NONE',  ( 9.400000000000058975, 1.600000000000000977, 5.799999999999903011 ) ) ;
#2309 = CARTESIAN_POINT ( 'NONE',  ( -1.199999999999993960, 2.944380240390157777, 0.5750000000000122791 ) ) ;
#2310 = DIRECTION ( 'NONE',  ( 1.047444401652940007E-14, 1.355252715606880543E-16, 1.000000000000000000 ) ) ;
#2311 = CARTESIAN_POINT ( 'NONE',  ( 0.7999999999999815037, 2.260000000000000675, -1.771111005056584586 ) ) ;
#2312 = CARTESIAN_POINT ( 'NONE',  ( 5.480000000000060822, -0.2899999999999993139, 5.799999999999942979 ) ) ;
#2313 = SURFACE_STYLE_USAGE ( .BOTH. , #1752 ) ;
#2314 = VERTEX_POINT ( 'NONE', #7872 ) ;
#2315 = ORIENTED_EDGE ( 'NONE', *, *, #3043, .T. ) ;
#2316 = VERTEX_POINT ( 'NONE', #5968 ) ;
#2317 = VERTEX_POINT ( 'NONE', #2595 ) ;
#2318 = DIRECTION ( 'NONE',  ( -1.000000000000000000, 0.000000000000000000, 1.047444401652940007E-14 ) ) ;
#2319 = DIRECTION ( 'NONE',  ( 0.000000000000000000, 1.000000000000000000, 0.000000000000000000 ) ) ;
#2320 = PLANE ( 'NONE',  #1079 ) ;
#2321 = DIRECTION ( 'NONE',  ( 0.000000000000000000, -1.000000000000000000, 0.000000000000000000 ) ) ;
#2322 = ORIENTED_EDGE ( 'NONE', *, *, #698, .T. ) ;
#2323 = DIRECTION ( 'NONE',  ( 0.000000000000000000, -1.000000000000000000, 0.000000000000000000 ) ) ;
#2324 = EDGE_CURVE ( 'NONE', #4285, #1203, #7998, .T. ) ;
#2325 = ORIENTED_EDGE ( 'NONE', *, *, #306, .F. ) ;
#2326 = CARTESIAN_POINT ( 'NONE',  ( 2.850000000000046274, 2.260000000000000231, 4.399999999999972822 ) ) ;
#2327 = DIRECTION ( 'NONE',  ( 0.000000000000000000, -1.000000000000000000, 0.000000000000000000 ) ) ;
#2328 = DIRECTION ( 'NONE',  ( 1.000000000000000000, 0.000000000000000000, -1.047444401652940007E-14 ) ) ;
#2329 = FACE_OUTER_BOUND ( 'NONE', #7711, .T. ) ;
#2330 = CARTESIAN_POINT ( 'NONE',  ( 1.275000000000060307, -0.1699999999999992628, 5.799999999999987388 ) ) ;
#2331 = ORIENTED_EDGE ( 'NONE', *, *, #232, .T. ) ;
#2332 = VERTEX_POINT ( 'NONE', #1911 ) ;
#2333 = ORIENTED_EDGE ( 'NONE', *, *, #5182, .T. ) ;
#2334 = DIRECTION ( 'NONE',  ( -1.047444401652940007E-14, -3.401418580346681312E-16, -1.000000000000000000 ) ) ;
#2335 = DIRECTION ( 'NONE',  ( -1.047444401652940007E-14, -0.000000000000000000, -1.000000000000000000 ) ) ;
#2336 = DIRECTION ( 'NONE',  ( 0.000000000000000000, 1.000000000000000000, 0.000000000000000000 ) ) ;
#2337 = CARTESIAN_POINT ( 'NONE',  ( 9.249999999999959144, 2.260000000000000675, -4.700000000000096989 ) ) ;
#2338 = EDGE_CURVE ( 'NONE', #4485, #7134, #7251, .T. ) ;
#2339 = ORIENTED_EDGE ( 'NONE', *, *, #5902, .F. ) ;
#2340 = ORIENTED_EDGE ( 'NONE', *, *, #8639, .T. ) ;
#2341 = DIRECTION ( 'NONE',  ( -1.000000000000000000, 0.000000000000000000, 1.047444401652940007E-14 ) ) ;
#2342 = DIRECTION ( 'NONE',  ( -1.047444401652940007E-14, -0.000000000000000000, -1.000000000000000000 ) ) ;
#2343 = PLANE ( 'NONE',  #3368 ) ;
#2344 = ADVANCED_FACE ( 'NONE', ( #4500 ), #8635, .F. ) ;
#2345 = CARTESIAN_POINT ( 'NONE',  ( 5.479999999999940030, -0.03999999999999814121, -5.800000000000057554 ) ) ;
#2346 = FILL_AREA_STYLE ('',( #7840 ) ) ;
#2347 = ORIENTED_EDGE ( 'NONE', *, *, #1727, .T. ) ;
#2348 = ORIENTED_EDGE ( 'NONE', *, *, #6124, .F. ) ;
#2349 = ORIENTED_EDGE ( 'NONE', *, *, #5803, .T. ) ;
#2350 = EDGE_CURVE ( 'NONE', #1955, #514, #7214, .T. ) ;
#2351 = VERTEX_POINT ( 'NONE', #7835 ) ;
#2352 = DIRECTION ( 'NONE',  ( -1.000000000000000000, 0.000000000000000000, 1.040834085586084730E-14 ) ) ;
#2353 = CYLINDRICAL_SURFACE ( 'NONE', #5797, 0.07999999999999998779 ) ;
#2354 = FACE_BOUND ( 'NONE', #4010, .T. ) ;
#2355 = CARTESIAN_POINT ( 'NONE',  ( -1.199999999999993960, 1.949999999999999956, 0.5750000000000123901 ) ) ;
#2356 = VERTEX_POINT ( 'NONE', #4457 ) ;
#2357 = EDGE_CURVE ( 'NONE', #3632, #4633, #3421, .T. ) ;
#2358 = ORIENTED_EDGE ( 'NONE', *, *, #3746, .T. ) ;
#2359 = LINE ( 'NONE', #7114, #224 ) ;
#2360 = CARTESIAN_POINT ( 'NONE',  ( 4.465421043656687239, 0.1100000000000019712, -5.800000000000046896 ) ) ;
#2361 = LINE ( 'NONE', #4440, #6795 ) ;
#2362 = CARTESIAN_POINT ( 'NONE',  ( 10.09999999999994635, -0.2499999999999997780, -5.800000000000107292 ) ) ;
#2363 = FILL_AREA_STYLE ('',( #3580 ) ) ;
#2364 = CARTESIAN_POINT ( 'NONE',  ( 6.480000000000062599, -0.04000000000000003553, 6.049999999999932321 ) ) ;
#2365 = AXIS2_PLACEMENT_3D ( 'NONE', #3945, #6697, #4528 ) ;
#2366 = VERTEX_POINT ( 'NONE', #3451 ) ;
#2367 = ORIENTED_EDGE ( 'NONE', *, *, #6960, .T. ) ;
#2368 = PLANE ( 'NONE',  #1793 ) ;
#2369 = LINE ( 'NONE', #3780, #8641 ) ;
#2370 = VECTOR ( 'NONE', #4751, 1000.000000000000000 ) ;
#2371 = CARTESIAN_POINT ( 'NONE',  ( 0.7999999999998441691, 2.260000000000000675, -14.75411377792221579 ) ) ;
#2372 = LINE ( 'NONE', #4417, #7892 ) ;
#2373 = EDGE_LOOP ( 'NONE', ( #4386, #7663, #1265, #8743 ) ) ;
#2374 = EDGE_CURVE ( 'NONE', #4189, #3843, #2927, .T. ) ;
#2375 = ORIENTED_EDGE ( 'NONE', *, *, #7506, .F. ) ;
#2376 = EDGE_CURVE ( 'NONE', #6082, #4805, #882, .T. ) ;
#2377 = DIRECTION ( 'NONE',  ( 1.047444401652940007E-14, 0.000000000000000000, 1.000000000000000000 ) ) ;
#2378 = LINE ( 'NONE', #5036, #964 ) ;
#2379 = CARTESIAN_POINT ( 'NONE',  ( 2.649999999999934186, 1.450000000000000844, -6.000000000000027534 ) ) ;
#2380 = VECTOR ( 'NONE', #6741, 1000.000000000000000 ) ;
#2381 = LINE ( 'NONE', #4957, #1970 ) ;
#2382 = CARTESIAN_POINT ( 'NONE',  ( 12.00000000000000000, 0.000000000000000000, -1.256933281983528008E-13 ) ) ;
#2383 = VERTEX_POINT ( 'NONE', #2788 ) ;
#2384 = EDGE_LOOP ( 'NONE', ( #4567, #5883, #6027, #6577, #6816, #1105, #2047, #8620, #1237, #4545, #1725, #242, #2912, #1410 ) ) ;
#2385 = ADVANCED_FACE ( 'NONE', ( #213 ), #4911, .T. ) ;
#2386 = VERTEX_POINT ( 'NONE', #2125 ) ;
#2387 = EDGE_CURVE ( 'NONE', #63, #5726, #3988, .T. ) ;
#2388 = VECTOR ( 'NONE', #8760, 1000.000000000000000 ) ;
#2389 = EDGE_LOOP ( 'NONE', ( #8305, #22, #2, #6347 ) ) ;
#2390 = EDGE_CURVE ( 'NONE', #3522, #64, #4209, .T. ) ;
#2391 = EDGE_CURVE ( 'NONE', #7179, #7891, #6206, .T. ) ;
#2392 = CARTESIAN_POINT ( 'NONE',  ( 2.504999999999932392, 1.370000000000000773, -6.000000000000025757 ) ) ;
#2393 = DIRECTION ( 'NONE',  ( 1.047444401652940007E-14, 0.000000000000000000, 1.000000000000000000 ) ) ;
#2394 = CARTESIAN_POINT ( 'NONE',  ( 2.424999999999934097, 1.650000000000000799, -5.800000000000025580 ) ) ;
#2395 = DIRECTION ( 'NONE',  ( 1.047444401652940007E-14, 0.000000000000000000, 1.000000000000000000 ) ) ;
#2396 = EDGE_LOOP ( 'NONE', ( #4599, #3000, #851, #5718 ) ) ;
#2397 = CIRCLE ( 'NONE', #3675, 0.09999999999999982514 ) ;
#2398 = AXIS2_PLACEMENT_3D ( 'NONE', #6274, #2193, #799 ) ;
#2399 = ORIENTED_EDGE ( 'NONE', *, *, #2296, .F. ) ;
#2400 = ADVANCED_FACE ( 'NONE', ( #4125 ), #8207, .F. ) ;
#2401 = LINE ( 'NONE', #4592, #7478 ) ;
#2402 = VECTOR ( 'NONE', #4526, 999.9999999999998863 ) ;
#2403 = ADVANCED_FACE ( 'NONE', ( #740 ), #692, .F. ) ;
#2404 = AXIS2_PLACEMENT_3D ( 'NONE', #5799, #379, #1838 ) ;
#2405 = EDGE_CURVE ( 'NONE', #5024, #7966, #4776, .T. ) ;
#2406 = LINE ( 'NONE', #4407, #4801 ) ;
#2407 = LINE ( 'NONE', #5741, #7801 ) ;
#2408 = CARTESIAN_POINT ( 'NONE',  ( 1.274999999999937961, 1.570000000000001172, -5.920000000000013252 ) ) ;
#2409 = DIRECTION ( 'NONE',  ( 1.000000000000000000, 0.000000000000000000, -8.673617379884013384E-15 ) ) ;
#2410 = EDGE_CURVE ( 'NONE', #394, #3818, #8534, .T. ) ;
#2411 = VECTOR ( 'NONE', #8707, 1000.000000000000000 ) ;
#2412 = EDGE_LOOP ( 'NONE', ( #1675, #3263 ) ) ;
#2413 = ORIENTED_EDGE ( 'NONE', *, *, #81, .T. ) ;
#2414 = CARTESIAN_POINT ( 'NONE',  ( 2.475000000000060929, -3.000000000000000000, 5.799999999999974065 ) ) ;
#2415 = FACE_OUTER_BOUND ( 'NONE', #6624, .T. ) ;
#2416 = CARTESIAN_POINT ( 'NONE',  ( 4.315421043656685107, 0.1100000000000019712, -6.050000000000045119 ) ) ;
#2417 = DIRECTION ( 'NONE',  ( 1.047444401652940007E-14, 0.000000000000000000, 1.000000000000000000 ) ) ;
#2418 = AXIS2_PLACEMENT_3D ( 'NONE', #3692, #273, #7186 ) ;
#2419 = ORIENTED_EDGE ( 'NONE', *, *, #4342, .T. ) ;
#2420 = ORIENTED_EDGE ( 'NONE', *, *, #5829, .T. ) ;
#2421 = CARTESIAN_POINT ( 'NONE',  ( 5.480000000000062599, -0.2899999999999993139, 5.999999999999943157 ) ) ;
#2422 = LINE ( 'NONE', #5793, #6102 ) ;
#2423 = LINE ( 'NONE', #7624, #4926 ) ;
#2424 = DIRECTION ( 'NONE',  ( 1.000000000000000000, 0.000000000000000000, -1.047444401652940007E-14 ) ) ;
#2425 = LINE ( 'NONE', #501, #7086 ) ;
#2426 = DIRECTION ( 'NONE',  ( 1.047444401652940007E-14, 0.000000000000000000, 1.000000000000000000 ) ) ;
#2427 = ORIENTED_EDGE ( 'NONE', *, *, #4453, .F. ) ;
#2428 = ORIENTED_EDGE ( 'NONE', *, *, #3051, .T. ) ;
#2429 = VECTOR ( 'NONE', #3407, 1000.000000000000000 ) ;
#2430 = ORIENTED_EDGE ( 'NONE', *, *, #1882, .F. ) ;
#2431 = ORIENTED_EDGE ( 'NONE', *, *, #4510, .F. ) ;
#2432 = LINE ( 'NONE', #7846, #1555 ) ;
#2433 = VECTOR ( 'NONE', #311, 1000.000000000000000 ) ;
#2434 = FACE_OUTER_BOUND ( 'NONE', #875, .T. ) ;
#2435 = LINE ( 'NONE', #8561, #1705 ) ;
#2436 = LINE ( 'NONE', #4644, #6751 ) ;
#2437 = ADVANCED_FACE ( 'NONE', ( #1546 ), #4260, .T. ) ;
#2438 = DIRECTION ( 'NONE',  ( 1.047444401652940007E-14, 0.000000000000000000, 1.000000000000000000 ) ) ;
#2439 = ORIENTED_EDGE ( 'NONE', *, *, #8604, .F. ) ;
#2440 = ORIENTED_EDGE ( 'NONE', *, *, #4835, .T. ) ;
#2441 = LINE ( 'NONE', #5175, #1560 ) ;
#2442 = EDGE_CURVE ( 'NONE', #417, #1714, #4418, .T. ) ;
#2443 = DIRECTION ( 'NONE',  ( 1.047444401652940007E-14, 0.000000000000000000, 1.000000000000000000 ) ) ;
#2444 = CYLINDRICAL_SURFACE ( 'NONE', #8788, 0.08000000000000020983 ) ;
#2445 = CARTESIAN_POINT ( 'NONE',  ( 11.99999999999995204, -2.300000000000000711, -4.600000000000124878 ) ) ;
#2446 = EDGE_LOOP ( 'NONE', ( #7567, #6508, #8566, #4215 ) ) ;
#2447 = EDGE_CURVE ( 'NONE', #167, #3939, #1456, .T. ) ;
#2448 = VERTEX_POINT ( 'NONE', #8153 ) ;
#2449 = VECTOR ( 'NONE', #5507, 1000.000000000000000 ) ;
#2450 = DIRECTION ( 'NONE',  ( -1.000000000000000000, 0.000000000000000000, 8.673617379883975519E-15 ) ) ;
#2451 = FACE_OUTER_BOUND ( 'NONE', #4051, .T. ) ;
#2452 = LINE ( 'NONE', #5146, #8767 ) ;
#2453 = DIRECTION ( 'NONE',  ( -1.047444401652940007E-14, -1.470104640658311001E-16, -1.000000000000000000 ) ) ;
#2454 = VERTEX_POINT ( 'NONE', #781 ) ;
#2455 = ORIENTED_EDGE ( 'NONE', *, *, #6728, .F. ) ;
#2456 = ORIENTED_EDGE ( 'NONE', *, *, #7746, .F. ) ;
#2457 = LINE ( 'NONE', #1783, #4983 ) ;
#2458 = CARTESIAN_POINT ( 'NONE',  ( -2.017520399796655740E-14, -2.300000000000000711, -1.926136028425822433 ) ) ;
#2459 = ADVANCED_FACE ( 'NONE', ( #6258 ), #3591, .F. ) ;
#2460 = PLANE ( 'NONE',  #6625 ) ;
#2461 = LINE ( 'NONE', #1836, #1782 ) ;
#2462 = DIRECTION ( 'NONE',  ( 4.910882144129284201E-30, 1.000000000000000000, 4.688441826964344298E-16 ) ) ;
#2463 = VECTOR ( 'NONE', #3466, 1000.000000000000000 ) ;
#2464 = ORIENTED_EDGE ( 'NONE', *, *, #7720, .F. ) ;
#2465 = ORIENTED_EDGE ( 'NONE', *, *, #4835, .F. ) ;
#2466 = EDGE_CURVE ( 'NONE', #98, #7957, #5591, .T. ) ;
#2467 = ORIENTED_EDGE ( 'NONE', *, *, #2391, .F. ) ;
#2468 = ORIENTED_EDGE ( 'NONE', *, *, #8438, .T. ) ;
#2469 = CARTESIAN_POINT ( 'NONE',  ( 2.699999999999976197, 1.399999999999999467, -2.100000000000028955 ) ) ;
#2470 = FACE_OUTER_BOUND ( 'NONE', #6324, .T. ) ;
#2471 = CARTESIAN_POINT ( 'NONE',  ( 6.279999999999947846, 2.299999999999998490, -4.700000000000065903 ) ) ;
#2472 = MANIFOLD_SOLID_BREP ( 'Boss-Extrude4[1]', #76 ) ;
#2473 = PLANE ( 'NONE',  #511 ) ;
#2474 = LINE ( 'NONE', #8739, #5378 ) ;
#2475 = VERTEX_POINT ( 'NONE', #8399 ) ;
#2476 = ORIENTED_EDGE ( 'NONE', *, *, #7762, .T. ) ;
#2477 = ORIENTED_EDGE ( 'NONE', *, *, #7220, .T. ) ;
#2478 = EDGE_CURVE ( 'NONE', #1055, #6382, #125, .T. ) ;
#2479 = AXIS2_PLACEMENT_3D ( 'NONE', #8136, #53, #4754 ) ;
#2480 = CARTESIAN_POINT ( 'NONE',  ( 2.249999999999937828, -0.2499999999999996669, -5.800000000000023803 ) ) ;
#2481 = CARTESIAN_POINT ( 'NONE',  ( 12.00000000000004796, 2.510000000000000675, 4.499999999999873879 ) ) ;
#2482 = FACE_OUTER_BOUND ( 'NONE', #7018, .T. ) ;
#2483 = LINE ( 'NONE', #2534, #6083 ) ;
#2484 = CARTESIAN_POINT ( 'NONE',  ( 12.50000000000006750, -0.2499999999999985012, 6.399999999999868905 ) ) ;
#2485 = EDGE_CURVE ( 'NONE', #6239, #529, #4385, .T. ) ;
#2486 = AXIS2_PLACEMENT_3D ( 'NONE', #7601, #7021, #145 ) ;
#2487 = ORIENTED_EDGE ( 'NONE', *, *, #4398, .T. ) ;
#2488 = EDGE_CURVE ( 'NONE', #4805, #8768, #1013, .T. ) ;
#2489 = ORIENTED_EDGE ( 'NONE', *, *, #6355, .T. ) ;
#2490 = EDGE_CURVE ( 'NONE', #4050, #5995, #5562, .T. ) ;
#2491 = CARTESIAN_POINT ( 'NONE',  ( 0.8500000000000672573, 2.260000000000000675, 6.399999999999991473 ) ) ;
#2492 = DIRECTION ( 'NONE',  ( 1.047444401652940007E-14, 0.000000000000000000, 1.000000000000000000 ) ) ;
#2493 = FACE_OUTER_BOUND ( 'NONE', #904, .T. ) ;
#2494 = DIRECTION ( 'NONE',  ( -1.047444401652940007E-14, 0.000000000000000000, -1.000000000000000000 ) ) ;
#2495 = AXIS2_PLACEMENT_3D ( 'NONE', #2531, #4654, #5898 ) ;
#2496 = ORIENTED_EDGE ( 'NONE', *, *, #5192, .T. ) ;
#2497 = VERTEX_POINT ( 'NONE', #1084 ) ;
#2498 = ORIENTED_EDGE ( 'NONE', *, *, #5521, .T. ) ;
#2499 = VECTOR ( 'NONE', #3674, 1000.000000000000000 ) ;
#2500 = CARTESIAN_POINT ( 'NONE',  ( 1.354999999999939142, -0.1699999999999992628, -5.800000000000014033 ) ) ;
#2501 = VECTOR ( 'NONE', #1270, 1000.000000000000000 ) ;
#2502 = DIRECTION ( 'NONE',  ( 1.000000000000000000, 0.000000000000000000, -1.047444401652940007E-14 ) ) ;
#2503 = CARTESIAN_POINT ( 'NONE',  ( 12.00000000000004796, -2.300000000000000711, 4.549999999999873701 ) ) ;
#2504 = DIRECTION ( 'NONE',  ( -1.000000000000000000, 0.000000000000000000, 1.084202172485501594E-14 ) ) ;
#2505 = ADVANCED_FACE ( 'NONE', ( #7140 ), #2973, .T. ) ;
#2506 = DIRECTION ( 'NONE',  ( 0.000000000000000000, 1.000000000000000000, 0.000000000000000000 ) ) ;
#2507 = VECTOR ( 'NONE', #297, 1000.000000000000000 ) ;
#2508 = ORIENTED_EDGE ( 'NONE', *, *, #3237, .T. ) ;
#2509 = ORIENTED_EDGE ( 'NONE', *, *, #4190, .F. ) ;
#2510 = VERTEX_POINT ( 'NONE', #261 ) ;
#2511 = EDGE_CURVE ( 'NONE', #4484, #6893, #3802, .T. ) ;
#2512 = CIRCLE ( 'NONE', #5912, 0.09999999999999982514 ) ;
#2513 = VERTEX_POINT ( 'NONE', #8435 ) ;
#2514 = VECTOR ( 'NONE', #3562, 1000.000000000000000 ) ;
#2515 = VECTOR ( 'NONE', #2758, 1000.000000000000000 ) ;
#2516 = LINE ( 'NONE', #2469, #8633 ) ;
#2517 = AXIS2_PLACEMENT_3D ( 'NONE', #8551, #1167, #7962 ) ;
#2518 = CARTESIAN_POINT ( 'NONE',  ( 4.471067811865454544, 2.326828918379971858E-16, -1.900000000000047207 ) ) ;
#2519 = DIRECTION ( 'NONE',  ( 0.000000000000000000, 1.000000000000000000, 0.000000000000000000 ) ) ;
#2520 = DIRECTION ( 'NONE',  ( 1.000000000000000000, -1.224646799147361835E-16, -1.047444401652940007E-14 ) ) ;
#2521 = DIRECTION ( 'NONE',  ( -1.000000000000000000, 0.000000000000000000, 1.047444401652940007E-14 ) ) ;
#2522 = ORIENTED_EDGE ( 'NONE', *, *, #4425, .F. ) ;
#2523 = CIRCLE ( 'NONE', #5204, 0.08000000000000020983 ) ;
#2524 = VECTOR ( 'NONE', #2105, 1000.000000000000000 ) ;
#2525 = AXIS2_PLACEMENT_3D ( 'NONE', #6421, #4324, #4943 ) ;
#2526 = ORIENTED_EDGE ( 'NONE', *, *, #5536, .T. ) ;
#2527 = ORIENTED_EDGE ( 'NONE', *, *, #4064, .F. ) ;
#2528 = EDGE_CURVE ( 'NONE', #621, #1111, #4841, .T. ) ;
#2529 = CARTESIAN_POINT ( 'NONE',  ( 6.479999999999948024, -2.050000000000001155, -4.850000000000067146 ) ) ;
#2530 = DIRECTION ( 'NONE',  ( 1.000000000000000000, 0.000000000000000000, -1.047444401652940007E-14 ) ) ;
#2531 = CARTESIAN_POINT ( 'NONE',  ( 1.370000000000062723, -0.3299999999999993494, 5.999999999999985789 ) ) ;
#2532 = CIRCLE ( 'NONE', #5077, 0.08000000000000020983 ) ;
#2533 = EDGE_CURVE ( 'NONE', #7841, #1170, #5800, .T. ) ;
#2534 = CARTESIAN_POINT ( 'NONE',  ( -6.703644170578816042E-14, -0.2500000000000000000, -6.400000000000000355 ) ) ;
#2535 = AXIS2_PLACEMENT_3D ( 'NONE', #6686, #2606, #558 ) ;
#2536 = CARTESIAN_POINT ( 'NONE',  ( 1.225000000000061151, -0.2499999999999985845, 5.799999999999986500 ) ) ;
#2537 = MANIFOLD_SOLID_BREP ( 'Cut-Extrude8', #4730 ) ;
#2538 = EDGE_LOOP ( 'NONE', ( #7246, #8787, #7201, #7566 ) ) ;
#2539 = VERTEX_POINT ( 'NONE', #4146 ) ;
#2540 = VECTOR ( 'NONE', #2056, 1000.000000000000000 ) ;
#2541 = CARTESIAN_POINT ( 'NONE',  ( 0.6500000000000382139, 1.450000000000000844, 4.149999999999996803 ) ) ;
#2542 = CARTESIAN_POINT ( 'NONE',  ( 1.275000000000062750, 1.450000000000000844, 5.999999999999986677 ) ) ;
#2543 = LINE ( 'NONE', #4451, #1388 ) ;
#2544 = CARTESIAN_POINT ( 'NONE',  ( 1.450000000000060574, -0.2499999999999997780, 5.799999999999984723 ) ) ;
#2545 = EDGE_CURVE ( 'NONE', #6731, #3231, #5123, .T. ) ;
#2546 = VECTOR ( 'NONE', #8282, 1000.000000000000000 ) ;
#2547 = VECTOR ( 'NONE', #990, 1000.000000000000000 ) ;
#2548 = EDGE_CURVE ( 'NONE', #4040, #5572, #3429, .T. ) ;
#2549 = VERTEX_POINT ( 'NONE', #3290 ) ;
#2550 = VERTEX_POINT ( 'NONE', #1244 ) ;
#2551 = VERTEX_POINT ( 'NONE', #8132 ) ;
#2552 = DIRECTION ( 'NONE',  ( 1.000000000000000000, 0.000000000000000000, -1.069941600484581374E-14 ) ) ;
#2553 = AXIS2_PLACEMENT_3D ( 'NONE', #2705, #2841, #8262 ) ;
#2554 = AXIS2_PLACEMENT_3D ( 'NONE', #5215, #7972, #3142 ) ;
#2555 = CARTESIAN_POINT ( 'NONE',  ( 7.885000000000060183, 2.510000000000001119, 5.799999999999918110 ) ) ;
#2556 = LINE ( 'NONE', #5921, #1671 ) ;
#2557 = VECTOR ( 'NONE', #6156, 1000.000000000000000 ) ;
#2558 = DIRECTION ( 'NONE',  ( 0.000000000000000000, 1.000000000000000000, 0.000000000000000000 ) ) ;
#2559 = CARTESIAN_POINT ( 'NONE',  ( 0.6000000000000125233, 1.949999999999999956, 1.199999999999993294 ) ) ;
#2560 = ORIENTED_EDGE ( 'NONE', *, *, #6677, .F. ) ;
#2561 = ORIENTED_EDGE ( 'NONE', *, *, #6242, .F. ) ;
#2562 = VECTOR ( 'NONE', #4211, 1000.000000000000000 ) ;
#2563 = ORIENTED_EDGE ( 'NONE', *, *, #7418, .T. ) ;
#2564 = ORIENTED_EDGE ( 'NONE', *, *, #1488, .F. ) ;
#2565 = EDGE_CURVE ( 'NONE', #6876, #2728, #6136, .T. ) ;
#2566 = DIRECTION ( 'NONE',  ( 0.000000000000000000, 1.000000000000000000, 0.000000000000000000 ) ) ;
#2567 = DIRECTION ( 'NONE',  ( 1.000000000000000000, 0.000000000000000000, -1.734723475976787531E-14 ) ) ;
#2568 = CARTESIAN_POINT ( 'NONE',  ( 2.699999999999956213, 2.510000000000001119, -4.000000000000028422 ) ) ;
#2569 = AXIS2_PLACEMENT_3D ( 'NONE', #801, #2195, #3513 ) ;
#2570 = CARTESIAN_POINT ( 'NONE',  ( 11.99999999999994316, 2.300000000000000711, -5.390421043656872691 ) ) ;
#2571 = CARTESIAN_POINT ( 'NONE',  ( 2.505000000000055849, 1.450000000000000844, 5.799999999999974065 ) ) ;
#2572 = CARTESIAN_POINT ( 'NONE',  ( 9.249999999999960920, -2.300000000000000266, -4.550000000000096634 ) ) ;
#2573 = ORIENTED_EDGE ( 'NONE', *, *, #2295, .F. ) ;
#2574 = ORIENTED_EDGE ( 'NONE', *, *, #2779, .F. ) ;
#2575 = ORIENTED_EDGE ( 'NONE', *, *, #5325, .F. ) ;
#2576 = VECTOR ( 'NONE', #8302, 1000.000000000000000 ) ;
#2577 = DIRECTION ( 'NONE',  ( 0.000000000000000000, 1.000000000000000000, 0.000000000000000000 ) ) ;
#2578 = CARTESIAN_POINT ( 'NONE',  ( 9.049999999999958078, 2.260000000000000675, -4.850000000000093792 ) ) ;
#2579 = FACE_OUTER_BOUND ( 'NONE', #241, .T. ) ;
#2580 = EDGE_CURVE ( 'NONE', #2827, #1514, #96, .T. ) ;
#2581 = FACE_OUTER_BOUND ( 'NONE', #4117, .T. ) ;
#2582 = EDGE_CURVE ( 'NONE', #2724, #6404, #2813, .T. ) ;
#2583 = ORIENTED_EDGE ( 'NONE', *, *, #2297, .F. ) ;
#2584 = CYLINDRICAL_SURFACE ( 'NONE', #4817, 0.1999999999999996503 ) ;
#2585 = CARTESIAN_POINT ( 'NONE',  ( 11.10000000000006182, 1.600000000000000977, 5.799999999999886136 ) ) ;
#2586 = DIRECTION ( 'NONE',  ( 1.047444401652940007E-14, 0.000000000000000000, 1.000000000000000000 ) ) ;
#2587 = DIRECTION ( 'NONE',  ( 1.000000000000000000, 2.350988701644572389E-31, -8.739720540552594549E-15 ) ) ;
#2588 = FACE_OUTER_BOUND ( 'NONE', #7590, .T. ) ;
#2589 = SURFACE_SIDE_STYLE ('',( #3630 ) ) ;
#2590 = ORIENTED_EDGE ( 'NONE', *, *, #5961, .F. ) ;
#2591 = EDGE_LOOP ( 'NONE', ( #43, #3172, #6830, #1437 ) ) ;
#2592 = DIRECTION ( 'NONE',  ( 1.047444401652940007E-14, 0.000000000000000000, 1.000000000000000000 ) ) ;
#2593 = VERTEX_POINT ( 'NONE', #2762 ) ;
#2594 = ORIENTED_EDGE ( 'NONE', *, *, #3148, .F. ) ;
#2595 = CARTESIAN_POINT ( 'NONE',  ( 6.479999999999941807, 2.260000000000000675, -5.450000000000069456 ) ) ;
#2596 = DIRECTION ( 'NONE',  ( -1.000000000000000000, 2.644862289350146455E-31, 1.242600792700330805E-14 ) ) ;
#2597 = EDGE_CURVE ( 'NONE', #2539, #6345, #4420, .T. ) ;
#2598 = DIRECTION ( 'NONE',  ( 0.000000000000000000, 1.000000000000000000, 0.000000000000000000 ) ) ;
#2599 = CARTESIAN_POINT ( 'NONE',  ( 9.000000000000060396, -1.399999999999999467, 5.799999999999905675 ) ) ;
#2600 = DIRECTION ( 'NONE',  ( -1.047444401652940007E-14, -1.008560160451632221E-16, -1.000000000000000000 ) ) ;
#2601 = DIRECTION ( 'NONE',  ( 1.047444401652940007E-14, 0.000000000000000000, 1.000000000000000000 ) ) ;
#2602 = ORIENTED_EDGE ( 'NONE', *, *, #6242, .T. ) ;
#2603 = ORIENTED_EDGE ( 'NONE', *, *, #2744, .F. ) ;
#2604 = ORIENTED_EDGE ( 'NONE', *, *, #6644, .F. ) ;
#2605 = EDGE_CURVE ( 'NONE', #7346, #923, #1676, .T. ) ;
#2606 = DIRECTION ( 'NONE',  ( -1.000000000000000000, 0.000000000000000000, 1.047444401652940007E-14 ) ) ;
#2607 = EDGE_CURVE ( 'NONE', #384, #1261, #3964, .T. ) ;
#2608 = DIRECTION ( 'NONE',  ( -1.000000000000000000, 0.000000000000000000, 1.047444401652940007E-14 ) ) ;
#2609 = CARTESIAN_POINT ( 'NONE',  ( 1.369999999999939932, -0.2499999999999997780, -5.800000000000014921 ) ) ;
#2610 = FACE_OUTER_BOUND ( 'NONE', #4874, .T. ) ;
#2611 = CARTESIAN_POINT ( 'NONE',  ( 2.349999999999966338, 1.450000000000000844, -3.000000000000024869 ) ) ;
#2612 = CARTESIAN_POINT ( 'NONE',  ( 11.69999999999993712, -1.560703055139993412, -6.000000000000123457 ) ) ;
#2613 = ADVANCED_FACE ( 'NONE', ( #3472 ), #1434, .F. ) ;
#2614 = ORIENTED_EDGE ( 'NONE', *, *, #3411, .F. ) ;
#2615 = VERTEX_POINT ( 'NONE', #6666 ) ;
#2616 = ORIENTED_EDGE ( 'NONE', *, *, #8521, .F. ) ;
#2617 = PLANE ( 'NONE',  #6235 ) ;
#2618 = FACE_OUTER_BOUND ( 'NONE', #3018, .T. ) ;
#2619 = DIRECTION ( 'NONE',  ( -1.000000000000000000, 0.000000000000000000, 8.673617379884013384E-15 ) ) ;
#2620 = ADVANCED_FACE ( 'NONE', ( #6043 ), #1904, .F. ) ;
#2621 = CARTESIAN_POINT ( 'NONE',  ( 6.730000000000059046, 0.06000000000000063616, 5.799999999999930544 ) ) ;
#2622 = ORIENTED_EDGE ( 'NONE', *, *, #2338, .F. ) ;
#2623 = DIRECTION ( 'NONE',  ( -1.047444401652940007E-14, 0.000000000000000000, -1.000000000000000000 ) ) ;
#2624 = CARTESIAN_POINT ( 'NONE',  ( 6.280000000000041993, -1.399999999999999467, 3.999999999999934275 ) ) ;
#2625 = DIRECTION ( 'NONE',  ( -1.000000000000000000, 0.000000000000000000, 1.047444401652940007E-14 ) ) ;
#2626 = DIRECTION ( 'NONE',  ( 1.000000000000000000, 0.000000000000000000, -1.084202172485506327E-14 ) ) ;
#2627 = DIRECTION ( 'NONE',  ( 1.000000000000000000, -5.575896887068300516E-15, -1.047444401652940007E-14 ) ) ;
#2628 = DIRECTION ( 'NONE',  ( 1.047444401652940007E-14, 0.000000000000000000, 1.000000000000000000 ) ) ;
#2629 = ORIENTED_EDGE ( 'NONE', *, *, #3008, .T. ) ;
#2630 = ORIENTED_EDGE ( 'NONE', *, *, #8745, .F. ) ;
#2631 = DIRECTION ( 'NONE',  ( 1.000000000000000000, 0.000000000000000000, -1.047444401652940007E-14 ) ) ;
#2632 = EDGE_LOOP ( 'NONE', ( #4427, #1060, #3913, #8596 ) ) ;
#2633 = VERTEX_POINT ( 'NONE', #6752 ) ;
#2634 = DIRECTION ( 'NONE',  ( 1.000000000000000000, 0.000000000000000000, -1.084202172485501594E-14 ) ) ;
#2635 = CARTESIAN_POINT ( 'NONE',  ( 7.714999999999953673, 0.8749999999999968914, -5.100000000000079581 ) ) ;
#2636 = DIRECTION ( 'NONE',  ( 0.000000000000000000, 1.000000000000000000, 0.000000000000000000 ) ) ;
#2637 = CARTESIAN_POINT ( 'NONE',  ( 2.330000000000059579, -0.3300000000000047340, 5.799999999999975842 ) ) ;
#2638 = PLANE ( 'NONE',  #4954 ) ;
#2639 = CARTESIAN_POINT ( 'NONE',  ( -0.4999999999999863443, 2.260000000000000231, 1.926136028425827984 ) ) ;
#2640 = EDGE_CURVE ( 'NONE', #3231, #1261, #2006, .T. ) ;
#2641 = ORIENTED_EDGE ( 'NONE', *, *, #3856, .F. ) ;
#2642 = VERTEX_POINT ( 'NONE', #1332 ) ;
#2643 = VECTOR ( 'NONE', #1108, 999.9999999999998863 ) ;
#2644 = ORIENTED_EDGE ( 'NONE', *, *, #6748, .F. ) ;
#2645 = LINE ( 'NONE', #1266, #4657 ) ;
#2646 = CARTESIAN_POINT ( 'NONE',  ( 6.729999999999955129, -0.03999999999999967470, -5.100000000000068923 ) ) ;
#2647 = VECTOR ( 'NONE', #7207, 1000.000000000000000 ) ;
#2648 = CARTESIAN_POINT ( 'NONE',  ( 2.425000000000057554, 1.370000000000000773, 5.999999999999975131 ) ) ;
#2649 = CARTESIAN_POINT ( 'NONE',  ( 2.800000000000045564, 1.730000000000000870, 4.349999999999972999 ) ) ;
#2650 = CARTESIAN_POINT ( 'NONE',  ( -2.600000000000018741, 2.204364238465236069E-16, -1.799999999999972955 ) ) ;
#2651 = LINE ( 'NONE', #3936, #6519 ) ;
#2652 = ORIENTED_EDGE ( 'NONE', *, *, #6181, .T. ) ;
#2654 = VERTEX_POINT ( 'NONE', #6803 ) ;
#2653 = EDGE_CURVE ( 'NONE', #143, #7166, #6631, .T. ) ;
#2655 = ADVANCED_FACE ( 'NONE', ( #4008 ), #6707, .T. ) ;
#2656 = ORIENTED_EDGE ( 'NONE', *, *, #5109, .T. ) ;
#2657 = VECTOR ( 'NONE', #7699, 1000.000000000000000 ) ;
#2658 = VECTOR ( 'NONE', #3046, 1000.000000000000000 ) ;
#2659 = LINE ( 'NONE', #5948, #847 ) ;
#2660 = CARTESIAN_POINT ( 'NONE',  ( 12.00000000000004796, -2.260000000000001119, 4.499999999999873879 ) ) ;
#2661 = DIRECTION ( 'NONE',  ( 1.000000000000000000, 0.000000000000000000, -1.047444401652940007E-14 ) ) ;
#2662 = VECTOR ( 'NONE', #7946, 1000.000000000000000 ) ;
#2663 = VECTOR ( 'NONE', #3751, 1000.000000000000000 ) ;
#2664 = CARTESIAN_POINT ( 'NONE',  ( 2.649999999999934186, 1.450000000000000844, -6.000000000000027534 ) ) ;
#2665 = EDGE_CURVE ( 'NONE', #3419, #5592, #3332, .T. ) ;
#2666 = ORIENTED_EDGE ( 'NONE', *, *, #5590, .F. ) ;
#2667 = CARTESIAN_POINT ( 'NONE',  ( 2.330000000000062244, -0.2500000000000047184, 5.999999999999976019 ) ) ;
#2668 = EDGE_CURVE ( 'NONE', #1840, #4076, #4647, .T. ) ;
#2669 = LINE ( 'NONE', #1327, #703 ) ;
#2670 = CARTESIAN_POINT ( 'NONE',  ( 2.349999999999966338, 1.450000000000000844, -3.000000000000024869 ) ) ;
#2671 = CARTESIAN_POINT ( 'NONE',  ( 2.449999999999966427, 1.650000000000000799, -3.000000000000026645 ) ) ;
#2672 = CARTESIAN_POINT ( 'NONE',  ( 12.00000000000005507, 2.300000000000000711, 5.249999999999872102 ) ) ;
#2673 = EDGE_CURVE ( 'NONE', #8093, #1672, #4096, .T. ) ;
#2674 = CARTESIAN_POINT ( 'NONE',  ( 8.064999999999956870, 0.8749999999999968914, -4.850000000000084022 ) ) ;
#2675 = ORIENTED_EDGE ( 'NONE', *, *, #2016, .F. ) ;
#2676 = AXIS2_PLACEMENT_3D ( 'NONE', #6145, #4991, #5523 ) ;
#2677 = VECTOR ( 'NONE', #5879, 1000.000000000000000 ) ;
#2678 = ORIENTED_EDGE ( 'NONE', *, *, #8429, .T. ) ;
#2679 = CARTESIAN_POINT ( 'NONE',  ( 2.549999999999962963, 1.450000000000000844, -3.200000000000027267 ) ) ;
#2680 = ORIENTED_EDGE ( 'NONE', *, *, #1184, .F. ) ;
#2681 = VECTOR ( 'NONE', #4887, 1000.000000000000000 ) ;
#2682 = ORIENTED_EDGE ( 'NONE', *, *, #4303, .T. ) ;
#2683 = DIRECTION ( 'NONE',  ( -1.000000000000000000, 0.000000000000000000, 1.409462824231156395E-14 ) ) ;
#2684 = CARTESIAN_POINT ( 'NONE',  ( 4.471067811865494512, 0.000000000000000000, 1.899999999999953504 ) ) ;
#2685 = DIRECTION ( 'NONE',  ( 0.000000000000000000, 1.000000000000000000, 0.000000000000000000 ) ) ;
#2686 = CARTESIAN_POINT ( 'NONE',  ( 1.149999999999966827, 1.450000000000000844, -3.100000000000013411 ) ) ;
#2687 = VECTOR ( 'NONE', #3030, 1000.000000000000000 ) ;
#2688 = AXIS2_PLACEMENT_3D ( 'NONE', #37, #5409, #3415 ) ;
#2689 = CARTESIAN_POINT ( 'NONE',  ( 12.19999999999995488, -2.140000000000001457, -4.300000000000124167 ) ) ;
#2690 = CARTESIAN_POINT ( 'NONE',  ( -6.703644170578817304E-14, 2.299999999999998934, -6.400000000000001243 ) ) ;
#2691 = ADVANCED_FACE ( 'NONE', ( #2908 ), #7654, .T. ) ;
#2692 = EDGE_LOOP ( 'NONE', ( #1579, #7299, #6532, #6990, #8681, #4261, #933, #7110 ) ) ;
#2693 = ORIENTED_EDGE ( 'NONE', *, *, #6339, .F. ) ;
#2694 = CIRCLE ( 'NONE', #1975, 3.000000000000000444 ) ;
#2695 = AXIS2_PLACEMENT_3D ( 'NONE', #3273, #5352, #1986 ) ;
#2696 = AXIS2_PLACEMENT_3D ( 'NONE', #2274, #3022, #1096 ) ;
#2698 = ORIENTED_EDGE ( 'NONE', *, *, #4342, .F. ) ;
#2697 = VECTOR ( 'NONE', #2165, 1000.000000000000000 ) ;
#2699 = CARTESIAN_POINT ( 'NONE',  ( 12.50000000000004796, -2.300000000000000711, 4.549999999999868372 ) ) ;
#2700 = CARTESIAN_POINT ( 'NONE',  ( 2.800000000000062883, 1.450000000000000844, 5.999999999999970690 ) ) ;
#2701 = FILL_AREA_STYLE_COLOUR ( '', #2991 ) ;
#2702 = CARTESIAN_POINT ( 'NONE',  ( 2.649999999999934186, 1.570000000000001172, -6.000000000000027534 ) ) ;
#2703 = VECTOR ( 'NONE', #3539, 1000.000000000000000 ) ;
#2704 = DIRECTION ( 'NONE',  ( 1.000000000000000000, 0.000000000000000000, -1.084202172485506327E-14 ) ) ;
#2705 = CARTESIAN_POINT ( 'NONE',  ( 9.400000000000058975, -0.2499999999999986955, 5.799999999999902123 ) ) ;
#2706 = EDGE_LOOP ( 'NONE', ( #2020, #2829, #623, #113 ) ) ;
#2707 = ORIENTED_EDGE ( 'NONE', *, *, #6172, .T. ) ;
#2708 = ORIENTED_EDGE ( 'NONE', *, *, #2668, .F. ) ;
#2709 = EDGE_CURVE ( 'NONE', #7643, #6459, #2155, .T. ) ;
#2710 = CARTESIAN_POINT ( 'NONE',  ( 2.504999999999934168, 1.450000000000000844, -5.800000000000026468 ) ) ;
#2711 = CARTESIAN_POINT ( 'NONE',  ( 0.5000000000000202061, -2.300000000000000711, 1.926136028425816882 ) ) ;
#2712 = CARTESIAN_POINT ( 'NONE',  ( 11.99999999999993960, -0.2500000000000000000, -5.800000000000126832 ) ) ;
#2713 = CARTESIAN_POINT ( 'NONE',  ( 6.479999999999950688, -2.300000000000000266, -4.550000000000067324 ) ) ;
#2714 = VECTOR ( 'NONE', #3288, 1000.000000000000000 ) ;
#2715 = EDGE_LOOP ( 'NONE', ( #8085, #6999, #1650, #7833 ) ) ;
#2716 = LINE ( 'NONE', #7322, #3395 ) ;
#2717 = DIRECTION ( 'NONE',  ( -1.000000000000000000, 0.000000000000000000, 8.673617379884013384E-15 ) ) ;
#2718 = ADVANCED_FACE ( 'NONE', ( #287 ), #3655, .F. ) ;
#2719 = DIRECTION ( 'NONE',  ( -1.000000000000000000, 0.000000000000000000, 8.673617379884087537E-15 ) ) ;
#2720 = DIRECTION ( 'NONE',  ( 1.000000000000000000, 0.000000000000000000, -8.673617379884013384E-15 ) ) ;
#2721 = LINE ( 'NONE', #7954, #5771 ) ;
#2722 = DIRECTION ( 'NONE',  ( -1.000000000000000000, 0.000000000000000000, 1.156482317317873973E-14 ) ) ;
#2723 = EDGE_CURVE ( 'NONE', #7059, #6510, #2243, .T. ) ;
#2724 = VERTEX_POINT ( 'NONE', #3709 ) ;
#2725 = EDGE_CURVE ( 'NONE', #7548, #7510, #2523, .T. ) ;
#2726 = EDGE_LOOP ( 'NONE', ( #4588, #782, #8649, #5219 ) ) ;
#2727 = LINE ( 'NONE', #5287, #5163 ) ;
#2728 = VERTEX_POINT ( 'NONE', #5021 ) ;
#2729 = EDGE_LOOP ( 'NONE', ( #5837, #7773, #2073, #4287 ) ) ;
#2730 = CARTESIAN_POINT ( 'NONE',  ( 9.249999999999960920, 2.299999999999998934, -4.500000000000097700 ) ) ;
#2731 = CARTESIAN_POINT ( 'NONE',  ( 1.049999999999936096, 1.650000000000000799, -5.920000000000011475 ) ) ;
#2732 = CARTESIAN_POINT ( 'NONE',  ( 9.400000000000066080, 1.600000000000000755, 6.399999999999902656 ) ) ;
#2733 = FACE_OUTER_BOUND ( 'NONE', #502, .T. ) ;
#2734 = CARTESIAN_POINT ( 'NONE',  ( 1.224999999999933031, 1.399999999999999245, -6.400000000000014566 ) ) ;
#2735 = FACE_OUTER_BOUND ( 'NONE', #5734, .T. ) ;
#2736 = VERTEX_POINT ( 'NONE', #4233 ) ;
#2737 = ORIENTED_EDGE ( 'NONE', *, *, #6178, .F. ) ;
#2738 = ORIENTED_EDGE ( 'NONE', *, *, #4341, .F. ) ;
#2739 = PLANE ( 'NONE',  #823 ) ;
#2740 = DIRECTION ( 'NONE',  ( 1.000000000000000000, 0.000000000000000000, -8.673617379884013384E-15 ) ) ;
#2741 = SURFACE_SIDE_STYLE ('',( #26 ) ) ;
#2742 = DIRECTION ( 'NONE',  ( -1.000000000000000000, 0.000000000000000000, 1.047444401652940007E-14 ) ) ;
#2743 = CARTESIAN_POINT ( 'NONE',  ( 12.49999999999995381, -2.300000000000000266, -4.500000000000131450 ) ) ;
#2744 = EDGE_CURVE ( 'NONE', #430, #187, #237, .T. ) ;
#2745 = DIRECTION ( 'NONE',  ( 1.047444401652940007E-14, 1.355252715606880296E-16, 1.000000000000000000 ) ) ;
#2746 = CARTESIAN_POINT ( 'NONE',  ( 1.449999999999939115, -0.3299999999999993494, -5.800000000000015810 ) ) ;
#2747 = VERTEX_POINT ( 'NONE', #4935 ) ;
#2748 = ORIENTED_EDGE ( 'NONE', *, *, #5099, .F. ) ;
#2749 = EDGE_LOOP ( 'NONE', ( #362, #4544, #5469, #683, #5151, #1631, #6818, #4327 ) ) ;
#2750 = CARTESIAN_POINT ( 'NONE',  ( 2.850000000000067146, 1.400000000000000799, 6.399999999999971045 ) ) ;
#2751 = DIRECTION ( 'NONE',  ( -1.000000000000000000, 0.000000000000000000, 1.047444401652940007E-14 ) ) ;
#2752 = ORIENTED_EDGE ( 'NONE', *, *, #7860, .F. ) ;
#2753 = LINE ( 'NONE', #2621, #3512 ) ;
#2754 = EDGE_CURVE ( 'NONE', #1193, #7893, #4284, .T. ) ;
#2755 = ORIENTED_EDGE ( 'NONE', *, *, #7078, .T. ) ;
#2756 = DIRECTION ( 'NONE',  ( 1.000000000000000000, 0.000000000000000000, -8.673617379884051249E-15 ) ) ;
#2757 = DIRECTION ( 'NONE',  ( -1.419551869787371203E-30, 1.000000000000000000, -1.355252715606880543E-16 ) ) ;
#2758 = DIRECTION ( 'NONE',  ( 1.000000000000000000, -0.000000000000000000, -1.047444401652940007E-14 ) ) ;
#2759 = DIRECTION ( 'NONE',  ( 0.000000000000000000, 1.000000000000000000, 0.000000000000000000 ) ) ;
#2760 = CARTESIAN_POINT ( 'NONE',  ( 6.479999999999941807, 2.299999999999998490, -5.450000000000069456 ) ) ;
#2761 = EDGE_CURVE ( 'NONE', #5386, #5498, #969, .T. ) ;
#2762 = CARTESIAN_POINT ( 'NONE',  ( 1.275000000000062750, 1.370000000000000551, 5.999999999999986677 ) ) ;
#2763 = ORIENTED_EDGE ( 'NONE', *, *, #396, .T. ) ;
#2764 = EDGE_LOOP ( 'NONE', ( #6873, #54, #4725, #1989, #1090, #7411, #7301, #2156, #1446, #6233, #32, #1550 ) ) ;
#2765 = EDGE_CURVE ( 'NONE', #305, #2179, #5571, .T. ) ;
#2766 = EDGE_CURVE ( 'NONE', #5802, #1772, #3227, .T. ) ;
#2767 = FACE_OUTER_BOUND ( 'NONE', #6183, .T. ) ;
#2768 = VERTEX_POINT ( 'NONE', #2330 ) ;
#2769 = EDGE_LOOP ( 'NONE', ( #6973, #1565, #1853, #1136 ) ) ;
#2770 = DIRECTION ( 'NONE',  ( 0.8191520442889951292, 0.000000000000000000, 0.5735764363510413855 ) ) ;
#2771 = DIRECTION ( 'NONE',  ( -1.000000000000000000, 0.000000000000000000, 1.084202172485504592E-14 ) ) ;
#2772 = DIRECTION ( 'NONE',  ( 1.000000000000000000, 0.000000000000000000, -1.047444401652940007E-14 ) ) ;
#2773 = CARTESIAN_POINT ( 'NONE',  ( 5.479999999999948912, -0.2899999999999993139, -4.850000000000056488 ) ) ;
#2774 = VECTOR ( 'NONE', #8139, 1000.000000000000000 ) ;
#2775 = CARTESIAN_POINT ( 'NONE',  ( 7.885000000000053078, 2.260000000000000675, 5.349999999999919709 ) ) ;
#2776 = CARTESIAN_POINT ( 'NONE',  ( 11.99999999999995381, 2.460000000000000853, -4.500000000000125233 ) ) ;
#2777 = ORIENTED_EDGE ( 'NONE', *, *, #8088, .T. ) ;
#2778 = VERTEX_POINT ( 'NONE', #2865 ) ;
#2779 = EDGE_CURVE ( 'NONE', #7841, #1182, #901, .T. ) ;
#2780 = ORIENTED_EDGE ( 'NONE', *, *, #917, .F. ) ;
#2781 = LINE ( 'NONE', #3487, #429 ) ;
#2782 = EDGE_CURVE ( 'NONE', #2550, #2654, #2095, .T. ) ;
#2783 = EDGE_CURVE ( 'NONE', #745, #5208, #828, .T. ) ;
#2784 = DIRECTION ( 'NONE',  ( 1.000000000000000000, -0.000000000000000000, -1.047444401652940007E-14 ) ) ;
#2785 = CARTESIAN_POINT ( 'NONE',  ( 2.249999999999935607, -1.399999999999999467, -6.000000000000023981 ) ) ;
#2786 = CARTESIAN_POINT ( 'NONE',  ( 6.279999999999935412, 2.510000000000001119, -5.920000000000066542 ) ) ;
#2787 = CARTESIAN_POINT ( 'NONE',  ( 0.8500000000000672573, 1.400000000000000799, 6.399999999999991473 ) ) ;
#2788 = CARTESIAN_POINT ( 'NONE',  ( 1.369999999999937490, -0.2499999999999993616, -6.000000000000015099 ) ) ;
#2789 = ORIENTED_EDGE ( 'NONE', *, *, #3450, .F. ) ;
#2790 = DIRECTION ( 'NONE',  ( 1.355252715606883254E-16, -1.000000000000000000, -1.419551869787373831E-30 ) ) ;
#2791 = EDGE_CURVE ( 'NONE', #2366, #8533, #8236, .T. ) ;
#2792 = ORIENTED_EDGE ( 'NONE', *, *, #7067, .F. ) ;
#2793 = VECTOR ( 'NONE', #6835, 1000.000000000000000 ) ;
#2794 = ORIENTED_EDGE ( 'NONE', *, *, #1624, .T. ) ;
#2795 = VERTEX_POINT ( 'NONE', #991 ) ;
#2796 = VECTOR ( 'NONE', #4857, 1000.000000000000000 ) ;
#2797 = VECTOR ( 'NONE', #438, 1000.000000000000000 ) ;
#2798 = FACE_OUTER_BOUND ( 'NONE', #4672, .T. ) ;
#2799 = CARTESIAN_POINT ( 'NONE',  ( 9.400000000000058975, -0.2499999999999988065, 5.799999999999901235 ) ) ;
#2800 = EDGE_LOOP ( 'NONE', ( #3473, #6794, #6972, #5443 ) ) ;
#2801 = DIRECTION ( 'NONE',  ( 1.047444401652940007E-14, 0.000000000000000000, 1.000000000000000000 ) ) ;
#2802 = CIRCLE ( 'NONE', #257, 0.3999999999999993006 ) ;
#2803 = AXIS2_PLACEMENT_3D ( 'NONE', #1298, #7527, #1439 ) ;
#2804 = ORIENTED_EDGE ( 'NONE', *, *, #7135, .F. ) ;
#2805 = LINE ( 'NONE', #4886, #1308 ) ;
#2806 = CARTESIAN_POINT ( 'NONE',  ( 9.699999999999945999, -1.399999999999999467, -5.800000000000102851 ) ) ;
#2807 = CARTESIAN_POINT ( 'NONE',  ( 11.49999999999995737, -1.399999999999999245, -4.000000000000121680 ) ) ;
#2808 = ADVANCED_FACE ( 'NONE', ( #8283 ), #6415, .T. ) ;
#2809 = VECTOR ( 'NONE', #6169, 1000.000000000000000 ) ;
#2810 = CYLINDRICAL_SURFACE ( 'NONE', #8099, 0.3999999999999993006 ) ;
#2811 = DIRECTION ( 'NONE',  ( 1.000000000000000000, -0.000000000000000000, -1.047444401652940007E-14 ) ) ;
#2812 = VECTOR ( 'NONE', #3084, 1000.000000000000000 ) ;
#2813 = LINE ( 'NONE', #7377, #3277 ) ;
#2814 = EDGE_LOOP ( 'NONE', ( #5616, #7274, #4201, #2169 ) ) ;
#2815 = ORIENTED_EDGE ( 'NONE', *, *, #5310, .F. ) ;
#2816 = VERTEX_POINT ( 'NONE', #804 ) ;
#2817 = EDGE_LOOP ( 'NONE', ( #4590, #2246, #6261, #4734 ) ) ;
#2818 = DIRECTION ( 'NONE',  ( 1.047444401652940007E-14, 0.000000000000000000, 1.000000000000000000 ) ) ;
#2819 = DIRECTION ( 'NONE',  ( 1.000000000000000000, 0.000000000000000000, -1.047444401652940007E-14 ) ) ;
#2820 = EDGE_CURVE ( 'NONE', #7355, #5444, #6232, .T. ) ;
#2821 = LINE ( 'NONE', #5525, #5196 ) ;
#2822 = LINE ( 'NONE', #950, #2507 ) ;
#2823 = EDGE_CURVE ( 'NONE', #64, #5548, #6277, .T. ) ;
#2824 = CARTESIAN_POINT ( 'NONE',  ( 0.6500000000000405453, 1.450000000000000844, 4.349999999999995204 ) ) ;
#2825 = DIRECTION ( 'NONE',  ( -1.419551869787370853E-30, 1.000000000000000000, -1.355252715606880296E-16 ) ) ;
#2826 = VECTOR ( 'NONE', #2742, 1000.000000000000000 ) ;
#2827 = VERTEX_POINT ( 'NONE', #2445 ) ;
#2828 = AXIS2_PLACEMENT_3D ( 'NONE', #6616, #5959, #1902 ) ;
#2829 = ORIENTED_EDGE ( 'NONE', *, *, #6786, .F. ) ;
#2830 = VERTEX_POINT ( 'NONE', #5828 ) ;
#2831 = AXIS2_PLACEMENT_3D ( 'NONE', #7169, #7918, #3167 ) ;
#2832 = AXIS2_PLACEMENT_3D ( 'NONE', #4698, #7277, #569 ) ;
#2833 = DIRECTION ( 'NONE',  ( 1.000000000000000000, 0.000000000000000000, -1.047444401652940007E-14 ) ) ;
#2834 = VECTOR ( 'NONE', #465, 1000.000000000000000 ) ;
#2835 = LINE ( 'NONE', #6200, #4783 ) ;
#2836 = DIRECTION ( 'NONE',  ( -1.047444401652940007E-14, 0.000000000000000000, -1.000000000000000000 ) ) ;
#2837 = DIRECTION ( 'NONE',  ( -1.040834085586085203E-14, -4.336808689942021680E-16, -1.000000000000000000 ) ) ;
#2838 = CARTESIAN_POINT ( 'NONE',  ( 4.465421043656687239, 0.1100000000000019712, -5.800000000000046896 ) ) ;
#2839 = DIRECTION ( 'NONE',  ( 0.000000000000000000, 1.000000000000000000, 0.000000000000000000 ) ) ;
#2840 = VERTEX_POINT ( 'NONE', #2364 ) ;
#2841 = DIRECTION ( 'NONE',  ( -1.000000000000000000, 0.000000000000000000, 1.047444401652940007E-14 ) ) ;
#2842 = ORIENTED_EDGE ( 'NONE', *, *, #1730, .F. ) ;
#2843 =( GEOMETRIC_REPRESENTATION_CONTEXT ( 3 ) GLOBAL_UNCERTAINTY_ASSIGNED_CONTEXT ( ( #5047 ) ) GLOBAL_UNIT_ASSIGNED_CONTEXT ( ( #7575, #3066, #5140 ) ) REPRESENTATION_CONTEXT ( 'NONE', 'WORKASPACE' ) );
#2844 = VECTOR ( 'NONE', #4155, 1000.000000000000000 ) ;
#2845 = ORIENTED_EDGE ( 'NONE', *, *, #6132, .F. ) ;
#2846 = EDGE_CURVE ( 'NONE', #430, #647, #7198, .T. ) ;
#2847 = ORIENTED_EDGE ( 'NONE', *, *, #8391, .F. ) ;
#2848 = CIRCLE ( 'NONE', #1567, 1.800000000000000266 ) ;
#2849 = AXIS2_PLACEMENT_3D ( 'NONE', #1057, #3023, #7813 ) ;
#2850 = CARTESIAN_POINT ( 'NONE',  ( 3.050000000000045119, 1.450000000000000844, 4.349999999999970335 ) ) ;
#2851 = FACE_OUTER_BOUND ( 'NONE', #2126, .T. ) ;
#2852 = FACE_OUTER_BOUND ( 'NONE', #2384, .T. ) ;
#2853 = UNCERTAINTY_MEASURE_WITH_UNIT (LENGTH_MEASURE( 1.000000000000000082E-05 ), #39, 'distance_accuracy_value', 'NONE');
#2854 =( NAMED_UNIT ( * ) SI_UNIT ( $, .STERADIAN. ) SOLID_ANGLE_UNIT ( ) );
#2855 = ORIENTED_EDGE ( 'NONE', *, *, #2121, .T. ) ;
#2856 = CARTESIAN_POINT ( 'NONE',  ( 11.10000000000006359, -0.2499999999999989175, 5.999999999999883649 ) ) ;
#2857 = ORIENTED_EDGE ( 'NONE', *, *, #7191, .F. ) ;
#2858 = LINE ( 'NONE', #6362, #2449 ) ;
#2859 = FACE_OUTER_BOUND ( 'NONE', #5495, .T. ) ;
#2860 = CARTESIAN_POINT ( 'NONE',  ( 9.400000000000058975, -0.2499999999999986955, 5.799999999999902123 ) ) ;
#2861 = DIRECTION ( 'NONE',  ( -1.000000000000000000, 0.000000000000000000, 1.047444401652940007E-14 ) ) ;
#2862 = ADVANCED_FACE ( 'NONE', ( #1861 ), #1066, .T. ) ;
#2863 = CARTESIAN_POINT ( 'NONE',  ( 2.549999999999962963, 1.650000000000000799, -3.100000000000028066 ) ) ;
#2864 = AXIS2_PLACEMENT_3D ( 'NONE', #5511, #8231, #1286 ) ;
#2865 = CARTESIAN_POINT ( 'NONE',  ( 9.400000000000066080, 1.600000000000000755, 6.399999999999902656 ) ) ;
#2866 = EDGE_CURVE ( 'NONE', #441, #7957, #3928, .T. ) ;
#2867 = ORIENTED_EDGE ( 'NONE', *, *, #6963, .F. ) ;
#2868 = ORIENTED_EDGE ( 'NONE', *, *, #2894, .T. ) ;
#2869 = ORIENTED_EDGE ( 'NONE', *, *, #4128, .F. ) ;
#2870 = VERTEX_POINT ( 'NONE', #7857 ) ;
#2871 = LINE ( 'NONE', #3003, #8038 ) ;
#2872 = AXIS2_PLACEMENT_3D ( 'NONE', #2382, #5080, #5725 ) ;
#2873 = LINE ( 'NONE', #6950, #5220 ) ;
#2874 = LINE ( 'NONE', #2371, #1103 ) ;
#2875 = DIRECTION ( 'NONE',  ( 1.047444401652940007E-14, 0.000000000000000000, 1.000000000000000000 ) ) ;
#2876 = FACE_OUTER_BOUND ( 'NONE', #6904, .T. ) ;
#2877 = ORIENTED_EDGE ( 'NONE', *, *, #6522, .F. ) ;
#2878 = ORIENTED_EDGE ( 'NONE', *, *, #4613, .T. ) ;
#2879 = ORIENTED_EDGE ( 'NONE', *, *, #7534, .T. ) ;
#2880 = EDGE_CURVE ( 'NONE', #7076, #7737, #8538, .T. ) ;
#2881 = CARTESIAN_POINT ( 'NONE',  ( 1.650000000000061195, -1.560703055139994522, 5.799999999999982947 ) ) ;
#2882 = LINE ( 'NONE', #5586, #3932 ) ;
#2883 = DIRECTION ( 'NONE',  ( 1.055258471364547290E-14, 0.000000000000000000, 1.000000000000000000 ) ) ;
#2884 = CARTESIAN_POINT ( 'NONE',  ( 0.9000000000000403233, 1.730000000000000870, 4.349999999999992539 ) ) ;
#2885 = DIRECTION ( 'NONE',  ( 0.000000000000000000, -1.000000000000000000, 0.000000000000000000 ) ) ;
#2886 = CARTESIAN_POINT ( 'NONE',  ( 7.589999999999956337, 0.05999999999999997002, -4.850000000000079581 ) ) ;
#2887 = ORIENTED_EDGE ( 'NONE', *, *, #6445, .F. ) ;
#2888 = DIRECTION ( 'NONE',  ( 0.000000000000000000, 1.000000000000000000, 0.000000000000000000 ) ) ;
#2889 = EDGE_CURVE ( 'NONE', #7569, #1633, #5141, .T. ) ;
#2890 = ORIENTED_EDGE ( 'NONE', *, *, #1882, .T. ) ;
#2891 = ORIENTED_EDGE ( 'NONE', *, *, #7406, .F. ) ;
#2892 = EDGE_CURVE ( 'NONE', #6731, #3807, #483, .T. ) ;
#2893 = ORIENTED_EDGE ( 'NONE', *, *, #8008, .T. ) ;
#2894 = EDGE_CURVE ( 'NONE', #8093, #7719, #5742, .T. ) ;
#2895 = EDGE_CURVE ( 'NONE', #7620, #514, #449, .T. ) ;
#2896 = DIRECTION ( 'NONE',  ( 1.047444401652940007E-14, -3.401418580346681312E-16, 1.000000000000000000 ) ) ;
#2897 = DIRECTION ( 'NONE',  ( -1.047444401652940007E-14, 0.000000000000000000, -1.000000000000000000 ) ) ;
#2898 = CARTESIAN_POINT ( 'NONE',  ( 7.489999999999955804, 0.8749999999999968914, -4.850000000000077804 ) ) ;
#2899 = DIRECTION ( 'NONE',  ( 1.047444401652940007E-14, 0.000000000000000000, 1.000000000000000000 ) ) ;
#2900 = ORIENTED_EDGE ( 'NONE', *, *, #927, .F. ) ;
#2901 = DIRECTION ( 'NONE',  ( 1.047444401652940007E-14, 0.000000000000000000, 1.000000000000000000 ) ) ;
#2902 = VERTEX_POINT ( 'NONE', #401 ) ;
#2903 = CARTESIAN_POINT ( 'NONE',  ( 4.315421043656686884, 2.260000000000000675, -5.900000000000044764 ) ) ;
#2904 = LINE ( 'NONE', #7648, #1115 ) ;
#2905 = CARTESIAN_POINT ( 'NONE',  ( 3.050000000000043343, 1.450000000000000844, 4.149999999999971045 ) ) ;
#2906 = EDGE_CURVE ( 'NONE', #4311, #1514, #5900, .T. ) ;
#2907 = DIRECTION ( 'NONE',  ( -1.000000000000000000, 0.000000000000000000, 1.084202172485504592E-14 ) ) ;
#2908 = FACE_OUTER_BOUND ( 'NONE', #3027, .T. ) ;
#2909 = ORIENTED_EDGE ( 'NONE', *, *, #2880, .T. ) ;
#2910 = ORIENTED_EDGE ( 'NONE', *, *, #2665, .T. ) ;
#2911 = ORIENTED_EDGE ( 'NONE', *, *, #5709, .F. ) ;
#2912 = ORIENTED_EDGE ( 'NONE', *, *, #8134, .T. ) ;
#2913 = CARTESIAN_POINT ( 'NONE',  ( 12.00000000000005507, 2.300000000000000711, 5.249999999999872102 ) ) ;
#2914 = CARTESIAN_POINT ( 'NONE',  ( 11.90000000000005898, -1.399999999999999245, 5.799999999999875477 ) ) ;
#2915 = PLANE ( 'NONE',  #4507 ) ;
#2916 = CARTESIAN_POINT ( 'NONE',  ( 4.471067811865474972, 0.000000000000000000, -4.683194948949152093E-14 ) ) ;
#2917 = ORIENTED_EDGE ( 'NONE', *, *, #3176, .F. ) ;
#2918 = VERTEX_POINT ( 'NONE', #8618 ) ;
#2919 = ORIENTED_EDGE ( 'NONE', *, *, #7130, .T. ) ;
#2920 = PLANE ( 'NONE',  #5241 ) ;
#2921 = VECTOR ( 'NONE', #6003, 1000.000000000000000 ) ;
#2922 = FACE_OUTER_BOUND ( 'NONE', #2298, .T. ) ;
#2923 = CARTESIAN_POINT ( 'NONE',  ( 0.6500000000000382139, 1.450000000000000844, 4.149999999999996803 ) ) ;
#2924 = EDGE_CURVE ( 'NONE', #5258, #7142, #1812, .T. ) ;
#2925 = CARTESIAN_POINT ( 'NONE',  ( 10.99999999999993783, 1.599999999999997646, -5.800000000000117062 ) ) ;
#2926 = CARTESIAN_POINT ( 'NONE',  ( 11.99999999999995381, -1.939999999999999059, -4.500000000000125233 ) ) ;
#2927 = LINE ( 'NONE', #2068, #5553 ) ;
#2928 = ORIENTED_EDGE ( 'NONE', *, *, #3500, .T. ) ;
#2929 = LINE ( 'NONE', #1548, #6399 ) ;
#2930 = ORIENTED_EDGE ( 'NONE', *, *, #2820, .F. ) ;
#2931 = VERTEX_POINT ( 'NONE', #2536 ) ;
#2932 = ORIENTED_EDGE ( 'NONE', *, *, #7815, .F. ) ;
#2933 = EDGE_CURVE ( 'NONE', #6382, #4634, #3776, .T. ) ;
#2934 = LINE ( 'NONE', #6877, #1568 ) ;
#2935 = CARTESIAN_POINT ( 'NONE',  ( 11.09999999999993925, -0.2499999999999989175, -5.800000000000117950 ) ) ;
#2936 = AXIS2_PLACEMENT_3D ( 'NONE', #6557, #3892, #602 ) ;
#2937 = CARTESIAN_POINT ( 'NONE',  ( 5.030000000000058868, 0.06000000000000063616, 5.799999999999947420 ) ) ;
#2938 = ADVANCED_FACE ( 'NONE', ( #7902 ), #4531, .T. ) ;
#2939 = EDGE_CURVE ( 'NONE', #2918, #893, #5231, .T. ) ;
#2940 = DIRECTION ( 'NONE',  ( 1.078421606581097254E-14, 0.000000000000000000, 1.000000000000000000 ) ) ;
#2941 = ORIENTED_EDGE ( 'NONE', *, *, #1729, .T. ) ;
#2942 = CARTESIAN_POINT ( 'NONE',  ( 9.249999999999941380, -0.2500000000000005551, -6.400000000000097167 ) ) ;
#2943 = AXIS2_PLACEMENT_3D ( 'NONE', #546, #5391, #2015 ) ;
#2944 = ORIENTED_EDGE ( 'NONE', *, *, #3606, .T. ) ;
#2945 = VECTOR ( 'NONE', #8562, 1000.000000000000000 ) ;
#2946 = CARTESIAN_POINT ( 'NONE',  ( 0.8000000000000715428, 2.510000000000001119, 6.749999999999992895 ) ) ;
#2947 = DIRECTION ( 'NONE',  ( 1.000000000000000000, 0.000000000000000000, -1.047444401652940007E-14 ) ) ;
#2948 = CARTESIAN_POINT ( 'NONE',  ( 12.25000000000004796, -1.939999999999999059, 4.499999999999871214 ) ) ;
#2949 = CARTESIAN_POINT ( 'NONE',  ( 11.99999999999984546, 2.260000000000000675, -14.75411377792233125 ) ) ;
#2950 = CARTESIAN_POINT ( 'NONE',  ( 2.475000000000060929, 1.400000000000001021, 5.799999999999973177 ) ) ;
#2951 = ORIENTED_EDGE ( 'NONE', *, *, #2565, .F. ) ;
#2952 = VECTOR ( 'NONE', #1069, 1000.000000000000000 ) ;
#2953 = EDGE_LOOP ( 'NONE', ( #5956, #1617, #8669, #7403 ) ) ;
#2954 = ORIENTED_EDGE ( 'NONE', *, *, #3758, .T. ) ;
#2955 = ORIENTED_EDGE ( 'NONE', *, *, #1027, .T. ) ;
#2956 = AXIS2_PLACEMENT_3D ( 'NONE', #2360, #5055, #7776 ) ;
#2957 = CARTESIAN_POINT ( 'NONE',  ( 7.785000000000060538, -0.1900000000000010292, 5.799999999999918998 ) ) ;
#2958 = AXIS2_PLACEMENT_3D ( 'NONE', #8780, #2213, #3401 ) ;
#2959 = DIRECTION ( 'NONE',  ( 1.000000000000000000, 0.000000000000000000, -1.047444401652940007E-14 ) ) ;
#2960 = CARTESIAN_POINT ( 'NONE',  ( 2.475000000000060929, -0.2499999999999985012, 5.799999999999974065 ) ) ;
#2961 = CARTESIAN_POINT ( 'NONE',  ( 10.09999999999994458, -1.560703055139993412, -6.000000000000106581 ) ) ;
#2962 = VECTOR ( 'NONE', #710, 1000.000000000000000 ) ;
#2963 = ORIENTED_EDGE ( 'NONE', *, *, #6561, .F. ) ;
#2964 = VECTOR ( 'NONE', #3922, 1000.000000000000000 ) ;
#2965 = VECTOR ( 'NONE', #2636, 1000.000000000000000 ) ;
#2966 = VERTEX_POINT ( 'NONE', #7783 ) ;
#2967 = CARTESIAN_POINT ( 'NONE',  ( 11.99999999999994493, 2.300000000000000711, -5.250000000000123457 ) ) ;
#2968 = CARTESIAN_POINT ( 'NONE',  ( 2.250000000000059064, -0.2499999999999996669, 5.799999999999976730 ) ) ;
#2969 = DIRECTION ( 'NONE',  ( 0.000000000000000000, 1.000000000000000000, 0.000000000000000000 ) ) ;
#2970 = EDGE_CURVE ( 'NONE', #7479, #5584, #8354, .T. ) ;
#2971 = PLANE ( 'NONE',  #7219 ) ;
#2972 = CARTESIAN_POINT ( 'NONE',  ( 2.249999999999937828, -1.560703055139994522, -5.800000000000023803 ) ) ;
#2973 = PLANE ( 'NONE',  #1719 ) ;
#2974 = ORIENTED_EDGE ( 'NONE', *, *, #5300, .F. ) ;
#2975 = ORIENTED_EDGE ( 'NONE', *, *, #1837, .T. ) ;
#2976 = VERTEX_POINT ( 'NONE', #4410 ) ;
#2977 = VECTOR ( 'NONE', #868, 1000.000000000000000 ) ;
#2979 = VERTEX_POINT ( 'NONE', #7123 ) ;
#2978 = AXIS2_PLACEMENT_3D ( 'NONE', #2639, #3483, #7429 ) ;
#2980 = DIRECTION ( 'NONE',  ( 1.000000000000000000, 0.000000000000000000, -1.055258471364547290E-14 ) ) ;
#2981 = LINE ( 'NONE', #5694, #4655 ) ;
#2982 = CIRCLE ( 'NONE', #8647, 1.900000000000000355 ) ;
#2983 = VECTOR ( 'NONE', #8746, 1000.000000000000000 ) ;
#2984 = CARTESIAN_POINT ( 'NONE',  ( 1.650000000000061195, 1.450000000000000844, 5.799999999999982947 ) ) ;
#2985 = VECTOR ( 'NONE', #729, 1000.000000000000000 ) ;
#2986 = DIRECTION ( 'NONE',  ( 1.047444401652940007E-14, 0.000000000000000000, 1.000000000000000000 ) ) ;
#2987 = ORIENTED_EDGE ( 'NONE', *, *, #274, .F. ) ;
#2988 = LINE ( 'NONE', #8315, #1668 ) ;
#2989 = ORIENTED_EDGE ( 'NONE', *, *, #5071, .T. ) ;
#2990 = AXIS2_PLACEMENT_3D ( 'NONE', #8605, #4598, #5985 ) ;
#2991 = COLOUR_RGB ( '',0.7921568627450980005, 0.8196078431372548767, 0.9333333333333333481 ) ;
#2992 = FACE_OUTER_BOUND ( 'NONE', #8096, .T. ) ;
#2993 = ADVANCED_FACE ( 'NONE', ( #3112 ), #1032, .T. ) ;
#2994 = CARTESIAN_POINT ( 'NONE',  ( 2.474999999999939693, 1.399999999999999245, -5.800000000000025580 ) ) ;
#2995 = CARTESIAN_POINT ( 'NONE',  ( 12.00000000000005684, 2.300000000000000711, 5.390421043656621336 ) ) ;
#2996 = DIRECTION ( 'NONE',  ( -1.047444401652940007E-14, 0.000000000000000000, -1.000000000000000000 ) ) ;
#2997 = VECTOR ( 'NONE', #253, 1000.000000000000000 ) ;
#2998 = DIRECTION ( 'NONE',  ( 0.000000000000000000, 1.000000000000000000, 0.000000000000000000 ) ) ;
#2999 = ORIENTED_EDGE ( 'NONE', *, *, #7592, .T. ) ;
#3000 = ORIENTED_EDGE ( 'NONE', *, *, #1381, .F. ) ;
#3001 = ADVANCED_FACE ( 'NONE', ( #8493 ), #6486, .T. ) ;
#3002 = ORIENTED_EDGE ( 'NONE', *, *, #3298, .F. ) ;
#3003 = CARTESIAN_POINT ( 'NONE',  ( 7.489999999999953140, 2.260000000000000675, -5.100000000000076916 ) ) ;
#3004 = CARTESIAN_POINT ( 'NONE',  ( 6.529999999999951399, 0.000000000000000000, -4.500000000000069278 ) ) ;
#3005 = FACE_OUTER_BOUND ( 'NONE', #4150, .T. ) ;
#3006 = LINE ( 'NONE', #1161, #4625 ) ;
#3007 = AXIS2_PLACEMENT_3D ( 'NONE', #1045, #3202, #372 ) ;
#3008 = EDGE_CURVE ( 'NONE', #3615, #4897, #6656, .T. ) ;
#3009 = EDGE_CURVE ( 'NONE', #6441, #7466, #6699, .T. ) ;
#3010 = ORIENTED_EDGE ( 'NONE', *, *, #7944, .F. ) ;
#3011 = MECHANICAL_DESIGN_GEOMETRIC_PRESENTATION_REPRESENTATION (  '', ( #3721 ), #8675 ) ;
#3012 = ORIENTED_EDGE ( 'NONE', *, *, #2970, .F. ) ;
#3013 = DIRECTION ( 'NONE',  ( 1.060586246167915856E-14, 0.000000000000000000, 1.000000000000000000 ) ) ;
#3014 = DIRECTION ( 'NONE',  ( -1.155864618901490608E-14, 0.000000000000000000, -1.000000000000000000 ) ) ;
#3015 = DIRECTION ( 'NONE',  ( 1.047444401652940007E-14, 0.000000000000000000, 1.000000000000000000 ) ) ;
#3016 = CARTESIAN_POINT ( 'NONE',  ( 0.8500000000000672573, 1.400000000000000799, 6.399999999999991473 ) ) ;
#3017 = FILL_AREA_STYLE_COLOUR ( '', #8537 ) ;
#3018 = EDGE_LOOP ( 'NONE', ( #4239, #2147, #8195, #3711, #7878, #5127 ) ) ;
#3019 = ORIENTED_EDGE ( 'NONE', *, *, #756, .T. ) ;
#3020 = EDGE_LOOP ( 'NONE', ( #207, #3636, #1805, #3771 ) ) ;
#3021 = ORIENTED_EDGE ( 'NONE', *, *, #3685, .F. ) ;
#3022 = DIRECTION ( 'NONE',  ( -1.047444401652940007E-14, -3.401418580346681312E-16, -1.000000000000000000 ) ) ;
#3023 = DIRECTION ( 'NONE',  ( -1.000000000000000000, 0.000000000000000000, 1.047444401652940007E-14 ) ) ;
#3024 = DIRECTION ( 'NONE',  ( -1.069746143519030936E-14, -8.881784197001252323E-15, -1.000000000000000000 ) ) ;
#3025 = FACE_OUTER_BOUND ( 'NONE', #3765, .T. ) ;
#3026 = ORIENTED_EDGE ( 'NONE', *, *, #807, .F. ) ;
#3027 = EDGE_LOOP ( 'NONE', ( #7047, #7144, #4202, #6756, #2877, #7672, #6513, #1523, #2975, #2944 ) ) ;
#3028 = DIRECTION ( 'NONE',  ( 0.000000000000000000, -1.000000000000000000, -0.000000000000000000 ) ) ;
#3029 = LINE ( 'NONE', #1884, #6055 ) ;
#3030 = DIRECTION ( 'NONE',  ( 0.000000000000000000, -1.000000000000000000, -0.000000000000000000 ) ) ;
#3031 = DIRECTION ( 'NONE',  ( 0.7071067811865427988, 0.7071067811865522357, -7.406550393246747516E-15 ) ) ;
#3032 = CARTESIAN_POINT ( 'NONE',  ( 5.480000000000060822, -0.2899999999999993139, 5.799999999999942979 ) ) ;
#3033 = EDGE_CURVE ( 'NONE', #2510, #8165, #2753, .T. ) ;
#3034 = ORIENTED_EDGE ( 'NONE', *, *, #3978, .F. ) ;
#3035 = VERTEX_POINT ( 'NONE', #7985 ) ;
#3036 = CARTESIAN_POINT ( 'NONE',  ( 0.4999999999999877320, -1.579245872769683862E-16, -1.165277777777782964 ) ) ;
#3037 = CARTESIAN_POINT ( 'NONE',  ( 3.875000000000071054, 2.510000000000001119, 6.749999999999960920 ) ) ;
#3038 = CARTESIAN_POINT ( 'NONE',  ( 12.00000000000007105, 2.510000000000001119, 6.749999999999875655 ) ) ;
#3039 = CARTESIAN_POINT ( 'NONE',  ( 4.315421043656687772, -0.2500000000000002220, -5.800000000000044231 ) ) ;
#3040 = EDGE_CURVE ( 'NONE', #4189, #1549, #5453, .T. ) ;
#3041 = EDGE_CURVE ( 'NONE', #5685, #7825, #4088, .T. ) ;
#3042 = ORIENTED_EDGE ( 'NONE', *, *, #2823, .F. ) ;
#3043 = EDGE_CURVE ( 'NONE', #275, #6589, #8803, .T. ) ;
#3044 = ORIENTED_EDGE ( 'NONE', *, *, #5994, .T. ) ;
#3045 = CARTESIAN_POINT ( 'NONE',  ( 1.225000000000050715, -0.2499999999999988065, 4.799999999999986500 ) ) ;
#3046 = DIRECTION ( 'NONE',  ( -1.060996928809008812E-14, 0.000000000000000000, -1.000000000000000000 ) ) ;
#3047 = CARTESIAN_POINT ( 'NONE',  ( 1.355000000000060600, -0.1699999999999992628, 5.799999999999986500 ) ) ;
#3048 = CARTESIAN_POINT ( 'NONE',  ( 12.00000000000005684, 2.260000000000000675, 5.390421043656620448 ) ) ;
#3049 = VERTEX_POINT ( 'NONE', #3420 ) ;
#3050 = ORIENTED_EDGE ( 'NONE', *, *, #3312, .F. ) ;
#3051 = EDGE_CURVE ( 'NONE', #3722, #8145, #7062, .T. ) ;
#3052 = ORIENTED_EDGE ( 'NONE', *, *, #1419, .F. ) ;
#3053 = EDGE_CURVE ( 'NONE', #6433, #305, #1995, .T. ) ;
#3054 = ORIENTED_EDGE ( 'NONE', *, *, #29, .T. ) ;
#3055 = EDGE_CURVE ( 'NONE', #8533, #2307, #4137, .T. ) ;
#3056 = EDGE_CURVE ( 'NONE', #2979, #3646, #5315, .T. ) ;
#3057 = CARTESIAN_POINT ( 'NONE',  ( 6.279999999999938076, 2.260000000000000675, -5.650000000000066080 ) ) ;
#3058 = DIRECTION ( 'NONE',  ( -1.047444401652940007E-14, 0.000000000000000000, -1.000000000000000000 ) ) ;
#3059 = CARTESIAN_POINT ( 'NONE',  ( -1.200000000000000400, 0.000000000000000000, 1.256933281983528323E-14 ) ) ;
#3060 = CARTESIAN_POINT ( 'NONE',  ( 2.800000000000043343, 1.850000000000000977, 4.149999999999973710 ) ) ;
#3061 = ORIENTED_EDGE ( 'NONE', *, *, #6994, .T. ) ;
#3062 = VERTEX_POINT ( 'NONE', #6793 ) ;
#3063 = DIRECTION ( 'NONE',  ( 1.047444401652940007E-14, 0.000000000000000000, 1.000000000000000000 ) ) ;
#3064 = CARTESIAN_POINT ( 'NONE',  ( 0.000000000000000000, 2.300000000000000711, 0.000000000000000000 ) ) ;
#3065 = LINE ( 'NONE', #6482, #2547 ) ;
#3066 =( NAMED_UNIT ( * ) PLANE_ANGLE_UNIT ( ) SI_UNIT ( $, .RADIAN. ) );
#3067 = DIRECTION ( 'NONE',  ( 1.047444401652940007E-14, 0.000000000000000000, 1.000000000000000000 ) ) ;
#3068 = VECTOR ( 'NONE', #6023, 1000.000000000000000 ) ;
#3069 = ORIENTED_EDGE ( 'NONE', *, *, #1147, .T. ) ;
#3070 = ADVANCED_FACE ( 'NONE', ( #1368, #2581 ), #5952, .T. ) ;
#3071 = ORIENTED_EDGE ( 'NONE', *, *, #7482, .T. ) ;
#3072 = FACE_OUTER_BOUND ( 'NONE', #6185, .T. ) ;
#3073 = CARTESIAN_POINT ( 'NONE',  ( -2.600000000000000089, 0.000000000000000000, 2.723355444297644017E-14 ) ) ;
#3074 = CIRCLE ( 'NONE', #1218, 0.08000000000000020983 ) ;
#3075 = FACE_OUTER_BOUND ( 'NONE', #5865, .T. ) ;
#3076 = LINE ( 'NONE', #1657, #8472 ) ;
#3077 = ORIENTED_EDGE ( 'NONE', *, *, #3978, .T. ) ;
#3078 = AXIS2_PLACEMENT_3D ( 'NONE', #6949, #4854, #3712 ) ;
#3079 = EDGE_CURVE ( 'NONE', #8704, #5324, #656, .T. ) ;
#3080 = ORIENTED_EDGE ( 'NONE', *, *, #7774, .F. ) ;
#3081 = CARTESIAN_POINT ( 'NONE',  ( 3.875000000000042633, 2.510000000000001119, 3.999999999999959144 ) ) ;
#3082 = LINE ( 'NONE', #5720, #5691 ) ;
#3083 = EDGE_CURVE ( 'NONE', #619, #7882, #4658, .T. ) ;
#3084 = DIRECTION ( 'NONE',  ( 1.047444401652940007E-14, 2.032879073410320321E-16, 1.000000000000000000 ) ) ;
#3085 = CARTESIAN_POINT ( 'NONE',  ( 11.49999999999993783, 2.259999999999998899, -5.900000000000121148 ) ) ;
#3086 = VECTOR ( 'NONE', #6405, 1000.000000000000000 ) ;
#3087 = AXIS2_PLACEMENT_3D ( 'NONE', #7297, #3261, #3976 ) ;
#3088 = CARTESIAN_POINT ( 'NONE',  ( 3.875000000000061284, -0.1900000000000003353, 5.799999999999959854 ) ) ;
#3089 = CIRCLE ( 'NONE', #268, 0.1000000000000000472 ) ;
#3090 = DIRECTION ( 'NONE',  ( 1.000000000000000000, 0.000000000000000000, -8.673617379884013384E-15 ) ) ;
#3091 = VERTEX_POINT ( 'NONE', #7366 ) ;
#3092 = ORIENTED_EDGE ( 'NONE', *, *, #7746, .T. ) ;
#3093 = ORIENTED_EDGE ( 'NONE', *, *, #6601, .T. ) ;
#3094 = AXIS2_PLACEMENT_3D ( 'NONE', #2674, #8, #2722 ) ;
#3095 = ORIENTED_EDGE ( 'NONE', *, *, #1075, .F. ) ;
#3096 = CARTESIAN_POINT ( 'NONE',  ( 0.9800000000000570477, 1.650000000000000799, 5.799999999999990052 ) ) ;
#3097 = CARTESIAN_POINT ( 'NONE',  ( 1.549999999999992717, 2.260000000000000675, -0.7000000000000172751 ) ) ;
#3098 = DIRECTION ( 'NONE',  ( 0.000000000000000000, 1.000000000000000000, 0.000000000000000000 ) ) ;
#3099 = DIRECTION ( 'NONE',  ( 1.000000000000000000, 0.000000000000000000, -1.047444401652940007E-14 ) ) ;
#3100 = DIRECTION ( 'NONE',  ( 0.000000000000000000, 1.000000000000000000, 0.000000000000000000 ) ) ;
#3101 = EDGE_CURVE ( 'NONE', #1479, #2728, #5781, .T. ) ;
#3102 = ORIENTED_EDGE ( 'NONE', *, *, #1505, .T. ) ;
#3103 = VECTOR ( 'NONE', #3339, 1000.000000000000000 ) ;
#3104 = VECTOR ( 'NONE', #8783, 1000.000000000000000 ) ;
#3105 = VECTOR ( 'NONE', #3565, 1000.000000000000000 ) ;
#3106 = ORIENTED_EDGE ( 'NONE', *, *, #1935, .F. ) ;
#3107 = AXIS2_PLACEMENT_3D ( 'NONE', #2079, #7642, #5411 ) ;
#3108 = CIRCLE ( 'NONE', #1258, 0.1000000000000002554 ) ;
#3109 = CARTESIAN_POINT ( 'NONE',  ( 4.465421043656687239, -0.03999999999999801631, -5.800000000000046896 ) ) ;
#3110 = CARTESIAN_POINT ( 'NONE',  ( 2.850000000000067146, 1.400000000000000799, 6.399999999999971045 ) ) ;
#3111 = SURFACE_STYLE_FILL_AREA ( #4409 ) ;
#3112 = FACE_OUTER_BOUND ( 'NONE', #2220, .T. ) ;
#3113 = CIRCLE ( 'NONE', #6093, 0.1000000000000002554 ) ;
#3114 = AXIS2_PLACEMENT_3D ( 'NONE', #2180, #2790, #7440 ) ;
#3115 = AXIS2_PLACEMENT_3D ( 'NONE', #3766, #350, #7014 ) ;
#3116 = AXIS2_PLACEMENT_3D ( 'NONE', #19, #3441, #4813 ) ;
#3117 = EDGE_CURVE ( 'NONE', #3668, #7125, #2036, .T. ) ;
#3118 = VERTEX_POINT ( 'NONE', #4000 ) ;
#3119 = ORIENTED_EDGE ( 'NONE', *, *, #6390, .F. ) ;
#3120 = CARTESIAN_POINT ( 'NONE',  ( 5.030000000000061533, 0.06000000000000066391, 6.049999999999946532 ) ) ;
#3121 = DIRECTION ( 'NONE',  ( -3.562796849662422407E-30, 1.000000000000000000, -3.401418580346681312E-16 ) ) ;
#3122 = FACE_OUTER_BOUND ( 'NONE', #5211, .T. ) ;
#3123 = LINE ( 'NONE', #7, #5051 ) ;
#3124 = VECTOR ( 'NONE', #564, 1000.000000000000000 ) ;
#3125 = EDGE_CURVE ( 'NONE', #5760, #495, #5412, .T. ) ;
#3126 = ORIENTED_EDGE ( 'NONE', *, *, #6644, .T. ) ;
#3127 = VERTEX_POINT ( 'NONE', #7509 ) ;
#3128 = ORIENTED_EDGE ( 'NONE', *, *, #3417, .F. ) ;
#3129 = CARTESIAN_POINT ( 'NONE',  ( -2.799999999999979838, 0.000000000000000000, 1.900000000000029665 ) ) ;
#3130 = DIRECTION ( 'NONE',  ( 1.000000000000000000, 0.000000000000000000, -1.047444401652940007E-14 ) ) ;
#3131 = CARTESIAN_POINT ( 'NONE',  ( 0.5000000000000000000, 0.000000000000000000, -5.237222008264700033E-15 ) ) ;
#3132 = LINE ( 'NONE', #3169, #649 ) ;
#3133 = DIRECTION ( 'NONE',  ( -1.155864618901490608E-14, 0.000000000000000000, -1.000000000000000000 ) ) ;
#3134 = ORIENTED_EDGE ( 'NONE', *, *, #3266, .F. ) ;
#3135 = ORIENTED_EDGE ( 'NONE', *, *, #5022, .F. ) ;
#3136 = VECTOR ( 'NONE', #4795, 1000.000000000000000 ) ;
#3138 = ORIENTED_EDGE ( 'NONE', *, *, #8630, .T. ) ;
#3137 = ADVANCED_FACE ( 'NONE', ( #526 ), #7319, .F. ) ;
#3139 = ORIENTED_EDGE ( 'NONE', *, *, #555, .T. ) ;
#3140 = LINE ( 'NONE', #8694, #8497 ) ;
#3141 = EDGE_CURVE ( 'NONE', #7253, #8105, #934, .T. ) ;
#3142 = DIRECTION ( 'NONE',  ( 1.047444401652940007E-14, 0.000000000000000000, 1.000000000000000000 ) ) ;
#3143 = CARTESIAN_POINT ( 'NONE',  ( 2.699999999999931344, 2.259999999999998899, -6.400000000000028777 ) ) ;
#3144 = LINE ( 'NONE', #5938, #2797 ) ;
#3145 = LINE ( 'NONE', #5890, #704 ) ;
#3146 = VERTEX_POINT ( 'NONE', #2942 ) ;
#3147 = ADVANCED_FACE ( 'NONE', ( #852 ), #4222, .T. ) ;
#3148 = EDGE_CURVE ( 'NONE', #5072, #7882, #2146, .T. ) ;
#3149 = ORIENTED_EDGE ( 'NONE', *, *, #1770, .F. ) ;
#3150 = ORIENTED_EDGE ( 'NONE', *, *, #6290, .F. ) ;
#3151 = DIRECTION ( 'NONE',  ( -1.419551869787370853E-30, 1.000000000000000000, -1.355252715606880296E-16 ) ) ;
#3152 = DIRECTION ( 'NONE',  ( -1.047444401652940007E-14, -0.000000000000000000, -1.000000000000000000 ) ) ;
#3153 = DIRECTION ( 'NONE',  ( 1.047444401652940007E-14, 0.000000000000000000, 1.000000000000000000 ) ) ;
#3154 = SURFACE_SIDE_STYLE ('',( #3111 ) ) ;
#3155 = CARTESIAN_POINT ( 'NONE',  ( 11.94042104365680323, 2.260000000000000675, 5.449999999999875833 ) ) ;
#3156 = ORIENTED_EDGE ( 'NONE', *, *, #1292, .F. ) ;
#3157 = CARTESIAN_POINT ( 'NONE',  ( 7.885000000000053078, 2.260000000000000675, 5.349999999999919709 ) ) ;
#3158 = EDGE_CURVE ( 'NONE', #2642, #1781, #3659, .T. ) ;
#3159 = CARTESIAN_POINT ( 'NONE',  ( 2.349999999999972555, 1.450000000000000844, -2.300000000000026024 ) ) ;
#3160 = DIRECTION ( 'NONE',  ( 0.000000000000000000, 1.000000000000000000, 0.000000000000000000 ) ) ;
#3161 = PLANE ( 'NONE',  #2828 ) ;
#3162 = DIRECTION ( 'NONE',  ( -1.047444401652940007E-14, 3.614007241618339403E-16, -1.000000000000000000 ) ) ;
#3163 = ORIENTED_EDGE ( 'NONE', *, *, #1614, .F. ) ;
#3164 = ORIENTED_EDGE ( 'NONE', *, *, #5464, .T. ) ;
#3165 = ORIENTED_EDGE ( 'NONE', *, *, #2012, .T. ) ;
#3166 = CARTESIAN_POINT ( 'NONE',  ( 1.274999999999939071, 1.370000000000000551, -5.800000000000013145 ) ) ;
#3167 = DIRECTION ( 'NONE',  ( 1.000000000000000000, 0.000000000000000000, -1.334402673828314266E-14 ) ) ;
#3168 = LINE ( 'NONE', #3921, #8197 ) ;
#3169 = CARTESIAN_POINT ( 'NONE',  ( 8.945230123270780709, 2.260000000000000675, -5.800000000000094857 ) ) ;
#3170 = LINE ( 'NONE', #1917, #8220 ) ;
#3171 = ORIENTED_EDGE ( 'NONE', *, *, #5153, .F. ) ;
#3172 = ORIENTED_EDGE ( 'NONE', *, *, #7418, .F. ) ;
#3173 = EDGE_CURVE ( 'NONE', #8021, #2615, #8614, .T. ) ;
#3174 = ORIENTED_EDGE ( 'NONE', *, *, #385, .T. ) ;
#3175 = ORIENTED_EDGE ( 'NONE', *, *, #1928, .T. ) ;
#3176 = EDGE_CURVE ( 'NONE', #5674, #734, #5505, .T. ) ;
#3177 = DIRECTION ( 'NONE',  ( 1.000000000000000000, -0.000000000000000000, -1.047444401652940007E-14 ) ) ;
#3178 = FACE_OUTER_BOUND ( 'NONE', #6213, .T. ) ;
#3179 = CARTESIAN_POINT ( 'NONE',  ( 10.99999999999993783, 1.599999999999997646, -5.800000000000117062 ) ) ;
#3180 = DIRECTION ( 'NONE',  ( 1.047444401652940007E-14, 0.000000000000000000, 1.000000000000000000 ) ) ;
#3181 = ORIENTED_EDGE ( 'NONE', *, *, #4021, .F. ) ;
#3182 = ORIENTED_EDGE ( 'NONE', *, *, #6704, .T. ) ;
#3183 = ORIENTED_EDGE ( 'NONE', *, *, #4255, .T. ) ;
#3184 = ADVANCED_FACE ( 'NONE', ( #188 ), #8363, .T. ) ;
#3185 = EDGE_CURVE ( 'NONE', #7379, #4302, #1641, .T. ) ;
#3186 = AXIS2_PLACEMENT_3D ( 'NONE', #6805, #1334, #586 ) ;
#3187 = CARTESIAN_POINT ( 'NONE',  ( 7.985000000000052722, 2.260000000000000675, 5.349999999999915268 ) ) ;
#3188 = DIRECTION ( 'NONE',  ( -1.047444401652940007E-14, 0.000000000000000000, -1.000000000000000000 ) ) ;
#3189 = CARTESIAN_POINT ( 'NONE',  ( -2.799999999999999822, 0.000000000000000000, 2.932844324628232018E-14 ) ) ;
#3190 = DIRECTION ( 'NONE',  ( 1.047444401652940007E-14, 0.000000000000000000, 1.000000000000000000 ) ) ;
#3191 = ORIENTED_EDGE ( 'NONE', *, *, #4200, .T. ) ;
#3192 = ORIENTED_EDGE ( 'NONE', *, *, #3083, .T. ) ;
#3193 = LINE ( 'NONE', #2541, #7230 ) ;
#3194 = CARTESIAN_POINT ( 'NONE',  ( 11.99999999999984546, 2.260000000000000675, -14.75411377792233125 ) ) ;
#3195 = CARTESIAN_POINT ( 'NONE',  ( 9.249999999999950262, -3.000000000000000444, -5.450000000000098765 ) ) ;
#3196 = DIRECTION ( 'NONE',  ( 1.047444401652940007E-14, 0.000000000000000000, 1.000000000000000000 ) ) ;
#3197 = VECTOR ( 'NONE', #1022, 1000.000000000000000 ) ;
#3198 = EDGE_LOOP ( 'NONE', ( #1382, #4904, #873, #3139 ) ) ;
#3199 = ORIENTED_EDGE ( 'NONE', *, *, #6395, .T. ) ;
#3200 = ORIENTED_EDGE ( 'NONE', *, *, #5255, .F. ) ;
#3201 = VECTOR ( 'NONE', #6379, 1000.000000000000000 ) ;
#3202 = DIRECTION ( 'NONE',  ( -1.047444401652940007E-14, -0.000000000000000000, -1.000000000000000000 ) ) ;
#3203 = AXIS2_PLACEMENT_3D ( 'NONE', #4208, #124, #8784 ) ;
#3204 = LINE ( 'NONE', #5920, #1552 ) ;
#3205 = DIRECTION ( 'NONE',  ( 1.000000000000000000, 0.000000000000000000, -1.047444401652940007E-14 ) ) ;
#3206 = FACE_OUTER_BOUND ( 'NONE', #3486, .T. ) ;
#3207 = CARTESIAN_POINT ( 'NONE',  ( 9.400000000000058975, -1.399999999999999467, 5.799999999999901235 ) ) ;
#3208 = CIRCLE ( 'NONE', #961, 0.09999999999999939493 ) ;
#3209 = ORIENTED_EDGE ( 'NONE', *, *, #8253, .F. ) ;
#3210 = ORIENTED_EDGE ( 'NONE', *, *, #5254, .T. ) ;
#3211 = VERTEX_POINT ( 'NONE', #2232 ) ;
#3212 = VECTOR ( 'NONE', #1197, 1000.000000000000000 ) ;
#3213 = ORIENTED_EDGE ( 'NONE', *, *, #6468, .T. ) ;
#3214 = AXIS2_PLACEMENT_3D ( 'NONE', #3282, #1897, #5993 ) ;
#3215 = AXIS2_PLACEMENT_3D ( 'NONE', #3373, #536, #3244 ) ;
#3216 = ADVANCED_FACE ( 'NONE', ( #752 ), #7019, .F. ) ;
#3217 = LINE ( 'NONE', #4514, #3817 ) ;
#3218 = LINE ( 'NONE', #7732, #8477 ) ;
#3219 = VECTOR ( 'NONE', #6544, 1000.000000000000000 ) ;
#3220 = PLANE ( 'NONE',  #4534 ) ;
#3221 = DIRECTION ( 'NONE',  ( -1.000000000000000000, 0.000000000000000000, 1.047444401652940007E-14 ) ) ;
#3222 = DIRECTION ( 'NONE',  ( 0.000000000000000000, 1.000000000000000000, 0.000000000000000000 ) ) ;
#3223 = EDGE_CURVE ( 'NONE', #8703, #3146, #2988, .T. ) ;
#3224 = ADVANCED_FACE ( 'NONE', ( #4840 ), #7557, .F. ) ;
#3225 = LINE ( 'NONE', #3991, #3829 ) ;
#3226 = ORIENTED_EDGE ( 'NONE', *, *, #5032, .T. ) ;
#3227 = CIRCLE ( 'NONE', #7778, 0.1999999999999996503 ) ;
#3228 = CIRCLE ( 'NONE', #4063, 0.1999999999999996503 ) ;
#3229 = AXIS2_PLACEMENT_3D ( 'NONE', #6997, #5069, #909 ) ;
#3230 = ORIENTED_EDGE ( 'NONE', *, *, #10, .F. ) ;
#3231 = VERTEX_POINT ( 'NONE', #1607 ) ;
#3232 = LINE ( 'NONE', #447, #5818 ) ;
#3233 = CARTESIAN_POINT ( 'NONE',  ( 2.850000000000046274, 1.400000000000000355, 4.399999999999972822 ) ) ;
#3234 = VECTOR ( 'NONE', #3058, 1000.000000000000000 ) ;
#3235 = AXIS2_PLACEMENT_3D ( 'NONE', #6934, #6225, #8367 ) ;
#3236 = DIRECTION ( 'NONE',  ( -1.000000000000000000, 0.000000000000000000, 8.673617379884051249E-15 ) ) ;
#3237 = EDGE_CURVE ( 'NONE', #6325, #9, #7644, .T. ) ;
#3238 = ORIENTED_EDGE ( 'NONE', *, *, #5558, .T. ) ;
#3239 = VECTOR ( 'NONE', #6007, 1000.000000000000000 ) ;
#3240 = VECTOR ( 'NONE', #2811, 1000.000000000000000 ) ;
#3241 = ORIENTED_EDGE ( 'NONE', *, *, #8463, .F. ) ;
#3242 = AXIS2_PLACEMENT_3D ( 'NONE', #6632, #552, #5256 ) ;
#3243 = LINE ( 'NONE', #2414, #7895 ) ;
#3244 = DIRECTION ( 'NONE',  ( 1.000000000000000000, 0.000000000000000000, -1.047444401652940007E-14 ) ) ;
#3245 = CARTESIAN_POINT ( 'NONE',  ( 5.280000000000059757, -0.04000000000000003553, 6.049999999999943867 ) ) ;
#3246 = DIRECTION ( 'NONE',  ( 1.047444401652940007E-14, 0.000000000000000000, 1.000000000000000000 ) ) ;
#3247 = CIRCLE ( 'NONE', #5369, 0.1999999999999996503 ) ;
#3248 = VECTOR ( 'NONE', #1312, 1000.000000000000000 ) ;
#3249 = CIRCLE ( 'NONE', #1264, 0.3999999999999993006 ) ;
#3250 = ORIENTED_EDGE ( 'NONE', *, *, #6732, .F. ) ;
#3251 = EDGE_CURVE ( 'NONE', #2513, #997, #3644, .T. ) ;
#3252 = EDGE_CURVE ( 'NONE', #1291, #1211, #6882, .T. ) ;
#3253 = VERTEX_POINT ( 'NONE', #6358 ) ;
#3254 = EDGE_LOOP ( 'NONE', ( #6841, #1202, #156, #7797 ) ) ;
#3255 = CYLINDRICAL_SURFACE ( 'NONE', #4131, 2.500000000000000000 ) ;
#3256 = CIRCLE ( 'NONE', #6657, 0.1000000000000002554 ) ;
#3257 = CARTESIAN_POINT ( 'NONE',  ( -1.200000000000006395, 1.949999999999999956, -0.5749999999999876321 ) ) ;
#3258 = CARTESIAN_POINT ( 'NONE',  ( 1.649999999999937517, -1.560703055139994522, -6.000000000000017764 ) ) ;
#3259 = CIRCLE ( 'NONE', #3701, 0.1499999999999999667 ) ;
#3260 = EDGE_CURVE ( 'NONE', #476, #1871, #3505, .T. ) ;
#3261 = DIRECTION ( 'NONE',  ( 1.047444401652940007E-14, 0.000000000000000000, 1.000000000000000000 ) ) ;
#3262 = CARTESIAN_POINT ( 'NONE',  ( 11.10000000000004228, -1.399999999999999245, 3.999999999999883649 ) ) ;
#3263 = ORIENTED_EDGE ( 'NONE', *, *, #1172, .F. ) ;
#3264 = ORIENTED_EDGE ( 'NONE', *, *, #627, .T. ) ;
#3265 = ORIENTED_EDGE ( 'NONE', *, *, #5136, .F. ) ;
#3266 = EDGE_CURVE ( 'NONE', #2497, #8178, #6222, .T. ) ;
#3267 = DIRECTION ( 'NONE',  ( 0.000000000000000000, -1.000000000000000000, 0.000000000000000000 ) ) ;
#3268 = DIRECTION ( 'NONE',  ( 0.000000000000000000, 1.000000000000000000, 0.000000000000000000 ) ) ;
#3269 = CARTESIAN_POINT ( 'NONE',  ( 0.5999999999999870992, 2.259999999999999787, -1.200000000000006395 ) ) ;
#3270 = AXIS2_PLACEMENT_3D ( 'NONE', #7493, #6969, #6915 ) ;
#3271 = DIRECTION ( 'NONE',  ( 1.000000000000000000, 0.000000000000000000, -1.047444401652940007E-14 ) ) ;
#3272 = LINE ( 'NONE', #2611, #7887 ) ;
#3273 = CARTESIAN_POINT ( 'NONE',  ( 2.475000000000067590, -3.000000000000000000, 6.399999999999976374 ) ) ;
#3274 = VERTEX_POINT ( 'NONE', #2189 ) ;
#3275 = ORIENTED_EDGE ( 'NONE', *, *, #2892, .F. ) ;
#3276 = ORIENTED_EDGE ( 'NONE', *, *, #7005, .F. ) ;
#3277 = VECTOR ( 'NONE', #5380, 1000.000000000000000 ) ;
#3278 =( NAMED_UNIT ( * ) SI_UNIT ( $, .STERADIAN. ) SOLID_ANGLE_UNIT ( ) );
#3279 = FACE_OUTER_BOUND ( 'NONE', #7818, .T. ) ;
#3280 = DIRECTION ( 'NONE',  ( 1.000000000000000000, -8.673617379884027583E-16, -1.047444401652940007E-14 ) ) ;
#3281 = CARTESIAN_POINT ( 'NONE',  ( 0.6000000000000125233, 2.259999999999999787, 1.199999999999993294 ) ) ;
#3282 = CARTESIAN_POINT ( 'NONE',  ( 4.315421043656686884, 2.380000000000000782, -5.920000000000046114 ) ) ;
#3283 = VERTEX_POINT ( 'NONE', #7598 ) ;
#3284 = CARTESIAN_POINT ( 'NONE',  ( -0.8500000000000053069, 2.260000000000000675, -0.4999999999999907851 ) ) ;
#3285 = CARTESIAN_POINT ( 'NONE',  ( 2.649999999999962608, 1.450000000000000844, -3.200000000000029043 ) ) ;
#3286 = LINE ( 'NONE', #4615, #7053 ) ;
#3287 = EDGE_CURVE ( 'NONE', #4573, #6457, #1512, .T. ) ;
#3288 = DIRECTION ( 'NONE',  ( 0.000000000000000000, 1.000000000000000000, 0.000000000000000000 ) ) ;
#3289 = CYLINDRICAL_SURFACE ( 'NONE', #1085, 0.05957895634325395540 ) ;
#3290 = CARTESIAN_POINT ( 'NONE',  ( 0.9800000000000381739, 1.650000000000000799, 4.149999999999993250 ) ) ;
#3291 = ORIENTED_EDGE ( 'NONE', *, *, #2240, .F. ) ;
#3292 = VECTOR ( 'NONE', #5565, 1000.000000000000000 ) ;
#3293 = PLANE ( 'NONE',  #2479 ) ;
#3294 = ORIENTED_EDGE ( 'NONE', *, *, #4293, .F. ) ;
#3295 = ORIENTED_EDGE ( 'NONE', *, *, #7315, .T. ) ;
#3296 = FACE_OUTER_BOUND ( 'NONE', #685, .T. ) ;
#3297 = DIRECTION ( 'NONE',  ( 1.047444401652940007E-14, 5.699890467440196975E-16, 1.000000000000000000 ) ) ;
#3298 = EDGE_CURVE ( 'NONE', #2145, #1370, #7061, .T. ) ;
#3299 = LINE ( 'NONE', #8725, #6769 ) ;
#3300 = CARTESIAN_POINT ( 'NONE',  ( 6.529999999999948734, 2.260000000000000675, -4.700000000000068567 ) ) ;
#3301 = ADVANCED_FACE ( 'NONE', ( #324 ), #481, .T. ) ;
#3302 = LINE ( 'NONE', #8774, #697 ) ;
#3303 = ADVANCED_FACE ( 'NONE', ( #1154 ), #522, .F. ) ;
#3304 = LINE ( 'NONE', #2776, #8779 ) ;
#3305 = ORIENTED_EDGE ( 'NONE', *, *, #5202, .F. ) ;
#3306 = ORIENTED_EDGE ( 'NONE', *, *, #4891, .T. ) ;
#3307 = VERTEX_POINT ( 'NONE', #3233 ) ;
#3308 = CARTESIAN_POINT ( 'NONE',  ( 0.4999999999999798495, -2.300000000000000711, -1.926136028425827540 ) ) ;
#3309 = FACE_OUTER_BOUND ( 'NONE', #6682, .T. ) ;
#3310 = LINE ( 'NONE', #1178, #7799 ) ;
#3311 = LINE ( 'NONE', #4774, #2826 ) ;
#3312 = EDGE_CURVE ( 'NONE', #4127, #6239, #8022, .T. ) ;
#3313 = LINE ( 'NONE', #1222, #6900 ) ;
#3314 = LINE ( 'NONE', #7354, #4677 ) ;
#3315 = ORIENTED_EDGE ( 'NONE', *, *, #1183, .T. ) ;
#3316 = EDGE_CURVE ( 'NONE', #4285, #2870, #1810, .T. ) ;
#3317 = ORIENTED_EDGE ( 'NONE', *, *, #6847, .T. ) ;
#3318 = EDGE_LOOP ( 'NONE', ( #5040, #8306, #8691, #3855 ) ) ;
#3319 = EDGE_CURVE ( 'NONE', #5444, #3968, #6335, .T. ) ;
#3320 = DIRECTION ( 'NONE',  ( 1.000000000000000000, 1.355252715606883008E-16, -1.047444401652940007E-14 ) ) ;
#3321 = CARTESIAN_POINT ( 'NONE',  ( 3.875000000000071054, 2.510000000000001119, 6.749999999999960920 ) ) ;
#3322 = CARTESIAN_POINT ( 'NONE',  ( 8.289999999999952962, 0.8749999999999968914, -5.100000000000085798 ) ) ;
#3323 = DIRECTION ( 'NONE',  ( 0.000000000000000000, 1.000000000000000000, 0.000000000000000000 ) ) ;
#3324 = ORIENTED_EDGE ( 'NONE', *, *, #3055, .T. ) ;
#3325 = VECTOR ( 'NONE', #4279, 1000.000000000000000 ) ;
#3326 = CARTESIAN_POINT ( 'NONE',  ( 1.224999999999933475, -0.2500000000000000000, -6.400000000000013678 ) ) ;
#3327 = FACE_OUTER_BOUND ( 'NONE', #5820, .T. ) ;
#3328 = LINE ( 'NONE', #2670, #1662 ) ;
#3329 = DIRECTION ( 'NONE',  ( 1.049964209143856751E-14, 0.000000000000000000, 1.000000000000000000 ) ) ;
#3330 = EDGE_CURVE ( 'NONE', #1955, #8133, #8748, .T. ) ;
#3331 = CARTESIAN_POINT ( 'NONE',  ( 1.649999999999939737, -1.560703055139994522, -5.800000000000017586 ) ) ;
#3332 = LINE ( 'NONE', #3376, #2388 ) ;
#3333 = ORIENTED_EDGE ( 'NONE', *, *, #4381, .T. ) ;
#3334 = ORIENTED_EDGE ( 'NONE', *, *, #357, .F. ) ;
#3335 = CARTESIAN_POINT ( 'NONE',  ( 7.489999999999955804, 0.8749999999999968914, -4.850000000000077804 ) ) ;
#3336 = VERTEX_POINT ( 'NONE', #5229 ) ;
#3337 = VERTEX_POINT ( 'NONE', #1993 ) ;
#3338 = CARTESIAN_POINT ( 'NONE',  ( 5.400000000000060751, -0.3699999999999993849, 5.799999999999943867 ) ) ;
#3339 = DIRECTION ( 'NONE',  ( -1.000000000000000000, 0.000000000000000000, 1.047444401652940007E-14 ) ) ;
#3340 = FACE_OUTER_BOUND ( 'NONE', #1743, .T. ) ;
#3341 = DIRECTION ( 'NONE',  ( -1.000000000000000000, 0.000000000000000000, 8.673617379884051249E-15 ) ) ;
#3342 = CIRCLE ( 'NONE', #5474, 0.1000000000000002554 ) ;
#3343 = DIRECTION ( 'NONE',  ( 0.000000000000000000, 1.000000000000000000, 0.000000000000000000 ) ) ;
#3344 = DIRECTION ( 'NONE',  ( 1.000000000000000000, 0.000000000000000000, -8.673617379884013384E-15 ) ) ;
#3345 = ORIENTED_EDGE ( 'NONE', *, *, #61, .T. ) ;
#3346 = ORIENTED_EDGE ( 'NONE', *, *, #118, .T. ) ;
#3347 = AXIS2_PLACEMENT_3D ( 'NONE', #6157, #4166, #71 ) ;
#3348 = ORIENTED_EDGE ( 'NONE', *, *, #4429, .T. ) ;
#3349 = EDGE_CURVE ( 'NONE', #4306, #5804, #3866, .T. ) ;
#3350 = FACE_OUTER_BOUND ( 'NONE', #1293, .T. ) ;
#3351 = DIRECTION ( 'NONE',  ( 1.048062100069320848E-14, 0.000000000000000000, 1.000000000000000000 ) ) ;
#3352 = VECTOR ( 'NONE', #5669, 1000.000000000000000 ) ;
#3353 = CARTESIAN_POINT ( 'NONE',  ( 1.450000000000062794, -0.3299999999999993494, 5.999999999999984901 ) ) ;
#3354 = DIRECTION ( 'NONE',  ( -1.059491092458334483E-14, 0.000000000000000000, -1.000000000000000000 ) ) ;
#3355 = DIRECTION ( 'NONE',  ( 1.000000000000000000, 0.000000000000000000, -1.047444401652940007E-14 ) ) ;
#3356 = VECTOR ( 'NONE', #5110, 1000.000000000000000 ) ;
#3357 = VERTEX_POINT ( 'NONE', #1859 ) ;
#3358 = VERTEX_POINT ( 'NONE', #4570 ) ;
#3359 = ADVANCED_FACE ( 'NONE', ( #4700 ), #6606, .F. ) ;
#3360 = VERTEX_POINT ( 'NONE', #7279 ) ;
#3361 = AXIS2_PLACEMENT_3D ( 'NONE', #8414, #6442, #358 ) ;
#3362 = VECTOR ( 'NONE', #2685, 1000.000000000000000 ) ;
#3363 = ADVANCED_FACE ( 'NONE', ( #2579 ), #1189, .T. ) ;
#3364 = DIRECTION ( 'NONE',  ( 1.000000000000000000, 0.000000000000000000, -8.673617379884013384E-15 ) ) ;
#3365 = CARTESIAN_POINT ( 'NONE',  ( 2.475000000000067590, -0.2499999999999985012, 6.399999999999976374 ) ) ;
#3366 = VECTOR ( 'NONE', #1769, 1000.000000000000000 ) ;
#3367 = CARTESIAN_POINT ( 'NONE',  ( 0.6000000000000125233, 1.949999999999999956, 1.199999999999993294 ) ) ;
#3368 = AXIS2_PLACEMENT_3D ( 'NONE', #4297, #4908, #778 ) ;
#3369 = DIRECTION ( 'NONE',  ( -0.5735764363510585939, 0.000000000000000000, -0.8191520442889830278 ) ) ;
#3370 = EDGE_LOOP ( 'NONE', ( #3785, #8661, #1755, #7769 ) ) ;
#3371 = CARTESIAN_POINT ( 'NONE',  ( 2.449999999999965983, 1.650000000000000799, -3.100000000000026734 ) ) ;
#3372 = LINE ( 'NONE', #6038, #3828 ) ;
#3373 = CARTESIAN_POINT ( 'NONE',  ( 8.189999999999956870, -0.04000000000000003553, -4.850000000000085798 ) ) ;
#3374 = CYLINDRICAL_SURFACE ( 'NONE', #6116, 0.1000000000000002554 ) ;
#3375 = DIRECTION ( 'NONE',  ( -1.047444401652940007E-14, -0.000000000000000000, -1.000000000000000000 ) ) ;
#3376 = CARTESIAN_POINT ( 'NONE',  ( 3.662960329571905663E-14, 2.260000000000000231, 3.487638995816526588 ) ) ;
#3377 = EDGE_LOOP ( 'NONE', ( #6013, #7463, #4623, #467, #5684, #7382 ) ) ;
#3378 = ADVANCED_FACE ( 'NONE', ( #1895 ), #7364, .F. ) ;
#3379 = VECTOR ( 'NONE', #1253, 1000.000000000000114 ) ;
#3380 = VECTOR ( 'NONE', #7121, 1000.000000000000000 ) ;
#3381 = CARTESIAN_POINT ( 'NONE',  ( 11.99999999999984546, 2.260000000000000675, -14.75411377792233125 ) ) ;
#3382 = ORIENTED_EDGE ( 'NONE', *, *, #837, .T. ) ;
#3383 = ORIENTED_EDGE ( 'NONE', *, *, #4054, .F. ) ;
#3384 = CARTESIAN_POINT ( 'NONE',  ( 1.225000000000066924, 1.400000000000000799, 6.399999999999987033 ) ) ;
#3385 = DIRECTION ( 'NONE',  ( 1.047444401652940007E-14, 0.000000000000000000, 1.000000000000000000 ) ) ;
#3386 = ADVANCED_FACE ( 'NONE', ( #2482 ), #7982, .T. ) ;
#3387 = CARTESIAN_POINT ( 'NONE',  ( 6.280000000000063309, -1.399999999999999467, 6.049999999999934097 ) ) ;
#3388 = CARTESIAN_POINT ( 'NONE',  ( 6.479999999999948024, -0.2500000000000003331, -4.850000000000067146 ) ) ;
#3389 = VECTOR ( 'NONE', #3418, 1000.000000000000000 ) ;
#3390 = VECTOR ( 'NONE', #4858, 1000.000000000000000 ) ;
#3391 = CYLINDRICAL_SURFACE ( 'NONE', #3116, 0.05957895634325395540 ) ;
#3392 = CARTESIAN_POINT ( 'NONE',  ( 12.12000000000007205, 2.510000000000001119, 6.749999999999874767 ) ) ;
#3393 = ORIENTED_EDGE ( 'NONE', *, *, #3852, .T. ) ;
#3394 = ORIENTED_EDGE ( 'NONE', *, *, #530, .T. ) ;
#3395 = VECTOR ( 'NONE', #1239, 1000.000000000000000 ) ;
#3396 = VECTOR ( 'NONE', #4614, 1000.000000000000000 ) ;
#3397 = VECTOR ( 'NONE', #321, 1000.000000000000000 ) ;
#3398 = MECHANICAL_DESIGN_GEOMETRIC_PRESENTATION_REPRESENTATION (  '', ( #5379 ), #5093 ) ;
#3400 = VERTEX_POINT ( 'NONE', #6654 ) ;
#3399 = AXIS2_PLACEMENT_3D ( 'NONE', #135, #4784, #3502 ) ;
#3401 = DIRECTION ( 'NONE',  ( 1.047444401652940007E-14, 0.000000000000000000, 1.000000000000000000 ) ) ;
#3402 = LINE ( 'NONE', #2700, #4367 ) ;
#3403 = LINE ( 'NONE', #8258, #405 ) ;
#3404 = AXIS2_PLACEMENT_3D ( 'NONE', #8199, #7623, #5585 ) ;
#3405 = CARTESIAN_POINT ( 'NONE',  ( 4.315421043656686884, 2.510000000000001119, -5.900000000000044764 ) ) ;
#3406 = EDGE_CURVE ( 'NONE', #3939, #4306, #4057, .T. ) ;
#3407 = DIRECTION ( 'NONE',  ( 0.000000000000000000, 1.000000000000000000, 0.000000000000000000 ) ) ;
#3408 = LINE ( 'NONE', #2069, #4115 ) ;
#3409 = VERTEX_POINT ( 'NONE', #5361 ) ;
#3410 = ORIENTED_EDGE ( 'NONE', *, *, #6704, .F. ) ;
#3411 = EDGE_CURVE ( 'NONE', #6223, #316, #1232, .T. ) ;
#3412 = VERTEX_POINT ( 'NONE', #5990 ) ;
#3413 = EDGE_CURVE ( 'NONE', #216, #2827, #7897, .T. ) ;
#3414 = SURFACE_SIDE_STYLE ('',( #2032 ) ) ;
#3415 = DIRECTION ( 'NONE',  ( 1.036015409263926372E-14, 0.000000000000000000, 1.000000000000000000 ) ) ;
#3416 = FACE_OUTER_BOUND ( 'NONE', #2072, .T. ) ;
#3417 = EDGE_CURVE ( 'NONE', #8533, #7619, #8708, .T. ) ;
#3418 = DIRECTION ( 'NONE',  ( -3.562796849662422407E-30, 1.000000000000000000, -3.401418580346681312E-16 ) ) ;
#3419 = VERTEX_POINT ( 'NONE', #6076 ) ;
#3420 = CARTESIAN_POINT ( 'NONE',  ( 2.850000000000046274, 2.260000000000000231, 4.399999999999972822 ) ) ;
#3421 = CIRCLE ( 'NONE', #7819, 2.500000000000000000 ) ;
#3422 = ORIENTED_EDGE ( 'NONE', *, *, #1467, .F. ) ;
#3423 = CARTESIAN_POINT ( 'NONE',  ( 2.699999999999842970, 2.260000000000000675, -14.75411377792223533 ) ) ;
#3424 = CARTESIAN_POINT ( 'NONE',  ( -1.200000000000006395, 1.949999999999999956, -0.5749999999999876321 ) ) ;
#3425 = DIRECTION ( 'NONE',  ( -1.000000000000000000, 0.000000000000000000, 1.084202172485506327E-14 ) ) ;
#3426 = CARTESIAN_POINT ( 'NONE',  ( 9.249999999999941380, 2.259999999999998899, -6.400000000000098055 ) ) ;
#3427 = LINE ( 'NONE', #4798, #1121 ) ;
#3428 = EDGE_CURVE ( 'NONE', #6782, #2386, #1366, .T. ) ;
#3429 = LINE ( 'NONE', #5323, #6683 ) ;
#3430 = ORIENTED_EDGE ( 'NONE', *, *, #3406, .F. ) ;
#3432 = ORIENTED_EDGE ( 'NONE', *, *, #5809, .T. ) ;
#3431 = EDGE_CURVE ( 'NONE', #6767, #249, #4036, .T. ) ;
#3433 = DIRECTION ( 'NONE',  ( 0.000000000000000000, -1.000000000000000000, 0.000000000000000000 ) ) ;
#3434 = ORIENTED_EDGE ( 'NONE', *, *, #169, .T. ) ;
#3435 = ORIENTED_EDGE ( 'NONE', *, *, #3718, .T. ) ;
#3436 = DIRECTION ( 'NONE',  ( 0.5735764363510413855, 0.000000000000000000, -0.8191520442889951292 ) ) ;
#3437 = LINE ( 'NONE', #2302, #2270 ) ;
#3438 = FACE_OUTER_BOUND ( 'NONE', #4431, .T. ) ;
#3439 = EDGE_CURVE ( 'NONE', #155, #8768, #4739, .T. ) ;
#3440 = CARTESIAN_POINT ( 'NONE',  ( 1.450000000000060574, -0.2499999999999997780, 5.799999999999984723 ) ) ;
#3441 = DIRECTION ( 'NONE',  ( 0.000000000000000000, 1.000000000000000000, 0.000000000000000000 ) ) ;
#3442 = PLANE ( 'NONE',  #7651 ) ;
#3443 = ORIENTED_EDGE ( 'NONE', *, *, #7976, .F. ) ;
#3444 = EDGE_LOOP ( 'NONE', ( #7419, #6192, #1503, #7558, #2868, #4893, #4648, #5665 ) ) ;
#3445 = ORIENTED_EDGE ( 'NONE', *, *, #7843, .T. ) ;
#3446 = DIRECTION ( 'NONE',  ( 1.000000000000000000, -0.000000000000000000, -1.047444401652940007E-14 ) ) ;
#3447 = CARTESIAN_POINT ( 'NONE',  ( 5.679999999999949978, -1.600703055139993669, -4.850000000000059153 ) ) ;
#3448 = CARTESIAN_POINT ( 'NONE',  ( 2.699999999999956213, 2.260000000000000675, -4.000000000000028422 ) ) ;
#3449 = FACE_OUTER_BOUND ( 'NONE', #967, .T. ) ;
#3450 = EDGE_CURVE ( 'NONE', #3646, #4171, #1466, .T. ) ;
#3451 = CARTESIAN_POINT ( 'NONE',  ( 6.479999999999951577, 2.259999999999998455, -4.500000000000068390 ) ) ;
#3452 = EDGE_LOOP ( 'NONE', ( #3135, #6281, #263, #5257 ) ) ;
#3453 = DIRECTION ( 'NONE',  ( -1.047444401652940007E-14, -0.000000000000000000, -1.000000000000000000 ) ) ;
#3454 = EDGE_LOOP ( 'NONE', ( #5041, #3200, #7861, #3623, #2917, #2522, #2268, #4978, #4212, #6894, #1149, #382, #1052, #1273, #8284, #8464 ) ) ;
#3455 = ORIENTED_EDGE ( 'NONE', *, *, #110, .F. ) ;
#3456 = EDGE_CURVE ( 'NONE', #612, #4475, #8219, .T. ) ;
#3457 = ORIENTED_EDGE ( 'NONE', *, *, #1346, .T. ) ;
#3458 = CARTESIAN_POINT ( 'NONE',  ( 6.479999999999938254, 2.259999999999998899, -5.800000000000067324 ) ) ;
#3459 = CARTESIAN_POINT ( 'NONE',  ( 6.360000000000062492, -0.3699999999999982747, 6.049999999999933209 ) ) ;
#3460 = PLANE ( 'NONE',  #239 ) ;
#3461 = DIRECTION ( 'NONE',  ( -1.000000000000000000, 0.000000000000000000, 1.047444401652940007E-14 ) ) ;
#3462 = ORIENTED_EDGE ( 'NONE', *, *, #1689, .F. ) ;
#3463 = CARTESIAN_POINT ( 'NONE',  ( 9.699999999999965539, -1.399999999999999467, -4.000000000000102141 ) ) ;
#3464 = EDGE_CURVE ( 'NONE', #8677, #2037, #1777, .T. ) ;
#3465 = ORIENTED_EDGE ( 'NONE', *, *, #5164, .F. ) ;
#3466 = DIRECTION ( 'NONE',  ( -1.141265444721583757E-16, -1.000000000000000000, 1.195412100873575815E-30 ) ) ;
#3467 = EDGE_CURVE ( 'NONE', #612, #6332, #4084, .T. ) ;
#3468 = DIRECTION ( 'NONE',  ( 0.000000000000000000, 1.000000000000000000, 0.000000000000000000 ) ) ;
#3469 = CARTESIAN_POINT ( 'NONE',  ( 0.8000000000000418998, 2.260000000000000675, 3.999999999999991562 ) ) ;
#3470 = FACE_OUTER_BOUND ( 'NONE', #6733, .T. ) ;
#3471 = CARTESIAN_POINT ( 'NONE',  ( 5.130000000000060290, 1.160000000000000142, 5.799999999999946532 ) ) ;
#3472 = FACE_OUTER_BOUND ( 'NONE', #6371, .T. ) ;
#3473 = ORIENTED_EDGE ( 'NONE', *, *, #4446, .F. ) ;
#3474 = ORIENTED_EDGE ( 'NONE', *, *, #4513, .F. ) ;
#3475 = VERTEX_POINT ( 'NONE', #3365 ) ;
#3476 = ORIENTED_EDGE ( 'NONE', *, *, #7117, .T. ) ;
#3477 = LINE ( 'NONE', #7337, #5777 ) ;
#3478 = DIRECTION ( 'NONE',  ( -1.047444401652940007E-14, 0.000000000000000000, -1.000000000000000000 ) ) ;
#3479 = DIRECTION ( 'NONE',  ( 1.000000000000000000, -5.575896887068300516E-15, -1.047444401652940007E-14 ) ) ;
#3480 = CARTESIAN_POINT ( 'NONE',  ( 1.549999999999994937, 2.260000000000000675, -0.5000000000000162093 ) ) ;
#3481 = DIRECTION ( 'NONE',  ( 1.047444401652940007E-14, 0.000000000000000000, 1.000000000000000000 ) ) ;
#3482 = ADVANCED_FACE ( 'NONE', ( #3416 ), #8800, .T. ) ;
#3483 = DIRECTION ( 'NONE',  ( -1.000000000000000000, 0.000000000000000000, 1.047444401652940007E-14 ) ) ;
#3484 = ORIENTED_EDGE ( 'NONE', *, *, #808, .F. ) ;
#3485 = VERTEX_POINT ( 'NONE', #2799 ) ;
#3486 = EDGE_LOOP ( 'NONE', ( #2622, #5519, #1581, #1651 ) ) ;
#3487 = CARTESIAN_POINT ( 'NONE',  ( 12.24999999999984546, 2.380000000000000782, -14.75411377792233480 ) ) ;
#3488 = DIRECTION ( 'NONE',  ( -1.047444401652940007E-14, 0.000000000000000000, -1.000000000000000000 ) ) ;
#3489 = PLANE ( 'NONE',  #5783 ) ;
#3490 = CARTESIAN_POINT ( 'NONE',  ( 0.5000000000000188738, 0.000000000000000000, 1.799999999999994937 ) ) ;
#3491 = DIRECTION ( 'NONE',  ( 1.047444401652940007E-14, 0.000000000000000000, 1.000000000000000000 ) ) ;
#3492 = DIRECTION ( 'NONE',  ( -1.047444401652940007E-14, 0.000000000000000000, -1.000000000000000000 ) ) ;
#3493 = EDGE_LOOP ( 'NONE', ( #3382, #3518, #3622, #2656, #5382, #4193, #8294, #4387 ) ) ;
#3494 = CARTESIAN_POINT ( 'NONE',  ( 4.465421043656687239, -0.03999999999999801631, -5.800000000000046896 ) ) ;
#3495 = VERTEX_POINT ( 'NONE', #2712 ) ;
#3496 = ORIENTED_EDGE ( 'NONE', *, *, #6685, .T. ) ;
#3497 = EDGE_LOOP ( 'NONE', ( #6921, #587, #3174, #1425, #8593, #2682 ) ) ;
#3498 = ADVANCED_FACE ( 'NONE', ( #8310 ), #5410, .F. ) ;
#3499 = VECTOR ( 'NONE', #2005, 1000.000000000000000 ) ;
#3500 = EDGE_CURVE ( 'NONE', #3984, #3729, #1422, .T. ) ;
#3501 = LINE ( 'NONE', #4737, #1969 ) ;
#3502 = DIRECTION ( 'NONE',  ( 1.000802005371235700E-14, 0.000000000000000000, 1.000000000000000000 ) ) ;
#3503 = PLANE ( 'NONE',  #2071 ) ;
#3504 = ORIENTED_EDGE ( 'NONE', *, *, #5169, .F. ) ;
#3505 = LINE ( 'NONE', #3604, #4637 ) ;
#3506 = VECTOR ( 'NONE', #6410, 1000.000000000000000 ) ;
#3507 = VECTOR ( 'NONE', #1528, 1000.000000000000000 ) ;
#3508 = ORIENTED_EDGE ( 'NONE', *, *, #6677, .T. ) ;
#3509 = LINE ( 'NONE', #6224, #3325 ) ;
#3510 = CARTESIAN_POINT ( 'NONE',  ( -3.142333204958821282E-14, 3.673940397442077617E-16, -3.000000000000000888 ) ) ;
#3511 = LINE ( 'NONE', #3469, #6911 ) ;
#3512 = VECTOR ( 'NONE', #7450, 1000.000000000000000 ) ;
#3513 = DIRECTION ( 'NONE',  ( 1.047444401652940007E-14, 0.000000000000000000, 1.000000000000000000 ) ) ;
#3514 = CARTESIAN_POINT ( 'NONE',  ( 12.00000000000006217, 2.260000000000000675, 5.899999999999876010 ) ) ;
#3515 = CIRCLE ( 'NONE', #2092, 0.2000000000000013989 ) ;
#3516 = CARTESIAN_POINT ( 'NONE',  ( 7.985000000000052722, 2.510000000000001119, 5.349999999999915268 ) ) ;
#3517 = ADVANCED_FACE ( 'NONE', ( #789 ), #3503, .T. ) ;
#3518 = ORIENTED_EDGE ( 'NONE', *, *, #4901, .T. ) ;
#3519 = AXIS2_PLACEMENT_3D ( 'NONE', #4668, #7522, #1380 ) ;
#3520 = EDGE_LOOP ( 'NONE', ( #3012, #6562, #596, #1828 ) ) ;
#3521 = ORIENTED_EDGE ( 'NONE', *, *, #8344, .T. ) ;
#3522 = VERTEX_POINT ( 'NONE', #5600 ) ;
#3523 = DIRECTION ( 'NONE',  ( 1.047444401652940007E-14, 0.000000000000000000, 1.000000000000000000 ) ) ;
#3524 = CARTESIAN_POINT ( 'NONE',  ( 1.194999999999966311, 1.370000000000000773, -3.200000000000013056 ) ) ;
#3525 = DIRECTION ( 'NONE',  ( -4.910882144129284201E-30, -1.000000000000000000, -4.688441826964344298E-16 ) ) ;
#3526 = ADVANCED_FACE ( 'NONE', ( #2852 ), #5450, .T. ) ;
#3527 = CARTESIAN_POINT ( 'NONE',  ( 0.8500000000000672573, 1.400000000000000799, 6.399999999999991473 ) ) ;
#3528 = CARTESIAN_POINT ( 'NONE',  ( 8.064999999999956870, 1.099999999999996758, -4.850000000000084022 ) ) ;
#3529 = DIRECTION ( 'NONE',  ( 1.047444401652940007E-14, 0.000000000000000000, 1.000000000000000000 ) ) ;
#3530 = EDGE_CURVE ( 'NONE', #4895, #167, #4785, .T. ) ;
#3531 = CIRCLE ( 'NONE', #6659, 0.2499999999999998890 ) ;
#3532 = ORIENTED_EDGE ( 'NONE', *, *, #5866, .F. ) ;
#3533 = EDGE_CURVE ( 'NONE', #7808, #2549, #7554, .T. ) ;
#3534 = ORIENTED_EDGE ( 'NONE', *, *, #7406, .T. ) ;
#3535 = ORIENTED_EDGE ( 'NONE', *, *, #5359, .F. ) ;
#3536 = ADVANCED_FACE ( 'NONE', ( #6268 ), #3460, .T. ) ;
#3537 = VECTOR ( 'NONE', #3160, 1000.000000000000000 ) ;
#3538 = AXIS2_PLACEMENT_3D ( 'NONE', #3899, #8662, #4652 ) ;
#3539 = DIRECTION ( 'NONE',  ( -1.047444401652940007E-14, -0.000000000000000000, -1.000000000000000000 ) ) ;
#3540 = VECTOR ( 'NONE', #8300, 1000.000000000000000 ) ;
#3541 = PLANE ( 'NONE',  #5067 ) ;
#3542 = CARTESIAN_POINT ( 'NONE',  ( 1.355000000000062377, -0.2499999999999992506, 5.999999999999986677 ) ) ;
#3543 = DIRECTION ( 'NONE',  ( -8.673617379884051249E-15, 0.000000000000000000, -1.000000000000000000 ) ) ;
#3544 = CARTESIAN_POINT ( 'NONE',  ( 8.600000000000061817, -1.399999999999999467, 5.999999999999910294 ) ) ;
#3545 = DIRECTION ( 'NONE',  ( 1.047444401652940007E-14, 0.000000000000000000, 1.000000000000000000 ) ) ;
#3546 = ORIENTED_EDGE ( 'NONE', *, *, #6124, .T. ) ;
#3547 = CARTESIAN_POINT ( 'NONE',  ( 5.130000000000060290, 1.159999999999999920, 5.799999999999946532 ) ) ;
#3548 = ORIENTED_EDGE ( 'NONE', *, *, #4336, .T. ) ;
#3549 = PRESENTATION_LAYER_ASSIGNMENT (  '', '', ( #5675 ) ) ;
#3550 = PRODUCT_DEFINITION_FORMATION_WITH_SPECIFIED_SOURCE ( 'ANY', '', #2177, .NOT_KNOWN. ) ;
#3551 = VECTOR ( 'NONE', #6565, 1000.000000000000000 ) ;
#3552 = VERTEX_POINT ( 'NONE', #184 ) ;
#3553 = ORIENTED_EDGE ( 'NONE', *, *, #7475, .F. ) ;
#3554 = EDGE_CURVE ( 'NONE', #2615, #7832, #2227, .T. ) ;
#3555 = AXIS2_PLACEMENT_3D ( 'NONE', #4612, #577, #8086 ) ;
#3556 = VECTOR ( 'NONE', #1682, 1000.000000000000000 ) ;
#3557 = FACE_OUTER_BOUND ( 'NONE', #853, .T. ) ;
#3558 = DIRECTION ( 'NONE',  ( 1.000000000000000000, 0.000000000000000000, -1.047444401652940007E-14 ) ) ;
#3559 = CARTESIAN_POINT ( 'NONE',  ( 1.274999999999939071, 1.650000000000000799, -5.800000000000013145 ) ) ;
#3560 = FACE_OUTER_BOUND ( 'NONE', #2814, .T. ) ;
#3561 = VERTEX_POINT ( 'NONE', #8528 ) ;
#3562 = DIRECTION ( 'NONE',  ( 0.000000000000000000, 1.000000000000000000, 0.000000000000000000 ) ) ;
#3563 = ORIENTED_EDGE ( 'NONE', *, *, #2405, .F. ) ;
#3564 = FACE_OUTER_BOUND ( 'NONE', #5905, .T. ) ;
#3565 = DIRECTION ( 'NONE',  ( 1.155864618901490608E-14, 0.000000000000000000, 1.000000000000000000 ) ) ;
#3566 = LINE ( 'NONE', #6888, #4925 ) ;
#3567 = PLANE ( 'NONE',  #5370 ) ;
#3568 = AXIS2_PLACEMENT_3D ( 'NONE', #2266, #2745, #6826 ) ;
#3569 = DIRECTION ( 'NONE',  ( 1.000000000000000000, -5.575896887068300516E-15, -1.047444401652940007E-14 ) ) ;
#3570 = ORIENTED_EDGE ( 'NONE', *, *, #2653, .T. ) ;
#3571 = ORIENTED_EDGE ( 'NONE', *, *, #2211, .F. ) ;
#3572 = ORIENTED_EDGE ( 'NONE', *, *, #8443, .F. ) ;
#3573 = ORIENTED_EDGE ( 'NONE', *, *, #2295, .T. ) ;
#3574 = EDGE_CURVE ( 'NONE', #404, #3035, #320, .T. ) ;
#3575 = DIRECTION ( 'NONE',  ( -1.000000000000000000, 0.000000000000000000, 1.047444401652940007E-14 ) ) ;
#3576 = VECTOR ( 'NONE', #1051, 1000.000000000000000 ) ;
#3577 = DIRECTION ( 'NONE',  ( 1.000000000000000000, 1.224646799147361835E-16, -1.047444401652940007E-14 ) ) ;
#3578 = PLANE ( 'NONE',  #2525 ) ;
#3579 = FACE_OUTER_BOUND ( 'NONE', #6709, .T. ) ;
#3580 = FILL_AREA_STYLE_COLOUR ( '', #6955 ) ;
#3581 = ORIENTED_EDGE ( 'NONE', *, *, #2273, .T. ) ;
#3582 = EDGE_LOOP ( 'NONE', ( #4962, #2455, #1930, #229 ) ) ;
#3583 = VERTEX_POINT ( 'NONE', #7726 ) ;
#3584 = DIRECTION ( 'NONE',  ( -4.910882144129284201E-30, -1.000000000000000000, -4.688441826964344298E-16 ) ) ;
#3585 = ADVANCED_FACE ( 'NONE', ( #6354 ), #3735, .T. ) ;
#3586 = CARTESIAN_POINT ( 'NONE',  ( 11.30000000000006111, -1.560703055139993412, 5.799999999999882583 ) ) ;
#3587 = EDGE_CURVE ( 'NONE', #5062, #3730, #976, .T. ) ;
#3588 = DIRECTION ( 'NONE',  ( 1.101654510277215386E-14, 0.000000000000000000, 1.000000000000000000 ) ) ;
#3589 = PLANE ( 'NONE',  #4662 ) ;
#3590 = CARTESIAN_POINT ( 'NONE',  ( 9.000000000000040856, -1.399999999999999467, 3.999999999999905409 ) ) ;
#3591 = CYLINDRICAL_SURFACE ( 'NONE', #5116, 0.1000000000000002554 ) ;
#3592 = ORIENTED_EDGE ( 'NONE', *, *, #8502, .T. ) ;
#3593 = CARTESIAN_POINT ( 'NONE',  ( 2.249999999999972911, 1.450000000000000844, -2.300000000000023803 ) ) ;
#3594 = ORIENTED_EDGE ( 'NONE', *, *, #7603, .T. ) ;
#3595 = ORIENTED_EDGE ( 'NONE', *, *, #5164, .T. ) ;
#3596 = VERTEX_POINT ( 'NONE', #6402 ) ;
#3597 = EDGE_CURVE ( 'NONE', #3840, #2918, #1515, .T. ) ;
#3598 = CARTESIAN_POINT ( 'NONE',  ( 7.885000000000061959, 2.510000000000001119, 5.919999999999917328 ) ) ;
#3599 = LINE ( 'NONE', #4308, #3234 ) ;
#3600 = DIRECTION ( 'NONE',  ( -1.047444401652940007E-14, -0.000000000000000000, -1.000000000000000000 ) ) ;
#3601 = ADVANCED_FACE ( 'NONE', ( #2354, #3690 ), #8446, .F. ) ;
#3602 = LINE ( 'NONE', #8409, #420 ) ;
#3603 = ORIENTED_EDGE ( 'NONE', *, *, #3223, .T. ) ;
#3604 = CARTESIAN_POINT ( 'NONE',  ( 0.6000000000000460521, 1.400000000000000355, 4.399999999999995914 ) ) ;
#3605 = ORIENTED_EDGE ( 'NONE', *, *, #2565, .T. ) ;
#3606 = EDGE_CURVE ( 'NONE', #5064, #2549, #942, .T. ) ;
#3607 = PLANE ( 'NONE',  #7445 ) ;
#3608 = DIRECTION ( 'NONE',  ( -1.419551869787370853E-30, 1.000000000000000000, -1.355252715606880296E-16 ) ) ;
#3609 = DIRECTION ( 'NONE',  ( 1.047444401652940007E-14, 0.000000000000000000, 1.000000000000000000 ) ) ;
#3610 = DIRECTION ( 'NONE',  ( -1.047444401652940007E-14, 0.000000000000000000, -1.000000000000000000 ) ) ;
#3611 = CARTESIAN_POINT ( 'NONE',  ( 6.479999999999951577, 2.259999999999999343, -4.500000000000068390 ) ) ;
#3612 = ORIENTED_EDGE ( 'NONE', *, *, #6247, .T. ) ;
#3613 = ORIENTED_EDGE ( 'NONE', *, *, #4968, .F. ) ;
#3614 = ORIENTED_EDGE ( 'NONE', *, *, #81, .F. ) ;
#3615 = VERTEX_POINT ( 'NONE', #7108 ) ;
#3616 = EDGE_CURVE ( 'NONE', #6151, #1764, #6743, .T. ) ;
#3617 = DIRECTION ( 'NONE',  ( -1.000000000000000000, 0.000000000000000000, 8.673617379884051249E-15 ) ) ;
#3618 = CARTESIAN_POINT ( 'NONE',  ( 6.630000000000057625, -0.04000000000000005634, 5.799999999999931433 ) ) ;
#3619 = FACE_OUTER_BOUND ( 'NONE', #1771, .T. ) ;
#3620 = CARTESIAN_POINT ( 'NONE',  ( 6.479999999999951577, 2.299999999999998490, -4.500000000000068390 ) ) ;
#3621 = EDGE_CURVE ( 'NONE', #7510, #416, #7814, .T. ) ;
#3622 = ORIENTED_EDGE ( 'NONE', *, *, #4054, .T. ) ;
#3623 = ORIENTED_EDGE ( 'NONE', *, *, #5089, .F. ) ;
#3624 = LINE ( 'NONE', #6336, #1574 ) ;
#3625 = AXIS2_PLACEMENT_3D ( 'NONE', #4803, #5384, #7524 ) ;
#3626 = CARTESIAN_POINT ( 'NONE',  ( 9.249999999999959144, -2.300000000000000711, -4.600000000000096456 ) ) ;
#3627 = DIRECTION ( 'NONE',  ( 1.047444401652940007E-14, 0.000000000000000000, 1.000000000000000000 ) ) ;
#3628 = CARTESIAN_POINT ( 'NONE',  ( 9.249999999999960920, -3.000000000000000444, -4.500000000000097700 ) ) ;
#3629 = PLANE ( 'NONE',  #7183 ) ;
#3630 = SURFACE_STYLE_FILL_AREA ( #7009 ) ;
#3631 = ORIENTED_EDGE ( 'NONE', *, *, #8442, .F. ) ;
#3632 = VERTEX_POINT ( 'NONE', #4274 ) ;
#3633 = CIRCLE ( 'NONE', #8582, 0.2000000000000022593 ) ;
#3635 = ORIENTED_EDGE ( 'NONE', *, *, #169, .F. ) ;
#3634 = EDGE_CURVE ( 'NONE', #3035, #197, #797, .T. ) ;
#3636 = ORIENTED_EDGE ( 'NONE', *, *, #5949, .F. ) ;
#3637 = FACE_OUTER_BOUND ( 'NONE', #1792, .T. ) ;
#3638 = LINE ( 'NONE', #5044, #1396 ) ;
#3639 = VECTOR ( 'NONE', #2278, 1000.000000000000000 ) ;
#3640 = DIRECTION ( 'NONE',  ( 1.047444401652940007E-14, 0.000000000000000000, 1.000000000000000000 ) ) ;
#3641 = CARTESIAN_POINT ( 'NONE',  ( 1.349999999999973666, 1.450000000000000844, -2.300000000000015365 ) ) ;
#3642 = ORIENTED_EDGE ( 'NONE', *, *, #4796, .F. ) ;
#3643 = EDGE_CURVE ( 'NONE', #1275, #3127, #352, .T. ) ;
#3644 = LINE ( 'NONE', #1470, #5063 ) ;
#3645 = VECTOR ( 'NONE', #3759, 1000.000000000000000 ) ;
#3646 = VERTEX_POINT ( 'NONE', #7690 ) ;
#3647 = VECTOR ( 'NONE', #2175, 1000.000000000000000 ) ;
#3648 = CARTESIAN_POINT ( 'NONE',  ( 6.280000000000060645, 0.6600000000000001421, 6.049999999999934097 ) ) ;
#3649 = ADVANCED_FACE ( 'NONE', ( #4434 ), #7147, .T. ) ;
#3650 = EDGE_CURVE ( 'NONE', #3596, #2510, #3342, .T. ) ;
#3651 = CARTESIAN_POINT ( 'NONE',  ( 8.600000000000061817, -0.2499999999999989175, 5.999999999999910294 ) ) ;
#3652 = CARTESIAN_POINT ( 'NONE',  ( 6.479999999999951577, 2.260000000000000231, -4.500000000000068390 ) ) ;
#3653 = CARTESIAN_POINT ( 'NONE',  ( 3.825000000000067679, -3.000000000000000000, 6.399999999999961275 ) ) ;
#3654 = AXIS2_PLACEMENT_3D ( 'NONE', #802, #8371, #6231 ) ;
#3655 = CYLINDRICAL_SURFACE ( 'NONE', #8053, 0.08000000000000020983 ) ;
#3656 = VECTOR ( 'NONE', #7863, 1000.000000000000000 ) ;
#3657 = ORIENTED_EDGE ( 'NONE', *, *, #332, .F. ) ;
#3658 = ORIENTED_EDGE ( 'NONE', *, *, #4868, .F. ) ;
#3659 = CIRCLE ( 'NONE', #6212, 0.09999999999999982514 ) ;
#3660 = ORIENTED_EDGE ( 'NONE', *, *, #530, .F. ) ;
#3661 = AXIS2_PLACEMENT_3D ( 'NONE', #8671, #7324, #3872 ) ;
#3662 = CARTESIAN_POINT ( 'NONE',  ( 11.50000000000006040, -1.399999999999999245, 5.799999999999879918 ) ) ;
#3663 = VECTOR ( 'NONE', #8341, 1000.000000000000000 ) ;
#3664 = CARTESIAN_POINT ( 'NONE',  ( 6.630000000000058513, 0.05999999999999996309, 5.799999999999931433 ) ) ;
#3665 = DIRECTION ( 'NONE',  ( -1.000000000000000000, 0.000000000000000000, 1.084202172485504592E-14 ) ) ;
#3666 = LINE ( 'NONE', #3527, #2524 ) ;
#3667 = VECTOR ( 'NONE', #1575, 1000.000000000000000 ) ;
#3668 = VERTEX_POINT ( 'NONE', #1561 ) ;
#3669 = AXIS2_PLACEMENT_3D ( 'NONE', #4864, #2883, #5587 ) ;
#3670 = AXIS2_PLACEMENT_3D ( 'NONE', #160, #7034, #5668 ) ;
#3671 = ORIENTED_EDGE ( 'NONE', *, *, #3687, .T. ) ;
#3672 = CARTESIAN_POINT ( 'NONE',  ( 8.600000000000061817, -0.2499999999999989175, 5.999999999999910294 ) ) ;
#3673 = LINE ( 'NONE', #7137, #8346 ) ;
#3674 = DIRECTION ( 'NONE',  ( 1.000000000000000000, -1.202200613782032810E-16, -1.047444401652940007E-14 ) ) ;
#3675 = AXIS2_PLACEMENT_3D ( 'NONE', #601, #2519, #5983 ) ;
#3676 = AXIS2_PLACEMENT_3D ( 'NONE', #5850, #5344, #3888 ) ;
#3677 = DIRECTION ( 'NONE',  ( -1.000000000000000000, 0.000000000000000000, 1.084202172485501594E-14 ) ) ;
#3678 = PRESENTATION_STYLE_ASSIGNMENT (( #965 ) ) ;
#3679 = ORIENTED_EDGE ( 'NONE', *, *, #5032, .F. ) ;
#3680 = ORIENTED_EDGE ( 'NONE', *, *, #4444, .F. ) ;
#3681 = ORIENTED_EDGE ( 'NONE', *, *, #8008, .F. ) ;
#3682 = AXIS2_PLACEMENT_3D ( 'NONE', #947, #2335, #453 ) ;
#3684 = EDGE_LOOP ( 'NONE', ( #6650, #494, #4712, #6579 ) ) ;
#3683 = AXIS2_PLACEMENT_3D ( 'NONE', #7716, #1012, #7007 ) ;
#3685 = EDGE_CURVE ( 'NONE', #2830, #1772, #6476, .T. ) ;
#3686 = FACE_OUTER_BOUND ( 'NONE', #5750, .T. ) ;
#3687 = EDGE_CURVE ( 'NONE', #4885, #1590, #3912, .T. ) ;
#3688 = DIRECTION ( 'NONE',  ( 1.047444401652940007E-14, 0.000000000000000000, 1.000000000000000000 ) ) ;
#3689 = CIRCLE ( 'NONE', #289, 0.05957895634325395540 ) ;
#3690 = FACE_OUTER_BOUND ( 'NONE', #8404, .T. ) ;
#3691 = VECTOR ( 'NONE', #8398, 1000.000000000000000 ) ;
#3692 = CARTESIAN_POINT ( 'NONE',  ( 12.50000000000006750, -0.2499999999999985012, 6.399999999999868905 ) ) ;
#3693 = ORIENTED_EDGE ( 'NONE', *, *, #284, .T. ) ;
#3694 = CARTESIAN_POINT ( 'NONE',  ( 3.825000000000061018, 2.260000000000000675, 5.799999999999959854 ) ) ;
#3695 = VERTEX_POINT ( 'NONE', #7016 ) ;
#3696 = EDGE_CURVE ( 'NONE', #3762, #2615, #5645, .T. ) ;
#3697 = AXIS2_PLACEMENT_3D ( 'NONE', #7494, #4871, #5403 ) ;
#3698 = AXIS2_PLACEMENT_3D ( 'NONE', #2392, #7688, #7105 ) ;
#3699 = ADVANCED_FACE ( 'NONE', ( #8408 ), #2320, .F. ) ;
#3700 = DIRECTION ( 'NONE',  ( 1.000000000000000000, -0.000000000000000000, -1.047444401652940007E-14 ) ) ;
#3701 = AXIS2_PLACEMENT_3D ( 'NONE', #845, #4035, #8162 ) ;
#3702 = EDGE_CURVE ( 'NONE', #2840, #7684, #3313, .T. ) ;
#3703 = CARTESIAN_POINT ( 'NONE',  ( 3.875000000000062617, 2.510000000000001119, 5.919999999999959073 ) ) ;
#3704 = EDGE_CURVE ( 'NONE', #8678, #4704, #1761, .T. ) ;
#3705 = EDGE_CURVE ( 'NONE', #943, #2642, #6596, .T. ) ;
#3706 = CARTESIAN_POINT ( 'NONE',  ( 0.5000000000000202061, -2.300000000000000711, 1.926136028425816882 ) ) ;
#3707 = LINE ( 'NONE', #8536, #2697 ) ;
#3708 = CIRCLE ( 'NONE', #7528, 0.09999999999999982514 ) ;
#3709 = CARTESIAN_POINT ( 'NONE',  ( 2.649999999999935074, 1.650000000000000799, -5.920000000000027462 ) ) ;
#3710 = ORIENTED_EDGE ( 'NONE', *, *, #2478, .F. ) ;
#3711 = ORIENTED_EDGE ( 'NONE', *, *, #4104, .F. ) ;
#3712 = DIRECTION ( 'NONE',  ( -1.000000000000000000, 0.000000000000000000, 1.084202172485506327E-14 ) ) ;
#3713 = PLANE ( 'NONE',  #1933 ) ;
#3714 = DIRECTION ( 'NONE',  ( 1.047444401652940007E-14, 0.000000000000000000, 1.000000000000000000 ) ) ;
#3715 = CARTESIAN_POINT ( 'NONE',  ( 9.299999999999947420, -0.2499999999999989175, -5.800000000000098410 ) ) ;
#3716 = CIRCLE ( 'NONE', #5701, 0.3999999999999993006 ) ;
#3717 = ADVANCED_FACE ( 'NONE', ( #3860 ), #5217, .F. ) ;
#3718 = EDGE_CURVE ( 'NONE', #6441, #386, #4517, .T. ) ;
#3719 = EDGE_CURVE ( 'NONE', #7852, #65, #8603, .T. ) ;
#3720 = EDGE_LOOP ( 'NONE', ( #1212, #517, #3731, #4170 ) ) ;
#3721 = STYLED_ITEM ( 'NONE', ( #3678 ), #2472 ) ;
#3722 = VERTEX_POINT ( 'NONE', #7935 ) ;
#3723 = EDGE_CURVE ( 'NONE', #7619, #7164, #2436, .T. ) ;
#3724 = PLANE ( 'NONE',  #281 ) ;
#3725 = CARTESIAN_POINT ( 'NONE',  ( 2.800000000000062883, 1.650000000000000799, 5.999999999999970690 ) ) ;
#3726 = DIRECTION ( 'NONE',  ( -1.047444401652940007E-14, -1.355252715606880296E-16, -1.000000000000000000 ) ) ;
#3727 = CARTESIAN_POINT ( 'NONE',  ( 1.549999999999992717, 2.260000000000000675, -0.7000000000000172751 ) ) ;
#3728 = DIRECTION ( 'NONE',  ( -1.419551869787370853E-30, 1.000000000000000000, -1.355252715606880296E-16 ) ) ;
#3729 = VERTEX_POINT ( 'NONE', #7232 ) ;
#3730 = VERTEX_POINT ( 'NONE', #3811 ) ;
#3731 = ORIENTED_EDGE ( 'NONE', *, *, #3439, .F. ) ;
#3732 = ORIENTED_EDGE ( 'NONE', *, *, #7549, .T. ) ;
#3733 = DIRECTION ( 'NONE',  ( 0.000000000000000000, 1.000000000000000000, 0.000000000000000000 ) ) ;
#3734 = CARTESIAN_POINT ( 'NONE',  ( 2.505000000000055849, 1.370000000000000773, 5.799999999999974065 ) ) ;
#3735 = PLANE ( 'NONE',  #4762 ) ;
#3736 = PLANE ( 'NONE',  #2418 ) ;
#3737 = VERTEX_POINT ( 'NONE', #5984 ) ;
#3738 = EDGE_CURVE ( 'NONE', #6510, #7330, #1849, .T. ) ;
#3739 = EDGE_LOOP ( 'NONE', ( #5296, #7262, #595, #6005 ) ) ;
#3740 = PLANE ( 'NONE',  #3361 ) ;
#3741 = DIRECTION ( 'NONE',  ( 1.000000000000000000, -0.000000000000000000, -1.047444401652940007E-14 ) ) ;
#3742 = PLANE ( 'NONE',  #423 ) ;
#3743 = DIRECTION ( 'NONE',  ( 0.000000000000000000, 1.000000000000000000, 0.000000000000000000 ) ) ;
#3744 = CARTESIAN_POINT ( 'NONE',  ( 8.084999999999846310, 2.260000000000000675, -14.75411377792229217 ) ) ;
#3745 = EDGE_CURVE ( 'NONE', #2351, #5891, #563, .T. ) ;
#3746 = EDGE_CURVE ( 'NONE', #4624, #5685, #1887, .T. ) ;
#3747 = ORIENTED_EDGE ( 'NONE', *, *, #157, .T. ) ;
#3748 = ORIENTED_EDGE ( 'NONE', *, *, #2192, .F. ) ;
#3749 = DIRECTION ( 'NONE',  ( 1.047444401652940007E-14, 0.000000000000000000, 1.000000000000000000 ) ) ;
#3750 = CARTESIAN_POINT ( 'NONE',  ( 2.800000000000043343, 1.730000000000000870, 4.149999999999973710 ) ) ;
#3751 = DIRECTION ( 'NONE',  ( -4.910882144129293310E-30, 1.000000000000000000, -4.688441826964352187E-16 ) ) ;
#3752 = DIRECTION ( 'NONE',  ( 0.000000000000000000, -1.000000000000000000, -0.000000000000000000 ) ) ;
#3753 = VERTEX_POINT ( 'NONE', #3990 ) ;
#3754 = EDGE_LOOP ( 'NONE', ( #2114, #4011, #7538, #983 ) ) ;
#3755 = CARTESIAN_POINT ( 'NONE',  ( 6.479999999999938254, -0.2500000000000001110, -5.800000000000066436 ) ) ;
#3756 = CARTESIAN_POINT ( 'NONE',  ( 7.885000000000060183, 2.260000000000000675, 5.799999999999918110 ) ) ;
#3757 = CARTESIAN_POINT ( 'NONE',  ( 0.5999999999999870992, 1.949999999999999956, -1.200000000000006395 ) ) ;
#3758 = EDGE_CURVE ( 'NONE', #3813, #6223, #6643, .T. ) ;
#3759 = DIRECTION ( 'NONE',  ( 0.000000000000000000, -1.000000000000000000, 0.000000000000000000 ) ) ;
#3760 = CARTESIAN_POINT ( 'NONE',  ( 6.729999999999947136, 1.059999999999999387, -4.850000000000069811 ) ) ;
#3761 = CARTESIAN_POINT ( 'NONE',  ( 0.7999999999999579670, 2.260000000000000675, -4.000000000000008882 ) ) ;
#3762 = VERTEX_POINT ( 'NONE', #2571 ) ;
#3763 = ORIENTED_EDGE ( 'NONE', *, *, #7660, .T. ) ;
#3764 = ORIENTED_EDGE ( 'NONE', *, *, #533, .T. ) ;
#3765 = EDGE_LOOP ( 'NONE', ( #6598, #6432, #5751, #8584 ) ) ;
#3766 = CARTESIAN_POINT ( 'NONE',  ( 11.50000000000006217, -0.2499999999999983347, 5.899999999999880451 ) ) ;
#3767 = CARTESIAN_POINT ( 'NONE',  ( 1.349999999999966116, 1.450000000000000844, -3.000000000000014211 ) ) ;
#3768 = CARTESIAN_POINT ( 'NONE',  ( 6.630000000000058513, 0.05999999999999996309, 5.799999999999931433 ) ) ;
#3769 = EDGE_CURVE ( 'NONE', #5024, #4780, #5266, .T. ) ;
#3770 = FACE_OUTER_BOUND ( 'NONE', #1024, .T. ) ;
#3771 = ORIENTED_EDGE ( 'NONE', *, *, #5756, .T. ) ;
#3772 = VERTEX_POINT ( 'NONE', #8698 ) ;
#3773 = EDGE_CURVE ( 'NONE', #2045, #1370, #3144, .T. ) ;
#3774 = FILL_AREA_STYLE ('',( #1062 ) ) ;
#3775 = FACE_OUTER_BOUND ( 'NONE', #786, .T. ) ;
#3776 = LINE ( 'NONE', #4572, #8762 ) ;
#3777 = VERTEX_POINT ( 'NONE', #1145 ) ;
#3778 = ORIENTED_EDGE ( 'NONE', *, *, #7036, .T. ) ;
#3779 = CARTESIAN_POINT ( 'NONE',  ( 2.344999999999934470, -0.2500000000000047740, -5.800000000000024691 ) ) ;
#3780 = CARTESIAN_POINT ( 'NONE',  ( 8.945230123270901501, 2.260000000000000675, 5.799999999999907452 ) ) ;
#3781 = AXIS2_PLACEMENT_3D ( 'NONE', #2337, #7742, #5748 ) ;
#3782 = FACE_OUTER_BOUND ( 'NONE', #4842, .T. ) ;
#3783 = CARTESIAN_POINT ( 'NONE',  ( 11.99999999999993783, -0.2500000000000000000, -6.000000000000127010 ) ) ;
#3784 = ADVANCED_FACE ( 'NONE', ( #7353 ), #2473, .T. ) ;
#3785 = ORIENTED_EDGE ( 'NONE', *, *, #6112, .F. ) ;
#3786 = EDGE_CURVE ( 'NONE', #369, #3274, #1180, .T. ) ;
#3787 = CIRCLE ( 'NONE', #4360, 0.09999999999999939493 ) ;
#3788 = ORIENTED_EDGE ( 'NONE', *, *, #6458, .T. ) ;
#3789 = VECTOR ( 'NONE', #3488, 1000.000000000000000 ) ;
#3790 = ORIENTED_EDGE ( 'NONE', *, *, #1551, .T. ) ;
#3791 = EDGE_CURVE ( 'NONE', #1170, #2539, #7974, .T. ) ;
#3792 = DIRECTION ( 'NONE',  ( -1.000000000000000000, 0.000000000000000000, 1.084202172485504592E-14 ) ) ;
#3793 = CARTESIAN_POINT ( 'NONE',  ( 1.450000000000060574, -0.2499999999999997780, 5.799999999999984723 ) ) ;
#3794 = FACE_OUTER_BOUND ( 'NONE', #1827, .T. ) ;
#3795 = CARTESIAN_POINT ( 'NONE',  ( -0.4999999999999863443, 2.260000000000000231, 1.926136028425827984 ) ) ;
#3796 = EDGE_CURVE ( 'NONE', #4896, #2100, #3272, .T. ) ;
#3797 = VECTOR ( 'NONE', #6608, 1000.000000000000000 ) ;
#3798 = EDGE_CURVE ( 'NONE', #5802, #3360, #7585, .T. ) ;
#3799 = AXIS2_PLACEMENT_3D ( 'NONE', #916, #309, #3627 ) ;
#3800 = CARTESIAN_POINT ( 'NONE',  ( 3.875000000000055511, 2.510000000000001119, 5.249999999999957367 ) ) ;
#3801 = AXIS2_PLACEMENT_3D ( 'NONE', #5619, #5029, #6951 ) ;
#3802 = LINE ( 'NONE', #5284, #7394 ) ;
#3803 = ORIENTED_EDGE ( 'NONE', *, *, #1745, .T. ) ;
#3804 = ORIENTED_EDGE ( 'NONE', *, *, #6355, .F. ) ;
#3805 = ORIENTED_EDGE ( 'NONE', *, *, #1652, .F. ) ;
#3806 = ADVANCED_FACE ( 'NONE', ( #3449 ), #1407, .T. ) ;
#3807 = VERTEX_POINT ( 'NONE', #4692 ) ;
#3808 = DIRECTION ( 'NONE',  ( 1.047444401652940007E-14, 0.000000000000000000, 1.000000000000000000 ) ) ;
#3809 = DIRECTION ( 'NONE',  ( 1.047444401652940007E-14, 0.000000000000000000, 1.000000000000000000 ) ) ;
#3810 = LINE ( 'NONE', #510, #4821 ) ;
#3811 = CARTESIAN_POINT ( 'NONE',  ( 9.299999999999945643, -1.399999999999999245, -6.000000000000097700 ) ) ;
#3812 = CARTESIAN_POINT ( 'NONE',  ( 6.729999999999948912, 2.510000000000001119, -4.700000000000070344 ) ) ;
#3813 = VERTEX_POINT ( 'NONE', #4072 ) ;
#3814 = AXIS2_PLACEMENT_3D ( 'NONE', #4241, #1486, #105 ) ;
#3815 = CIRCLE ( 'NONE', #4391, 0.3999999999999993006 ) ;
#3816 = EDGE_CURVE ( 'NONE', #7065, #8704, #8066, .T. ) ;
#3817 = VECTOR ( 'NONE', #8010, 1000.000000000000000 ) ;
#3818 = VERTEX_POINT ( 'NONE', #833 ) ;
#3819 = ORIENTED_EDGE ( 'NONE', *, *, #4480, .F. ) ;
#3820 = VECTOR ( 'NONE', #5992, 1000.000000000000000 ) ;
#3821 = VECTOR ( 'NONE', #3741, 1000.000000000000000 ) ;
#3822 = VECTOR ( 'NONE', #5599, 1000.000000000000000 ) ;
#3823 = DIRECTION ( 'NONE',  ( 0.000000000000000000, 1.000000000000000000, 0.000000000000000000 ) ) ;
#3824 = LINE ( 'NONE', #6528, #2411 ) ;
#3825 = CARTESIAN_POINT ( 'NONE',  ( 6.730000000000059046, 1.059999999999999387, 5.799999999999930544 ) ) ;
#3826 = SURFACE_SIDE_STYLE ('',( #7196 ) ) ;
#3827 = DIRECTION ( 'NONE',  ( 0.000000000000000000, 1.000000000000000000, 0.000000000000000000 ) ) ;
#3828 = VECTOR ( 'NONE', #3468, 1000.000000000000000 ) ;
#3829 = VECTOR ( 'NONE', #5939, 1000.000000000000000 ) ;
#3830 = CIRCLE ( 'NONE', #8655, 0.05957895634325308803 ) ;
#3831 = CIRCLE ( 'NONE', #8797, 0.1000000000000011297 ) ;
#3832 = ORIENTED_EDGE ( 'NONE', *, *, #3906, .T. ) ;
#3833 = ORIENTED_EDGE ( 'NONE', *, *, #6472, .F. ) ;
#3834 = DIRECTION ( 'NONE',  ( -1.000000000000000000, 0.000000000000000000, 1.084202172485501594E-14 ) ) ;
#3835 = DIRECTION ( 'NONE',  ( -1.000000000000000000, 0.000000000000000000, 1.047444401652940007E-14 ) ) ;
#3836 = DIRECTION ( 'NONE',  ( -1.000000000000000000, 0.000000000000000000, 1.047444401652940007E-14 ) ) ;
#3837 = CARTESIAN_POINT ( 'NONE',  ( 2.449999999999965983, 1.450000000000000844, -3.100000000000026734 ) ) ;
#3838 = VECTOR ( 'NONE', #4204, 1000.000000000000000 ) ;
#3839 = ADVANCED_FACE ( 'NONE', ( #6869 ), #4123, .F. ) ;
#3840 = VERTEX_POINT ( 'NONE', #4826 ) ;
#3841 = EDGE_CURVE ( 'NONE', #6781, #4860, #7460, .T. ) ;
#3842 = ORIENTED_EDGE ( 'NONE', *, *, #1745, .F. ) ;
#3843 = VERTEX_POINT ( 'NONE', #2787 ) ;
#3844 = PLANE ( 'NONE',  #6674 ) ;
#3845 = CARTESIAN_POINT ( 'NONE',  ( 1.370000000000060725, -0.3299999999999993494, 5.799999999999985612 ) ) ;
#3846 = DIRECTION ( 'NONE',  ( -1.334402673828314266E-14, 0.000000000000000000, -1.000000000000000000 ) ) ;
#3847 = LINE ( 'NONE', #7138, #7906 ) ;
#3848 = PLANE ( 'NONE',  #3242 ) ;
#3849 = ORIENTED_EDGE ( 'NONE', *, *, #6832, .F. ) ;
#3850 = EDGE_LOOP ( 'NONE', ( #3803, #4659, #557, #5857 ) ) ;
#3851 = AXIS2_PLACEMENT_3D ( 'NONE', #6747, #7518, #6800 ) ;
#3852 = EDGE_CURVE ( 'NONE', #7010, #4366, #7543, .T. ) ;
#3853 = ORIENTED_EDGE ( 'NONE', *, *, #323, .F. ) ;
#3854 = EDGE_CURVE ( 'NONE', #4766, #612, #8334, .T. ) ;
#3855 = ORIENTED_EDGE ( 'NONE', *, *, #8597, .F. ) ;
#3856 = EDGE_CURVE ( 'NONE', #4633, #3632, #7757, .T. ) ;
#3857 = ADVANCED_FACE ( 'NONE', ( #4867 ), #739, .F. ) ;
#3858 = DIRECTION ( 'NONE',  ( -1.000000000000000000, 0.000000000000000000, 1.047444401652940007E-14 ) ) ;
#3859 = CYLINDRICAL_SURFACE ( 'NONE', #7497, 2.500000000000000000 ) ;
#3860 = FACE_OUTER_BOUND ( 'NONE', #8494, .T. ) ;
#3861 = CARTESIAN_POINT ( 'NONE',  ( 1.369999999999939266, -0.3299999999999993494, -5.800000000000014921 ) ) ;
#3862 = ORIENTED_EDGE ( 'NONE', *, *, #4846, .T. ) ;
#3863 = ORIENTED_EDGE ( 'NONE', *, *, #698, .F. ) ;
#3864 = ORIENTED_EDGE ( 'NONE', *, *, #6227, .T. ) ;
#3865 = CARTESIAN_POINT ( 'NONE',  ( -9.999999999999978684, 2.260000000000000231, 1.972916622668180020 ) ) ;
#3866 = LINE ( 'NONE', #6566, #646 ) ;
#3867 = CARTESIAN_POINT ( 'NONE',  ( 12.00000000000007105, 2.510000000000001119, 6.749999999999875655 ) ) ;
#3868 = CARTESIAN_POINT ( 'NONE',  ( -6.703644170578817304E-14, 2.299999999999998934, -6.400000000000001243 ) ) ;
#3869 = ORIENTED_EDGE ( 'NONE', *, *, #4618, .T. ) ;
#3870 = ORIENTED_EDGE ( 'NONE', *, *, #8232, .T. ) ;
#3871 = LINE ( 'NONE', #2491, #6352 ) ;
#3872 = DIRECTION ( 'NONE',  ( 1.000000000000000000, 0.000000000000000000, -1.047444401652940007E-14 ) ) ;
#3873 = PLANE ( 'NONE',  #7490 ) ;
#3874 = DIRECTION ( 'NONE',  ( 1.047444401652940007E-14, 0.000000000000000000, 1.000000000000000000 ) ) ;
#3875 = ORIENTED_EDGE ( 'NONE', *, *, #1757, .T. ) ;
#3876 = EDGE_CURVE ( 'NONE', #8105, #2283, #5181, .T. ) ;
#3877 = ORIENTED_EDGE ( 'NONE', *, *, #4513, .T. ) ;
#3878 = ORIENTED_EDGE ( 'NONE', *, *, #7560, .F. ) ;
#3879 = DIRECTION ( 'NONE',  ( 1.047444401652940007E-14, 0.000000000000000000, 1.000000000000000000 ) ) ;
#3880 = CARTESIAN_POINT ( 'NONE',  ( 2.250000000000061284, -0.3300000000000048450, 5.999999999999976907 ) ) ;
#3881 = LINE ( 'NONE', #4459, #7064 ) ;
#3882 = LINE ( 'NONE', #1048, #1537 ) ;
#3883 = CARTESIAN_POINT ( 'NONE',  ( 6.730000000000061711, 1.059999999999999387, 6.049999999999929656 ) ) ;
#3884 = VERTEX_POINT ( 'NONE', #3544 ) ;
#3885 = ORIENTED_EDGE ( 'NONE', *, *, #8483, .T. ) ;
#3886 = ORIENTED_EDGE ( 'NONE', *, *, #3008, .F. ) ;
#3887 = ORIENTED_EDGE ( 'NONE', *, *, #434, .T. ) ;
#3888 = DIRECTION ( 'NONE',  ( -1.000000000000000000, 0.000000000000000000, 1.084202172485501594E-14 ) ) ;
#3889 = FACE_OUTER_BOUND ( 'NONE', #2538, .T. ) ;
#3890 = LINE ( 'NONE', #1845, #1977 ) ;
#3891 = CARTESIAN_POINT ( 'NONE',  ( 2.850000000000067146, 1.400000000000000799, 6.399999999999971045 ) ) ;
#3892 = DIRECTION ( 'NONE',  ( -1.047444401652940007E-14, -1.355252715606880296E-16, -1.000000000000000000 ) ) ;
#3893 = EDGE_CURVE ( 'NONE', #5353, #8316, #4769, .T. ) ;
#3894 = DIRECTION ( 'NONE',  ( 0.000000000000000000, 1.000000000000000000, 0.000000000000000000 ) ) ;
#3895 = ORIENTED_EDGE ( 'NONE', *, *, #6263, .F. ) ;
#3896 = VERTEX_POINT ( 'NONE', #2650 ) ;
#3897 = ORIENTED_EDGE ( 'NONE', *, *, #7645, .F. ) ;
#3898 = CLOSED_SHELL ( 'NONE', ( #5658, #7371, #7389, #8389, #4183, #3971 ) ) ;
#3899 = CARTESIAN_POINT ( 'NONE',  ( 0.000000000000000000, 0.000000000000000000, 0.000000000000000000 ) ) ;
#3900 = DIRECTION ( 'NONE',  ( 0.000000000000000000, -1.000000000000000000, 0.000000000000000000 ) ) ;
#3901 = ADVANCED_FACE ( 'NONE', ( #5350 ), #8152, .F. ) ;
#3902 = DIRECTION ( 'NONE',  ( -0.000000000000000000, -1.000000000000000000, -0.000000000000000000 ) ) ;
#3903 = DIRECTION ( 'NONE',  ( 3.562796849662422407E-30, -1.000000000000000000, 3.401418580346681312E-16 ) ) ;
#3904 = EDGE_CURVE ( 'NONE', #7166, #3357, #6778, .T. ) ;
#3905 = EDGE_LOOP ( 'NONE', ( #55, #5613 ) ) ;
#3906 = EDGE_CURVE ( 'NONE', #278, #4579, #1314, .T. ) ;
#3907 = ORIENTED_EDGE ( 'NONE', *, *, #3252, .F. ) ;
#3908 = DIRECTION ( 'NONE',  ( -1.000000000000000000, 0.000000000000000000, 1.060586246167915856E-14 ) ) ;
#3909 = CARTESIAN_POINT ( 'NONE',  ( 3.050000000000045119, 1.450000000000000844, 4.349999999999970335 ) ) ;
#3910 = CARTESIAN_POINT ( 'NONE',  ( 3.874999999999938272, 2.380000000000000782, -5.920000000000041673 ) ) ;
#3911 = DIRECTION ( 'NONE',  ( -1.047444401652940007E-14, 0.000000000000000000, -1.000000000000000000 ) ) ;
#3912 = CIRCLE ( 'NONE', #5765, 0.08000000000000020983 ) ;
#3913 = ORIENTED_EDGE ( 'NONE', *, *, #1088, .F. ) ;
#3914 = EDGE_CURVE ( 'NONE', #8328, #2356, #2067, .T. ) ;
#3915 = ORIENTED_EDGE ( 'NONE', *, *, #1686, .T. ) ;
#3916 = ORIENTED_EDGE ( 'NONE', *, *, #5919, .T. ) ;
#3917 = VECTOR ( 'NONE', #2453, 1000.000000000000000 ) ;
#3918 = CARTESIAN_POINT ( 'NONE',  ( 2.699999999999931344, 1.399999999999999023, -6.400000000000028777 ) ) ;
#3919 = VECTOR ( 'NONE', #7008, 1000.000000000000000 ) ;
#3920 = CARTESIAN_POINT ( 'NONE',  ( 12.24999999999984546, -2.140000000000001013, -14.75411377792233480 ) ) ;
#3921 = CARTESIAN_POINT ( 'NONE',  ( 6.479999999999844107, 2.260000000000000675, -14.75411377792227441 ) ) ;
#3922 = DIRECTION ( 'NONE',  ( 1.000000000000000000, 1.355252715606883008E-16, -1.047444401652940007E-14 ) ) ;
#3923 = LINE ( 'NONE', #5206, #6077 ) ;
#3924 = AXIS2_PLACEMENT_3D ( 'NONE', #757, #8278, #2040 ) ;
#3925 = ORIENTED_EDGE ( 'NONE', *, *, #3056, .T. ) ;
#3926 = EDGE_LOOP ( 'NONE', ( #7336, #5316, #5271, #2269 ) ) ;
#3927 = EDGE_LOOP ( 'NONE', ( #3080, #2738, #3833, #4788 ) ) ;
#3928 = CIRCLE ( 'NONE', #6488, 0.1000000000000002554 ) ;
#3929 = AXIS2_PLACEMENT_3D ( 'NONE', #1923, #1353, #4069 ) ;
#3930 = CARTESIAN_POINT ( 'NONE',  ( 6.479999999999940030, 2.299999999999998490, -5.650000000000068745 ) ) ;
#3931 = FACE_OUTER_BOUND ( 'NONE', #506, .T. ) ;
#3932 = VECTOR ( 'NONE', #5794, 1000.000000000000000 ) ;
#3933 = CARTESIAN_POINT ( 'NONE',  ( 0.9000000000000403233, 1.450000000000000844, 4.349999999999992539 ) ) ;
#3934 = LINE ( 'NONE', #8013, #277 ) ;
#3935 = DIRECTION ( 'NONE',  ( 1.419551869787370853E-30, -1.000000000000000000, 1.355252715606880296E-16 ) ) ;
#3936 = CARTESIAN_POINT ( 'NONE',  ( 12.11999999999995303, 2.510000000000001119, -4.500000000000126121 ) ) ;
#3937 = VERTEX_POINT ( 'NONE', #7439 ) ;
#3938 = VECTOR ( 'NONE', #8177, 1000.000000000000000 ) ;
#3939 = VERTEX_POINT ( 'NONE', #3405 ) ;
#3940 = EDGE_CURVE ( 'NONE', #1872, #7013, #6118, .T. ) ;
#3941 = ORIENTED_EDGE ( 'NONE', *, *, #79, .F. ) ;
#3942 = ADVANCED_FACE ( 'NONE', ( #6968 ), #7717, .F. ) ;
#3943 = SURFACE_SIDE_STYLE ('',( #6695 ) ) ;
#3944 = PLANE ( 'NONE',  #857 ) ;
#3945 = CARTESIAN_POINT ( 'NONE',  ( 11.99999999999995559, -1.939999999999999059, -4.300000000000122391 ) ) ;
#3946 = CIRCLE ( 'NONE', #4118, 0.08000000000000020983 ) ;
#3947 = PLANE ( 'NONE',  #7798 ) ;
#3948 = AXIS2_PLACEMENT_3D ( 'NONE', #5508, #3608, #937 ) ;
#3949 = CARTESIAN_POINT ( 'NONE',  ( 2.800000000000062883, 1.450000000000000844, 5.999999999999970690 ) ) ;
#3950 = ADVANCED_FACE ( 'NONE', ( #6295 ), #7629, .T. ) ;
#3951 = ORIENTED_EDGE ( 'NONE', *, *, #2766, .T. ) ;
#3952 = VECTOR ( 'NONE', #8550, 1000.000000000000000 ) ;
#3953 = VECTOR ( 'NONE', #6307, 1000.000000000000000 ) ;
#3954 = DIRECTION ( 'NONE',  ( 1.000000000000000000, 0.000000000000000000, -1.047444401652940007E-14 ) ) ;
#3955 = VECTOR ( 'NONE', #2462, 1000.000000000000000 ) ;
#3956 = ADVANCED_FACE ( 'NONE', ( #4958 ), #3629, .T. ) ;
#3957 = EDGE_CURVE ( 'NONE', #5932, #7452, #1595, .T. ) ;
#3958 = CARTESIAN_POINT ( 'NONE',  ( 0.5000000000000202061, 2.260000000000000231, 1.926136028425817548 ) ) ;
#3959 = CARTESIAN_POINT ( 'NONE',  ( 2.329999999999935678, -0.3300000000000048450, -6.000000000000023981 ) ) ;
#3960 = CARTESIAN_POINT ( 'NONE',  ( 11.99999999999993960, 1.599999999999996980, -5.800000000000127720 ) ) ;
#3961 = DIRECTION ( 'NONE',  ( -1.047444401652940007E-14, 0.000000000000000000, -1.000000000000000000 ) ) ;
#3962 = VECTOR ( 'NONE', #1322, 1000.000000000000000 ) ;
#3963 = AXIS2_PLACEMENT_3D ( 'NONE', #1635, #4343, #8479 ) ;
#3964 = LINE ( 'NONE', #5463, #3938 ) ;
#3965 = VECTOR ( 'NONE', #4605, 1000.000000000000000 ) ;
#3966 = ORIENTED_EDGE ( 'NONE', *, *, #3287, .T. ) ;
#3967 = PLANE ( 'NONE',  #4042 ) ;
#3968 = VERTEX_POINT ( 'NONE', #4300 ) ;
#3969 = ORIENTED_EDGE ( 'NONE', *, *, #2113, .T. ) ;
#3970 = LINE ( 'NONE', #6759, #5885 ) ;
#3971 = ADVANCED_FACE ( 'NONE', ( #8301 ), #1545, .T. ) ;
#3972 = VECTOR ( 'NONE', #7449, 1000.000000000000000 ) ;
#3973 = CARTESIAN_POINT ( 'NONE',  ( 3.100000000000046274, 1.400000000000000355, 4.399999999999970157 ) ) ;
#3974 = CARTESIAN_POINT ( 'NONE',  ( 2.474999999999939693, -3.000000000000001776, -5.800000000000024691 ) ) ;
#3975 = AXIS2_PLACEMENT_3D ( 'NONE', #3891, #437, #561 ) ;
#3976 = DIRECTION ( 'NONE',  ( 1.000000000000000000, 0.000000000000000000, -1.084202172485501594E-14 ) ) ;
#3977 = ADVANCED_FACE ( 'NONE', ( #919 ), #2265, .T. ) ;
#3978 = EDGE_CURVE ( 'NONE', #6742, #5506, #260, .T. ) ;
#3979 = CARTESIAN_POINT ( 'NONE',  ( 2.330000000000061799, -0.3300000000000047340, 5.999999999999976019 ) ) ;
#3980 = LINE ( 'NONE', #8104, #1553 ) ;
#3981 = ORIENTED_EDGE ( 'NONE', *, *, #114, .T. ) ;
#3982 = ORIENTED_EDGE ( 'NONE', *, *, #654, .T. ) ;
#3983 = EDGE_CURVE ( 'NONE', #2966, #1053, #3302, .T. ) ;
#3984 = VERTEX_POINT ( 'NONE', #7532 ) ;
#3985 = CARTESIAN_POINT ( 'NONE',  ( -1.099999999999997646, 2.510000000000001119, 0.2500000000000117684 ) ) ;
#3986 = LINE ( 'NONE', #6154, #8343 ) ;
#3987 = DIRECTION ( 'NONE',  ( 0.000000000000000000, 1.000000000000000000, 0.000000000000000000 ) ) ;
#3988 = CIRCLE ( 'NONE', #165, 0.09999999999999982514 ) ;
#3989 = CARTESIAN_POINT ( 'NONE',  ( 7.935000000000067111, 2.260000000000000675, 6.399999999999916866 ) ) ;
#3990 = CARTESIAN_POINT ( 'NONE',  ( 8.799999999999963407, -0.2899999999999988698, -4.850000000000091127 ) ) ;
#3991 = CARTESIAN_POINT ( 'NONE',  ( -10.00000000000002132, 2.259999999999999343, -1.972916622667971298 ) ) ;
#3992 = ORIENTED_EDGE ( 'NONE', *, *, #2582, .F. ) ;
#3993 = ORIENTED_EDGE ( 'NONE', *, *, #4710, .T. ) ;
#3994 = ORIENTED_EDGE ( 'NONE', *, *, #7758, .F. ) ;
#3995 = STYLED_ITEM ( 'NONE', ( #4463 ), #2537 ) ;
#3996 = DIRECTION ( 'NONE',  ( -0.5735764363510585939, 0.000000000000000000, -0.8191520442889830278 ) ) ;
#3997 = LINE ( 'NONE', #6696, #4669 ) ;
#3998 = DIRECTION ( 'NONE',  ( 1.000000000000000000, 0.000000000000000000, -1.047444401652940007E-14 ) ) ;
#3999 = DIRECTION ( 'NONE',  ( 7.406550393246804314E-15, -0.7071067811865469066, 0.7071067811865482389 ) ) ;
#4000 = CARTESIAN_POINT ( 'NONE',  ( 2.249999999999973355, 1.650000000000000799, -2.200000000000024158 ) ) ;
#4001 = ORIENTED_EDGE ( 'NONE', *, *, #3773, .T. ) ;
#4002 = DIRECTION ( 'NONE',  ( 1.000000000000000000, 1.355252715606883008E-16, -1.047444401652940007E-14 ) ) ;
#4003 = DIRECTION ( 'NONE',  ( -1.047444401652940007E-14, 0.000000000000000000, -1.000000000000000000 ) ) ;
#4004 = CARTESIAN_POINT ( 'NONE',  ( 2.800000000000045564, 1.850000000000000977, 4.349999999999972999 ) ) ;
#4005 = CARTESIAN_POINT ( 'NONE',  ( 3.825000000000067679, -0.2499999999999985012, 6.399999999999961275 ) ) ;
#4006 = CARTESIAN_POINT ( 'NONE',  ( 1.049999999999935207, 1.450000000000000844, -6.000000000000011546 ) ) ;
#4007 = EDGE_CURVE ( 'NONE', #8768, #8495, #8228, .T. ) ;
#4008 = FACE_OUTER_BOUND ( 'NONE', #4413, .T. ) ;
#4009 = ADVANCED_FACE ( 'NONE', ( #2017 ), #2638, .F. ) ;
#4010 = EDGE_LOOP ( 'NONE', ( #8138, #99, #7011, #4066, #809, #6383, #2349, #810, #2128, #1687, #349, #5614, #1501, #7526, #6440, #3093 ) ) ;
#4011 = ORIENTED_EDGE ( 'NONE', *, *, #4971, .T. ) ;
#4012 = FACE_OUTER_BOUND ( 'NONE', #6434, .T. ) ;
#4013 = ORIENTED_EDGE ( 'NONE', *, *, #1075, .T. ) ;
#4014 = ORIENTED_EDGE ( 'NONE', *, *, #5169, .T. ) ;
#4015 = CARTESIAN_POINT ( 'NONE',  ( 1.249999999999964251, 1.650000000000000799, -3.100000000000014300 ) ) ;
#4016 = CARTESIAN_POINT ( 'NONE',  ( 11.50000000000006750, 2.260000000000000675, 6.399999999999880451 ) ) ;
#4017 = CARTESIAN_POINT ( 'NONE',  ( -1.199999999999993960, 3.299999999999999822, 0.5750000000000122791 ) ) ;
#4018 = DIRECTION ( 'NONE',  ( -1.047444401652940007E-14, 0.000000000000000000, -1.000000000000000000 ) ) ;
#4019 = DIRECTION ( 'NONE',  ( 0.000000000000000000, -1.000000000000000000, 0.000000000000000000 ) ) ;
#4020 = DIRECTION ( 'NONE',  ( 1.101654510277215386E-14, 0.000000000000000000, 1.000000000000000000 ) ) ;
#4021 = EDGE_CURVE ( 'NONE', #249, #588, #6764, .T. ) ;
#4022 = ORIENTED_EDGE ( 'NONE', *, *, #6685, .F. ) ;
#4023 = EDGE_LOOP ( 'NONE', ( #4859, #7020, #8238, #7256 ) ) ;
#4024 = VERTEX_POINT ( 'NONE', #8002 ) ;
#4025 = EDGE_CURVE ( 'NONE', #945, #5159, #7474, .T. ) ;
#4026 = CARTESIAN_POINT ( 'NONE',  ( 1.249999999999964251, 1.650000000000000799, -3.100000000000014300 ) ) ;
#4027 = FACE_OUTER_BOUND ( 'NONE', #6524, .T. ) ;
#4028 = PLANE ( 'NONE',  #2554 ) ;
#4029 = LINE ( 'NONE', #7491, #2557 ) ;
#4030 = CARTESIAN_POINT ( 'NONE',  ( 5.479999999999940030, -0.2899999999999993139, -5.800000000000057554 ) ) ;
#4031 = CARTESIAN_POINT ( 'NONE',  ( 3.875000000000062617, 2.510000000000001119, 5.919999999999959073 ) ) ;
#4032 = ORIENTED_EDGE ( 'NONE', *, *, #5202, .T. ) ;
#4033 = ORIENTED_EDGE ( 'NONE', *, *, #551, .F. ) ;
#4034 = ORIENTED_EDGE ( 'NONE', *, *, #6056, .T. ) ;
#4035 = DIRECTION ( 'NONE',  ( 1.047444401652940007E-14, -0.000000000000000000, 1.000000000000000000 ) ) ;
#4036 = LINE ( 'NONE', #6879, #7453 ) ;
#4037 = DIRECTION ( 'NONE',  ( 1.049964209143856751E-14, 0.000000000000000000, 1.000000000000000000 ) ) ;
#4038 = CARTESIAN_POINT ( 'NONE',  ( 11.09999999999993747, -0.2499999999999989175, -6.000000000000117240 ) ) ;
#4039 = EDGE_CURVE ( 'NONE', #5592, #8607, #4722, .T. ) ;
#4040 = VERTEX_POINT ( 'NONE', #1916 ) ;
#4041 = FACE_OUTER_BOUND ( 'NONE', #4421, .T. ) ;
#4042 = AXIS2_PLACEMENT_3D ( 'NONE', #2679, #3433, #2631 ) ;
#4043 = DIRECTION ( 'NONE',  ( -1.000000000000000000, 0.000000000000000000, 1.047444401652940007E-14 ) ) ;
#4044 = CARTESIAN_POINT ( 'NONE',  ( 0.8000000000000185851, 2.260000000000000675, 1.771111005056567711 ) ) ;
#4045 = CARTESIAN_POINT ( 'NONE',  ( 11.50000000000004086, -1.399999999999999245, 3.999999999999879652 ) ) ;
#4046 = CYLINDRICAL_SURFACE ( 'NONE', #5187, 0.08000000000000020983 ) ;
#4047 = DIRECTION ( 'NONE',  ( -1.000000000000000000, 0.000000000000000000, 1.455818952234174710E-14 ) ) ;
#4048 = ORIENTED_EDGE ( 'NONE', *, *, #1132, .F. ) ;
#4049 = CARTESIAN_POINT ( 'NONE',  ( 1.275000000000061862, 1.650000000000000799, 5.919999999999986606 ) ) ;
#4050 = VERTEX_POINT ( 'NONE', #4681 ) ;
#4051 = EDGE_LOOP ( 'NONE', ( #4097, #3570, #5847, #5917 ) ) ;
#4052 = DIRECTION ( 'NONE',  ( -1.000000000000000000, 0.000000000000000000, 1.084202172485501594E-14 ) ) ;
#4053 = DIRECTION ( 'NONE',  ( 1.000000000000000000, -0.000000000000000000, -1.047444401652940007E-14 ) ) ;
#4054 = EDGE_CURVE ( 'NONE', #128, #1482, #7390, .T. ) ;
#4055 = PLANE ( 'NONE',  #1944 ) ;
#4056 = CARTESIAN_POINT ( 'NONE',  ( 6.279999999999936300, 2.510000000000001119, -6.000000000000065725 ) ) ;
#4057 = CIRCLE ( 'NONE', #5045, 0.1999999999999996503 ) ;
#4058 = LINE ( 'NONE', #6813, #2985 ) ;
#4059 = EDGE_CURVE ( 'NONE', #8495, #8261, #4630, .T. ) ;
#4060 = LINE ( 'NONE', #5337, #5807 ) ;
#4061 = EDGE_LOOP ( 'NONE', ( #7810, #5712, #3895, #6425, #3102 ) ) ;
#4062 = ORIENTED_EDGE ( 'NONE', *, *, #7894, .T. ) ;
#4063 = AXIS2_PLACEMENT_3D ( 'NONE', #3300, #6678, #3341 ) ;
#4064 = EDGE_CURVE ( 'NONE', #8437, #8105, #593, .T. ) ;
#4065 = AXIS2_PLACEMENT_3D ( 'NONE', #5440, #6066, #2704 ) ;
#4066 = ORIENTED_EDGE ( 'NONE', *, *, #7157, .T. ) ;
#4067 = DIRECTION ( 'NONE',  ( 7.406550393246809047E-15, -0.7071067811865463515, 0.7071067811865487940 ) ) ;
#4068 = EDGE_CURVE ( 'NONE', #1025, #3884, #1259, .T. ) ;
#4069 = DIRECTION ( 'NONE',  ( 1.000000000000000000, 0.000000000000000000, -8.673617379884013384E-15 ) ) ;
#4070 = CIRCLE ( 'NONE', #6194, 0.09999999999999939493 ) ;
#4071 = DIRECTION ( 'NONE',  ( 1.047444401652940007E-14, 0.000000000000000000, 1.000000000000000000 ) ) ;
#4072 = CARTESIAN_POINT ( 'NONE',  ( 10.99999999999993783, -0.2500000000000000000, -5.800000000000117062 ) ) ;
#4073 = DIRECTION ( 'NONE',  ( 1.069128445102650095E-14, 2.168404344971010594E-16, 1.000000000000000000 ) ) ;
#4074 = LINE ( 'NONE', #8154, #7933 ) ;
#4075 = CIRCLE ( 'NONE', #252, 0.08000000000000020983 ) ;
#4076 = VERTEX_POINT ( 'NONE', #6718 ) ;
#4077 = ORIENTED_EDGE ( 'NONE', *, *, #8531, .T. ) ;
#4078 = VECTOR ( 'NONE', #3369, 1000.000000000000114 ) ;
#4079 = ORIENTED_EDGE ( 'NONE', *, *, #4710, .F. ) ;
#4080 = VECTOR ( 'NONE', #8110, 1000.000000000000000 ) ;
#4081 = VECTOR ( 'NONE', #6811, 1000.000000000000000 ) ;
#4082 = DIRECTION ( 'NONE',  ( -1.047444401652940007E-14, 0.000000000000000000, -1.000000000000000000 ) ) ;
#4083 = CARTESIAN_POINT ( 'NONE',  ( 2.249999999999972911, 1.650000000000000799, -2.300000000000023803 ) ) ;
#4084 = LINE ( 'NONE', #7504, #4476 ) ;
#4085 = AXIS2_PLACEMENT_3D ( 'NONE', #1324, #4702, #3236 ) ;
#4086 = EDGE_CURVE ( 'NONE', #6396, #51, #5678, .T. ) ;
#4087 = AXIS2_PLACEMENT_3D ( 'NONE', #8256, #3015, #5723 ) ;
#4088 = LINE ( 'NONE', #4038, #1802 ) ;
#4089 = ORIENTED_EDGE ( 'NONE', *, *, #2387, .F. ) ;
#4090 = EDGE_CURVE ( 'NONE', #4171, #316, #5095, .T. ) ;
#4091 = FACE_OUTER_BOUND ( 'NONE', #6314, .T. ) ;
#4092 = CARTESIAN_POINT ( 'NONE',  ( 5.680000000000064553, 2.380000000000001226, 6.049999999999940314 ) ) ;
#4093 = DIRECTION ( 'NONE',  ( 1.000000000000000000, 0.000000000000000000, -1.047444401652940007E-14 ) ) ;
#4094 = DIRECTION ( 'NONE',  ( -1.419551869787371203E-30, 1.000000000000000000, -1.355252715606880543E-16 ) ) ;
#4095 = LINE ( 'NONE', #5321, #3499 ) ;
#4096 = LINE ( 'NONE', #2043, #4786 ) ;
#4097 = ORIENTED_EDGE ( 'NONE', *, *, #8020, .T. ) ;
#4098 = VECTOR ( 'NONE', #6628, 1000.000000000000000 ) ;
#4099 = CARTESIAN_POINT ( 'NONE',  ( 5.680000000000062776, -0.2899999999999990363, 6.049999999999940314 ) ) ;
#4100 = ORIENTED_EDGE ( 'NONE', *, *, #5368, .T. ) ;
#4101 = EDGE_LOOP ( 'NONE', ( #3069, #3294, #4936, #8048 ) ) ;
#4102 = FACE_OUTER_BOUND ( 'NONE', #5846, .T. ) ;
#4103 = LINE ( 'NONE', #5471, #6075 ) ;
#4104 = EDGE_CURVE ( 'NONE', #9, #2550, #5432, .T. ) ;
#4105 = CARTESIAN_POINT ( 'NONE',  ( 6.979999999999957794, -0.2899999999999976485, -4.500000000000073719 ) ) ;
#4106 = CARTESIAN_POINT ( 'NONE',  ( 11.50000000000006750, -0.2499999999999985012, 6.399999999999879563 ) ) ;
#4107 = AXIS2_PLACEMENT_3D ( 'NONE', #1942, #4701, #3999 ) ;
#4108 = COLOUR_RGB ( '',0.9686274509803921573, 0.8784313725490195957, 0.5999999999999999778 ) ;
#4109 = AXIS2_PLACEMENT_3D ( 'NONE', #3590, #212, #4910 ) ;
#4110 = CARTESIAN_POINT ( 'NONE',  ( 6.703644170578817304E-14, 2.260000000000000675, 6.400000000000001243 ) ) ;
#4111 = CARTESIAN_POINT ( 'NONE',  ( 2.349999999999972555, 1.650000000000000799, -2.300000000000026024 ) ) ;
#4112 = ADVANCED_FACE ( 'NONE', ( #630 ), #1394, .F. ) ;
#4113 = VERTEX_POINT ( 'NONE', #5973 ) ;
#4114 = ORIENTED_EDGE ( 'NONE', *, *, #3791, .T. ) ;
#4115 = VECTOR ( 'NONE', #6067, 1000.000000000000000 ) ;
#4116 = STYLED_ITEM ( 'NONE', ( #6821 ), #8507 ) ;
#4117 = EDGE_LOOP ( 'NONE', ( #6361, #3010, #3887, #4574, #4419, #6854, #1791, #3019, #1469, #6424, #4580, #3183, #1457, #8198 ) ) ;
#4118 = AXIS2_PLACEMENT_3D ( 'NONE', #3459, #6878, #8216 ) ;
#4119 = FACE_OUTER_BOUND ( 'NONE', #5222, .T. ) ;
#4120 = CARTESIAN_POINT ( 'NONE',  ( 0.5000000000000000000, 0.000000000000000000, -5.237222008264700033E-15 ) ) ;
#4121 = CARTESIAN_POINT ( 'NONE',  ( 6.729999999999948912, 1.059999999999999387, -4.700000000000070344 ) ) ;
#4122 = VECTOR ( 'NONE', #5677, 1000.000000000000000 ) ;
#4123 = PLANE ( 'NONE',  #2075 ) ;
#4124 = EDGE_CURVE ( 'NONE', #6829, #2795, #6053, .T. ) ;
#4125 = FACE_OUTER_BOUND ( 'NONE', #5700, .T. ) ;
#4126 = FACE_OUTER_BOUND ( 'NONE', #4023, .T. ) ;
#4127 = VERTEX_POINT ( 'NONE', #8191 ) ;
#4129 = ORIENTED_EDGE ( 'NONE', *, *, #6445, .T. ) ;
#4128 = EDGE_CURVE ( 'NONE', #7253, #8073, #4058, .T. ) ;
#4130 = ORIENTED_EDGE ( 'NONE', *, *, #4650, .T. ) ;
#4131 = AXIS2_PLACEMENT_3D ( 'NONE', #6460, #5290, #5154 ) ;
#4132 = LINE ( 'NONE', #6164, #8070 ) ;
#4133 = DIRECTION ( 'NONE',  ( 1.000000000000000000, 0.000000000000000000, -1.047444401652940007E-14 ) ) ;
#4134 = DIRECTION ( 'NONE',  ( -2.282530889443167515E-16, 1.000000000000000000, 2.390824201747151630E-30 ) ) ;
#4135 =( NAMED_UNIT ( * ) PLANE_ANGLE_UNIT ( ) SI_UNIT ( $, .RADIAN. ) );
#4136 = ORIENTED_EDGE ( 'NONE', *, *, #631, .T. ) ;
#4137 = LINE ( 'NONE', #8122, #7200 ) ;
#4138 =( GEOMETRIC_REPRESENTATION_CONTEXT ( 3 ) GLOBAL_UNCERTAINTY_ASSIGNED_CONTEXT ( ( #4879 ) ) GLOBAL_UNIT_ASSIGNED_CONTEXT ( ( #6431, #5962, #1596 ) ) REPRESENTATION_CONTEXT ( 'NONE', 'WORKASPACE' ) );
#4139 = ORIENTED_EDGE ( 'NONE', *, *, #4200, .F. ) ;
#4140 = CARTESIAN_POINT ( 'NONE',  ( 6.630000000000061178, 1.060000000000000053, 6.049999999999930544 ) ) ;
#4141 = ADVANCED_FACE ( 'NONE', ( #2106 ), #3391, .T. ) ;
#4142 = CARTESIAN_POINT ( 'NONE',  ( 0.6000000000000125233, 2.259999999999999787, 1.199999999999993294 ) ) ;
#4143 = CARTESIAN_POINT ( 'NONE',  ( 6.279999999999936300, 2.260000000000000675, -5.800000000000066436 ) ) ;
#4144 = CARTESIAN_POINT ( 'NONE',  ( 0.5000000000000000000, 0.000000000000000000, -5.237222008264700033E-15 ) ) ;
#4145 = DIRECTION ( 'NONE',  ( -1.040834085586083310E-14, 0.000000000000000000, -1.000000000000000000 ) ) ;
#4146 = CARTESIAN_POINT ( 'NONE',  ( -1.100000000000002975, 2.510000000000001119, -0.2499999999999886757 ) ) ;
#4147 = VERTEX_POINT ( 'NONE', #7194 ) ;
#4148 = CARTESIAN_POINT ( 'NONE',  ( 11.99999999999994316, 2.260000000000000675, -5.390421043656873579 ) ) ;
#4149 = ORIENTED_EDGE ( 'NONE', *, *, #7948, .F. ) ;
#4150 = EDGE_LOOP ( 'NONE', ( #8721, #7930, #3508, #117 ) ) ;
#4151 = CARTESIAN_POINT ( 'NONE',  ( 1.549999999999994937, 2.260000000000000675, -0.5000000000000162093 ) ) ;
#4152 = CARTESIAN_POINT ( 'NONE',  ( 2.475000000000060929, 1.400000000000001021, 5.799999999999973177 ) ) ;
#4153 = CARTESIAN_POINT ( 'NONE',  ( 4.315421043656681555, 2.259999999999998899, -6.400000000000045652 ) ) ;
#4154 = DIRECTION ( 'NONE',  ( 0.000000000000000000, 1.000000000000000000, 0.000000000000000000 ) ) ;
#4155 = DIRECTION ( 'NONE',  ( 1.419551869787370853E-30, -1.000000000000000000, 1.355252715606880296E-16 ) ) ;
#4156 = DIRECTION ( 'NONE',  ( 1.000000000000000000, 0.000000000000000000, -1.084202172485501594E-14 ) ) ;
#4157 = ADVANCED_FACE ( 'NONE', ( #3775 ), #1732, .F. ) ;
#4158 = ORIENTED_EDGE ( 'NONE', *, *, #1674, .T. ) ;
#4159 = ORIENTED_EDGE ( 'NONE', *, *, #323, .T. ) ;
#4160 = ORIENTED_EDGE ( 'NONE', *, *, #3083, .F. ) ;
#4161 = ADVANCED_FACE ( 'NONE', ( #1647 ), #818, .T. ) ;
#4162 = DIRECTION ( 'NONE',  ( 0.000000000000000000, 1.000000000000000000, 0.000000000000000000 ) ) ;
#4163 = CARTESIAN_POINT ( 'NONE',  ( 0.9999999999999767963, 2.259999999999999343, -2.100000000000011191 ) ) ;
#4164 = DIRECTION ( 'NONE',  ( -1.419551869787371028E-30, 1.000000000000000000, -1.355252715606880543E-16 ) ) ;
#4165 = LINE ( 'NONE', #2024, #6636 ) ;
#4166 = DIRECTION ( 'NONE',  ( 1.047444401652940007E-14, 1.355252715606880296E-16, 1.000000000000000000 ) ) ;
#4167 = CARTESIAN_POINT ( 'NONE',  ( 4.315421043656686884, -0.2900000000000003131, -5.900000000000044764 ) ) ;
#4168 = ORIENTED_EDGE ( 'NONE', *, *, #185, .T. ) ;
#4169 = DIRECTION ( 'NONE',  ( -1.000000000000000000, 0.000000000000000000, 8.673617379883975519E-15 ) ) ;
#4170 = ORIENTED_EDGE ( 'NONE', *, *, #4557, .T. ) ;
#4171 = VERTEX_POINT ( 'NONE', #5057 ) ;
#4172 = ORIENTED_EDGE ( 'NONE', *, *, #1281, .F. ) ;
#4173 = EDGE_CURVE ( 'NONE', #3753, #7379, #6444, .T. ) ;
#4174 = LINE ( 'NONE', #7639, #2116 ) ;
#4175 = CARTESIAN_POINT ( 'NONE',  ( 12.00000000000004974, -0.2499999999999988065, 4.799999999999873701 ) ) ;
#4176 = DIRECTION ( 'NONE',  ( 1.047444401652940007E-14, 0.000000000000000000, 1.000000000000000000 ) ) ;
#4177 = FACE_OUTER_BOUND ( 'NONE', #1400, .T. ) ;
#4178 = ORIENTED_EDGE ( 'NONE', *, *, #1459, .F. ) ;
#4179 = DIRECTION ( 'NONE',  ( -1.000000000000000000, 0.000000000000000000, 1.334402673828314266E-14 ) ) ;
#4180 = ORIENTED_EDGE ( 'NONE', *, *, #1294, .F. ) ;
#4181 = LINE ( 'NONE', #6885, #620 ) ;
#4182 = PLANE ( 'NONE',  #7349 ) ;
#4183 = ADVANCED_FACE ( 'NONE', ( #2329 ), #4359, .F. ) ;
#4184 = LINE ( 'NONE', #8319, #2249 ) ;
#4185 = LINE ( 'NONE', #149, #6817 ) ;
#4186 = EDGE_CURVE ( 'NONE', #6578, #6862, #3707, .T. ) ;
#4187 = CARTESIAN_POINT ( 'NONE',  ( 9.400000000000060751, -0.2499999999999988065, 5.999999999999901412 ) ) ;
#4188 = DIRECTION ( 'NONE',  ( -1.047444401652940007E-14, -3.336006684570785074E-16, -1.000000000000000000 ) ) ;
#4189 = VERTEX_POINT ( 'NONE', #5530 ) ;
#4190 = EDGE_CURVE ( 'NONE', #3818, #1840, #6412, .T. ) ;
#4191 = EDGE_LOOP ( 'NONE', ( #292, #5551, #5867, #6196 ) ) ;
#4192 = ORIENTED_EDGE ( 'NONE', *, *, #7969, .F. ) ;
#4193 = ORIENTED_EDGE ( 'NONE', *, *, #902, .T. ) ;
#4194 = DIRECTION ( 'NONE',  ( 1.047444401652940007E-14, 0.000000000000000000, 1.000000000000000000 ) ) ;
#4195 = CARTESIAN_POINT ( 'NONE',  ( 1.224999999999939249, -3.000000000000001776, -5.800000000000011369 ) ) ;
#4196 = PLANE ( 'NONE',  #8625 ) ;
#4197 = CARTESIAN_POINT ( 'NONE',  ( 2.720000000000043716, 1.650000000000000799, 4.149999999999974598 ) ) ;
#4198 = CARTESIAN_POINT ( 'NONE',  ( 11.49999999999993783, -1.399999999999999245, -6.000000000000121680 ) ) ;
#4199 = CARTESIAN_POINT ( 'NONE',  ( 1.370000000000063167, -0.2499999999999993616, 5.999999999999985789 ) ) ;
#4200 = EDGE_CURVE ( 'NONE', #4024, #6418, #2407, .T. ) ;
#4201 = ORIENTED_EDGE ( 'NONE', *, *, #6941, .T. ) ;
#4202 = ORIENTED_EDGE ( 'NONE', *, *, #5672, .F. ) ;
#4203 = ORIENTED_EDGE ( 'NONE', *, *, #5829, .F. ) ;
#4204 = DIRECTION ( 'NONE',  ( 0.000000000000000000, -1.000000000000000000, 0.000000000000000000 ) ) ;
#4205 = CARTESIAN_POINT ( 'NONE',  ( 8.189999999999956870, 0.05999999999999997002, -4.850000000000085798 ) ) ;
#4206 = DIRECTION ( 'NONE',  ( 0.000000000000000000, -1.000000000000000000, 0.000000000000000000 ) ) ;
#4207 = CARTESIAN_POINT ( 'NONE',  ( 6.279999999999925642, 2.299999999999998490, -6.900000000000065192 ) ) ;
#4208 = CARTESIAN_POINT ( 'NONE',  ( 0.000000000000000000, 2.299999999999998934, 0.000000000000000000 ) ) ;
#4209 = LINE ( 'NONE', #8260, #2429 ) ;
#4210 = ORIENTED_EDGE ( 'NONE', *, *, #7191, .T. ) ;
#4211 = DIRECTION ( 'NONE',  ( -1.000000000000000000, -0.000000000000000000, 1.047444401652940007E-14 ) ) ;
#4212 = ORIENTED_EDGE ( 'NONE', *, *, #6108, .F. ) ;
#4213 = AXIS2_PLACEMENT_3D ( 'NONE', #7316, #3998, #1278 ) ;
#4214 = ORIENTED_EDGE ( 'NONE', *, *, #1848, .T. ) ;
#4215 = ORIENTED_EDGE ( 'NONE', *, *, #4985, .F. ) ;
#4216 = AXIS2_PLACEMENT_3D ( 'NONE', #2544, #6091, #2627 ) ;
#4217 = CARTESIAN_POINT ( 'NONE',  ( 2.349999999999966338, 1.650000000000000799, -3.000000000000024869 ) ) ;
#4218 = DIRECTION ( 'NONE',  ( 1.000000000000000000, 0.000000000000000000, -8.673617379884013384E-15 ) ) ;
#4219 = DIRECTION ( 'NONE',  ( 1.000000000000000000, 0.000000000000000000, -1.047444401652940007E-14 ) ) ;
#4220 = CARTESIAN_POINT ( 'NONE',  ( 5.480000000000060822, -0.2899999999999993139, 5.799999999999942979 ) ) ;
#4221 = ORIENTED_EDGE ( 'NONE', *, *, #6783, .T. ) ;
#4222 = CYLINDRICAL_SURFACE ( 'NONE', #1940, 0.3999999999999993006 ) ;
#4223 = VECTOR ( 'NONE', #5656, 1000.000000000000000 ) ;
#4224 = EDGE_CURVE ( 'NONE', #6991, #6478, #3065, .T. ) ;
#4225 = CIRCLE ( 'NONE', #7327, 0.2499999999999998890 ) ;
#4226 = EDGE_LOOP ( 'NONE', ( #6633, #835, #5743, #1959 ) ) ;
#4227 = CARTESIAN_POINT ( 'NONE',  ( 6.380000000000059401, 0.06000000000000066391, 5.799999999999934097 ) ) ;
#4228 = LINE ( 'NONE', #3096, #3105 ) ;
#4229 = LINE ( 'NONE', #1519, #6483 ) ;
#4230 = VECTOR ( 'NONE', #4790, 1000.000000000000000 ) ;
#4231 = AXIS2_PLACEMENT_3D ( 'NONE', #7625, #2969, #6966 ) ;
#4232 = DIRECTION ( 'NONE',  ( -1.419551869787370853E-30, 1.000000000000000000, -1.355252715606880296E-16 ) ) ;
#4233 = CARTESIAN_POINT ( 'NONE',  ( 2.474999999999939693, -0.2500000000000002220, -5.800000000000024691 ) ) ;
#4234 = ORIENTED_EDGE ( 'NONE', *, *, #7165, .T. ) ;
#4235 = ADVANCED_FACE ( 'NONE', ( #1030 ), #3742, .F. ) ;
#4236 = EDGE_CURVE ( 'NONE', #7825, #2870, #3249, .T. ) ;
#4237 = VERTEX_POINT ( 'NONE', #4441 ) ;
#4238 = ORIENTED_EDGE ( 'NONE', *, *, #4618, .F. ) ;
#4239 = ORIENTED_EDGE ( 'NONE', *, *, #7050, .T. ) ;
#4240 = LINE ( 'NONE', #5617, #8478 ) ;
#4241 = CARTESIAN_POINT ( 'NONE',  ( 0.000000000000000000, 0.000000000000000000, 0.000000000000000000 ) ) ;
#4242 = FACE_OUTER_BOUND ( 'NONE', #442, .T. ) ;
#4243 = CARTESIAN_POINT ( 'NONE',  ( 4.115421043656686706, 2.260000000000000675, -5.900000000000042988 ) ) ;
#4244 = LINE ( 'NONE', #5276, #3820 ) ;
#4245 = CIRCLE ( 'NONE', #2831, 0.1299999999999998934 ) ;
#4246 = CIRCLE ( 'NONE', #6374, 0.08000000000000020983 ) ;
#4247 = ORIENTED_EDGE ( 'NONE', *, *, #5536, .F. ) ;
#4248 = VECTOR ( 'NONE', #2566, 1000.000000000000000 ) ;
#4249 = ORIENTED_EDGE ( 'NONE', *, *, #3431, .T. ) ;
#4250 = EDGE_CURVE ( 'NONE', #6559, #1931, #6369, .T. ) ;
#4251 = VERTEX_POINT ( 'NONE', #4479 ) ;
#4252 = VECTOR ( 'NONE', #2187, 1000.000000000000000 ) ;
#4253 = MECHANICAL_DESIGN_GEOMETRIC_PRESENTATION_REPRESENTATION (  '', ( #2277 ), #8504 ) ;
#4254 = CARTESIAN_POINT ( 'NONE',  ( -0.8499999999999948708, 2.510000000000001119, 0.5000000000000085487 ) ) ;
#4255 = EDGE_CURVE ( 'NONE', #5183, #3127, #7120, .T. ) ;
#4256 = LINE ( 'NONE', #2968, #4369 ) ;
#4257 = PLANE ( 'NONE',  #4639 ) ;
#4258 = LINE ( 'NONE', #3727, #686 ) ;
#4259 = CARTESIAN_POINT ( 'NONE',  ( 6.360000000000059828, -0.3699999999999982747, 5.799999999999934097 ) ) ;
#4260 = PLANE ( 'NONE',  #3270 ) ;
#4261 = ORIENTED_EDGE ( 'NONE', *, *, #7369, .F. ) ;
#4262 = CARTESIAN_POINT ( 'NONE',  ( 8.064999999999956870, 0.8749999999999968914, -4.850000000000084022 ) ) ;
#4263 = EDGE_CURVE ( 'NONE', #2283, #7903, #5020, .T. ) ;
#4264 = VERTEX_POINT ( 'NONE', #7734 ) ;
#4265 = VECTOR ( 'NONE', #2757, 1000.000000000000000 ) ;
#4266 = AXIS2_PLACEMENT_3D ( 'NONE', #3641, #7017, #2940 ) ;
#4267 =( GEOMETRIC_REPRESENTATION_CONTEXT ( 3 ) GLOBAL_UNCERTAINTY_ASSIGNED_CONTEXT ( ( #2228 ) ) GLOBAL_UNIT_ASSIGNED_CONTEXT ( ( #8390, #5717, #6331 ) ) REPRESENTATION_CONTEXT ( 'NONE', 'WORKASPACE' ) );
#4268 = VECTOR ( 'NONE', #2530, 1000.000000000000000 ) ;
#4269 = ORIENTED_EDGE ( 'NONE', *, *, #1011, .T. ) ;
#4270 = EDGE_LOOP ( 'NONE', ( #1898, #5639, #4986, #3334, #5839, #6930 ) ) ;
#4271 = VECTOR ( 'NONE', #957, 1000.000000000000000 ) ;
#4272 = CARTESIAN_POINT ( 'NONE',  ( 9.049999999999954525, 2.380000000000000782, -5.100000000000092903 ) ) ;
#4273 = CARTESIAN_POINT ( 'NONE',  ( 2.425000000000056222, -0.1700000000000047862, 5.799999999999974953 ) ) ;
#4274 = CARTESIAN_POINT ( 'NONE',  ( -2.600000000000025402, 3.061616997868384620E-16, -2.499999999999973355 ) ) ;
#4275 = ORIENTED_EDGE ( 'NONE', *, *, #2140, .T. ) ;
#4276 = DIRECTION ( 'NONE',  ( -1.000000000000000000, 0.000000000000000000, 1.047444401652940007E-14 ) ) ;
#4277 = EDGE_CURVE ( 'NONE', #4484, #3307, #4408, .T. ) ;
#4278 = ORIENTED_EDGE ( 'NONE', *, *, #4693, .T. ) ;
#4279 = DIRECTION ( 'NONE',  ( 1.047444401652940007E-14, 0.000000000000000000, 1.000000000000000000 ) ) ;
#4280 = DIRECTION ( 'NONE',  ( 1.000000000000000000, 0.000000000000000000, -1.084202172485504592E-14 ) ) ;
#4281 = DIRECTION ( 'NONE',  ( 1.047444401652940007E-14, 0.000000000000000000, 1.000000000000000000 ) ) ;
#4282 = LINE ( 'NONE', #2863, #1823 ) ;
#4283 = CIRCLE ( 'NONE', #8251, 1.900000000000000355 ) ;
#4284 = LINE ( 'NONE', #8372, #3667 ) ;
#4285 = VERTEX_POINT ( 'NONE', #1063 ) ;
#4286 = ORIENTED_EDGE ( 'NONE', *, *, #6560, .F. ) ;
#4287 = ORIENTED_EDGE ( 'NONE', *, *, #5402, .F. ) ;
#4288 = ORIENTED_EDGE ( 'NONE', *, *, #3906, .F. ) ;
#4289 = DIRECTION ( 'NONE',  ( -1.419551869787370503E-30, 1.000000000000000000, -1.355252715606880049E-16 ) ) ;
#4290 = CARTESIAN_POINT ( 'NONE',  ( 2.344999999999932250, -0.2500000000000047740, -6.000000000000023981 ) ) ;
#4291 = CARTESIAN_POINT ( 'NONE',  ( 12.25000000000004619, -1.939999999999999059, 4.299999999999869260 ) ) ;
#4292 = DIRECTION ( 'NONE',  ( 0.000000000000000000, 1.000000000000000000, 0.000000000000000000 ) ) ;
#4293 = EDGE_CURVE ( 'NONE', #7619, #7283, #1490, .T. ) ;
#4294 = EDGE_LOOP ( 'NONE', ( #8457, #6693, #4675, #3832, #3264, #5097, #6667 ) ) ;
#4295 = ORIENTED_EDGE ( 'NONE', *, *, #2723, .F. ) ;
#4296 = DIRECTION ( 'NONE',  ( 1.000000000000000000, -0.000000000000000000, -1.047444401652940007E-14 ) ) ;
#4297 = CARTESIAN_POINT ( 'NONE',  ( 5.030000000000058868, 0.06000000000000063616, 5.799999999999947420 ) ) ;
#4298 = ADVANCED_FACE ( 'NONE', ( #360, #5775 ), #5705, .T. ) ;
#4299 = CARTESIAN_POINT ( 'NONE',  ( 5.380000000000058513, 0.06000000000000067779, 5.799999999999943867 ) ) ;
#4300 = CARTESIAN_POINT ( 'NONE',  ( 1.450000000000062794, -0.3299999999999993494, 5.999999999999984901 ) ) ;
#4301 = VERTEX_POINT ( 'NONE', #6653 ) ;
#4302 = VERTEX_POINT ( 'NONE', #2578 ) ;
#4303 = EDGE_CURVE ( 'NONE', #4392, #4914, #1809, .T. ) ;
#4304 = ORIENTED_EDGE ( 'NONE', *, *, #1614, .T. ) ;
#4305 = ADVANCED_FACE ( 'NONE', ( #1188 ), #3944, .T. ) ;
#4306 = VERTEX_POINT ( 'NONE', #570 ) ;
#4307 = LINE ( 'NONE', #3097, #7521 ) ;
#4308 = CARTESIAN_POINT ( 'NONE',  ( 1.275000000000060529, 1.370000000000000551, 5.799999999999987388 ) ) ;
#4309 = DIRECTION ( 'NONE',  ( 1.000000000000000000, 0.000000000000000000, -1.084202172485501594E-14 ) ) ;
#4310 = CARTESIAN_POINT ( 'NONE',  ( 11.69999999999994067, 1.399999999999997247, -5.800000000000123279 ) ) ;
#4311 = VERTEX_POINT ( 'NONE', #7896 ) ;
#4312 = CARTESIAN_POINT ( 'NONE',  ( 7.884999999999790177, 2.260000000000000675, -14.75411377792228684 ) ) ;
#4313 = ORIENTED_EDGE ( 'NONE', *, *, #7603, .F. ) ;
#4314 = DIRECTION ( 'NONE',  ( -1.000000000000000000, 0.000000000000000000, 1.039630331941332723E-14 ) ) ;
#4315 = CARTESIAN_POINT ( 'NONE',  ( 0.9800000000000402833, 1.730000000000000870, 4.349999999999991651 ) ) ;
#4316 = FACE_OUTER_BOUND ( 'NONE', #3198, .T. ) ;
#4317 = CARTESIAN_POINT ( 'NONE',  ( 6.529999999999948734, 2.510000000000001119, -4.700000000000068567 ) ) ;
#4318 = EDGE_CURVE ( 'NONE', #6168, #8741, #4569, .T. ) ;
#4319 = ORIENTED_EDGE ( 'NONE', *, *, #1576, .T. ) ;
#4320 = ORIENTED_EDGE ( 'NONE', *, *, #4025, .T. ) ;
#4321 = ORIENTED_EDGE ( 'NONE', *, *, #794, .F. ) ;
#4322 = DIRECTION ( 'NONE',  ( 3.562796849662422407E-30, -1.000000000000000000, 3.401418580346681312E-16 ) ) ;
#4323 = DIRECTION ( 'NONE',  ( 1.000000000000000000, 0.000000000000000000, -8.673617379884013384E-15 ) ) ;
#4324 = DIRECTION ( 'NONE',  ( 1.000000000000000000, 0.000000000000000000, -1.047444401652940007E-14 ) ) ;
#4325 = LINE ( 'NONE', #1532, #2796 ) ;
#4326 = ORIENTED_EDGE ( 'NONE', *, *, #5653, .T. ) ;
#4327 = ORIENTED_EDGE ( 'NONE', *, *, #5351, .F. ) ;
#4328 = ADVANCED_FACE ( 'NONE', ( #2618 ), #7314, .F. ) ;
#4329 = DIRECTION ( 'NONE',  ( 1.047444401652940007E-14, -3.401418580346680819E-16, 1.000000000000000000 ) ) ;
#4330 = VECTOR ( 'NONE', #5965, 1000.000000000000000 ) ;
#4331 = CARTESIAN_POINT ( 'NONE',  ( -0.04783194017528376307, 2.844621907585437981, 0.9750583541058005510 ) ) ;
#4332 = PLANE ( 'NONE',  #8202 ) ;
#4333 = DIRECTION ( 'NONE',  ( 1.047444401652940007E-14, 0.000000000000000000, 1.000000000000000000 ) ) ;
#4334 =( LENGTH_UNIT ( ) NAMED_UNIT ( * ) SI_UNIT ( .MILLI., .METRE. ) );
#4335 = ORIENTED_EDGE ( 'NONE', *, *, #6587, .T. ) ;
#4336 = EDGE_CURVE ( 'NONE', #1148, #3146, #7981, .T. ) ;
#4337 = EDGE_LOOP ( 'NONE', ( #842, #3476, #5150, #4319 ) ) ;
#4338 = ORIENTED_EDGE ( 'NONE', *, *, #5524, .F. ) ;
#4339 = ADVANCED_FACE ( 'NONE', ( #3279 ), #4478, .F. ) ;
#4340 = ORIENTED_EDGE ( 'NONE', *, *, #1109, .T. ) ;
#4341 = EDGE_CURVE ( 'NONE', #619, #3400, #3824, .T. ) ;
#4342 = EDGE_CURVE ( 'NONE', #1840, #5386, #3232, .T. ) ;
#4343 = DIRECTION ( 'NONE',  ( -1.000000000000000000, 0.000000000000000000, 1.047444401652940007E-14 ) ) ;
#4344 = DIRECTION ( 'NONE',  ( -1.047444401652940007E-14, -1.008560160451632221E-16, -1.000000000000000000 ) ) ;
#4345 = AXIS2_PLACEMENT_3D ( 'NONE', #3059, #4921, #3024 ) ;
#4346 = CARTESIAN_POINT ( 'NONE',  ( 5.879999999999959037, -1.399999999999999689, -4.000000000000062172 ) ) ;
#4347 = DIRECTION ( 'NONE',  ( -1.000000000000000000, 8.673617379884029556E-16, 1.047444401652940007E-14 ) ) ;
#4348 = ORIENTED_EDGE ( 'NONE', *, *, #1947, .T. ) ;
#4349 = DIRECTION ( 'NONE',  ( 3.562796849662422407E-30, -1.000000000000000000, 3.401418580346681312E-16 ) ) ;
#4350 = AXIS2_PLACEMENT_3D ( 'NONE', #5579, #4292, #7573 ) ;
#4351 = ORIENTED_EDGE ( 'NONE', *, *, #3456, .F. ) ;
#4352 = EDGE_CURVE ( 'NONE', #2918, #3583, #1384, .T. ) ;
#4353 = VECTOR ( 'NONE', #3354, 1000.000000000000000 ) ;
#4354 = DIRECTION ( 'NONE',  ( -8.673617379883937653E-15, 0.000000000000000000, -1.000000000000000000 ) ) ;
#4355 = DIRECTION ( 'NONE',  ( -0.000000000000000000, 1.000000000000000000, -0.000000000000000000 ) ) ;
#4356 = EDGE_CURVE ( 'NONE', #1744, #5848, #8663, .T. ) ;
#4357 = EDGE_CURVE ( 'NONE', #588, #3283, #1231, .T. ) ;
#4358 = DIRECTION ( 'NONE',  ( 2.129327804681056017E-30, -1.000000000000000000, 2.032879073410320321E-16 ) ) ;
#4359 = PLANE ( 'NONE',  #1412 ) ;
#4360 = AXIS2_PLACEMENT_3D ( 'NONE', #5018, #3063, #5936 ) ;
#4361 = VECTOR ( 'NONE', #104, 1000.000000000000000 ) ;
#4362 = DIRECTION ( 'NONE',  ( -1.040834085586083310E-14, 4.336808689942013792E-16, -1.000000000000000000 ) ) ;
#4363 = EDGE_CURVE ( 'NONE', #1825, #3475, #7363, .T. ) ;
#4364 = ORIENTED_EDGE ( 'NONE', *, *, #1463, .F. ) ;
#4365 = AXIS2_PLACEMENT_3D ( 'NONE', #6271, #2801, #5649 ) ;
#4366 = VERTEX_POINT ( 'NONE', #1277 ) ;
#4367 = VECTOR ( 'NONE', #5398, 1000.000000000000000 ) ;
#4368 = LINE ( 'NONE', #5745, #103 ) ;
#4369 = VECTOR ( 'NONE', #7713, 1000.000000000000000 ) ;
#4370 = LINE ( 'NONE', #8543, #3537 ) ;
#4371 = LINE ( 'NONE', #3038, #7908 ) ;
#4372 = CARTESIAN_POINT ( 'NONE',  ( 5.480000000000061711, 0.6600000000000000311, 6.049999999999942979 ) ) ;
#4373 = VECTOR ( 'NONE', #4188, 1000.000000000000000 ) ;
#4374 = EDGE_LOOP ( 'NONE', ( #458, #2678, #744, #7344, #8419, #4960, #4511, #5915, #5142, #885, #1227, #8045 ) ) ;
#4375 = VECTOR ( 'NONE', #6867, 1000.000000000000000 ) ;
#4376 = AXIS2_PLACEMENT_3D ( 'NONE', #4291, #6378, #1531 ) ;
#4377 = VERTEX_POINT ( 'NONE', #608 ) ;
#4378 = CARTESIAN_POINT ( 'NONE',  ( 9.049999999999959854, 2.510000000000001119, -4.700000000000094325 ) ) ;
#4379 = CARTESIAN_POINT ( 'NONE',  ( 1.224999999999933031, 1.399999999999999023, -6.400000000000013678 ) ) ;
#4380 = DIRECTION ( 'NONE',  ( 1.047444401652940007E-14, 0.000000000000000000, 1.000000000000000000 ) ) ;
#4381 = EDGE_CURVE ( 'NONE', #1549, #1871, #3997, .T. ) ;
#4382 = CIRCLE ( 'NONE', #5510, 0.4999999999999995559 ) ;
#4383 = VECTOR ( 'NONE', #3858, 1000.000000000000000 ) ;
#4384 = CARTESIAN_POINT ( 'NONE',  ( 0.9000000000000379918, 1.730000000000000870, 4.149999999999994138 ) ) ;
#4385 = LINE ( 'NONE', #1712, #3576 ) ;
#4386 = ORIENTED_EDGE ( 'NONE', *, *, #6132, .T. ) ;
#4387 = ORIENTED_EDGE ( 'NONE', *, *, #79, .T. ) ;
#4388 = ORIENTED_EDGE ( 'NONE', *, *, #3173, .T. ) ;
#4389 = CIRCLE ( 'NONE', #8059, 0.08000000000000020983 ) ;
#4390 = AXIS2_PLACEMENT_3D ( 'NONE', #1557, #787, #6215 ) ;
#4392 = VERTEX_POINT ( 'NONE', #2481 ) ;
#4391 = AXIS2_PLACEMENT_3D ( 'NONE', #4426, #5001, #7095 ) ;
#4393 = EDGE_CURVE ( 'NONE', #3336, #2383, #5176, .T. ) ;
#4394 = CARTESIAN_POINT ( 'NONE',  ( 6.979999999999950688, -0.2899999999999976485, -5.100000000000071587 ) ) ;
#4395 = CARTESIAN_POINT ( 'NONE',  ( 0.8000000000000418998, 2.260000000000000675, 3.999999999999991562 ) ) ;
#4396 = DIRECTION ( 'NONE',  ( -1.000000000000000000, 0.000000000000000000, 8.673617379884051249E-15 ) ) ;
#4397 = AXIS2_PLACEMENT_3D ( 'NONE', #5274, #521, #5989 ) ;
#4398 = EDGE_CURVE ( 'NONE', #3772, #3419, #1153, .T. ) ;
#4399 = PLANE ( 'NONE',  #4266 ) ;
#4400 = ORIENTED_EDGE ( 'NONE', *, *, #3533, .T. ) ;
#4401 = ORIENTED_EDGE ( 'NONE', *, *, #5022, .T. ) ;
#4402 = VECTOR ( 'NONE', #6744, 1000.000000000000000 ) ;
#4403 = CIRCLE ( 'NONE', #6802, 0.2000000000000022593 ) ;
#4404 = DIRECTION ( 'NONE',  ( -1.419551869787370853E-30, 1.000000000000000000, -1.355252715606880296E-16 ) ) ;
#4405 = AXIS2_PLACEMENT_3D ( 'NONE', #5131, #5887, #5813 ) ;
#4406 = DIRECTION ( 'NONE',  ( 1.000000000000000000, 0.000000000000000000, -1.047444401652940007E-14 ) ) ;
#4407 = CARTESIAN_POINT ( 'NONE',  ( 7.489999999999955804, 0.05999999999999998390, -4.850000000000077804 ) ) ;
#4408 = LINE ( 'NONE', #3110, #3390 ) ;
#4409 = FILL_AREA_STYLE ('',( #8292 ) ) ;
#4410 = CARTESIAN_POINT ( 'NONE',  ( 6.729999999999955129, 2.380000000000000782, -5.100000000000068923 ) ) ;
#4411 = ORIENTED_EDGE ( 'NONE', *, *, #5882, .F. ) ;
#4412 = ADVANCED_FACE ( 'NONE', ( #5228 ), #7942, .T. ) ;
#4413 = EDGE_LOOP ( 'NONE', ( #1224, #3305, #2777, #5664 ) ) ;
#4414 = CARTESIAN_POINT ( 'NONE',  ( 12.12000000000004718, 2.510000000000001119, 4.499999999999872990 ) ) ;
#4415 = LINE ( 'NONE', #3750, #6234 ) ;
#4416 = LINE ( 'NONE', #7128, #6492 ) ;
#4417 = CARTESIAN_POINT ( 'NONE',  ( 9.049999999999956302, 2.510000000000001119, -4.970000000000093898 ) ) ;
#4418 = CIRCLE ( 'NONE', #1715, 0.3999999999999993006 ) ;
#4419 = ORIENTED_EDGE ( 'NONE', *, *, #5128, .F. ) ;
#4420 = CIRCLE ( 'NONE', #582, 0.2499999999999998890 ) ;
#4421 = EDGE_LOOP ( 'NONE', ( #4114, #1765, #2574, #7381 ) ) ;
#4422 = CARTESIAN_POINT ( 'NONE',  ( 2.649999999999935074, 1.570000000000001172, -5.920000000000027462 ) ) ;
#4423 = DIRECTION ( 'NONE',  ( -1.000000000000000000, 0.000000000000000000, 1.047444401652940007E-14 ) ) ;
#4424 = CARTESIAN_POINT ( 'NONE',  ( 1.049999999999965183, 1.650000000000000799, -3.200000000000012168 ) ) ;
#4425 = EDGE_CURVE ( 'NONE', #4581, #5674, #8374, .T. ) ;
#4426 = CARTESIAN_POINT ( 'NONE',  ( 1.849999999999938582, -1.399999999999999467, -5.800000000000019362 ) ) ;
#4427 = ORIENTED_EDGE ( 'NONE', *, *, #4381, .F. ) ;
#4428 = VERTEX_POINT ( 'NONE', #1508 ) ;
#4429 = EDGE_CURVE ( 'NONE', #3896, #73, #6512, .T. ) ;
#4430 = ORIENTED_EDGE ( 'NONE', *, *, #8280, .F. ) ;
#4431 = EDGE_LOOP ( 'NONE', ( #1399, #2666, #1599, #7097 ) ) ;
#4432 = CARTESIAN_POINT ( 'NONE',  ( 0.7999999999999579670, 2.260000000000000675, -4.000000000000008882 ) ) ;
#4433 = DIRECTION ( 'NONE',  ( 1.000000000000000000, 0.000000000000000000, -1.047444401652940007E-14 ) ) ;
#4434 = FACE_OUTER_BOUND ( 'NONE', #1891, .T. ) ;
#4435 = LINE ( 'NONE', #7148, #1984 ) ;
#4436 = ORIENTED_EDGE ( 'NONE', *, *, #8541, .T. ) ;
#4437 = ORIENTED_EDGE ( 'NONE', *, *, #5994, .F. ) ;
#4438 = EDGE_CURVE ( 'NONE', #4724, #4428, #707, .T. ) ;
#4439 = CARTESIAN_POINT ( 'NONE',  ( 3.875000000000006217, 2.510000000000001119, 0.4999999999999599209 ) ) ;
#4440 = CARTESIAN_POINT ( 'NONE',  ( 1.049999999999965183, 1.450000000000000844, -3.200000000000012168 ) ) ;
#4441 = CARTESIAN_POINT ( 'NONE',  ( 7.489999999999955804, 0.05999999999999998390, -4.850000000000077804 ) ) ;
#4442 = FILL_AREA_STYLE_COLOUR ( '', #7512 ) ;
#4443 = CARTESIAN_POINT ( 'NONE',  ( 6.280000000000058868, 0.5599999999999999423, 5.799999999999934985 ) ) ;
#4444 = EDGE_CURVE ( 'NONE', #4780, #98, #6096, .T. ) ;
#4445 = EDGE_LOOP ( 'NONE', ( #5808, #6487, #7914, #954 ) ) ;
#4446 = EDGE_CURVE ( 'NONE', #3118, #5268, #8388, .T. ) ;
#4447 = EDGE_LOOP ( 'NONE', ( #7266, #6907, #720, #6831 ) ) ;
#4448 = ADVANCED_FACE ( 'NONE', ( #6125 ), #6267, .F. ) ;
#4449 = DIRECTION ( 'NONE',  ( -1.419551869787370853E-30, 1.000000000000000000, -1.355252715606880296E-16 ) ) ;
#4450 = DIRECTION ( 'NONE',  ( 1.047444401652940007E-14, 0.000000000000000000, 1.000000000000000000 ) ) ;
#4451 = CARTESIAN_POINT ( 'NONE',  ( 5.680000000000064553, -0.04000000000000010492, 6.049999999999940314 ) ) ;
#4452 = CARTESIAN_POINT ( 'NONE',  ( 8.085000000000057696, 2.300000000000000711, 5.449999999999913136 ) ) ;
#4453 = EDGE_CURVE ( 'NONE', #8307, #1879, #1421, .T. ) ;
#4454 = ORIENTED_EDGE ( 'NONE', *, *, #1517, .F. ) ;
#4455 = ORIENTED_EDGE ( 'NONE', *, *, #996, .T. ) ;
#4456 = ORIENTED_EDGE ( 'NONE', *, *, #2273, .F. ) ;
#4457 = CARTESIAN_POINT ( 'NONE',  ( 0.8000000000000185851, 2.260000000000000675, 1.771111005056567711 ) ) ;
#4458 = DIRECTION ( 'NONE',  ( 1.000000000000000000, 0.000000000000000000, -1.084202172485504592E-14 ) ) ;
#4459 = CARTESIAN_POINT ( 'NONE',  ( 2.424999999999934097, 1.370000000000000773, -5.800000000000025580 ) ) ;
#4460 = CARTESIAN_POINT ( 'NONE',  ( 12.00000000000003197, -2.340000000000001190, 2.999999999999874767 ) ) ;
#4461 = ADVANCED_FACE ( 'NONE', ( #2798 ), #7553, .T. ) ;
#4462 = LINE ( 'NONE', #3088, #5087 ) ;
#4463 = PRESENTATION_STYLE_ASSIGNMENT (( #2313 ) ) ;
#4464 = ORIENTED_EDGE ( 'NONE', *, *, #4549, .T. ) ;
#4465 = ORIENTED_EDGE ( 'NONE', *, *, #4971, .F. ) ;
#4466 = ORIENTED_EDGE ( 'NONE', *, *, #8733, .F. ) ;
#4467 = ORIENTED_EDGE ( 'NONE', *, *, #7000, .F. ) ;
#4468 = CARTESIAN_POINT ( 'NONE',  ( 2.250000000000061284, -0.3300000000000048450, 5.999999999999976907 ) ) ;
#4469 = CYLINDRICAL_SURFACE ( 'NONE', #705, 0.1000000000000002554 ) ;
#4470 = DIRECTION ( 'NONE',  ( 0.000000000000000000, 1.000000000000000000, 0.000000000000000000 ) ) ;
#4471 = CARTESIAN_POINT ( 'NONE',  ( 6.280000000000061533, -0.3699999999999982747, 5.999999999999934275 ) ) ;
#4472 = DIRECTION ( 'NONE',  ( 1.000000000000000000, 1.734723475976802677E-14, -8.673617379884013384E-15 ) ) ;
#4473 = EDGE_LOOP ( 'NONE', ( #7508, #7646, #2951, #3553 ) ) ;
#4474 = ORIENTED_EDGE ( 'NONE', *, *, #551, .T. ) ;
#4475 = VERTEX_POINT ( 'NONE', #6165 ) ;
#4476 = VECTOR ( 'NONE', #708, 1000.000000000000000 ) ;
#4477 = PLANE ( 'NONE',  #6511 ) ;
#4478 = PLANE ( 'NONE',  #4397 ) ;
#4479 = CARTESIAN_POINT ( 'NONE',  ( -2.800000000000019806, 2.326828918379971858E-16, -1.899999999999971045 ) ) ;
#4480 = EDGE_CURVE ( 'NONE', #9, #2007, #3831, .T. ) ;
#4481 = CARTESIAN_POINT ( 'NONE',  ( 1.194999999999937002, 1.370000000000000773, -6.000000000000012434 ) ) ;
#4482 = DIRECTION ( 'NONE',  ( 1.000000000000000000, 0.000000000000000000, -1.047444401652940007E-14 ) ) ;
#4483 = AXIS2_PLACEMENT_3D ( 'NONE', #8206, #6205, #2124 ) ;
#4484 = VERTEX_POINT ( 'NONE', #2750 ) ;
#4485 = VERTEX_POINT ( 'NONE', #4699 ) ;
#4486 = DIRECTION ( 'NONE',  ( 0.000000000000000000, 1.000000000000000000, 0.000000000000000000 ) ) ;
#4487 = LINE ( 'NONE', #1117, #4632 ) ;
#4488 = VECTOR ( 'NONE', #6329, 1000.000000000000000 ) ;
#4489 = CARTESIAN_POINT ( 'NONE',  ( 11.99999999999993783, -0.2500000000000000000, -6.000000000000127010 ) ) ;
#4490 = CARTESIAN_POINT ( 'NONE',  ( 11.99999999999993960, -0.2500000000000000000, -5.800000000000126832 ) ) ;
#4491 = ADVANCED_FACE ( 'NONE', ( #1365 ), #5555, .T. ) ;
#4492 = CIRCLE ( 'NONE', #4778, 0.3999999999999993006 ) ;
#4493 = EDGE_CURVE ( 'NONE', #7076, #3211, #5449, .T. ) ;
#4494 = ORIENTED_EDGE ( 'NONE', *, *, #2140, .F. ) ;
#4495 = EDGE_CURVE ( 'NONE', #1932, #7190, #3259, .T. ) ;
#4496 = AXIS2_PLACEMENT_3D ( 'NONE', #8089, #4576, #6089 ) ;
#4497 = ORIENTED_EDGE ( 'NONE', *, *, #962, .F. ) ;
#4498 = AXIS2_PLACEMENT_3D ( 'NONE', #4907, #1404, #1310 ) ;
#4499 = ORIENTED_EDGE ( 'NONE', *, *, #1215, .F. ) ;
#4500 = FACE_OUTER_BOUND ( 'NONE', #4726, .T. ) ;
#4501 = CARTESIAN_POINT ( 'NONE',  ( 4.315421043656688660, -0.2900000000000003131, -5.700000000000045475 ) ) ;
#4502 = FACE_OUTER_BOUND ( 'NONE', #3377, .T. ) ;
#4503 = LINE ( 'NONE', #7094, #5205 ) ;
#4504 = AXIS2_PLACEMENT_3D ( 'NONE', #1695, #5779, #1733 ) ;
#4505 = VECTOR ( 'NONE', #7875, 1000.000000000000000 ) ;
#4506 = CARTESIAN_POINT ( 'NONE',  ( 2.699999999999931344, 1.399999999999999023, -6.400000000000028777 ) ) ;
#4507 = AXIS2_PLACEMENT_3D ( 'NONE', #296, #7615, #3714 ) ;
#4508 = ORIENTED_EDGE ( 'NONE', *, *, #5483, .F. ) ;
#4509 = EDGE_LOOP ( 'NONE', ( #5581, #4649, #2201, #6863 ) ) ;
#4510 = EDGE_CURVE ( 'NONE', #4704, #6559, #3946, .T. ) ;
#4511 = ORIENTED_EDGE ( 'NONE', *, *, #462, .F. ) ;
#4512 = ORIENTED_EDGE ( 'NONE', *, *, #6456, .T. ) ;
#4513 = EDGE_CURVE ( 'NONE', #743, #3522, #6738, .T. ) ;
#4514 = CARTESIAN_POINT ( 'NONE',  ( 2.250000000000059064, -0.2499999999999996669, 5.799999999999976730 ) ) ;
#4515 = LINE ( 'NONE', #6594, #5688 ) ;
#4516 = CARTESIAN_POINT ( 'NONE',  ( 4.471067811865474972, 0.000000000000000000, -4.683194948949152093E-14 ) ) ;
#4517 = LINE ( 'NONE', #472, #7881 ) ;
#4518 = FACE_OUTER_BOUND ( 'NONE', #5574, .T. ) ;
#4519 = EDGE_LOOP ( 'NONE', ( #8352, #3422, #2009, #4464 ) ) ;
#4520 = AXIS2_PLACEMENT_3D ( 'NONE', #2635, #1299, #2013 ) ;
#4521 = AXIS2_PLACEMENT_3D ( 'NONE', #2107, #8248, #1347 ) ;
#4522 = EDGE_LOOP ( 'NONE', ( #5245, #6916, #2752, #6159, #23, #7300 ) ) ;
#4523 = ORIENTED_EDGE ( 'NONE', *, *, #4601, .F. ) ;
#4524 = VECTOR ( 'NONE', #2207, 1000.000000000000000 ) ;
#4525 =( GEOMETRIC_REPRESENTATION_CONTEXT ( 3 ) GLOBAL_UNCERTAINTY_ASSIGNED_CONTEXT ( ( #6310 ) ) GLOBAL_UNIT_ASSIGNED_CONTEXT ( ( #607, #8706, #3278 ) ) REPRESENTATION_CONTEXT ( 'NONE', 'WORKASPACE' ) );
#4526 = DIRECTION ( 'NONE',  ( 7.406550393246804314E-15, -0.7071067811865469066, 0.7071067811865482389 ) ) ;
#4527 = DIRECTION ( 'NONE',  ( 0.000000000000000000, 1.000000000000000000, 0.000000000000000000 ) ) ;
#4528 = DIRECTION ( 'NONE',  ( 8.673617379883937653E-15, 0.000000000000000000, 1.000000000000000000 ) ) ;
#4529 = EDGE_CURVE ( 'NONE', #5329, #240, #2139, .T. ) ;
#4530 = SURFACE_SIDE_STYLE ('',( #1811 ) ) ;
#4531 = PLANE ( 'NONE',  #4932 ) ;
#4532 = VECTOR ( 'NONE', #4747, 1000.000000000000000 ) ;
#4533 = CIRCLE ( 'NONE', #5687, 0.1999999999999996503 ) ;
#4534 = AXIS2_PLACEMENT_3D ( 'NONE', #7885, #5348, #1219 ) ;
#4535 = VECTOR ( 'NONE', #6216, 1000.000000000000000 ) ;
#4536 = ADVANCED_FACE ( 'NONE', ( #2851 ), #8270, .F. ) ;
#4537 = ORIENTED_EDGE ( 'NONE', *, *, #2548, .F. ) ;
#4538 = VERTEX_POINT ( 'NONE', #6925 ) ;
#4539 = DIRECTION ( 'NONE',  ( -1.069128445102650095E-14, -2.168404344971010594E-16, -1.000000000000000000 ) ) ;
#4540 = LINE ( 'NONE', #3909, #812 ) ;
#4541 = DIRECTION ( 'NONE',  ( -1.000000000000000000, 0.000000000000000000, 1.047444401652940007E-14 ) ) ;
#4542 = FACE_OUTER_BOUND ( 'NONE', #8181, .T. ) ;
#4543 = CIRCLE ( 'NONE', #7940, 0.1299999999999998934 ) ;
#4544 = ORIENTED_EDGE ( 'NONE', *, *, #5200, .F. ) ;
#4545 = ORIENTED_EDGE ( 'NONE', *, *, #4446, .T. ) ;
#4546 = VERTEX_POINT ( 'NONE', #1603 ) ;
#4547 = DIRECTION ( 'NONE',  ( 1.047444401652940007E-14, 0.000000000000000000, 1.000000000000000000 ) ) ;
#4548 = DIRECTION ( 'NONE',  ( -1.047444401652940007E-14, 0.000000000000000000, -1.000000000000000000 ) ) ;
#4549 = EDGE_CURVE ( 'NONE', #404, #5674, #8407, .T. ) ;
#4550 = CARTESIAN_POINT ( 'NONE',  ( 0.7999999999998441691, 2.260000000000000675, -14.75411377792221401 ) ) ;
#4551 = DIRECTION ( 'NONE',  ( -1.000000000000000000, 0.000000000000000000, 1.047444401652940007E-14 ) ) ;
#4552 = DIRECTION ( 'NONE',  ( 1.047444401652940007E-14, 0.000000000000000000, 1.000000000000000000 ) ) ;
#4553 = ORIENTED_EDGE ( 'NONE', *, *, #922, .T. ) ;
#4554 = ORIENTED_EDGE ( 'NONE', *, *, #5564, .F. ) ;
#4555 = EDGE_LOOP ( 'NONE', ( #7993, #7997 ) ) ;
#4556 = VERTEX_POINT ( 'NONE', #1636 ) ;
#4557 = EDGE_CURVE ( 'NONE', #155, #6082, #7107, .T. ) ;
#4558 = FACE_OUTER_BOUND ( 'NONE', #7100, .T. ) ;
#4559 = CARTESIAN_POINT ( 'NONE',  ( 4.315421043656687772, -1.600703055139993669, -5.800000000000046008 ) ) ;
#4560 = DIRECTION ( 'NONE',  ( -1.000000000000000000, 0.000000000000000000, 1.047444401652940007E-14 ) ) ;
#4561 = DIRECTION ( 'NONE',  ( 3.562796849662422407E-30, -1.000000000000000000, 3.401418580346681312E-16 ) ) ;
#4562 = EDGE_CURVE ( 'NONE', #6433, #6110, #7689, .T. ) ;
#4563 = PLANE ( 'NONE',  #5823 ) ;
#4564 = ADVANCED_FACE ( 'NONE', ( #319 ), #929, .F. ) ;
#4565 = ORIENTED_EDGE ( 'NONE', *, *, #1990, .T. ) ;
#4566 = VERTEX_POINT ( 'NONE', #890 ) ;
#4567 = ORIENTED_EDGE ( 'NONE', *, *, #4929, .T. ) ;
#4568 = CARTESIAN_POINT ( 'NONE',  ( 1.049999999999964961, 1.450000000000000844, -3.200000000000012168 ) ) ;
#4569 = LINE ( 'NONE', #7193, #7092 ) ;
#4570 = CARTESIAN_POINT ( 'NONE',  ( 9.400000000000060751, -0.2499999999999988065, 5.999999999999901412 ) ) ;
#4571 = LINE ( 'NONE', #7280, #144 ) ;
#4572 = CARTESIAN_POINT ( 'NONE',  ( -0.5000000000000266454, 2.259999999999999343, -1.926136028425817992 ) ) ;
#4573 = VERTEX_POINT ( 'NONE', #5764 ) ;
#4574 = ORIENTED_EDGE ( 'NONE', *, *, #4988, .F. ) ;
#4575 = CARTESIAN_POINT ( 'NONE',  ( 8.189999999999955094, -0.04000000000000003553, -5.100000000000084910 ) ) ;
#4576 = DIRECTION ( 'NONE',  ( -1.000000000000000000, 0.000000000000000000, 1.047444401652940007E-14 ) ) ;
#4577 = CARTESIAN_POINT ( 'NONE',  ( 4.315421043656819222, 2.510000000000001119, 6.749999999999956479 ) ) ;
#4578 = PLANE ( 'NONE',  #8028 ) ;
#4579 = VERTEX_POINT ( 'NONE', #7015 ) ;
#4580 = ORIENTED_EDGE ( 'NONE', *, *, #7484, .F. ) ;
#4581 = VERTEX_POINT ( 'NONE', #7766 ) ;
#4582 = LINE ( 'NONE', #7257, #5114 ) ;
#4583 = DIRECTION ( 'NONE',  ( 0.000000000000000000, -1.000000000000000000, 0.000000000000000000 ) ) ;
#4584 = DIRECTION ( 'NONE',  ( -1.039630331941332723E-14, 0.000000000000000000, -1.000000000000000000 ) ) ;
#4585 = DIRECTION ( 'NONE',  ( 1.062933004117018709E-14, 0.000000000000000000, 1.000000000000000000 ) ) ;
#4586 = LINE ( 'NONE', #3760, #8505 ) ;
#4587 = ORIENTED_EDGE ( 'NONE', *, *, #396, .F. ) ;
#4588 = ORIENTED_EDGE ( 'NONE', *, *, #2357, .F. ) ;
#4589 = EDGE_CURVE ( 'NONE', #2593, #8021, #3599, .T. ) ;
#4590 = ORIENTED_EDGE ( 'NONE', *, *, #110, .T. ) ;
#4591 = CARTESIAN_POINT ( 'NONE',  ( 2.699999999999976197, 1.399999999999999467, -2.100000000000028955 ) ) ;
#4592 = CARTESIAN_POINT ( 'NONE',  ( 1.550000000000007594, 2.260000000000000675, 0.6999999999999847455 ) ) ;
#4593 = ADVANCED_FACE ( 'NONE', ( #1722 ), #8359, .T. ) ;
#4594 = CARTESIAN_POINT ( 'NONE',  ( 6.479999999999948024, -0.2500000000000000000, -4.850000000000067146 ) ) ;
#4595 = FACE_OUTER_BOUND ( 'NONE', #7587, .T. ) ;
#4596 = ADVANCED_FACE ( 'NONE', ( #6474 ), #2353, .F. ) ;
#4597 = CARTESIAN_POINT ( 'NONE',  ( -1.099999999999929257, 2.510000000000001119, 6.750000000000013323 ) ) ;
#4598 = DIRECTION ( 'NONE',  ( -1.047444401652940007E-14, -3.401418580346681312E-16, -1.000000000000000000 ) ) ;
#4599 = ORIENTED_EDGE ( 'NONE', *, *, #274, .T. ) ;
#4600 = EDGE_CURVE ( 'NONE', #8328, #1955, #4920, .T. ) ;
#4601 = EDGE_CURVE ( 'NONE', #1794, #6768, #4246, .T. ) ;
#4602 = ORIENTED_EDGE ( 'NONE', *, *, #3051, .F. ) ;
#4603 = ORIENTED_EDGE ( 'NONE', *, *, #1513, .T. ) ;
#4604 = CARTESIAN_POINT ( 'NONE',  ( 11.09999999999993925, -1.399999999999999245, -5.800000000000117950 ) ) ;
#4605 = DIRECTION ( 'NONE',  ( 1.000000000000000000, 0.000000000000000000, -1.082138871172476148E-14 ) ) ;
#4606 = CARTESIAN_POINT ( 'NONE',  ( 11.89999999999995772, -1.399999999999999245, -4.000000000000126121 ) ) ;
#4607 = DIRECTION ( 'NONE',  ( -0.9446736642347896007, 0.000000000000000000, -0.3280116889704022265 ) ) ;
#4608 = CARTESIAN_POINT ( 'NONE',  ( 11.90000000000005898, 1.400000000000001021, 5.799999999999875477 ) ) ;
#4609 = EDGE_CURVE ( 'NONE', #4113, #1148, #3638, .T. ) ;
#4610 = ORIENTED_EDGE ( 'NONE', *, *, #4881, .F. ) ;
#4611 = EDGE_CURVE ( 'NONE', #3762, #4805, #2532, .T. ) ;
#4612 = CARTESIAN_POINT ( 'NONE',  ( 9.000000000000062172, -1.399999999999999467, 5.999999999999905853 ) ) ;
#4613 = EDGE_CURVE ( 'NONE', #3552, #943, #7146, .T. ) ;
#4614 = DIRECTION ( 'NONE',  ( 0.000000000000000000, 1.000000000000000000, 0.000000000000000000 ) ) ;
#4615 = CARTESIAN_POINT ( 'NONE',  ( 7.589999999999956337, -0.04000000000000016043, -4.850000000000079581 ) ) ;
#4616 = DIRECTION ( 'NONE',  ( 1.047444401652940007E-14, -3.401418580346681312E-16, 1.000000000000000000 ) ) ;
#4617 = FACE_OUTER_BOUND ( 'NONE', #4717, .T. ) ;
#4618 = EDGE_CURVE ( 'NONE', #3984, #712, #8309, .T. ) ;
#4619 = VECTOR ( 'NONE', #4134, 1000.000000000000000 ) ;
#4620 = DIRECTION ( 'NONE',  ( 1.047444401652940007E-14, 1.008560160451632221E-16, 1.000000000000000000 ) ) ;
#4621 = ORIENTED_EDGE ( 'NONE', *, *, #8442, .T. ) ;
#4622 = DIRECTION ( 'NONE',  ( -0.9446736642347897117, 0.000000000000000000, -0.3280116889704020600 ) ) ;
#4623 = ORIENTED_EDGE ( 'NONE', *, *, #5298, .F. ) ;
#4624 = VERTEX_POINT ( 'NONE', #2935 ) ;
#4625 = VECTOR ( 'NONE', #3874, 1000.000000000000000 ) ;
#4626 = DIRECTION ( 'NONE',  ( -1.000000000000000000, 0.000000000000000000, 1.062933004117018709E-14 ) ) ;
#4627 = LINE ( 'NONE', #7338, #3239 ) ;
#4628 = LINE ( 'NONE', #6009, #7772 ) ;
#4629 = CARTESIAN_POINT ( 'NONE',  ( 4.315421043656687772, 2.259999999999998899, -5.800000000000045119 ) ) ;
#4630 = LINE ( 'NONE', #6860, #7362 ) ;
#4631 = CYLINDRICAL_SURFACE ( 'NONE', #8370, 0.1000000000000000472 ) ;
#4632 = VECTOR ( 'NONE', #2625, 1000.000000000000000 ) ;
#4633 = VERTEX_POINT ( 'NONE', #5644 ) ;
#4634 = VERTEX_POINT ( 'NONE', #2275 ) ;
#4635 = ORIENTED_EDGE ( 'NONE', *, *, #8108, .T. ) ;
#4636 = ADVANCED_FACE ( 'NONE', ( #6401 ), #4973, .F. ) ;
#4637 = VECTOR ( 'NONE', #8411, 1000.000000000000000 ) ;
#4638 = DIRECTION ( 'NONE',  ( -0.000000000000000000, -1.000000000000000000, -0.000000000000000000 ) ) ;
#4639 = AXIS2_PLACEMENT_3D ( 'NONE', #7217, #4380, #500 ) ;
#4640 = PLANE ( 'NONE',  #7771 ) ;
#4641 = CIRCLE ( 'NONE', #389, 0.1299999999999998934 ) ;
#4642 = CARTESIAN_POINT ( 'NONE',  ( -5.080105348016758716E-14, -2.050000000000001155, -4.849999999999999645 ) ) ;
#4643 = CARTESIAN_POINT ( 'NONE',  ( 3.825000000000067679, 2.260000000000000675, 6.399999999999960387 ) ) ;
#4644 = CARTESIAN_POINT ( 'NONE',  ( 4.315421043656687772, 2.299999999999998934, -5.800000000000045119 ) ) ;
#4645 = DIRECTION ( 'NONE',  ( 0.000000000000000000, -1.000000000000000000, 0.000000000000000000 ) ) ;
#4646 = ORIENTED_EDGE ( 'NONE', *, *, #7779, .F. ) ;
#4647 = CIRCLE ( 'NONE', #3094, 0.2249999999999995060 ) ;
#4648 = ORIENTED_EDGE ( 'NONE', *, *, #6182, .T. ) ;
#4649 = ORIENTED_EDGE ( 'NONE', *, *, #3033, .F. ) ;
#4650 = EDGE_CURVE ( 'NONE', #8210, #475, #2981, .T. ) ;
#4651 = EDGE_CURVE ( 'NONE', #5978, #604, #7725, .T. ) ;
#4652 = DIRECTION ( 'NONE',  ( 1.047444401652940164E-14, 0.000000000000000000, 1.000000000000000000 ) ) ;
#4653 = CARTESIAN_POINT ( 'NONE',  ( 0.4999999999999877320, 2.764439852957066623, -1.165277777777783408 ) ) ;
#4654 = DIRECTION ( 'NONE',  ( -1.047444401652940007E-14, -0.000000000000000000, -1.000000000000000000 ) ) ;
#4655 = VECTOR ( 'NONE', #2319, 1000.000000000000000 ) ;
#4656 = DIRECTION ( 'NONE',  ( -1.000000000000000000, 0.000000000000000000, 1.047444401652940007E-14 ) ) ;
#4657 = VECTOR ( 'NONE', #1216, 1000.000000000000000 ) ;
#4658 = LINE ( 'NONE', #4742, #4078 ) ;
#4659 = ORIENTED_EDGE ( 'NONE', *, *, #6199, .F. ) ;
#4660 = AXIS2_PLACEMENT_3D ( 'NONE', #7960, #7425, #1338 ) ;
#4661 = CARTESIAN_POINT ( 'NONE',  ( 1.049999999999965183, 1.450000000000000844, -3.200000000000012168 ) ) ;
#4662 = AXIS2_PLACEMENT_3D ( 'NONE', #5079, #2215, #7804 ) ;
#4663 = DIRECTION ( 'NONE',  ( 1.000000000000000000, -0.000000000000000000, -1.047444401652940007E-14 ) ) ;
#4664 = LINE ( 'NONE', #4044, #5058 ) ;
#4665 = CYLINDRICAL_SURFACE ( 'NONE', #4690, 3.000000000000000444 ) ;
#4666 = DIRECTION ( 'NONE',  ( -1.000000000000000000, 0.000000000000000000, 1.455818952234153569E-14 ) ) ;
#4667 = STYLED_ITEM ( 'NONE', ( #8749 ), #5462 ) ;
#4668 = CARTESIAN_POINT ( 'NONE',  ( 1.195000000000060680, 1.370000000000000551, 5.799999999999988276 ) ) ;
#4669 = VECTOR ( 'NONE', #8572, 1000.000000000000000 ) ;
#4670 = EDGE_LOOP ( 'NONE', ( #3134, #2989, #2893, #7159 ) ) ;
#4671 = EDGE_CURVE ( 'NONE', #923, #7346, #565, .T. ) ;
#4672 = EDGE_LOOP ( 'NONE', ( #1386, #346, #7187, #5872 ) ) ;
#4673 = LINE ( 'NONE', #4148, #2921 ) ;
#4674 = EDGE_LOOP ( 'NONE', ( #6184, #5026, #5884, #1997 ) ) ;
#4675 = ORIENTED_EDGE ( 'NONE', *, *, #7361, .T. ) ;
#4676 = FACE_OUTER_BOUND ( 'NONE', #4872, .T. ) ;
#4677 = VECTOR ( 'NONE', #7272, 1000.000000000000000 ) ;
#4678 = LINE ( 'NONE', #7999, #8368 ) ;
#4679 = CARTESIAN_POINT ( 'NONE',  ( 8.085000000000055920, 2.260000000000000675, 5.349999999999913491 ) ) ;
#4680 = DIRECTION ( 'NONE',  ( 0.000000000000000000, 1.000000000000000000, 0.000000000000000000 ) ) ;
#4681 = CARTESIAN_POINT ( 'NONE',  ( 12.00000000000001954, 0.000000000000000000, 1.799999999999874367 ) ) ;
#4682 = LINE ( 'NONE', #1445, #6505 ) ;
#4683 = VERTEX_POINT ( 'NONE', #1179 ) ;
#4684 = EDGE_LOOP ( 'NONE', ( #4912, #3603, #5711, #4278, #141, #5082, #78 ) ) ;
#4685 = EDGE_LOOP ( 'NONE', ( #1428, #5436, #6569, #8355 ) ) ;
#4686 = EDGE_CURVE ( 'NONE', #7179, #3274, #1957, .T. ) ;
#4687 = LINE ( 'NONE', #8598, #6079 ) ;
#4688 = FACE_OUTER_BOUND ( 'NONE', #4061, .T. ) ;
#4689 = CARTESIAN_POINT ( 'NONE',  ( 6.979999999999953353, -0.2899999999999976485, -4.850000000000072475 ) ) ;
#4690 = AXIS2_PLACEMENT_3D ( 'NONE', #4144, #6040, #93 ) ;
#4691 = DIRECTION ( 'NONE',  ( -1.000000000000000000, 0.000000000000000000, 1.047444401652940007E-14 ) ) ;
#4692 = CARTESIAN_POINT ( 'NONE',  ( 0.9999999999999317213, 2.259999999999998899, -6.400000000000011013 ) ) ;
#4693 = EDGE_CURVE ( 'NONE', #3695, #4311, #2435, .T. ) ;
#4694 = DIRECTION ( 'NONE',  ( 1.047444401652940164E-14, 0.000000000000000000, 1.000000000000000000 ) ) ;
#4695 = VERTEX_POINT ( 'NONE', #8601 ) ;
#4696 = ORIENTED_EDGE ( 'NONE', *, *, #7315, .F. ) ;
#4697 = ORIENTED_EDGE ( 'NONE', *, *, #6522, .T. ) ;
#4698 = CARTESIAN_POINT ( 'NONE',  ( 9.400000000000060751, -0.2499999999999988065, 5.999999999999901412 ) ) ;
#4699 = CARTESIAN_POINT ( 'NONE',  ( 5.400000000000063416, -0.2899999999999994249, 6.049999999999943867 ) ) ;
#4700 = FACE_OUTER_BOUND ( 'NONE', #4473, .T. ) ;
#4701 = DIRECTION ( 'NONE',  ( -7.406550393246790114E-15, -0.7071067811865482389, -0.7071067811865469066 ) ) ;
#4702 = DIRECTION ( 'NONE',  ( 0.000000000000000000, 1.000000000000000000, 0.000000000000000000 ) ) ;
#4703 = EDGE_CURVE ( 'NONE', #8420, #7396, #2397, .T. ) ;
#4704 = VERTEX_POINT ( 'NONE', #7182 ) ;
#4705 = LINE ( 'NONE', #6842, #4402 ) ;
#4706 = DIRECTION ( 'NONE',  ( -8.673617379883937653E-15, 0.000000000000000000, -1.000000000000000000 ) ) ;
#4707 = DIRECTION ( 'NONE',  ( 0.000000000000000000, 1.000000000000000000, 0.000000000000000000 ) ) ;
#4708 = DIRECTION ( 'NONE',  ( 1.000000000000000000, -0.000000000000000000, -1.047444401652940007E-14 ) ) ;
#4709 = CARTESIAN_POINT ( 'NONE',  ( 1.194999999999939222, 1.450000000000000844, -5.800000000000012257 ) ) ;
#4710 = EDGE_CURVE ( 'NONE', #1044, #5126, #7886, .T. ) ;
#4711 = DIRECTION ( 'NONE',  ( 1.040834085586084099E-14, 0.000000000000000000, 1.000000000000000000 ) ) ;
#4712 = ORIENTED_EDGE ( 'NONE', *, *, #3704, .T. ) ;
#4713 = EDGE_CURVE ( 'NONE', #4147, #384, #8696, .T. ) ;
#4714 = ADVANCED_FACE ( 'NONE', ( #7932 ), #3859, .T. ) ;
#4715 = LINE ( 'NONE', #4099, #6322 ) ;
#4716 = ORIENTED_EDGE ( 'NONE', *, *, #8793, .T. ) ;
#4717 = EDGE_LOOP ( 'NONE', ( #6392, #7890, #7704, #4621 ) ) ;
#4718 = CARTESIAN_POINT ( 'NONE',  ( 2.800000000000045564, 1.650000000000000799, 4.349999999999972999 ) ) ;
#4719 = FACE_OUTER_BOUND ( 'NONE', #2446, .T. ) ;
#4720 = DIRECTION ( 'NONE',  ( -1.000000000000000000, 0.000000000000000000, 1.047444401652940007E-14 ) ) ;
#4721 = LINE ( 'NONE', #6716, #2098 ) ;
#4722 = LINE ( 'NONE', #4110, #8648 ) ;
#4723 = CARTESIAN_POINT ( 'NONE',  ( 6.479999999999949800, -2.300000000000000711, -4.600000000000067146 ) ) ;
#4724 = VERTEX_POINT ( 'NONE', #2471 ) ;
#4725 = ORIENTED_EDGE ( 'NONE', *, *, #4277, .T. ) ;
#4726 = EDGE_LOOP ( 'NONE', ( #1225, #8410, #6129, #8473 ) ) ;
#4727 = ADVANCED_FACE ( 'NONE', ( #2610 ), #1760, .T. ) ;
#4728 = CARTESIAN_POINT ( 'NONE',  ( 11.94042104365668955, 2.260000000000000675, -5.450000000000125411 ) ) ;
#4729 = CARTESIAN_POINT ( 'NONE',  ( 6.479999999999932037, -0.2500000000000000000, -6.400000000000067857 ) ) ;
#4730 = CLOSED_SHELL ( 'NONE', ( #1684, #7213, #1016, #7430, #8569, #5810, #5738, #8619, #5270, #1938, #598, #8697, #3857, #8014, #1821, #3717, #7600, #4112, #6471, #8440, #1958, #6032, #4763, #7156, #2400, #6637, #3977, #3070, #4412, #8637, #6719, #1941, #691, #1289, #6552, #1246, #2182, #8267, #3482, #1329, #3517, #4564, #1049, #3378, #378, #6736, #5854, #955, #4339, #3216, #3956, #4593, #377, #7961, #1787, #1042, #6015, #8167, #6139, #1064, #4235, #171, #6825, #5541, #6209, #8705, #7321, #5333, #4009, #7290, #8672 ) ) ;
#4731 = CYLINDRICAL_SURFACE ( 'NONE', #2271, 0.07999999999999998779 ) ;
#4732 = DIRECTION ( 'NONE',  ( -1.047444401652940007E-14, 0.000000000000000000, -1.000000000000000000 ) ) ;
#4733 = CARTESIAN_POINT ( 'NONE',  ( 6.479999999999948912, 2.299999999999998490, -4.700000000000067679 ) ) ;
#4734 = ORIENTED_EDGE ( 'NONE', *, *, #1343, .F. ) ;
#4735 = ORIENTED_EDGE ( 'NONE', *, *, #8299, .F. ) ;
#4736 = ORIENTED_EDGE ( 'NONE', *, *, #8212, .T. ) ;
#4737 = CARTESIAN_POINT ( 'NONE',  ( 2.475000000000067590, -3.000000000000000000, 6.399999999999976374 ) ) ;
#4738 = DIRECTION ( 'NONE',  ( -1.000000000000000000, 0.000000000000000000, 1.047444401652940007E-14 ) ) ;
#4739 = LINE ( 'NONE', #2141, #4619 ) ;
#4740 = VECTOR ( 'NONE', #4404, 1000.000000000000000 ) ;
#4741 = LINE ( 'NONE', #8802, #3972 ) ;
#4742 = CARTESIAN_POINT ( 'NONE',  ( 5.815256595811499452, 2.510000000000001119, 5.391417705551645234 ) ) ;
#4743 = ADVANCED_FACE ( 'NONE', ( #4595 ), #5304, .T. ) ;
#4744 = ORIENTED_EDGE ( 'NONE', *, *, #1141, .F. ) ;
#4745 = CARTESIAN_POINT ( 'NONE',  ( 6.529999999999948734, 0.000000000000000000, -4.700000000000068567 ) ) ;
#4746 = VECTOR ( 'NONE', #7380, 1000.000000000000000 ) ;
#4747 = DIRECTION ( 'NONE',  ( 1.047444401652940007E-14, 1.008560160451632221E-16, 1.000000000000000000 ) ) ;
#4748 = CARTESIAN_POINT ( 'NONE',  ( 4.115421043656688482, 2.260000000000000675, -5.700000000000043698 ) ) ;
#4749 = EDGE_CURVE ( 'NONE', #6619, #8763, #3810, .T. ) ;
#4750 = CARTESIAN_POINT ( 'NONE',  ( 2.349999999999966338, 1.450000000000000844, -3.000000000000024869 ) ) ;
#4751 = DIRECTION ( 'NONE',  ( 0.000000000000000000, -1.000000000000000000, 0.000000000000000000 ) ) ;
#4752 = CARTESIAN_POINT ( 'NONE',  ( 0.9999999999999317213, 1.399999999999999023, -6.400000000000011013 ) ) ;
#4753 = ORIENTED_EDGE ( 'NONE', *, *, #3316, .T. ) ;
#4754 = DIRECTION ( 'NONE',  ( -1.419551869787370853E-30, 1.000000000000000000, -1.355252715606880296E-16 ) ) ;
#4755 = EDGE_LOOP ( 'NONE', ( #8072, #6919, #6035, #1316 ) ) ;
#4756 = ORIENTED_EDGE ( 'NONE', *, *, #7580, .T. ) ;
#4757 = DIRECTION ( 'NONE',  ( 1.047444401652940007E-14, 0.000000000000000000, 1.000000000000000000 ) ) ;
#4758 = LINE ( 'NONE', #3257, #3379 ) ;
#4759 = EDGE_CURVE ( 'NONE', #1182, #5760, #3531, .T. ) ;
#4760 = CARTESIAN_POINT ( 'NONE',  ( 6.729999999999957794, 2.260000000000000675, -4.850000000000069811 ) ) ;
#4761 = LINE ( 'NONE', #2686, #1387 ) ;
#4762 = AXIS2_PLACEMENT_3D ( 'NONE', #1637, #8360, #8481 ) ;
#4763 = ADVANCED_FACE ( 'NONE', ( #3178 ), #1220, .F. ) ;
#4764 = CARTESIAN_POINT ( 'NONE',  ( 3.050000000000043343, 1.850000000000000977, 4.149999999999971045 ) ) ;
#4765 = LINE ( 'NONE', #6814, #4947 ) ;
#4766 = VERTEX_POINT ( 'NONE', #6595 ) ;
#4767 = VERTEX_POINT ( 'NONE', #2570 ) ;
#4768 = AXIS2_PLACEMENT_3D ( 'NONE', #4460, #2424, #5844 ) ;
#4769 = CIRCLE ( 'NONE', #951, 0.1499999999999999667 ) ;
#4770 = ORIENTED_EDGE ( 'NONE', *, *, #1172, .T. ) ;
#4771 = DIRECTION ( 'NONE',  ( 7.406550393246783804E-15, 0.7071067811865487940, 0.7071067811865463515 ) ) ;
#4772 = CARTESIAN_POINT ( 'NONE',  ( -1.100000000000002975, 2.260000000000000675, -0.2499999999999886757 ) ) ;
#4773 = VECTOR ( 'NONE', #900, 1000.000000000000000 ) ;
#4774 = CARTESIAN_POINT ( 'NONE',  ( 12.12000000000004718, 2.510000000000001119, 4.499999999999872990 ) ) ;
#4775 = DIRECTION ( 'NONE',  ( -1.047444401652940007E-14, 0.000000000000000000, -1.000000000000000000 ) ) ;
#4776 = LINE ( 'NONE', #5492, #8405 ) ;
#4777 = CARTESIAN_POINT ( 'NONE',  ( 8.600000000000060041, -0.2499999999999989175, 5.799999999999910116 ) ) ;
#4778 = AXIS2_PLACEMENT_3D ( 'NONE', #5027, #7739, #907 ) ;
#4779 = ORIENTED_EDGE ( 'NONE', *, *, #7131, .T. ) ;
#4780 = VERTEX_POINT ( 'NONE', #6517 ) ;
#4781 = AXIS2_PLACEMENT_3D ( 'NONE', #4608, #6080, #1279 ) ;
#4782 = ORIENTED_EDGE ( 'NONE', *, *, #871, .T. ) ;
#4783 = VECTOR ( 'NONE', #5542, 1000.000000000000000 ) ;
#4784 = DIRECTION ( 'NONE',  ( -1.000000000000000000, 0.000000000000000000, 1.047444401652940007E-14 ) ) ;
#4785 = LINE ( 'NONE', #5501, #7747 ) ;
#4786 = VECTOR ( 'NONE', #7461, 1000.000000000000000 ) ;
#4787 = CIRCLE ( 'NONE', #8599, 0.3999999999999993006 ) ;
#4788 = ORIENTED_EDGE ( 'NONE', *, *, #5009, .T. ) ;
#4789 = VECTOR ( 'NONE', #7741, 1000.000000000000000 ) ;
#4790 = DIRECTION ( 'NONE',  ( 1.000000000000000000, 0.000000000000000000, -1.055258471364547290E-14 ) ) ;
#4791 = ORIENTED_EDGE ( 'NONE', *, *, #6247, .F. ) ;
#4792 = LINE ( 'NONE', #44, #1323 ) ;
#4793 = DIRECTION ( 'NONE',  ( 1.202200613782033303E-16, 1.000000000000000000, -1.259238302569719116E-30 ) ) ;
#4794 = PLANE ( 'NONE',  #3924 ) ;
#4795 = DIRECTION ( 'NONE',  ( -1.419551869787370853E-30, 1.000000000000000000, -1.355252715606880296E-16 ) ) ;
#4796 = EDGE_CURVE ( 'NONE', #6498, #6264, #3934, .T. ) ;
#4797 = CIRCLE ( 'NONE', #982, 0.1999999999999996503 ) ;
#4798 = CARTESIAN_POINT ( 'NONE',  ( 2.800000000000062883, 1.450000000000000844, 5.999999999999970690 ) ) ;
#4799 = DIRECTION ( 'NONE',  ( 1.047444401652940007E-14, 0.000000000000000000, 1.000000000000000000 ) ) ;
#4800 = ORIENTED_EDGE ( 'NONE', *, *, #8639, .F. ) ;
#4801 = VECTOR ( 'NONE', #7733, 1000.000000000000000 ) ;
#4802 = VECTOR ( 'NONE', #173, 1000.000000000000000 ) ;
#4803 = CARTESIAN_POINT ( 'NONE',  ( 5.280000000000057092, -0.04000000000000003553, 5.799999999999944755 ) ) ;
#4804 = EDGE_LOOP ( 'NONE', ( #7176, #3496, #5288, #2909, #3790 ) ) ;
#4805 = VERTEX_POINT ( 'NONE', #6642 ) ;
#4806 = CARTESIAN_POINT ( 'NONE',  ( 2.329999999999937899, -0.3300000000000048450, -5.800000000000024691 ) ) ;
#4807 = DIRECTION ( 'NONE',  ( 1.040834085586084257E-14, 0.000000000000000000, 1.000000000000000000 ) ) ;
#4808 = DIRECTION ( 'NONE',  ( 0.000000000000000000, -1.000000000000000000, -0.000000000000000000 ) ) ;
#4809 = CARTESIAN_POINT ( 'NONE',  ( 0.6500000000000405453, 1.450000000000000844, 4.349999999999995204 ) ) ;
#4810 = AXIS2_PLACEMENT_3D ( 'NONE', #8082, #6567, #524 ) ;
#4811 = CIRCLE ( 'NONE', #3538, 3.000000000000000888 ) ;
#4812 = VECTOR ( 'NONE', #2600, 1000.000000000000000 ) ;
#4813 = DIRECTION ( 'NONE',  ( -1.000000000000000000, 0.000000000000000000, 1.455818952234153569E-14 ) ) ;
#4814 = DIRECTION ( 'NONE',  ( -1.000000000000000000, 0.000000000000000000, 1.101654510277215386E-14 ) ) ;
#4815 = ORIENTED_EDGE ( 'NONE', *, *, #2485, .F. ) ;
#4816 = ORIENTED_EDGE ( 'NONE', *, *, #2030, .F. ) ;
#4817 = AXIS2_PLACEMENT_3D ( 'NONE', #4745, #6796, #2756 ) ;
#4818 = AXIS2_PLACEMENT_3D ( 'NONE', #225, #6439, #2438 ) ;
#4819 = ORIENTED_EDGE ( 'NONE', *, *, #4865, .F. ) ;
#4820 = EDGE_CURVE ( 'NONE', #2551, #2145, #1926, .T. ) ;
#4821 = VECTOR ( 'NONE', #4560, 1000.000000000000000 ) ;
#4822 = DIRECTION ( 'NONE',  ( 1.047444401652940007E-14, 0.000000000000000000, 1.000000000000000000 ) ) ;
#4823 = CARTESIAN_POINT ( 'NONE',  ( 2.699999999999956657, 2.260000000000000675, -4.000000000000028422 ) ) ;
#4824 = FACE_OUTER_BOUND ( 'NONE', #1007, .T. ) ;
#4825 = DIRECTION ( 'NONE',  ( -1.047444401652940007E-14, 0.000000000000000000, -1.000000000000000000 ) ) ;
#4826 = CARTESIAN_POINT ( 'NONE',  ( -1.199999999999993960, 2.944380240390157777, 0.5750000000000122791 ) ) ;
#4827 = DIRECTION ( 'NONE',  ( 1.047444401652940007E-14, 0.000000000000000000, 1.000000000000000000 ) ) ;
#4828 = ORIENTED_EDGE ( 'NONE', *, *, #2607, .T. ) ;
#4829 = DIRECTION ( 'NONE',  ( 1.047444401652940007E-14, 0.000000000000000000, 1.000000000000000000 ) ) ;
#4830 = ORIENTED_EDGE ( 'NONE', *, *, #6501, .F. ) ;
#4831 = ORIENTED_EDGE ( 'NONE', *, *, #3634, .F. ) ;
#4832 = EDGE_CURVE ( 'NONE', #7423, #6357, #7352, .T. ) ;
#4833 = VERTEX_POINT ( 'NONE', #8527 ) ;
#4834 = VECTOR ( 'NONE', #2217, 1000.000000000000000 ) ;
#4835 = EDGE_CURVE ( 'NONE', #3968, #6711, #1798, .T. ) ;
#4836 = DIRECTION ( 'NONE',  ( 1.000000000000000000, 0.000000000000000000, -8.673617379884013384E-15 ) ) ;
#4837 = DIRECTION ( 'NONE',  ( 1.000000000000000000, -0.000000000000000000, -1.047444401652940007E-14 ) ) ;
#4838 = DIRECTION ( 'NONE',  ( -1.000000000000000000, 0.000000000000000000, 1.047444401652940007E-14 ) ) ;
#4839 = ORIENTED_EDGE ( 'NONE', *, *, #5383, .F. ) ;
#4840 = FACE_OUTER_BOUND ( 'NONE', #2729, .T. ) ;
#4841 = CIRCLE ( 'NONE', #5977, 0.1000000000000002554 ) ;
#4842 = EDGE_LOOP ( 'NONE', ( #5690, #6853, #1460, #1471, #312, #7360 ) ) ;
#4843 = DIRECTION ( 'NONE',  ( 0.000000000000000000, -1.000000000000000000, -0.000000000000000000 ) ) ;
#4844 = DIRECTION ( 'NONE',  ( -1.000000000000000000, 0.000000000000000000, 1.047444401652940007E-14 ) ) ;
#4845 = DIRECTION ( 'NONE',  ( -4.910882144129284201E-30, -1.000000000000000000, -4.688441826964344298E-16 ) ) ;
#4846 = EDGE_CURVE ( 'NONE', #6466, #5072, #8737, .T. ) ;
#4847 = CARTESIAN_POINT ( 'NONE',  ( 3.825000000000061018, 2.260000000000000675, 5.799999999999959854 ) ) ;
#4848 = FACE_OUTER_BOUND ( 'NONE', #4447, .T. ) ;
#4849 = DIRECTION ( 'NONE',  ( -1.000000000000000000, 0.000000000000000000, 1.064791636412708078E-14 ) ) ;
#4850 = VERTEX_POINT ( 'NONE', #2786 ) ;
#4851 = ORIENTED_EDGE ( 'NONE', *, *, #6717, .T. ) ;
#4852 = VERTEX_POINT ( 'NONE', #641 ) ;
#4853 = ORIENTED_EDGE ( 'NONE', *, *, #8148, .T. ) ;
#4854 = DIRECTION ( 'NONE',  ( 1.047444401652940007E-14, -0.000000000000000000, 1.000000000000000000 ) ) ;
#4855 = CARTESIAN_POINT ( 'NONE',  ( 5.479999999999937366, -0.03999999999999814121, -6.050000000000056666 ) ) ;
#4856 = CARTESIAN_POINT ( 'NONE',  ( 0.4999999999999811262, 2.204364238465236069E-16, -1.800000000000005373 ) ) ;
#4857 = DIRECTION ( 'NONE',  ( 1.000000000000000000, 0.000000000000000000, -1.047444401652940007E-14 ) ) ;
#4858 = DIRECTION ( 'NONE',  ( -1.047444401652940007E-14, -2.168404344971010594E-16, -1.000000000000000000 ) ) ;
#4859 = ORIENTED_EDGE ( 'NONE', *, *, #6172, .F. ) ;
#4860 = VERTEX_POINT ( 'NONE', #5490 ) ;
#4861 = ORIENTED_EDGE ( 'NONE', *, *, #331, .T. ) ;
#4862 = CARTESIAN_POINT ( 'NONE',  ( 3.100000000000046274, 2.260000000000000231, 4.399999999999970157 ) ) ;
#4863 = DIRECTION ( 'NONE',  ( 1.000000000000000000, 0.000000000000000000, -1.084202172485501594E-14 ) ) ;
#4864 = CARTESIAN_POINT ( 'NONE',  ( 8.945230123270837552, 2.260000000000000675, -0.5000000000000941469 ) ) ;
#4865 = EDGE_CURVE ( 'NONE', #2021, #8557, #8496, .T. ) ;
#4866 = DIRECTION ( 'NONE',  ( -1.016467196724782760E-14, -0.000000000000000000, -1.000000000000000000 ) ) ;
#4867 = FACE_OUTER_BOUND ( 'NONE', #5445, .T. ) ;
#4868 = EDGE_CURVE ( 'NONE', #5135, #5802, #1498, .T. ) ;
#4869 = CARTESIAN_POINT ( 'NONE',  ( 7.714999999999956337, 0.8749999999999968914, -4.850000000000080469 ) ) ;
#4870 = ORIENTED_EDGE ( 'NONE', *, *, #457, .F. ) ;
#4871 = DIRECTION ( 'NONE',  ( -1.047444401652940007E-14, -0.000000000000000000, -1.000000000000000000 ) ) ;
#4872 = EDGE_LOOP ( 'NONE', ( #2325, #7546, #2260, #2693 ) ) ;
#4873 = ORIENTED_EDGE ( 'NONE', *, *, #2892, .T. ) ;
#4874 = EDGE_LOOP ( 'NONE', ( #1524, #8211, #7030, #3671, #3571, #733, #3969 ) ) ;
#4875 = EDGE_CURVE ( 'NONE', #3337, #3884, #7584, .T. ) ;
#4876 =( NAMED_UNIT ( * ) SI_UNIT ( $, .STERADIAN. ) SOLID_ANGLE_UNIT ( ) );
#4877 = CARTESIAN_POINT ( 'NONE',  ( 5.130000000000061178, 1.060000000000000053, 6.049999999999945643 ) ) ;
#4878 = CARTESIAN_POINT ( 'NONE',  ( 2.549999999999962963, 1.450000000000000844, -3.100000000000028066 ) ) ;
#4879 = UNCERTAINTY_MEASURE_WITH_UNIT (LENGTH_MEASURE( 1.000000000000000082E-05 ), #6431, 'distance_accuracy_value', 'NONE');
#4880 = EDGE_CURVE ( 'NONE', #8263, #8645, #4382, .T. ) ;
#4881 = EDGE_CURVE ( 'NONE', #764, #4392, #3311, .T. ) ;
#4882 = DIRECTION ( 'NONE',  ( -1.047444401652940007E-14, 0.000000000000000000, -1.000000000000000000 ) ) ;
#4883 = ORIENTED_EDGE ( 'NONE', *, *, #6182, .F. ) ;
#4884 = CARTESIAN_POINT ( 'NONE',  ( 9.049999999999958078, 2.260000000000000675, -4.850000000000093792 ) ) ;
#4885 = VERTEX_POINT ( 'NONE', #2649 ) ;
#4886 = CARTESIAN_POINT ( 'NONE',  ( 8.945230123270777156, 2.380000000000000782, -6.050000000000093081 ) ) ;
#4887 = DIRECTION ( 'NONE',  ( -1.000000000000000000, 0.000000000000000000, 1.047444401652940007E-14 ) ) ;
#4888 = LINE ( 'NONE', #6986, #1375 ) ;
#4889 = CARTESIAN_POINT ( 'NONE',  ( 2.800000000000045564, 1.650000000000000799, 4.349999999999972999 ) ) ;
#4890 = DIRECTION ( 'NONE',  ( 3.562796849662421707E-30, 1.000000000000000000, 3.401418580346680819E-16 ) ) ;
#4891 = EDGE_CURVE ( 'NONE', #3615, #4264, #3403, .T. ) ;
#4892 = DIRECTION ( 'NONE',  ( -1.047444401652940007E-14, 0.000000000000000000, -1.000000000000000000 ) ) ;
#4893 = ORIENTED_EDGE ( 'NONE', *, *, #5483, .T. ) ;
#4894 = EDGE_CURVE ( 'NONE', #1879, #2816, #689, .T. ) ;
#4895 = VERTEX_POINT ( 'NONE', #8111 ) ;
#4896 = VERTEX_POINT ( 'NONE', #5349 ) ;
#4897 = VERTEX_POINT ( 'NONE', #2702 ) ;
#4898 = FACE_OUTER_BOUND ( 'NONE', #7368, .T. ) ;
#4899 = CARTESIAN_POINT ( 'NONE',  ( 1.450000000000062794, -0.2499999999999997780, 5.999999999999984901 ) ) ;
#4900 = DIRECTION ( 'NONE',  ( -1.000000000000000000, 0.000000000000000000, 1.047444401652940007E-14 ) ) ;
#4901 = EDGE_CURVE ( 'NONE', #7077, #128, #4165, .T. ) ;
#4902 = CARTESIAN_POINT ( 'NONE',  ( 7.885000000000060183, -0.1900000000000003353, 5.799999999999918110 ) ) ;
#4903 = ORIENTED_EDGE ( 'NONE', *, *, #4880, .T. ) ;
#4904 = ORIENTED_EDGE ( 'NONE', *, *, #5931, .F. ) ;
#4905 = ORIENTED_EDGE ( 'NONE', *, *, #6560, .T. ) ;
#4906 = FACE_OUTER_BOUND ( 'NONE', #5479, .T. ) ;
#4907 = CARTESIAN_POINT ( 'NONE',  ( 6.479999999999941807, -3.000000000000000444, -5.450000000000069456 ) ) ;
#4908 = DIRECTION ( 'NONE',  ( -1.000000000000000000, 0.000000000000000000, 1.047444401652940007E-14 ) ) ;
#4909 = CARTESIAN_POINT ( 'NONE',  ( 11.10000000000006182, 1.400000000000001021, 5.799999999999884359 ) ) ;
#4910 = DIRECTION ( 'NONE',  ( 1.000000000000000000, 0.000000000000000000, -1.084202172485506327E-14 ) ) ;
#4911 = CYLINDRICAL_SURFACE ( 'NONE', #5969, 0.1999999999999996503 ) ;
#4912 = ORIENTED_EDGE ( 'NONE', *, *, #2148, .F. ) ;
#4913 = FACE_OUTER_BOUND ( 'NONE', #5873, .T. ) ;
#4914 = VERTEX_POINT ( 'NONE', #70 ) ;
#4915 = VECTOR ( 'NONE', #3099, 1000.000000000000000 ) ;
#4916 = ORIENTED_EDGE ( 'NONE', *, *, #3041, .F. ) ;
#4917 = ORIENTED_EDGE ( 'NONE', *, *, #772, .T. ) ;
#4918 = VECTOR ( 'NONE', #3752, 1000.000000000000000 ) ;
#4919 = DIRECTION ( 'NONE',  ( -1.141265444721583757E-16, -1.000000000000000000, 1.195412100873575815E-30 ) ) ;
#4920 = LINE ( 'NONE', #4395, #8239 ) ;
#4921 = DIRECTION ( 'NONE',  ( -1.000000000000000000, 2.555422501787581396E-32, 1.066300091609209642E-14 ) ) ;
#4922 = DIRECTION ( 'NONE',  ( 0.000000000000000000, -1.000000000000000000, 0.000000000000000000 ) ) ;
#4923 = VERTEX_POINT ( 'NONE', #5439 ) ;
#4924 = DIRECTION ( 'NONE',  ( 1.000000000000000000, 0.000000000000000000, -8.673617379884051249E-15 ) ) ;
#4925 = VECTOR ( 'NONE', #148, 1000.000000000000000 ) ;
#4926 = VECTOR ( 'NONE', #1542, 1000.000000000000000 ) ;
#4927 = EDGE_LOOP ( 'NONE', ( #6509, #4275, #8462, #1068 ) ) ;
#4928 = CARTESIAN_POINT ( 'NONE',  ( 6.480000000000059934, -0.04000000000000003553, 5.799999999999933209 ) ) ;
#4929 = EDGE_CURVE ( 'NONE', #2037, #2724, #2174, .T. ) ;
#4930 = FACE_OUTER_BOUND ( 'NONE', #7723, .T. ) ;
#4931 = DIRECTION ( 'NONE',  ( -1.000000000000000000, 0.000000000000000000, 1.047444401652940007E-14 ) ) ;
#4932 = AXIS2_PLACEMENT_3D ( 'NONE', #3032, #7244, #5106 ) ;
#4933 = CARTESIAN_POINT ( 'NONE',  ( 11.99999999999993783, 2.259999999999998899, -5.900000000000126477 ) ) ;
#4934 = VECTOR ( 'NONE', #6574, 1000.000000000000000 ) ;
#4935 = CARTESIAN_POINT ( 'NONE',  ( 2.249999999999973355, 1.450000000000000844, -2.200000000000024158 ) ) ;
#4936 = ORIENTED_EDGE ( 'NONE', *, *, #3723, .T. ) ;
#4937 = ORIENTED_EDGE ( 'NONE', *, *, #8253, .T. ) ;
#4938 = ORIENTED_EDGE ( 'NONE', *, *, #4104, .T. ) ;
#4939 = EDGE_CURVE ( 'NONE', #206, #3596, #4029, .T. ) ;
#4940 = ORIENTED_EDGE ( 'NONE', *, *, #217, .F. ) ;
#4941 = CARTESIAN_POINT ( 'NONE',  ( 11.99999999999995026, -0.2500000000000003331, -4.850000000000124878 ) ) ;
#4942 = DIRECTION ( 'NONE',  ( 1.000000000000000000, 2.282530889443167515E-16, -1.047444401652940007E-14 ) ) ;
#4943 = DIRECTION ( 'NONE',  ( -1.047444401652940007E-14, 0.000000000000000000, -1.000000000000000000 ) ) ;
#4944 = DIRECTION ( 'NONE',  ( 0.000000000000000000, 1.000000000000000000, 0.000000000000000000 ) ) ;
#4945 = ADVANCED_FACE ( 'NONE', ( #6823 ), #4731, .T. ) ;
#4946 = CIRCLE ( 'NONE', #4520, 0.2250000000000003664 ) ;
#4947 = VECTOR ( 'NONE', #8192, 1000.000000000000000 ) ;
#4948 = ORIENTED_EDGE ( 'NONE', *, *, #4562, .T. ) ;
#4949 = AXIS2_PLACEMENT_3D ( 'NONE', #5458, #4793, #7516 ) ;
#4950 = VERTEX_POINT ( 'NONE', #1406 ) ;
#4951 = MECHANICAL_DESIGN_GEOMETRIC_PRESENTATION_REPRESENTATION (  '', ( #4667 ), #1120 ) ;
#4952 = VECTOR ( 'NONE', #3151, 1000.000000000000000 ) ;
#4953 = DIRECTION ( 'NONE',  ( 1.047444401652940007E-14, -3.401418580346680819E-16, 1.000000000000000000 ) ) ;
#4954 = AXIS2_PLACEMENT_3D ( 'NONE', #7342, #2055, #1303 ) ;
#4955 = LINE ( 'NONE', #342, #3663 ) ;
#4956 = PLANE ( 'NONE',  #5633 ) ;
#4957 = CARTESIAN_POINT ( 'NONE',  ( 0.6000000000000460521, 2.260000000000000231, 4.399999999999995914 ) ) ;
#4958 = FACE_OUTER_BOUND ( 'NONE', #2764, .T. ) ;
#4959 = DIRECTION ( 'NONE',  ( -1.047444401652940007E-14, -0.000000000000000000, -1.000000000000000000 ) ) ;
#4960 = ORIENTED_EDGE ( 'NONE', *, *, #1505, .F. ) ;
#4961 = CIRCLE ( 'NONE', #6250, 0.1000000000000002554 ) ;
#4962 = ORIENTED_EDGE ( 'NONE', *, *, #5149, .T. ) ;
#4963 = VECTOR ( 'NONE', #7455, 1000.000000000000000 ) ;
#4964 = AXIS2_PLACEMENT_3D ( 'NONE', #1059, #393, #7768 ) ;
#4965 =( GEOMETRIC_REPRESENTATION_CONTEXT ( 3 ) GLOBAL_UNCERTAINTY_ASSIGNED_CONTEXT ( ( #5767 ) ) GLOBAL_UNIT_ASSIGNED_CONTEXT ( ( #1143, #6555, #5982 ) ) REPRESENTATION_CONTEXT ( 'NONE', 'WORKASPACE' ) );
#4966 = AXIS2_PLACEMENT_3D ( 'NONE', #83, #4738, #5500 ) ;
#4967 = ORIENTED_EDGE ( 'NONE', *, *, #2725, .F. ) ;
#4968 = EDGE_CURVE ( 'NONE', #4050, #73, #779, .T. ) ;
#4969 = ORIENTED_EDGE ( 'NONE', *, *, #519, .T. ) ;
#4970 = CIRCLE ( 'NONE', #2292, 0.07999999999999998779 ) ;
#4971 = EDGE_CURVE ( 'NONE', #8792, #4724, #123, .T. ) ;
#4972 = LINE ( 'NONE', #6436, #7670 ) ;
#4973 = CYLINDRICAL_SURFACE ( 'NONE', #130, 0.08000000000000020983 ) ;
#4974 = CARTESIAN_POINT ( 'NONE',  ( 5.130000000000059401, 0.05999999999999996309, 5.799999999999946532 ) ) ;
#4975 = CARTESIAN_POINT ( 'NONE',  ( -0.5000000000000065503, 0.000000000000000000, 5.237222008264767875E-15 ) ) ;
#4976 = ORIENTED_EDGE ( 'NONE', *, *, #7500, .T. ) ;
#4977 = CARTESIAN_POINT ( 'NONE',  ( 1.449999999999973754, 1.650000000000000799, -2.300000000000015365 ) ) ;
#4978 = ORIENTED_EDGE ( 'NONE', *, *, #157, .F. ) ;
#4979 = CARTESIAN_POINT ( 'NONE',  ( 8.945230123270844658, 2.260000000000000675, 0.4999999999999067413 ) ) ;
#4980 = DIRECTION ( 'NONE',  ( 1.047444401652940007E-14, 0.000000000000000000, 1.000000000000000000 ) ) ;
#4981 = CARTESIAN_POINT ( 'NONE',  ( 5.680000000000064553, 0.6599999999999998090, 6.049999999999940314 ) ) ;
#4982 = CARTESIAN_POINT ( 'NONE',  ( 8.945230123270787814, 2.380000000000000782, -5.100000000000092015 ) ) ;
#4983 = VECTOR ( 'NONE', #5198, 1000.000000000000000 ) ;
#4984 = DIRECTION ( 'NONE',  ( 1.000000000000000000, 0.000000000000000000, -1.047444401652940007E-14 ) ) ;
#4985 = EDGE_CURVE ( 'NONE', #6700, #417, #738, .T. ) ;
#4986 = ORIENTED_EDGE ( 'NONE', *, *, #4996, .F. ) ;
#4987 = ORIENTED_EDGE ( 'NONE', *, *, #2580, .T. ) ;
#4988 = EDGE_CURVE ( 'NONE', #576, #745, #6777, .T. ) ;
#4989 = ORIENTED_EDGE ( 'NONE', *, *, #6748, .T. ) ;
#4990 = PLANE ( 'NONE',  #8339 ) ;
#4991 = DIRECTION ( 'NONE',  ( 0.000000000000000000, -1.000000000000000000, 0.000000000000000000 ) ) ;
#4992 = CARTESIAN_POINT ( 'NONE',  ( 8.064999999999956870, 1.099999999999996758, -4.850000000000084022 ) ) ;
#4993 = EDGE_CURVE ( 'NONE', #1291, #8752, #2066, .T. ) ;
#4994 = CYLINDRICAL_SURFACE ( 'NONE', #4350, 0.09999999999999982514 ) ;
#4995 = ORIENTED_EDGE ( 'NONE', *, *, #1868, .T. ) ;
#4996 = EDGE_CURVE ( 'NONE', #101, #8275, #258, .T. ) ;
#4997 = ORIENTED_EDGE ( 'NONE', *, *, #4039, .T. ) ;
#4998 = CARTESIAN_POINT ( 'NONE',  ( 3.875000000000061284, -0.1900000000000003353, 5.799999999999959854 ) ) ;
#4999 = DIRECTION ( 'NONE',  ( -1.334402673828314266E-14, 0.000000000000000000, -1.000000000000000000 ) ) ;
#5000 = CARTESIAN_POINT ( 'NONE',  ( 5.480000000000062599, -0.3699999999999993849, 5.999999999999943157 ) ) ;
#5001 = DIRECTION ( 'NONE',  ( 1.047444401652940007E-14, -0.000000000000000000, 1.000000000000000000 ) ) ;
#5002 = DIRECTION ( 'NONE',  ( -1.000000000000000000, 0.000000000000000000, 1.084202172485501594E-14 ) ) ;
#5003 = ORIENTED_EDGE ( 'NONE', *, *, #549, .T. ) ;
#5004 = ORIENTED_EDGE ( 'NONE', *, *, #4988, .T. ) ;
#5005 = ADVANCED_FACE ( 'NONE', ( #211 ), #2971, .T. ) ;
#5006 = ORIENTED_EDGE ( 'NONE', *, *, #5243, .T. ) ;
#5007 = VERTEX_POINT ( 'NONE', #2884 ) ;
#5008 = ADVANCED_FACE ( 'NONE', ( #8345 ), #8470, .F. ) ;
#5009 = EDGE_CURVE ( 'NONE', #6466, #495, #4258, .T. ) ;
#5010 = CARTESIAN_POINT ( 'NONE',  ( 3.874999999999994671, 2.510000000000001119, -0.5000000000000409672 ) ) ;
#5011 = DIRECTION ( 'NONE',  ( 1.000000000000000000, 0.000000000000000000, -1.084202172485501594E-14 ) ) ;
#5012 = CARTESIAN_POINT ( 'NONE',  ( 9.899999999999943512, -1.560703055139993412, -6.000000000000104805 ) ) ;
#5013 = CARTESIAN_POINT ( 'NONE',  ( 8.945230123270777156, 2.260000000000000675, -6.050000000000093081 ) ) ;
#5014 = ORIENTED_EDGE ( 'NONE', *, *, #8268, .T. ) ;
#5015 = CARTESIAN_POINT ( 'NONE',  ( 1.194999999999939222, 1.450000000000000844, -5.800000000000012257 ) ) ;
#5016 = VERTEX_POINT ( 'NONE', #5724 ) ;
#5017 = CARTESIAN_POINT ( 'NONE',  ( 6.279999999999933635, 2.379999999999999893, -6.050000000000066436 ) ) ;
#5018 = CARTESIAN_POINT ( 'NONE',  ( 7.785000000000062315, -0.1900000000000010292, 6.049999999999918110 ) ) ;
#5019 = DIRECTION ( 'NONE',  ( 1.047444401652940007E-14, 2.032879073410320321E-16, 1.000000000000000000 ) ) ;
#5020 = LINE ( 'NONE', #286, #6086 ) ;
#5021 = CARTESIAN_POINT ( 'NONE',  ( 11.90000000000006075, 1.400000000000001021, 5.999999999999875655 ) ) ;
#5022 = EDGE_CURVE ( 'NONE', #1871, #1744, #2381, .T. ) ;
#5023 = ORIENTED_EDGE ( 'NONE', *, *, #5083, .T. ) ;
#5024 = VERTEX_POINT ( 'NONE', #4299 ) ;
#5025 = ADVANCED_FACE ( 'NONE', ( #7751 ), #6967, .T. ) ;
#5026 = ORIENTED_EDGE ( 'NONE', *, *, #4124, .T. ) ;
#5027 = CARTESIAN_POINT ( 'NONE',  ( 5.879999999999940385, -1.399999999999999689, -5.800000000000061995 ) ) ;
#5028 = DIRECTION ( 'NONE',  ( 0.000000000000000000, -1.000000000000000000, 0.000000000000000000 ) ) ;
#5029 = DIRECTION ( 'NONE',  ( 1.047444401652940007E-14, 0.000000000000000000, 1.000000000000000000 ) ) ;
#5030 = DIRECTION ( 'NONE',  ( -1.047444401652940007E-14, 0.000000000000000000, -1.000000000000000000 ) ) ;
#5031 = ORIENTED_EDGE ( 'NONE', *, *, #8604, .T. ) ;
#5032 = EDGE_CURVE ( 'NONE', #278, #6578, #1670, .T. ) ;
#5033 = EDGE_LOOP ( 'NONE', ( #466, #2792, #1625, #597 ) ) ;
#5034 = LINE ( 'NONE', #7873, #6526 ) ;
#5035 = EDGE_CURVE ( 'NONE', #7065, #2314, #880, .T. ) ;
#5036 = CARTESIAN_POINT ( 'NONE',  ( 4.471067811865448327, 3.061616997868383141E-16, -2.500000000000047073 ) ) ;
#5037 = CARTESIAN_POINT ( 'NONE',  ( 6.279999999999843041, 2.260000000000000675, -14.75411377792227263 ) ) ;
#5038 = DIRECTION ( 'NONE',  ( -1.000000000000000000, 0.000000000000000000, 1.047444401652940007E-14 ) ) ;
#5039 = ORIENTED_EDGE ( 'NONE', *, *, #7078, .F. ) ;
#5040 = ORIENTED_EDGE ( 'NONE', *, *, #1868, .F. ) ;
#5041 = ORIENTED_EDGE ( 'NONE', *, *, #824, .F. ) ;
#5042 = EDGE_LOOP ( 'NONE', ( #176, #4430, #2780, #339 ) ) ;
#5043 = CARTESIAN_POINT ( 'NONE',  ( 0.8500000000000672573, 2.260000000000000675, 6.399999999999991473 ) ) ;
#5044 = CARTESIAN_POINT ( 'NONE',  ( 10.09999999999994635, -0.2499999999999997780, -5.800000000000107292 ) ) ;
#5045 = AXIS2_PLACEMENT_3D ( 'NONE', #5177, #8664, #5275 ) ;
#5046 = DIRECTION ( 'NONE',  ( 0.000000000000000000, -1.000000000000000000, 0.000000000000000000 ) ) ;
#5047 = UNCERTAINTY_MEASURE_WITH_UNIT (LENGTH_MEASURE( 1.000000000000000082E-05 ), #7575, 'distance_accuracy_value', 'NONE');
#5048 = DIRECTION ( 'NONE',  ( -1.047444401652940007E-14, -0.000000000000000000, -1.000000000000000000 ) ) ;
#5049 = EDGE_CURVE ( 'NONE', #4302, #1790, #1711, .T. ) ;
#5050 = VERTEX_POINT ( 'NONE', #345 ) ;
#5051 = VECTOR ( 'NONE', #3246, 1000.000000000000000 ) ;
#5052 = ORIENTED_EDGE ( 'NONE', *, *, #639, .F. ) ;
#5053 = VECTOR ( 'NONE', #512, 1000.000000000000000 ) ;
#5054 = CARTESIAN_POINT ( 'NONE',  ( 2.800000000000043343, 1.850000000000000977, 4.149999999999973710 ) ) ;
#5055 = DIRECTION ( 'NONE',  ( -1.047444401652940007E-14, -0.000000000000000000, -1.000000000000000000 ) ) ;
#5056 = LINE ( 'NONE', #8490, #2687 ) ;
#5057 = CARTESIAN_POINT ( 'NONE',  ( 11.99999999999993783, 1.399999999999997025, -6.000000000000127010 ) ) ;
#5058 = VECTOR ( 'NONE', #6573, 1000.000000000000000 ) ;
#5059 = CIRCLE ( 'NONE', #3078, 0.3999999999999993006 ) ;
#5060 = DIRECTION ( 'NONE',  ( 1.084202172485501594E-14, 0.000000000000000000, 1.000000000000000000 ) ) ;
#5061 = DIRECTION ( 'NONE',  ( 1.047444401652940007E-14, 0.000000000000000000, 1.000000000000000000 ) ) ;
#5062 = VERTEX_POINT ( 'NONE', #8397 ) ;
#5063 = VECTOR ( 'NONE', #142, 1000.000000000000000 ) ;
#5064 = VERTEX_POINT ( 'NONE', #4384 ) ;
#5065 = ADVANCED_FACE ( 'NONE', ( #5757 ), #3589, .F. ) ;
#5066 = LINE ( 'NONE', #7907, #7055 ) ;
#5067 = AXIS2_PLACEMENT_3D ( 'NONE', #6773, #6254, #170 ) ;
#5068 = CARTESIAN_POINT ( 'NONE',  ( 6.479999999999941807, 0.000000000000000000, -5.450000000000069456 ) ) ;
#5069 = DIRECTION ( 'NONE',  ( 1.047444401652940007E-14, 0.000000000000000000, 1.000000000000000000 ) ) ;
#5070 = CARTESIAN_POINT ( 'NONE',  ( 1.450000000000062794, -0.2499999999999997780, 5.999999999999984901 ) ) ;
#5071 = EDGE_CURVE ( 'NONE', #2497, #886, #5517, .T. ) ;
#5072 = VERTEX_POINT ( 'NONE', #2311 ) ;
#5073 = EDGE_LOOP ( 'NONE', ( #7309, #7634, #4456, #3265 ) ) ;
#5074 = CARTESIAN_POINT ( 'NONE',  ( -0.8500000000000053069, 2.510000000000001119, -0.4999999999999907851 ) ) ;
#5075 = DIRECTION ( 'NONE',  ( 1.047444401652940007E-14, 0.000000000000000000, 1.000000000000000000 ) ) ;
#5076 = LINE ( 'NONE', #2379, #5659 ) ;
#5077 = AXIS2_PLACEMENT_3D ( 'NONE', #3734, #3688, #6437 ) ;
#5078 = AXIS2_PLACEMENT_3D ( 'NONE', #4315, #7561, #4280 ) ;
#5079 = CARTESIAN_POINT ( 'NONE',  ( 8.945230123270697220, 2.260000000000000675, -13.80411377792229999 ) ) ;
#5080 = DIRECTION ( 'NONE',  ( -1.000000000000000000, 0.000000000000000000, 1.047444401652940007E-14 ) ) ;
#5081 = ORIENTED_EDGE ( 'NONE', *, *, #8325, .F. ) ;
#5082 = ORIENTED_EDGE ( 'NONE', *, *, #5822, .T. ) ;
#5084 = ORIENTED_EDGE ( 'NONE', *, *, #3411, .T. ) ;
#5083 = EDGE_CURVE ( 'NONE', #7452, #6742, #3815, .T. ) ;
#5085 = AXIS2_PLACEMENT_3D ( 'NONE', #4899, #2959, #6996 ) ;
#5086 = VECTOR ( 'NONE', #1187, 1000.000000000000000 ) ;
#5088 = ORIENTED_EDGE ( 'NONE', *, *, #7103, .F. ) ;
#5087 = VECTOR ( 'NONE', #4552, 1000.000000000000000 ) ;
#5089 = EDGE_CURVE ( 'NONE', #734, #1851, #283, .T. ) ;
#5090 = DIRECTION ( 'NONE',  ( 0.000000000000000000, 1.000000000000000000, 0.000000000000000000 ) ) ;
#5091 = CARTESIAN_POINT ( 'NONE',  ( 3.100000000000046274, 1.400000000000000355, 4.399999999999970157 ) ) ;
#5092 = STYLED_ITEM ( 'NONE', ( #850 ), #5583 ) ;
#5093 =( GEOMETRIC_REPRESENTATION_CONTEXT ( 3 ) GLOBAL_UNCERTAINTY_ASSIGNED_CONTEXT ( ( #5601 ) ) GLOBAL_UNIT_ASSIGNED_CONTEXT ( ( #36, #8269, #4876 ) ) REPRESENTATION_CONTEXT ( 'NONE', 'WORKASPACE' ) );
#5094 = DIRECTION ( 'NONE',  ( 1.047444401652940007E-14, 0.000000000000000000, 1.000000000000000000 ) ) ;
#5095 = CIRCLE ( 'NONE', #290, 0.1999999999999996503 ) ;
#5096 = CARTESIAN_POINT ( 'NONE',  ( 11.09999999999993747, -0.2499999999999989175, -6.000000000000117240 ) ) ;
#5097 = ORIENTED_EDGE ( 'NONE', *, *, #2167, .T. ) ;
#5098 = EDGE_CURVE ( 'NONE', #7051, #8703, #7044, .T. ) ;
#5099 = EDGE_CURVE ( 'NONE', #7808, #264, #7505, .T. ) ;
#5100 = VERTEX_POINT ( 'NONE', #6391 ) ;
#5101 = CIRCLE ( 'NONE', #2135, 0.07999999999999998779 ) ;
#5102 = EDGE_CURVE ( 'NONE', #3843, #440, #310, .T. ) ;
#5103 = DIRECTION ( 'NONE',  ( -1.047444401652940007E-14, -0.000000000000000000, -1.000000000000000000 ) ) ;
#5104 = CARTESIAN_POINT ( 'NONE',  ( 2.249999999999973355, 1.650000000000000799, -2.200000000000024158 ) ) ;
#5105 = CARTESIAN_POINT ( 'NONE',  ( 10.09999999999994635, -1.560703055139993412, -5.800000000000107292 ) ) ;
#5106 = DIRECTION ( 'NONE',  ( 1.000000000000000000, 1.152640183373292192E-15, -1.047444401652940007E-14 ) ) ;
#5107 = ORIENTED_EDGE ( 'NONE', *, *, #2016, .T. ) ;
#5108 = ORIENTED_EDGE ( 'NONE', *, *, #2653, .F. ) ;
#5109 = EDGE_CURVE ( 'NONE', #1482, #6731, #8553, .T. ) ;
#5110 = DIRECTION ( 'NONE',  ( -1.000000000000000000, 0.000000000000000000, 1.047444401652940007E-14 ) ) ;
#5111 = LINE ( 'NONE', #7790, #1956 ) ;
#5112 = DIRECTION ( 'NONE',  ( -1.047444401652940007E-14, -0.000000000000000000, -1.000000000000000000 ) ) ;
#5113 = LINE ( 'NONE', #5147, #6479 ) ;
#5114 = VECTOR ( 'NONE', #542, 1000.000000000000000 ) ;
#5115 = ORIENTED_EDGE ( 'NONE', *, *, #8427, .T. ) ;
#5116 = AXIS2_PLACEMENT_3D ( 'NONE', #2886, #4959, #6870 ) ;
#5117 = ORIENTED_EDGE ( 'NONE', *, *, #190, .T. ) ;
#5118 = DIRECTION ( 'NONE',  ( 1.000000000000000000, 0.000000000000000000, -1.047444401652940007E-14 ) ) ;
#5119 = CARTESIAN_POINT ( 'NONE',  ( 0.9000000000000570877, 1.650000000000000799, 5.919999999999990159 ) ) ;
#5120 = DIRECTION ( 'NONE',  ( -1.047444401652940007E-14, 0.000000000000000000, -1.000000000000000000 ) ) ;
#5121 = FACE_OUTER_BOUND ( 'NONE', #2800, .T. ) ;
#5122 = DIRECTION ( 'NONE',  ( -1.047444401652940007E-14, -0.000000000000000000, -1.000000000000000000 ) ) ;
#5123 = LINE ( 'NONE', #4752, #1440 ) ;
#5124 = ORIENTED_EDGE ( 'NONE', *, *, #251, .F. ) ;
#5125 = ORIENTED_EDGE ( 'NONE', *, *, #7372, .T. ) ;
#5126 = VERTEX_POINT ( 'NONE', #1751 ) ;
#5127 = ORIENTED_EDGE ( 'NONE', *, *, #1770, .T. ) ;
#5128 = EDGE_CURVE ( 'NONE', #604, #576, #1169, .T. ) ;
#5129 = PLANE ( 'NONE',  #8062 ) ;
#5130 = DIRECTION ( 'NONE',  ( -1.000000000000000000, 0.000000000000000000, 1.455818952234174710E-14 ) ) ;
#5131 = CARTESIAN_POINT ( 'NONE',  ( -2.600000000000000089, 0.000000000000000000, 2.723355444297644017E-14 ) ) ;
#5132 = CARTESIAN_POINT ( 'NONE',  ( 2.475000000000067590, 1.400000000000001021, 6.399999999999975486 ) ) ;
#5133 = CARTESIAN_POINT ( 'NONE',  ( 5.030000000000061533, 1.059999999999999387, 6.049999999999946532 ) ) ;
#5134 = ORIENTED_EDGE ( 'NONE', *, *, #2597, .T. ) ;
#5135 = VERTEX_POINT ( 'NONE', #6584 ) ;
#5136 = EDGE_CURVE ( 'NONE', #6238, #8178, #5158, .T. ) ;
#5137 = ADVANCED_FACE ( 'NONE', ( #1789 ), #3848, .F. ) ;
#5138 =( NAMED_UNIT ( * ) PLANE_ANGLE_UNIT ( ) SI_UNIT ( $, .RADIAN. ) );
#5139 = DIRECTION ( 'NONE',  ( -1.047444401652940007E-14, 0.000000000000000000, -1.000000000000000000 ) ) ;
#5140 =( NAMED_UNIT ( * ) SI_UNIT ( $, .STERADIAN. ) SOLID_ANGLE_UNIT ( ) );
#5141 = LINE ( 'NONE', #3155, #2662 ) ;
#5142 = ORIENTED_EDGE ( 'NONE', *, *, #4224, .F. ) ;
#5143 = EDGE_LOOP ( 'NONE', ( #6014, #5084, #7743, #2789 ) ) ;
#5144 = CARTESIAN_POINT ( 'NONE',  ( 2.344999999999932694, -0.1700000000000047862, -6.000000000000023981 ) ) ;
#5145 = FACE_OUTER_BOUND ( 'NONE', #8680, .T. ) ;
#5146 = CARTESIAN_POINT ( 'NONE',  ( 7.714999999999956337, 1.099999999999996758, -4.850000000000080469 ) ) ;
#5147 = CARTESIAN_POINT ( 'NONE',  ( 2.699999999999931344, 1.399999999999999023, -6.400000000000028777 ) ) ;
#5148 = EDGE_CURVE ( 'NONE', #3552, #8420, #6507, .T. ) ;
#5149 = EDGE_CURVE ( 'NONE', #8606, #2654, #8690, .T. ) ;
#5150 = ORIENTED_EDGE ( 'NONE', *, *, #5647, .T. ) ;
#5151 = ORIENTED_EDGE ( 'NONE', *, *, #35, .F. ) ;
#5152 = VERTEX_POINT ( 'NONE', #3207 ) ;
#5153 = EDGE_CURVE ( 'NONE', #5007, #5064, #8003, .T. ) ;
#5154 = DIRECTION ( 'NONE',  ( 1.040834085586084257E-14, 0.000000000000000000, 1.000000000000000000 ) ) ;
#5155 = LINE ( 'NONE', #6461, #1690 ) ;
#5156 = CARTESIAN_POINT ( 'NONE',  ( 9.249999999999959144, 2.380000000000000782, -4.700000000000096989 ) ) ;
#5157 = DIRECTION ( 'NONE',  ( 1.047444401652940007E-14, 0.000000000000000000, 1.000000000000000000 ) ) ;
#5158 = LINE ( 'NONE', #3262, #7795 ) ;
#5159 = VERTEX_POINT ( 'NONE', #2559 ) ;
#5160 = ORIENTED_EDGE ( 'NONE', *, *, #161, .F. ) ;
#5161 = ORIENTED_EDGE ( 'NONE', *, *, #7210, .T. ) ;
#5162 = ORIENTED_EDGE ( 'NONE', *, *, #2167, .F. ) ;
#5163 = VECTOR ( 'NONE', #7995, 1000.000000000000000 ) ;
#5164 = EDGE_CURVE ( 'NONE', #8792, #8622, #1135, .T. ) ;
#5165 = CARTESIAN_POINT ( 'NONE',  ( 3.975000000000061817, -0.2900000000000010347, 6.049999999999958078 ) ) ;
#5166 = DIRECTION ( 'NONE',  ( -1.000000000000000000, 0.000000000000000000, 1.047444401652940007E-14 ) ) ;
#5167 = DIRECTION ( 'NONE',  ( -1.047444401652940007E-14, 0.000000000000000000, -1.000000000000000000 ) ) ;
#5168 = CARTESIAN_POINT ( 'NONE',  ( 2.800000000000043343, 1.850000000000000977, 4.149999999999973710 ) ) ;
#5169 = EDGE_CURVE ( 'NONE', #3495, #1203, #3170, .T. ) ;
#5170 = DIRECTION ( 'NONE',  ( -1.060108790874715324E-14, 0.000000000000000000, -1.000000000000000000 ) ) ;
#5171 = ORIENTED_EDGE ( 'NONE', *, *, #1730, .T. ) ;
#5172 = VERTEX_POINT ( 'NONE', #3883 ) ;
#5173 = EDGE_LOOP ( 'NONE', ( #2168, #3345, #6449, #1735 ) ) ;
#5174 = VECTOR ( 'NONE', #6739, 1000.000000000000000 ) ;
#5175 = CARTESIAN_POINT ( 'NONE',  ( 0.8500000000000672573, 1.400000000000000799, 6.399999999999991473 ) ) ;
#5176 = LINE ( 'NONE', #8612, #8077 ) ;
#5177 = CARTESIAN_POINT ( 'NONE',  ( 4.115421043656686706, 2.510000000000001119, -5.900000000000042988 ) ) ;
#5178 = LINE ( 'NONE', #7318, #3962 ) ;
#5179 = CARTESIAN_POINT ( 'NONE',  ( 6.279999999999957616, -1.399999999999999689, -4.000000000000066613 ) ) ;
#5180 = VECTOR ( 'NONE', #5680, 1000.000000000000000 ) ;
#5181 = CIRCLE ( 'NONE', #4483, 0.07999999999999998779 ) ;
#5182 = EDGE_CURVE ( 'NONE', #4695, #1790, #4586, .T. ) ;
#5183 = VERTEX_POINT ( 'NONE', #1877 ) ;
#5184 = ORIENTED_EDGE ( 'NONE', *, *, #6108, .T. ) ;
#5185 = DIRECTION ( 'NONE',  ( -1.000000000000000000, 0.000000000000000000, 8.673617379884051249E-15 ) ) ;
#5186 = CARTESIAN_POINT ( 'NONE',  ( 1.275000000000060529, 1.650000000000000799, 5.799999999999987388 ) ) ;
#5187 = AXIS2_PLACEMENT_3D ( 'NONE', #7991, #1200, #2042 ) ;
#5188 = PLANE ( 'NONE',  #972 ) ;
#5189 = DIRECTION ( 'NONE',  ( 0.000000000000000000, 1.000000000000000000, 0.000000000000000000 ) ) ;
#5190 = CIRCLE ( 'NONE', #7473, 0.2000000000000013989 ) ;
#5191 = ORIENTED_EDGE ( 'NONE', *, *, #5182, .F. ) ;
#5192 = EDGE_CURVE ( 'NONE', #5135, #1790, #8516, .T. ) ;
#5193 = VECTOR ( 'NONE', #8274, 1000.000000000000000 ) ;
#5194 = VECTOR ( 'NONE', #4093, 1000.000000000000000 ) ;
#5195 = ORIENTED_EDGE ( 'NONE', *, *, #1037, .F. ) ;
#5196 = VECTOR ( 'NONE', #8187, 1000.000000000000000 ) ;
#5197 = ORIENTED_EDGE ( 'NONE', *, *, #3723, .F. ) ;
#5198 = DIRECTION ( 'NONE',  ( -1.047444401652940007E-14, 0.000000000000000000, -1.000000000000000000 ) ) ;
#5199 = PLANE ( 'NONE',  #136 ) ;
#5200 = EDGE_CURVE ( 'NONE', #5016, #5386, #8591, .T. ) ;
#5201 = CYLINDRICAL_SURFACE ( 'NONE', #259, 3.000000000000000444 ) ;
#5202 = EDGE_CURVE ( 'NONE', #8116, #5804, #3923, .T. ) ;
#5203 = PLANE ( 'NONE',  #4768 ) ;
#5204 = AXIS2_PLACEMENT_3D ( 'NONE', #6370, #7735, #330 ) ;
#5205 = VECTOR ( 'NONE', #6463, 1000.000000000000000 ) ;
#5206 = CARTESIAN_POINT ( 'NONE',  ( 2.759578956343191614, 2.260000000000000675, -5.700000000000028599 ) ) ;
#5207 = VECTOR ( 'NONE', #1738, 1000.000000000000000 ) ;
#5208 = VERTEX_POINT ( 'NONE', #1050 ) ;
#5209 = ORIENTED_EDGE ( 'NONE', *, *, #5192, .F. ) ;
#5210 = ORIENTED_EDGE ( 'NONE', *, *, #543, .F. ) ;
#5211 = EDGE_LOOP ( 'NONE', ( #8449, #7611, #4602, #1214 ) ) ;
#5212 = VECTOR ( 'NONE', #6913, 1000.000000000000114 ) ;
#5213 = CARTESIAN_POINT ( 'NONE',  ( 11.89999999999993818, -0.2499999999999988065, -5.800000000000125944 ) ) ;
#5214 = AXIS2_PLACEMENT_3D ( 'NONE', #46, #2002, #4706 ) ;
#5215 = CARTESIAN_POINT ( 'NONE',  ( 3.875000000000061284, -0.1900000000000003353, 5.799999999999959854 ) ) ;
#5216 = DIRECTION ( 'NONE',  ( -1.000000000000000000, 0.000000000000000000, 1.047444401652940007E-14 ) ) ;
#5217 = PLANE ( 'NONE',  #2936 ) ;
#5218 = DIRECTION ( 'NONE',  ( -1.000000000000000000, 0.000000000000000000, 1.084202172485504592E-14 ) ) ;
#5219 = ORIENTED_EDGE ( 'NONE', *, *, #5608, .F. ) ;
#5220 = VECTOR ( 'NONE', #3577, 1000.000000000000000 ) ;
#5221 = CIRCLE ( 'NONE', #8642, 0.08000000000000020983 ) ;
#5222 = EDGE_LOOP ( 'NONE', ( #5727, #325, #5892, #839 ) ) ;
#5223 = EDGE_LOOP ( 'NONE', ( #8273, #8364, #6784, #2467, #553, #6321 ) ) ;
#5224 = COLOUR_RGB ( '',0.9686274509803921573, 0.8784313725490195957, 0.5999999999999999778 ) ;
#5225 = MECHANICAL_DESIGN_GEOMETRIC_PRESENTATION_REPRESENTATION (  '', ( #7513 ), #4525 ) ;
#5226 = AXIS2_PLACEMENT_3D ( 'NONE', #2216, #5682, #6341 ) ;
#5227 = CARTESIAN_POINT ( 'NONE',  ( 6.380000000000059401, 0.5599999999999992761, 5.799999999999934097 ) ) ;
#5228 = FACE_OUTER_BOUND ( 'NONE', #4101, .T. ) ;
#5229 = CARTESIAN_POINT ( 'NONE',  ( 1.354999999999936477, -0.2499999999999992506, -6.000000000000014211 ) ) ;
#5230 = PLANE ( 'NONE',  #7927 ) ;
#5231 = LINE ( 'NONE', #7824, #1101 ) ;
#5232 = CIRCLE ( 'NONE', #8654, 0.1000000000000002554 ) ;
#5233 = PRESENTATION_LAYER_ASSIGNMENT (  '', '', ( #4116 ) ) ;
#5234 = VECTOR ( 'NONE', #5167, 1000.000000000000000 ) ;
#5235 = ORIENTED_EDGE ( 'NONE', *, *, #3816, .F. ) ;
#5236 = ORIENTED_EDGE ( 'NONE', *, *, #10, .T. ) ;
#5237 = DIRECTION ( 'NONE',  ( 1.047444401652940007E-14, 0.000000000000000000, 1.000000000000000000 ) ) ;
#5238 = LINE ( 'NONE', #3194, #6359 ) ;
#5239 = DIRECTION ( 'NONE',  ( 1.000000000000000000, 1.224646799147361835E-16, -1.047444401652940007E-14 ) ) ;
#5240 = CARTESIAN_POINT ( 'NONE',  ( 8.189999999999956870, 0.05999999999999997002, -4.850000000000085798 ) ) ;
#5241 = AXIS2_PLACEMENT_3D ( 'NONE', #5627, #4162, #5540 ) ;
#5242 = ADVANCED_FACE ( 'NONE', ( #6464 ), #7173, .F. ) ;
#5243 = EDGE_CURVE ( 'NONE', #6151, #621, #4462, .T. ) ;
#5244 = ORIENTED_EDGE ( 'NONE', *, *, #2240, .T. ) ;
#5245 = ORIENTED_EDGE ( 'NONE', *, *, #5298, .T. ) ;
#5246 = ORIENTED_EDGE ( 'NONE', *, *, #331, .F. ) ;
#5247 = EDGE_CURVE ( 'NONE', #5932, #5582, #2425, .T. ) ;
#5248 = CARTESIAN_POINT ( 'NONE',  ( 11.89999999999993818, -1.560703055139993412, -5.800000000000125944 ) ) ;
#5249 = VECTOR ( 'NONE', #2861, 1000.000000000000000 ) ;
#5250 = CARTESIAN_POINT ( 'NONE',  ( 5.880000000000042526, -1.399999999999999689, 3.999999999999938716 ) ) ;
#5251 = DIRECTION ( 'NONE',  ( -1.047444401652940007E-14, 0.000000000000000000, -1.000000000000000000 ) ) ;
#5252 = CARTESIAN_POINT ( 'NONE',  ( 10.09999999999994635, -0.2499999999999988065, -5.800000000000107292 ) ) ;
#5253 = PRODUCT_DEFINITION ( 'UNKNOWN', '', #3550, #1681 ) ;
#5254 = EDGE_CURVE ( 'NONE', #712, #903, #5926, .T. ) ;
#5255 = EDGE_CURVE ( 'NONE', #2027, #7966, #3108, .T. ) ;
#5256 = DIRECTION ( 'NONE',  ( 1.000000000000000000, 0.000000000000000000, -1.047444401652940007E-14 ) ) ;
#5257 = ORIENTED_EDGE ( 'NONE', *, *, #6591, .T. ) ;
#5258 = VERTEX_POINT ( 'NONE', #1972 ) ;
#5259 = ORIENTED_EDGE ( 'NONE', *, *, #4713, .T. ) ;
#5260 = ORIENTED_EDGE ( 'NONE', *, *, #7762, .F. ) ;
#5261 = CARTESIAN_POINT ( 'NONE',  ( 8.085000000000057696, 2.260000000000000675, 5.449999999999913136 ) ) ;
#5262 = CARTESIAN_POINT ( 'NONE',  ( 5.130000000000060290, -0.04000000000000005634, 5.799999999999946532 ) ) ;
#5263 = FACE_OUTER_BOUND ( 'NONE', #5729, .T. ) ;
#5264 = DIRECTION ( 'NONE',  ( 0.000000000000000000, 1.000000000000000000, 0.000000000000000000 ) ) ;
#5265 = ADVANCED_FACE ( 'NONE', ( #7476 ), #3442, .T. ) ;
#5266 = LINE ( 'NONE', #6520, #6610 ) ;
#5267 = DIRECTION ( 'NONE',  ( 1.000000000000000000, -0.000000000000000000, -1.047444401652940007E-14 ) ) ;
#5268 = VERTEX_POINT ( 'NONE', #4111 ) ;
#5269 = EDGE_CURVE ( 'NONE', #8763, #7870, #4060, .T. ) ;
#5270 = ADVANCED_FACE ( 'NONE', ( #6054 ), #109, .T. ) ;
#5271 = ORIENTED_EDGE ( 'NONE', *, *, #8676, .F. ) ;
#5272 = ORIENTED_EDGE ( 'NONE', *, *, #7560, .T. ) ;
#5273 = ADVANCED_FACE ( 'NONE', ( #6149 ), #4631, .F. ) ;
#5274 = CARTESIAN_POINT ( 'NONE',  ( 2.475000000000060929, -3.000000000000000000, 5.799999999999974065 ) ) ;
#5275 = DIRECTION ( 'NONE',  ( -1.000000000000000000, 0.000000000000000000, 8.673617379884051249E-15 ) ) ;
#5276 = CARTESIAN_POINT ( 'NONE',  ( 1.450000000000062794, -0.2499999999999997780, 5.999999999999984901 ) ) ;
#5277 = DIRECTION ( 'NONE',  ( -1.047444401652940007E-14, 0.000000000000000000, -1.000000000000000000 ) ) ;
#5278 = ORIENTED_EDGE ( 'NONE', *, *, #2391, .T. ) ;
#5279 = LINE ( 'NONE', #7370, #2463 ) ;
#5280 = DIRECTION ( 'NONE',  ( -1.000000000000000000, 0.000000000000000000, 1.047444401652940007E-14 ) ) ;
#5281 = CARTESIAN_POINT ( 'NONE',  ( 11.99999999999995559, -2.140000000000001457, -4.300000000000122391 ) ) ;
#5282 = CARTESIAN_POINT ( 'NONE',  ( 9.049999999999956302, 2.510000000000001119, -4.970000000000093898 ) ) ;
#5283 = DIRECTION ( 'NONE',  ( -1.000000000000000000, 0.000000000000000000, 1.047444401652940007E-14 ) ) ;
#5284 = CARTESIAN_POINT ( 'NONE',  ( 2.850000000000067146, 1.400000000000000799, 6.399999999999971045 ) ) ;
#5285 = EDGE_LOOP ( 'NONE', ( #7845, #1162, #4048, #4646, #6918, #2508, #4938 ) ) ;
#5286 = ADVANCED_FACE ( 'NONE', ( #8728 ), #5531, .F. ) ;
#5287 = CARTESIAN_POINT ( 'NONE',  ( 2.474999999999932587, -0.2500000000000000000, -6.400000000000026112 ) ) ;
#5288 = ORIENTED_EDGE ( 'NONE', *, *, #4493, .F. ) ;
#5289 = ORIENTED_EDGE ( 'NONE', *, *, #8299, .T. ) ;
#5290 = DIRECTION ( 'NONE',  ( -1.000000000000000000, 0.000000000000000000, 1.047444401652940007E-14 ) ) ;
#5291 = CARTESIAN_POINT ( 'NONE',  ( 1.549999999999992717, 2.260000000000000675, -0.7000000000000147216 ) ) ;
#5292 = PLANE ( 'NONE',  #8486 ) ;
#5293 = DIRECTION ( 'NONE',  ( 3.562796849662422407E-30, 1.000000000000000000, 3.401418580346681312E-16 ) ) ;
#5294 = CARTESIAN_POINT ( 'NONE',  ( 1.649999999999939737, 1.450000000000000844, -5.800000000000017586 ) ) ;
#5295 = CARTESIAN_POINT ( 'NONE',  ( 12.00000000000006040, -0.2499999999999986955, 5.799999999999875477 ) ) ;
#5296 = ORIENTED_EDGE ( 'NONE', *, *, #5269, .F. ) ;
#5297 = ORIENTED_EDGE ( 'NONE', *, *, #2782, .T. ) ;
#5298 = EDGE_CURVE ( 'NONE', #7891, #7013, #3304, .T. ) ;
#5299 = EDGE_LOOP ( 'NONE', ( #8287, #7310, #1664, #1600, #2616, #315 ) ) ;
#5300 = EDGE_CURVE ( 'NONE', #7355, #1262, #1260, .T. ) ;
#5301 = DIRECTION ( 'NONE',  ( -1.047444401652940007E-14, 0.000000000000000000, -1.000000000000000000 ) ) ;
#5302 = DIRECTION ( 'NONE',  ( 1.047444401652940007E-14, 0.000000000000000000, 1.000000000000000000 ) ) ;
#5303 = APPLICATION_PROTOCOL_DEFINITION ( 'draft international standard', 'automotive_design', 1998, #1749 ) ;
#5304 = PLANE ( 'NONE',  #8060 ) ;
#5305 = DIRECTION ( 'NONE',  ( -1.419551869787371203E-30, 1.000000000000000000, -1.355252715606880543E-16 ) ) ;
#5306 = DIRECTION ( 'NONE',  ( -1.000000000000000000, 0.000000000000000000, 1.062933004117018709E-14 ) ) ;
#5307 = ORIENTED_EDGE ( 'NONE', *, *, #3597, .T. ) ;
#5308 = ORIENTED_EDGE ( 'NONE', *, *, #4363, .F. ) ;
#5309 = ORIENTED_EDGE ( 'NONE', *, *, #7659, .F. ) ;
#5310 = EDGE_CURVE ( 'NONE', #6874, #440, #5393, .T. ) ;
#5311 = LINE ( 'NONE', #2529, #2402 ) ;
#5312 = CARTESIAN_POINT ( 'NONE',  ( 1.449999999999939115, -0.2499999999999997780, -5.800000000000015810 ) ) ;
#5313 = CARTESIAN_POINT ( 'NONE',  ( 6.479999999999938254, 2.259999999999998899, -5.800000000000067324 ) ) ;
#5314 = PLANE ( 'NONE',  #4107 ) ;
#5315 = LINE ( 'NONE', #1945, #6772 ) ;
#5316 = ORIENTED_EDGE ( 'NONE', *, *, #1576, .F. ) ;
#5317 = DIRECTION ( 'NONE',  ( -1.047444401652940007E-14, 0.000000000000000000, -1.000000000000000000 ) ) ;
#5318 = DIRECTION ( 'NONE',  ( 1.047444401652940007E-14, 0.000000000000000000, 1.000000000000000000 ) ) ;
#5319 = FACE_OUTER_BOUND ( 'NONE', #8350, .T. ) ;
#5320 = DIRECTION ( 'NONE',  ( 1.047444401652940007E-14, 0.000000000000000000, 1.000000000000000000 ) ) ;
#5321 = CARTESIAN_POINT ( 'NONE',  ( 1.249999999999964251, 1.450000000000000844, -3.100000000000014300 ) ) ;
#5322 = VECTOR ( 'NONE', #2186, 1000.000000000000000 ) ;
#5323 = CARTESIAN_POINT ( 'NONE',  ( 5.027733127934111401E-14, -2.049999999999999822, 4.799999999999999822 ) ) ;
#5324 = VERTEX_POINT ( 'NONE', #4723 ) ;
#5325 = EDGE_CURVE ( 'NONE', #8765, #4695, #3980, .T. ) ;
#5326 = VERTEX_POINT ( 'NONE', #1395 ) ;
#5327 = DIRECTION ( 'NONE',  ( 1.000000000000000000, 1.355252715606883008E-16, -1.047444401652940007E-14 ) ) ;
#5328 = ORIENTED_EDGE ( 'NONE', *, *, #6601, .F. ) ;
#5329 = VERTEX_POINT ( 'NONE', #6012 ) ;
#5330 = VECTOR ( 'NONE', #8246, 1000.000000000000000 ) ;
#5331 = CARTESIAN_POINT ( 'NONE',  ( -0.8499999999999977573, 2.510000000000001119, 0.2500000000000095479 ) ) ;
#5332 = PLANE ( 'NONE',  #7356 ) ;
#5333 = ADVANCED_FACE ( 'NONE', ( #2735 ), #5476, .F. ) ;
#5334 = DIRECTION ( 'NONE',  ( -1.047444401652940007E-14, 0.000000000000000000, -1.000000000000000000 ) ) ;
#5335 = DIRECTION ( 'NONE',  ( 1.047444401652940007E-14, 0.000000000000000000, 1.000000000000000000 ) ) ;
#5336 = DIRECTION ( 'NONE',  ( -1.047444401652940007E-14, -0.000000000000000000, -1.000000000000000000 ) ) ;
#5337 = CARTESIAN_POINT ( 'NONE',  ( -5.080105348016758716E-14, -2.050000000000001155, -4.849999999999999645 ) ) ;
#5338 = VECTOR ( 'NONE', #5103, 1000.000000000000000 ) ;
#5339 = ORIENTED_EDGE ( 'NONE', *, *, #7948, .T. ) ;
#5340 = ORIENTED_EDGE ( 'NONE', *, *, #7944, .T. ) ;
#5341 = AXIS2_PLACEMENT_3D ( 'NONE', #3586, #8432, #8395 ) ;
#5342 = ORIENTED_EDGE ( 'NONE', *, *, #8535, .T. ) ;
#5343 = VECTOR ( 'NONE', #8575, 1000.000000000000000 ) ;
#5344 = DIRECTION ( 'NONE',  ( -1.047444401652940007E-14, 0.000000000000000000, -1.000000000000000000 ) ) ;
#5345 = CIRCLE ( 'NONE', #6366, 0.08000000000000020983 ) ;
#5346 = CYLINDRICAL_SURFACE ( 'NONE', #1234, 0.1000000000000002554 ) ;
#5347 = VECTOR ( 'NONE', #1352, 1000.000000000000000 ) ;
#5348 = DIRECTION ( 'NONE',  ( 1.152640183373292192E-15, -1.000000000000000000, -1.207326507194573150E-29 ) ) ;
#5349 = CARTESIAN_POINT ( 'NONE',  ( 2.349999999999972555, 1.450000000000000844, -2.300000000000026024 ) ) ;
#5350 = FACE_OUTER_BOUND ( 'NONE', #1780, .T. ) ;
#5351 = EDGE_CURVE ( 'NONE', #5498, #4366, #4682, .T. ) ;
#5352 = DIRECTION ( 'NONE',  ( 1.000000000000000000, 0.000000000000000000, -1.047444401652940007E-14 ) ) ;
#5353 = VERTEX_POINT ( 'NONE', #6720 ) ;
#5354 = EDGE_LOOP ( 'NONE', ( #2208, #115, #8403, #3394 ) ) ;
#5355 = ORIENTED_EDGE ( 'NONE', *, *, #8630, .F. ) ;
#5356 = EDGE_CURVE ( 'NONE', #2316, #155, #5221, .T. ) ;
#5357 = FACE_OUTER_BOUND ( 'NONE', #2769, .T. ) ;
#5358 = DIRECTION ( 'NONE',  ( -1.000000000000000000, 0.000000000000000000, 8.673617379883937653E-15 ) ) ;
#5359 = EDGE_CURVE ( 'NONE', #764, #6270, #681, .T. ) ;
#5360 = VECTOR ( 'NONE', #3297, 1000.000000000000000 ) ;
#5361 = CARTESIAN_POINT ( 'NONE',  ( 12.25000000000004796, 2.380000000000000782, 4.499999999999870326 ) ) ;
#5362 = VECTOR ( 'NONE', #2825, 1000.000000000000000 ) ;
#5363 = EDGE_CURVE ( 'NONE', #1370, #7423, #20, .T. ) ;
#5364 = LINE ( 'NONE', #6740, #7089 ) ;
#5365 = VECTOR ( 'NONE', #1518, 1000.000000000000000 ) ;
#5366 = CARTESIAN_POINT ( 'NONE',  ( 0.4999999999999798495, 2.259999999999999343, -1.926136028425828428 ) ) ;
#5367 = ORIENTED_EDGE ( 'NONE', *, *, #2256, .F. ) ;
#5368 = EDGE_CURVE ( 'NONE', #1193, #7569, #4765, .T. ) ;
#5369 = AXIS2_PLACEMENT_3D ( 'NONE', #5602, #4838, #6792 ) ;
#5370 = AXIS2_PLACEMENT_3D ( 'NONE', #2949, #2241, #3610 ) ;
#5371 = DIRECTION ( 'NONE',  ( 1.000000000000000000, -0.000000000000000000, -1.047444401652940007E-14 ) ) ;
#5372 = VECTOR ( 'NONE', #6022, 1000.000000000000000 ) ;
#5373 = PLANE ( 'NONE',  #2284 ) ;
#5374 = DIRECTION ( 'NONE',  ( -0.7071067811865513475, -0.7071067811865437980, 7.406550393246835868E-15 ) ) ;
#5375 = FACE_OUTER_BOUND ( 'NONE', #5394, .T. ) ;
#5376 = DIRECTION ( 'NONE',  ( -1.047444401652940007E-14, -0.000000000000000000, -1.000000000000000000 ) ) ;
#5377 = AXIS2_PLACEMENT_3D ( 'NONE', #4, #5280, #6662 ) ;
#5378 = VECTOR ( 'NONE', #3894, 1000.000000000000000 ) ;
#5379 = STYLED_ITEM ( 'NONE', ( #7446 ), #8567 ) ;
#5380 = DIRECTION ( 'NONE',  ( -1.000000000000000000, 0.000000000000000000, 1.047444401652940007E-14 ) ) ;
#5381 = AXIS2_PLACEMENT_3D ( 'NONE', #4877, #8119, #3364 ) ;
#5382 = ORIENTED_EDGE ( 'NONE', *, *, #2545, .T. ) ;
#5383 = EDGE_CURVE ( 'NONE', #1261, #3807, #6191, .T. ) ;
#5384 = DIRECTION ( 'NONE',  ( 1.224646799147361835E-16, -1.000000000000000000, -1.282749433769096690E-30 ) ) ;
#5385 = ORIENTED_EDGE ( 'NONE', *, *, #2820, .T. ) ;
#5386 = VERTEX_POINT ( 'NONE', #872 ) ;
#5387 = CARTESIAN_POINT ( 'NONE',  ( 9.049999999999959854, 2.260000000000000675, -4.700000000000094325 ) ) ;
#5388 = VECTOR ( 'NONE', #6908, 1000.000000000000000 ) ;
#5389 = DIRECTION ( 'NONE',  ( 1.000000000000000000, 0.000000000000000000, -1.084202172485506327E-14 ) ) ;
#5390 = LINE ( 'NONE', #4856, #6360 ) ;
#5391 = DIRECTION ( 'NONE',  ( -1.000000000000000000, 0.000000000000000000, 1.047444401652940007E-14 ) ) ;
#5392 = CARTESIAN_POINT ( 'NONE',  ( 0.6000000000000125233, 3.299999999999999822, 1.199999999999993072 ) ) ;
#5393 = LINE ( 'NONE', #771, #5362 ) ;
#5394 = EDGE_LOOP ( 'NONE', ( #7133, #86, #3474, #7038 ) ) ;
#5395 = ORIENTED_EDGE ( 'NONE', *, *, #611, .F. ) ;
#5396 = ORIENTED_EDGE ( 'NONE', *, *, #8268, .F. ) ;
#5397 = DIRECTION ( 'NONE',  ( 1.048062100069320848E-14, 0.000000000000000000, 1.000000000000000000 ) ) ;
#5398 = DIRECTION ( 'NONE',  ( -1.047444401652940007E-14, 0.000000000000000000, -1.000000000000000000 ) ) ;
#5399 = VECTOR ( 'NONE', #7375, 1000.000000000000000 ) ;
#5400 = DIRECTION ( 'NONE',  ( 1.047444401652940007E-14, -4.765723835101119333E-17, 1.000000000000000000 ) ) ;
#5401 = DIRECTION ( 'NONE',  ( 1.040834085586084257E-14, 0.000000000000000000, 1.000000000000000000 ) ) ;
#5402 = EDGE_CURVE ( 'NONE', #6332, #6396, #400, .T. ) ;
#5403 = DIRECTION ( 'NONE',  ( 1.000000000000000000, 0.000000000000000000, -1.084202172485506327E-14 ) ) ;
#5404 = ORIENTED_EDGE ( 'NONE', *, *, #2324, .F. ) ;
#5405 = EDGE_LOOP ( 'NONE', ( #5893, #5052, #6272, #7098 ) ) ;
#5406 = ORIENTED_EDGE ( 'NONE', *, *, #6112, .T. ) ;
#5407 = EDGE_CURVE ( 'NONE', #3737, #7253, #8373, .T. ) ;
#5408 = SURFACE_STYLE_USAGE ( .BOTH. , #3943 ) ;
#5409 = DIRECTION ( 'NONE',  ( -1.000000000000000000, 0.000000000000000000, 1.047444401652940007E-14 ) ) ;
#5410 = PLANE ( 'NONE',  #1359 ) ;
#5411 = DIRECTION ( 'NONE',  ( 1.000000000000000000, 0.000000000000000000, -1.047444401652940007E-14 ) ) ;
#5412 = LINE ( 'NONE', #2081, #4230 ) ;
#5413 = EDGE_CURVE ( 'NONE', #3358, #3485, #5827, .T. ) ;
#5414 = EDGE_LOOP ( 'NONE', ( #6970, #6804 ) ) ;
#5415 = CARTESIAN_POINT ( 'NONE',  ( 2.699999999999931344, 1.399999999999999023, -6.400000000000028777 ) ) ;
#5416 = EDGE_CURVE ( 'NONE', #6742, #7166, #1491, .T. ) ;
#5417 = ADVANCED_FACE ( 'NONE', ( #5580 ), #2444, .T. ) ;
#5418 = CARTESIAN_POINT ( 'NONE',  ( 2.474999999999933031, 1.399999999999999245, -6.400000000000027001 ) ) ;
#5419 = CARTESIAN_POINT ( 'NONE',  ( 11.99999999999995381, -1.939999999999999059, -4.500000000000125233 ) ) ;
#5420 = PLANE ( 'NONE',  #3851 ) ;
#5421 = CARTESIAN_POINT ( 'NONE',  ( 2.759578956343192502, 2.260000000000000675, -5.640421043656776767 ) ) ;
#5422 = MANIFOLD_SOLID_BREP ( 'Boss-Extrude13[1]', #8157 ) ;
#5423 = DIRECTION ( 'NONE',  ( 0.000000000000000000, 1.000000000000000000, 0.000000000000000000 ) ) ;
#5424 = ORIENTED_EDGE ( 'NONE', *, *, #8280, .T. ) ;
#5425 = CARTESIAN_POINT ( 'NONE',  ( 2.349999999999966338, 1.450000000000000844, -3.000000000000024869 ) ) ;
#5426 = ORIENTED_EDGE ( 'NONE', *, *, #4250, .F. ) ;
#5427 = EDGE_LOOP ( 'NONE', ( #636, #3614, #8412, #5424 ) ) ;
#5428 = LINE ( 'NONE', #6144, #7027 ) ;
#5429 = LINE ( 'NONE', #8140, #8503 ) ;
#5430 = CARTESIAN_POINT ( 'NONE',  ( 6.529999999999951399, 2.510000000000001119, -4.500000000000069278 ) ) ;
#5431 = LINE ( 'NONE', #8686, #8623 ) ;
#5432 = LINE ( 'NONE', #2775, #1824 ) ;
#5433 = CARTESIAN_POINT ( 'NONE',  ( 7.935000000000060005, 2.260000000000000675, 5.799999999999916334 ) ) ;
#5434 = ORIENTED_EDGE ( 'NONE', *, *, #7609, .T. ) ;
#5435 = ORIENTED_EDGE ( 'NONE', *, *, #4025, .F. ) ;
#5436 = ORIENTED_EDGE ( 'NONE', *, *, #3554, .F. ) ;
#5437 = PLANE ( 'NONE',  #4498 ) ;
#5438 = CARTESIAN_POINT ( 'NONE',  ( 1.194999999999937002, 1.450000000000000844, -6.000000000000012434 ) ) ;
#5439 = CARTESIAN_POINT ( 'NONE',  ( 2.329999999999938343, -0.2499999999999996669, -5.800000000000024691 ) ) ;
#5440 = CARTESIAN_POINT ( 'NONE',  ( 1.850000000000060041, -1.399999999999999467, 5.799999999999981171 ) ) ;
#5441 = DIRECTION ( 'NONE',  ( 1.000000000000000000, 0.000000000000000000, -1.156482317317873973E-14 ) ) ;
#5442 = CARTESIAN_POINT ( 'NONE',  ( 6.479999999999940030, 2.260000000000000675, -5.650000000000068745 ) ) ;
#5443 = ORIENTED_EDGE ( 'NONE', *, *, #794, .T. ) ;
#5444 = VERTEX_POINT ( 'NONE', #4199 ) ;
#5445 = EDGE_LOOP ( 'NONE', ( #3128, #3324, #164, #5197 ) ) ;
#5446 = EDGE_CURVE ( 'NONE', #6550, #1479, #6903, .T. ) ;
#5447 = MANIFOLD_SOLID_BREP ( 'Body-Move/Copy6[3]', #6305 ) ;
#5448 = CARTESIAN_POINT ( 'NONE',  ( 2.505000000000058069, 1.450000000000000844, 5.999999999999974243 ) ) ;
#5449 = LINE ( 'NONE', #7447, #2288 ) ;
#5450 = PLANE ( 'NONE',  #373 ) ;
#5451 = LINE ( 'NONE', #6980, #3389 ) ;
#5452 = ORIENTED_EDGE ( 'NONE', *, *, #5098, .F. ) ;
#5453 = LINE ( 'NONE', #8666, #523 ) ;
#5454 = ORIENTED_EDGE ( 'NONE', *, *, #7709, .F. ) ;
#5455 = CLOSED_SHELL ( 'NONE', ( #7185, #1091, #5864, #5894, #6989, #6306, #1829, #5005, #1721, #5761 ) ) ;
#5456 = DIRECTION ( 'NONE',  ( -1.059357333255999177E-14, 0.000000000000000000, -1.000000000000000000 ) ) ;
#5457 = AXIS2_PLACEMENT_3D ( 'NONE', #4806, #2160, #4052 ) ;
#5458 = CARTESIAN_POINT ( 'NONE',  ( 4.465421043656687239, -0.03999999999999801631, -5.800000000000046896 ) ) ;
#5459 = LINE ( 'NONE', #7820, #2657 ) ;
#5460 = CARTESIAN_POINT ( 'NONE',  ( 0.6000000000000398348, 1.400000000000000355, 3.899999999999996358 ) ) ;
#5461 = CARTESIAN_POINT ( 'NONE',  ( 2.800000000000045564, 1.450000000000000844, 4.349999999999972999 ) ) ;
#5462 = MANIFOLD_SOLID_BREP ( 'Boss-Extrude4[2]', #3898 ) ;
#5463 = CARTESIAN_POINT ( 'NONE',  ( 2.699999999999976197, 2.259999999999999343, -2.100000000000028955 ) ) ;
#5464 = EDGE_CURVE ( 'NONE', #3968, #5603, #4244, .T. ) ;
#5465 = EDGE_LOOP ( 'NONE', ( #5108, #3532, #189, #1185, #4635, #6450, #1076, #8778, #4326, #3346, #3886, #3306, #2199, #1360, #1306, #6348, #8530, #5955 ) ) ;
#5466 = ORIENTED_EDGE ( 'NONE', *, *, #4393, .T. ) ;
#5467 = LINE ( 'NONE', #8179, #4746 ) ;
#5468 = ORIENTED_EDGE ( 'NONE', *, *, #1177, .F. ) ;
#5469 = ORIENTED_EDGE ( 'NONE', *, *, #6395, .F. ) ;
#5470 = CARTESIAN_POINT ( 'NONE',  ( -5.080105348016758716E-14, -0.2500000000000003331, -4.849999999999999645 ) ) ;
#5471 = CARTESIAN_POINT ( 'NONE',  ( 12.50000000000006217, -0.2499999999999985845, 5.799999999999868372 ) ) ;
#5472 = LINE ( 'NONE', #4105, #4081 ) ;
#5473 = LINE ( 'NONE', #162, #6758 ) ;
#5474 = AXIS2_PLACEMENT_3D ( 'NONE', #3768, #891, #1604 ) ;
#5475 = DIRECTION ( 'NONE',  ( 1.000000000000000000, 0.000000000000000000, -1.047444401652940007E-14 ) ) ;
#5476 = PLANE ( 'NONE',  #2978 ) ;
#5477 = ADVANCED_FACE ( 'NONE', ( #2876 ), #3947, .F. ) ;
#5478 = ORIENTED_EDGE ( 'NONE', *, *, #5446, .F. ) ;
#5479 = EDGE_LOOP ( 'NONE', ( #2190, #7235, #8518, #8740 ) ) ;
#5480 = VECTOR ( 'NONE', #5189, 1000.000000000000000 ) ;
#5481 = VECTOR ( 'NONE', #3935, 1000.000000000000000 ) ;
#5483 = EDGE_CURVE ( 'NONE', #7719, #427, #2483, .T. ) ;
#5482 = ORIENTED_EDGE ( 'NONE', *, *, #7745, .T. ) ;
#5484 = EDGE_CURVE ( 'NONE', #8307, #3937, #5364, .T. ) ;
#5485 = FACE_OUTER_BOUND ( 'NONE', #883, .T. ) ;
#5486 = LINE ( 'NONE', #7582, #5651 ) ;
#5487 = CARTESIAN_POINT ( 'NONE',  ( 5.280000000000057980, 0.05999999999999999084, 5.799999999999944755 ) ) ;
#5488 = AXIS2_PLACEMENT_3D ( 'NONE', #8128, #3609, #8230 ) ;
#5489 = CIRCLE ( 'NONE', #8183, 0.08000000000000020983 ) ;
#5490 = CARTESIAN_POINT ( 'NONE',  ( 7.885000000000060183, -0.1900000000000003353, 5.799999999999918110 ) ) ;
#5491 = DIRECTION ( 'NONE',  ( -1.000000000000000000, 0.000000000000000000, 1.047444401652940007E-14 ) ) ;
#5492 = CARTESIAN_POINT ( 'NONE',  ( 5.380000000000058513, 0.06000000000000067779, 5.799999999999943867 ) ) ;
#5493 = ORIENTED_EDGE ( 'NONE', *, *, #7580, .F. ) ;
#5494 = DIRECTION ( 'NONE',  ( -1.419551869787370853E-30, 1.000000000000000000, -1.355252715606880296E-16 ) ) ;
#5495 = EDGE_LOOP ( 'NONE', ( #2526, #773, #7589, #8700 ) ) ;
#5496 = ORIENTED_EDGE ( 'NONE', *, *, #3009, .F. ) ;
#5497 = AXIS2_PLACEMENT_3D ( 'NONE', #1564, #2281, #2901 ) ;
#5498 = VERTEX_POINT ( 'NONE', #3322 ) ;
#5499 = ADVANCED_FACE ( 'NONE', ( #6655 ), #655, .T. ) ;
#5500 = DIRECTION ( 'NONE',  ( 1.047444401652940007E-14, 0.000000000000000000, 1.000000000000000000 ) ) ;
#5501 = CARTESIAN_POINT ( 'NONE',  ( 4.315421043656593625, 2.260000000000000675, -14.75411377792225132 ) ) ;
#5502 = AXIS2_PLACEMENT_3D ( 'NONE', #7992, #8041, #4799 ) ;
#5503 = DIRECTION ( 'NONE',  ( 0.000000000000000000, -1.000000000000000000, 0.000000000000000000 ) ) ;
#5504 = ORIENTED_EDGE ( 'NONE', *, *, #7395, .F. ) ;
#5505 = LINE ( 'NONE', #5561, #960 ) ;
#5506 = VERTEX_POINT ( 'NONE', #1994 ) ;
#5507 = DIRECTION ( 'NONE',  ( 1.047444401652940007E-14, 0.000000000000000000, 1.000000000000000000 ) ) ;
#5508 = CARTESIAN_POINT ( 'NONE',  ( 11.49999999999993783, 2.259999999999998899, -5.900000000000121148 ) ) ;
#5509 = DIRECTION ( 'NONE',  ( -1.047444401652940007E-14, -0.000000000000000000, -1.000000000000000000 ) ) ;
#5510 = AXIS2_PLACEMENT_3D ( 'NONE', #5545, #27, #2837 ) ;
#5511 = CARTESIAN_POINT ( 'NONE',  ( 9.249999999999959144, 2.299999999999998490, -4.700000000000096989 ) ) ;
#5512 = CARTESIAN_POINT ( 'NONE',  ( 11.49999999999993250, 1.599999999999996758, -6.400000000000122036 ) ) ;
#5513 = CARTESIAN_POINT ( 'NONE',  ( -1.100000000000154854, 2.260000000000000675, -14.75411377792219447 ) ) ;
#5514 = ORIENTED_EDGE ( 'NONE', *, *, #1132, .T. ) ;
#5515 = AXIS2_PLACEMENT_3D ( 'NONE', #3664, #6377, #4323 ) ;
#5516 = VECTOR ( 'NONE', #4919, 1000.000000000000000 ) ;
#5517 = CIRCLE ( 'NONE', #139, 0.1999999999999996503 ) ;
#5518 = ORIENTED_EDGE ( 'NONE', *, *, #3428, .F. ) ;
#5519 = ORIENTED_EDGE ( 'NONE', *, *, #445, .F. ) ;
#5520 = VERTEX_POINT ( 'NONE', #573 ) ;
#5521 = EDGE_CURVE ( 'NONE', #3840, #5840, #5178, .T. ) ;
#5522 = CARTESIAN_POINT ( 'NONE',  ( 1.369999999999939266, -0.3299999999999993494, -5.800000000000014921 ) ) ;
#5523 = DIRECTION ( 'NONE',  ( 1.000000000000000000, 0.000000000000000000, -1.047444401652940007E-14 ) ) ;
#5524 = EDGE_CURVE ( 'NONE', #945, #997, #8709, .T. ) ;
#5525 = CARTESIAN_POINT ( 'NONE',  ( 5.027733127934111401E-14, -0.2499999999999988065, 4.799999999999999822 ) ) ;
#5526 = LINE ( 'NONE', #4809, #7488 ) ;
#5527 =( GEOMETRIC_REPRESENTATION_CONTEXT ( 3 ) GLOBAL_UNCERTAINTY_ASSIGNED_CONTEXT ( ( #6219 ) ) GLOBAL_UNIT_ASSIGNED_CONTEXT ( ( #819, #2166, #7823 ) ) REPRESENTATION_CONTEXT ( 'NONE', 'WORKASPACE' ) );
#5528 = AXIS2_PLACEMENT_3D ( 'NONE', #1020, #3733, #2352 ) ;
#5529 = AXIS2_PLACEMENT_3D ( 'NONE', #2824, #328, #8453 ) ;
#5530 = CARTESIAN_POINT ( 'NONE',  ( 0.8500000000000459410, 1.400000000000000355, 4.399999999999993250 ) ) ;
#5531 = CYLINDRICAL_SURFACE ( 'NONE', #4521, 0.2250000000000003664 ) ;
#5532 = ORIENTED_EDGE ( 'NONE', *, *, #4510, .T. ) ;
#5533 = ORIENTED_EDGE ( 'NONE', *, *, #4820, .T. ) ;
#5534 = AXIS2_PLACEMENT_3D ( 'NONE', #1372, #5996, #5317 ) ;
#5535 = AXIS2_PLACEMENT_3D ( 'NONE', #4733, #1409, #4169 ) ;
#5536 = EDGE_CURVE ( 'NONE', #5840, #5159, #1896, .T. ) ;
#5537 = EDGE_LOOP ( 'NONE', ( #7728, #5964, #5719, #5594 ) ) ;
#5538 = AXIS2_PLACEMENT_3D ( 'NONE', #1268, #6556, #3271 ) ;
#5539 = EDGE_CURVE ( 'NONE', #179, #5548, #7243, .T. ) ;
#5540 = DIRECTION ( 'NONE',  ( -1.000000000000000000, 0.000000000000000000, 1.047444401652940007E-14 ) ) ;
#5541 = ADVANCED_FACE ( 'NONE', ( #5899 ), #5314, .T. ) ;
#5542 = DIRECTION ( 'NONE',  ( -1.000000000000000000, 0.000000000000000000, 1.047444401652940007E-14 ) ) ;
#5543 = EDGE_CURVE ( 'NONE', #4251, #2267, #2982, .T. ) ;
#5544 = CARTESIAN_POINT ( 'NONE',  ( 6.479999999999949800, -2.300000000000000711, -4.600000000000067146 ) ) ;
#5545 = CARTESIAN_POINT ( 'NONE',  ( 11.49999999999993783, 1.599999999999996980, -5.900000000000121148 ) ) ;
#5546 = CARTESIAN_POINT ( 'NONE',  ( 7.785000000000060538, -0.1900000000000010292, 5.799999999999918998 ) ) ;
#5547 = CARTESIAN_POINT ( 'NONE',  ( 5.480000000000059046, 0.6600000000000000311, 5.799999999999942979 ) ) ;
#5548 = VERTEX_POINT ( 'NONE', #8574 ) ;
#5549 = PLANE ( 'NONE',  #2553 ) ;
#5550 = ORIENTED_EDGE ( 'NONE', *, *, #6456, .F. ) ;
#5551 = ORIENTED_EDGE ( 'NONE', *, *, #6008, .F. ) ;
#5552 = ORIENTED_EDGE ( 'NONE', *, *, #5770, .F. ) ;
#5553 = VECTOR ( 'NONE', #4073, 1000.000000000000000 ) ;
#5554 = ADVANCED_FACE ( 'NONE', ( #5951 ), #5230, .T. ) ;
#5555 = PLANE ( 'NONE',  #4966 ) ;
#5556 = EDGE_CURVE ( 'NONE', #5050, #6589, #4571, .T. ) ;
#5557 = DIRECTION ( 'NONE',  ( -1.000000000000000000, 0.000000000000000000, 1.047444401652940007E-14 ) ) ;
#5558 = EDGE_CURVE ( 'NONE', #33, #1482, #5451, .T. ) ;
#5559 = CARTESIAN_POINT ( 'NONE',  ( 2.424999999999932321, -0.1700000000000047862, -6.000000000000024869 ) ) ;
#5560 = ORIENTED_EDGE ( 'NONE', *, *, #2783, .F. ) ;
#5561 = CARTESIAN_POINT ( 'NONE',  ( 5.030000000000061533, -1.600703055139993669, 6.049999999999946532 ) ) ;
#5562 = CIRCLE ( 'NONE', #2872, 1.800000000000000266 ) ;
#5563 = ORIENTED_EDGE ( 'NONE', *, *, #6227, .F. ) ;
#5564 = EDGE_CURVE ( 'NONE', #6221, #6700, #6167, .T. ) ;
#5565 = DIRECTION ( 'NONE',  ( 1.000000000000000000, -0.000000000000000000, -1.047444401652940007E-14 ) ) ;
#5566 = APPLICATION_CONTEXT ( 'automotive_design' ) ;
#5567 = CARTESIAN_POINT ( 'NONE',  ( -0.5000000000000281997, 2.259999999999999343, -1.972916622668070552 ) ) ;
#5568 = CARTESIAN_POINT ( 'NONE',  ( 2.345000000000055707, -0.2499999999999996669, 5.799999999999975842 ) ) ;
#5569 = DIRECTION ( 'NONE',  ( 1.047444401652940007E-14, 0.000000000000000000, 1.000000000000000000 ) ) ;
#5570 = LINE ( 'NONE', #1612, #2546 ) ;
#5571 = LINE ( 'NONE', #8417, #7070 ) ;
#5572 = VERTEX_POINT ( 'NONE', #1562 ) ;
#5573 = ORIENTED_EDGE ( 'NONE', *, *, #4557, .F. ) ;
#5574 = EDGE_LOOP ( 'NONE', ( #1963, #5452, #3432, #2887, #2987, #3548 ) ) ;
#5575 = ORIENTED_EDGE ( 'NONE', *, *, #118, .F. ) ;
#5576 = CARTESIAN_POINT ( 'NONE',  ( 12.00000000000006040, 1.600000000000000977, 5.799999999999876366 ) ) ;
#5577 = CARTESIAN_POINT ( 'NONE',  ( 0.6000000000000398348, 1.400000000000000355, 3.899999999999996358 ) ) ;
#5578 = CARTESIAN_POINT ( 'NONE',  ( 12.24999999999995381, -1.939999999999999059, -4.500000000000127898 ) ) ;
#5579 = CARTESIAN_POINT ( 'NONE',  ( 1.449999999999973754, 1.450000000000000844, -2.300000000000015365 ) ) ;
#5580 = FACE_OUTER_BOUND ( 'NONE', #6993, .T. ) ;
#5581 = ORIENTED_EDGE ( 'NONE', *, *, #8113, .T. ) ;
#5582 = VERTEX_POINT ( 'NONE', #709 ) ;
#5583 = MANIFOLD_SOLID_BREP ( 'Boss-Extrude13[2]', #5455 ) ;
#5584 = VERTEX_POINT ( 'NONE', #8221 ) ;
#5585 = DIRECTION ( 'NONE',  ( 1.000000000000000000, 0.000000000000000000, 0.000000000000000000 ) ) ;
#5586 = CARTESIAN_POINT ( 'NONE',  ( 10.09999999999994635, 1.599999999999996980, -5.800000000000108180 ) ) ;
#5587 = DIRECTION ( 'NONE',  ( 1.000000000000000000, 0.000000000000000000, -1.055258471364547290E-14 ) ) ;
#5588 = DIRECTION ( 'NONE',  ( 1.047444401652940007E-14, 0.000000000000000000, 1.000000000000000000 ) ) ;
#5589 = CARTESIAN_POINT ( 'NONE',  ( 1.449999999999939115, -0.2499999999999997780, -5.800000000000015810 ) ) ;
#5590 = EDGE_CURVE ( 'NONE', #4780, #441, #8164, .T. ) ;
#5591 = LINE ( 'NONE', #5547, #2576 ) ;
#5592 = VERTEX_POINT ( 'NONE', #8272 ) ;
#5593 = CARTESIAN_POINT ( 'NONE',  ( 11.10000000000006359, -0.2499999999999989175, 5.999999999999883649 ) ) ;
#5594 = ORIENTED_EDGE ( 'NONE', *, *, #2488, .F. ) ;
#5596 = VERTEX_POINT ( 'NONE', #5559 ) ;
#5595 = ADVANCED_FACE ( 'NONE', ( #3560 ), #2144, .T. ) ;
#5597 = ORIENTED_EDGE ( 'NONE', *, *, #3904, .T. ) ;
#5598 = DIRECTION ( 'NONE',  ( 3.562796849662422407E-30, 1.000000000000000000, 3.401418580346681312E-16 ) ) ;
#5599 = DIRECTION ( 'NONE',  ( 0.000000000000000000, 1.000000000000000000, 0.000000000000000000 ) ) ;
#5600 = CARTESIAN_POINT ( 'NONE',  ( 9.449999999999953104, 2.300000000000000711, -5.250000000000096811 ) ) ;
#5601 = UNCERTAINTY_MEASURE_WITH_UNIT (LENGTH_MEASURE( 1.000000000000000082E-05 ), #36, 'distance_accuracy_value', 'NONE');
#5602 = CARTESIAN_POINT ( 'NONE',  ( 10.99999999999993783, 1.399999999999997913, -5.800000000000117062 ) ) ;
#5603 = VERTEX_POINT ( 'NONE', #892 ) ;
#5604 = EDGE_CURVE ( 'NONE', #2060, #6060, #6269, .T. ) ;
#5605 = CARTESIAN_POINT ( 'NONE',  ( 2.250000000000061284, -1.560703055139994522, 5.999999999999976907 ) ) ;
#5606 = ORIENTED_EDGE ( 'NONE', *, *, #2933, .F. ) ;
#5607 = CARTESIAN_POINT ( 'NONE',  ( 11.99999999999995381, 2.510000000000001119, -4.500000000000125233 ) ) ;
#5608 = EDGE_CURVE ( 'NONE', #4633, #2332, #6838, .T. ) ;
#5609 = CARTESIAN_POINT ( 'NONE',  ( 10.09999999999994458, -1.399999999999999467, -6.000000000000106581 ) ) ;
#5610 = DIRECTION ( 'NONE',  ( -1.000000000000000000, 0.000000000000000000, 1.084202172485506327E-14 ) ) ;
#5611 = DIRECTION ( 'NONE',  ( 1.000000000000000000, 0.000000000000000000, -1.047444401652940007E-14 ) ) ;
#5612 = DIRECTION ( 'NONE',  ( -1.000000000000000000, 0.000000000000000000, 8.673617379884051249E-15 ) ) ;
#5613 = ORIENTED_EDGE ( 'NONE', *, *, #2357, .T. ) ;
#5614 = ORIENTED_EDGE ( 'NONE', *, *, #5963, .T. ) ;
#5615 = ORIENTED_EDGE ( 'NONE', *, *, #6958, .F. ) ;
#5616 = ORIENTED_EDGE ( 'NONE', *, *, #2350, .F. ) ;
#5617 = CARTESIAN_POINT ( 'NONE',  ( 4.315421043656687772, 0.1100000000000019712, -5.800000000000046008 ) ) ;
#5618 = PLANE ( 'NONE',  #7921 ) ;
#5619 = CARTESIAN_POINT ( 'NONE',  ( 5.680000000000064553, -1.600703055139993669, 6.049999999999940314 ) ) ;
#5620 = DIRECTION ( 'NONE',  ( -1.000000000000000000, 0.000000000000000000, 1.047444401652940007E-14 ) ) ;
#5621 = EDGE_CURVE ( 'NONE', #6223, #3646, #3247, .T. ) ;
#5622 = VERTEX_POINT ( 'NONE', #7555 ) ;
#5623 = ORIENTED_EDGE ( 'NONE', *, *, #2442, .T. ) ;
#5624 = ORIENTED_EDGE ( 'NONE', *, *, #6732, .T. ) ;
#5625 = ADVANCED_FACE ( 'NONE', ( #4177 ), #8313, .F. ) ;
#5626 = VECTOR ( 'NONE', #84, 1000.000000000000000 ) ;
#5627 = CARTESIAN_POINT ( 'NONE',  ( 8.064999999999956870, 1.099999999999996758, -4.850000000000084022 ) ) ;
#5628 = CARTESIAN_POINT ( 'NONE',  ( 9.299999999999947420, -0.2499999999999989175, -5.800000000000098410 ) ) ;
#5629 = DIRECTION ( 'NONE',  ( -1.047444401652940007E-14, 0.000000000000000000, -1.000000000000000000 ) ) ;
#5630 = DIRECTION ( 'NONE',  ( 1.000000000000000000, 0.000000000000000000, -1.047444401652940007E-14 ) ) ;
#5631 = DIRECTION ( 'NONE',  ( -1.047444401652940007E-14, 0.000000000000000000, -1.000000000000000000 ) ) ;
#5632 = DIRECTION ( 'NONE',  ( 0.000000000000000000, 1.000000000000000000, 0.000000000000000000 ) ) ;
#5633 = AXIS2_PLACEMENT_3D ( 'NONE', #7043, #2310, #4164 ) ;
#5634 = VERTEX_POINT ( 'NONE', #7596 ) ;
#5635 = CYLINDRICAL_SURFACE ( 'NONE', #1427, 0.2249999999999995060 ) ;
#5636 = EDGE_LOOP ( 'NONE', ( #4062, #8436, #2083, #6016, #6301, #3941 ) ) ;
#5637 = AXIS2_PLACEMENT_3D ( 'NONE', #2312, #174, #881 ) ;
#5638 = ORIENTED_EDGE ( 'NONE', *, *, #3185, .F. ) ;
#5639 = ORIENTED_EDGE ( 'NONE', *, *, #8094, .F. ) ;
#5640 = VECTOR ( 'NONE', #817, 1000.000000000000000 ) ;
#5641 = EDGE_CURVE ( 'NONE', #7832, #2593, #5101, .T. ) ;
#5642 = PLANE ( 'NONE',  #2696 ) ;
#5643 = CIRCLE ( 'NONE', #6763, 0.3999999999999993006 ) ;
#5644 = CARTESIAN_POINT ( 'NONE',  ( -2.599999999999973443, 0.000000000000000000, 2.500000000000027534 ) ) ;
#5645 = LINE ( 'NONE', #2984, #8324 ) ;
#5646 = DIRECTION ( 'NONE',  ( 1.000000000000000000, 0.000000000000000000, -1.084202172485506327E-14 ) ) ;
#5647 = EDGE_CURVE ( 'NONE', #5596, #3062, #4741, .T. ) ;
#5648 = EDGE_LOOP ( 'NONE', ( #5395, #5496, #3435, #7275 ) ) ;
#5649 = DIRECTION ( 'NONE',  ( 1.000000000000000000, 0.000000000000000000, -1.084202172485504592E-14 ) ) ;
#5650 = VECTOR ( 'NONE', #4845, 1000.000000000000000 ) ;
#5651 = VECTOR ( 'NONE', #2022, 1000.000000000000000 ) ;
#5652 = ORIENTED_EDGE ( 'NONE', *, *, #4493, .T. ) ;
#5653 = EDGE_CURVE ( 'NONE', #8073, #1493, #8121, .T. ) ;
#5654 = DIRECTION ( 'NONE',  ( -1.000000000000000000, 0.000000000000000000, 1.047444401652940007E-14 ) ) ;
#5655 = CARTESIAN_POINT ( 'NONE',  ( 12.49999999999995381, -2.300000000000000266, -4.550000000000130385 ) ) ;
#5656 = DIRECTION ( 'NONE',  ( 1.047444401652940007E-14, 0.000000000000000000, 1.000000000000000000 ) ) ;
#5657 = VECTOR ( 'NONE', #3827, 1000.000000000000000 ) ;
#5658 = ADVANCED_FACE ( 'NONE', ( #3770 ), #978, .F. ) ;
#5659 = VECTOR ( 'NONE', #6010, 1000.000000000000000 ) ;
#5660 = DIRECTION ( 'NONE',  ( 0.000000000000000000, 1.000000000000000000, 0.000000000000000000 ) ) ;
#5661 = VECTOR ( 'NONE', #4541, 1000.000000000000000 ) ;
#5662 = DIRECTION ( 'NONE',  ( -0.000000000000000000, -1.000000000000000000, -0.000000000000000000 ) ) ;
#5663 = ORIENTED_EDGE ( 'NONE', *, *, #2924, .F. ) ;
#5664 = ORIENTED_EDGE ( 'NONE', *, *, #2709, .T. ) ;
#5665 = ORIENTED_EDGE ( 'NONE', *, *, #5269, .T. ) ;
#5666 = CARTESIAN_POINT ( 'NONE',  ( 1.549999999999992717, 2.510000000000001119, -0.7000000000000172751 ) ) ;
#5667 = CARTESIAN_POINT ( 'NONE',  ( 0.9000000000000579758, 1.450000000000000844, 5.999999999999990230 ) ) ;
#5668 = DIRECTION ( 'NONE',  ( -1.047444401652940007E-14, 0.000000000000000000, -1.000000000000000000 ) ) ;
#5669 = DIRECTION ( 'NONE',  ( 1.047444401652940007E-14, 0.000000000000000000, 1.000000000000000000 ) ) ;
#5670 = AXIS2_PLACEMENT_3D ( 'NONE', #1441, #8185, #1530 ) ;
#5671 = VECTOR ( 'NONE', #8151, 1000.000000000000000 ) ;
#5672 = EDGE_CURVE ( 'NONE', #3283, #264, #353, .T. ) ;
#5673 = ORIENTED_EDGE ( 'NONE', *, *, #6081, .F. ) ;
#5674 = VERTEX_POINT ( 'NONE', #5133 ) ;
#5675 = STYLED_ITEM ( 'NONE', ( #6446 ), #5422 ) ;
#5676 = AXIS2_PLACEMENT_3D ( 'NONE', #1433, #4232, #4145 ) ;
#5677 = DIRECTION ( 'NONE',  ( 0.000000000000000000, -1.000000000000000000, -0.000000000000000000 ) ) ;
#5678 = CIRCLE ( 'NONE', #7929, 0.08000000000000020983 ) ;
#5679 = LINE ( 'NONE', #1047, #8759 ) ;
#5680 = DIRECTION ( 'NONE',  ( -1.000000000000000000, 0.000000000000000000, 1.047444401652940007E-14 ) ) ;
#5681 = CARTESIAN_POINT ( 'NONE',  ( 1.449999999999937117, -0.2499999999999997780, -6.000000000000015987 ) ) ;
#5682 = DIRECTION ( 'NONE',  ( -1.000000000000000000, 1.836709923159823958E-32, 1.060996928809008812E-14 ) ) ;
#5683 = CARTESIAN_POINT ( 'NONE',  ( -1.099999999999997646, 2.260000000000000675, 0.2500000000000117684 ) ) ;
#5684 = ORIENTED_EDGE ( 'NONE', *, *, #5838, .F. ) ;
#5685 = VERTEX_POINT ( 'NONE', #5096 ) ;
#5686 = VECTOR ( 'NONE', #4663, 1000.000000000000000 ) ;
#5687 = AXIS2_PLACEMENT_3D ( 'NONE', #5442, #836, #8786 ) ;
#5688 = VECTOR ( 'NONE', #7269, 1000.000000000000000 ) ;
#5689 = ORIENTED_EDGE ( 'NONE', *, *, #5148, .F. ) ;
#5690 = ORIENTED_EDGE ( 'NONE', *, *, #8321, .T. ) ;
#5691 = VECTOR ( 'NONE', #3013, 1000.000000000000000 ) ;
#5692 = ADVANCED_FACE ( 'NONE', ( #3025 ), #4399, .T. ) ;
#5693 = CARTESIAN_POINT ( 'NONE',  ( 11.99999999999993783, 1.599999999999996980, -5.900000000000126477 ) ) ;
#5694 = CARTESIAN_POINT ( 'NONE',  ( 2.800000000000045564, 1.450000000000000844, 4.349999999999972999 ) ) ;
#5695 = DIRECTION ( 'NONE',  ( -1.000000000000000000, 0.000000000000000000, 1.047444401652940007E-14 ) ) ;
#5696 = FACE_OUTER_BOUND ( 'NONE', #1140, .T. ) ;
#5697 = VERTEX_POINT ( 'NONE', #5768 ) ;
#5698 = DIRECTION ( 'NONE',  ( -1.000000000000000000, 0.000000000000000000, 1.084202172485506327E-14 ) ) ;
#5699 = ADVANCED_FACE ( 'NONE', ( #6311 ), #932, .T. ) ;
#5700 = EDGE_LOOP ( 'NONE', ( #432, #1325, #1987, #6694 ) ) ;
#5701 = AXIS2_PLACEMENT_3D ( 'NONE', #5875, #3879, #6580 ) ;
#5702 = CARTESIAN_POINT ( 'NONE',  ( 2.249999999999973355, 1.450000000000000844, -2.200000000000024158 ) ) ;
#5703 = DIRECTION ( 'NONE',  ( -1.000000000000000000, 0.000000000000000000, 1.039630331941332723E-14 ) ) ;
#5704 = CARTESIAN_POINT ( 'NONE',  ( 3.875000000000063505, -1.600703055139993669, 6.049999999999958966 ) ) ;
#5705 = PLANE ( 'NONE',  #5947 ) ;
#5706 = CIRCLE ( 'NONE', #2864, 0.2000000000000005107 ) ;
#5707 = DIRECTION ( 'NONE',  ( -0.000000000000000000, -1.000000000000000000, -0.000000000000000000 ) ) ;
#5708 = EDGE_CURVE ( 'NONE', #3772, #926, #8520, .T. ) ;
#5709 = EDGE_CURVE ( 'NONE', #6700, #2902, #2285, .T. ) ;
#5710 = ORIENTED_EDGE ( 'NONE', *, *, #3957, .T. ) ;
#5711 = ORIENTED_EDGE ( 'NONE', *, *, #7976, .T. ) ;
#5712 = ORIENTED_EDGE ( 'NONE', *, *, #807, .T. ) ;
#5713 = DIRECTION ( 'NONE',  ( 0.000000000000000000, 1.000000000000000000, 0.000000000000000000 ) ) ;
#5714 = LINE ( 'NONE', #5068, #6647 ) ;
#5715 = LINE ( 'NONE', #1584, #2663 ) ;
#5716 = CARTESIAN_POINT ( 'NONE',  ( -4.818244247603522768E-14, -2.300000000000000711, -4.599999999999998757 ) ) ;
#5717 =( NAMED_UNIT ( * ) PLANE_ANGLE_UNIT ( ) SI_UNIT ( $, .RADIAN. ) );
#5718 = ORIENTED_EDGE ( 'NONE', *, *, #4609, .T. ) ;
#5719 = ORIENTED_EDGE ( 'NONE', *, *, #4007, .F. ) ;
#5720 = CARTESIAN_POINT ( 'NONE',  ( 0.9000000000000403233, 1.650000000000000799, 4.349999999999992539 ) ) ;
#5721 = LINE ( 'NONE', #3725, #5916 ) ;
#5722 = ADVANCED_FACE ( 'NONE', ( #8361 ), #5819, .F. ) ;
#5723 = DIRECTION ( 'NONE',  ( 1.000000000000000000, 0.000000000000000000, -1.047444401652940007E-14 ) ) ;
#5724 = CARTESIAN_POINT ( 'NONE',  ( 7.714999999999953673, 1.099999999999996758, -5.100000000000079581 ) ) ;
#5725 = DIRECTION ( 'NONE',  ( -1.060108790874715324E-14, 0.000000000000000000, -1.000000000000000000 ) ) ;
#5726 = VERTEX_POINT ( 'NONE', #7816 ) ;
#5727 = ORIENTED_EDGE ( 'NONE', *, *, #5556, .T. ) ;
#5728 = ORIENTED_EDGE ( 'NONE', *, *, #3786, .F. ) ;
#5729 = EDGE_LOOP ( 'NONE', ( #2019, #1870, #6770, #4987 ) ) ;
#5730 = CYLINDRICAL_SURFACE ( 'NONE', #5528, 0.2499999999999998890 ) ;
#5731 = CARTESIAN_POINT ( 'NONE',  ( 0.9999999999999317213, 1.399999999999999023, -6.400000000000011013 ) ) ;
#5732 = CARTESIAN_POINT ( 'NONE',  ( 9.299999999999945643, -0.2499999999999989175, -6.000000000000097700 ) ) ;
#5733 = CARTESIAN_POINT ( 'NONE',  ( 5.880000000000061178, -1.399999999999999689, 5.799999999999938538 ) ) ;
#5734 = EDGE_LOOP ( 'NONE', ( #7212, #6722, #2222 ) ) ;
#5735 = EDGE_CURVE ( 'NONE', #205, #5050, #5232, .T. ) ;
#5736 = ORIENTED_EDGE ( 'NONE', *, *, #6886, .T. ) ;
#5737 = DIRECTION ( 'NONE',  ( 1.000000000000000000, 0.000000000000000000, -1.047444401652940007E-14 ) ) ;
#5738 = ADVANCED_FACE ( 'NONE', ( #1724 ), #3736, .T. ) ;
#5739 = DIRECTION ( 'NONE',  ( -1.047444401652940007E-14, 0.000000000000000000, -1.000000000000000000 ) ) ;
#5740 = DIRECTION ( 'NONE',  ( 0.000000000000000000, 1.000000000000000000, 0.000000000000000000 ) ) ;
#5741 = CARTESIAN_POINT ( 'NONE',  ( 0.6500000000000405453, 1.650000000000000799, 4.349999999999995204 ) ) ;
#5742 = LINE ( 'NONE', #3868, #669 ) ;
#5743 = ORIENTED_EDGE ( 'NONE', *, *, #3957, .F. ) ;
#5744 = ORIENTED_EDGE ( 'NONE', *, *, #251, .T. ) ;
#5745 = CARTESIAN_POINT ( 'NONE',  ( 2.649999999999962608, 1.450000000000000844, -3.200000000000029043 ) ) ;
#5746 = DIRECTION ( 'NONE',  ( 0.000000000000000000, -1.000000000000000000, 0.000000000000000000 ) ) ;
#5747 = DIRECTION ( 'NONE',  ( -1.047444401652940007E-14, 0.000000000000000000, -1.000000000000000000 ) ) ;
#5748 = DIRECTION ( 'NONE',  ( -1.000000000000000000, 0.000000000000000000, 8.673617379884013384E-15 ) ) ;
#5749 = EDGE_CURVE ( 'NONE', #4306, #7029, #4435, .T. ) ;
#5750 = EDGE_LOOP ( 'NONE', ( #3315, #6333, #1540, #7655, #1961, #2347, #1296, #6026 ) ) ;
#5751 = ORIENTED_EDGE ( 'NONE', *, *, #5148, .T. ) ;
#5752 = LINE ( 'NONE', #8466, #1112 ) ;
#5753 = CARTESIAN_POINT ( 'NONE',  ( 11.90000000000005898, 1.600000000000000977, 5.799999999999877254 ) ) ;
#5754 = DIRECTION ( 'NONE',  ( -1.047444401652940007E-14, -0.000000000000000000, -1.000000000000000000 ) ) ;
#5755 = ADVANCED_FACE ( 'NONE', ( #5696 ), #6403, .T. ) ;
#5756 = EDGE_CURVE ( 'NONE', #7396, #1781, #3602, .T. ) ;
#5757 = FACE_OUTER_BOUND ( 'NONE', #5929, .T. ) ;
#5758 = ORIENTED_EDGE ( 'NONE', *, *, #6302, .F. ) ;
#5759 = ORIENTED_EDGE ( 'NONE', *, *, #922, .F. ) ;
#5760 = VERTEX_POINT ( 'NONE', #2279 ) ;
#5761 = ADVANCED_FACE ( 'NONE', ( #7691 ), #1605, .T. ) ;
#5762 = EDGE_LOOP ( 'NONE', ( #3605, #4034, #895, #3581 ) ) ;
#5763 = DIRECTION ( 'NONE',  ( -1.000000000000000000, 0.000000000000000000, 1.047444401652940007E-14 ) ) ;
#5764 = CARTESIAN_POINT ( 'NONE',  ( 2.474999999999933031, 1.399999999999999023, -6.400000000000026112 ) ) ;
#5765 = AXIS2_PLACEMENT_3D ( 'NONE', #6309, #223, #4309 ) ;
#5766 = DIRECTION ( 'NONE',  ( -1.000000000000000000, 0.000000000000000000, 1.084202172485504592E-14 ) ) ;
#5767 = UNCERTAINTY_MEASURE_WITH_UNIT (LENGTH_MEASURE( 1.000000000000000082E-05 ), #1143, 'distance_accuracy_value', 'NONE');
#5768 = CARTESIAN_POINT ( 'NONE',  ( 1.550000000000005373, 2.510000000000001119, 0.4999999999999836242 ) ) ;
#5769 = ORIENTED_EDGE ( 'NONE', *, *, #357, .T. ) ;
#5770 = EDGE_CURVE ( 'NONE', #2448, #1578, #8529, .T. ) ;
#5771 = VECTOR ( 'NONE', #3196, 1000.000000000000000 ) ;
#5772 = ORIENTED_EDGE ( 'NONE', *, *, #6717, .F. ) ;
#5773 = CARTESIAN_POINT ( 'NONE',  ( 7.935000000000067111, -0.2499999999999985012, 6.399999999999917755 ) ) ;
#5774 = LINE ( 'NONE', #3653, #4952 ) ;
#5775 = FACE_OUTER_BOUND ( 'NONE', #1448, .T. ) ;
#5776 = VECTOR ( 'NONE', #8035, 1000.000000000000000 ) ;
#5777 = VECTOR ( 'NONE', #8769, 1000.000000000000000 ) ;
#5778 = CARTESIAN_POINT ( 'NONE',  ( 9.400000000000060751, -0.2499999999999988065, 5.999999999999901412 ) ) ;
#5779 = DIRECTION ( 'NONE',  ( 0.000000000000000000, 1.000000000000000000, 0.000000000000000000 ) ) ;
#5780 = ORIENTED_EDGE ( 'NONE', *, *, #5356, .T. ) ;
#5781 = CIRCLE ( 'NONE', #4781, 0.1999999999999996503 ) ;
#5782 = ORIENTED_EDGE ( 'NONE', *, *, #2761, .T. ) ;
#5783 = AXIS2_PLACEMENT_3D ( 'NONE', #2263, #7679, #8396 ) ;
#5784 = DIRECTION ( 'NONE',  ( 0.000000000000000000, -1.000000000000000000, -0.000000000000000000 ) ) ;
#5785 = AXIS2_PLACEMENT_3D ( 'NONE', #8101, #2772, #7530 ) ;
#5786 = CYLINDRICAL_SURFACE ( 'NONE', #3682, 0.3999999999999993006 ) ;
#5787 = DIRECTION ( 'NONE',  ( -1.141265444721583757E-16, -1.000000000000000000, 1.195412100873575815E-30 ) ) ;
#5788 = CARTESIAN_POINT ( 'NONE',  ( 12.00000000000003197, -2.140000000000001457, 2.999999999999874767 ) ) ;
#5789 = ORIENTED_EDGE ( 'NONE', *, *, #3816, .T. ) ;
#5790 = EDGE_CURVE ( 'NONE', #893, #5840, #8447, .T. ) ;
#5791 = ORIENTED_EDGE ( 'NONE', *, *, #3852, .F. ) ;
#5792 = DIRECTION ( 'NONE',  ( -1.047444401652940007E-14, 0.000000000000000000, -1.000000000000000000 ) ) ;
#5793 = CARTESIAN_POINT ( 'NONE',  ( 11.99999999999994493, 2.300000000000000711, -5.250000000000123457 ) ) ;
#5794 = DIRECTION ( 'NONE',  ( -1.047444401652940007E-14, -3.401418580346680819E-16, -1.000000000000000000 ) ) ;
#5795 = FACE_OUTER_BOUND ( 'NONE', #4522, .T. ) ;
#5796 = AXIS2_PLACEMENT_3D ( 'NONE', #3073, #6493, #7127 ) ;
#5797 = AXIS2_PLACEMENT_3D ( 'NONE', #6308, #351, #1679 ) ;
#5798 = VECTOR ( 'NONE', #714, 1000.000000000000000 ) ;
#5799 = CARTESIAN_POINT ( 'NONE',  ( 0.9000000000000403233, 1.850000000000000977, 4.349999999999992539 ) ) ;
#5800 = LINE ( 'NONE', #5683, #8257 ) ;
#5801 = VERTEX_POINT ( 'NONE', #7308 ) ;
#5802 = VERTEX_POINT ( 'NONE', #3812 ) ;
#5803 = EDGE_CURVE ( 'NONE', #275, #206, #3256, .T. ) ;
#5804 = VERTEX_POINT ( 'NONE', #439 ) ;
#5805 = AXIS2_PLACEMENT_3D ( 'NONE', #7161, #3121, #8423 ) ;
#5806 = VECTOR ( 'NONE', #7980, 1000.000000000000000 ) ;
#5808 = ORIENTED_EDGE ( 'NONE', *, *, #3738, .F. ) ;
#5807 = VECTOR ( 'NONE', #62, 999.9999999999998863 ) ;
#5809 = EDGE_CURVE ( 'NONE', #7051, #8263, #3145, .T. ) ;
#5810 = ADVANCED_FACE ( 'NONE', ( #4518 ), #1800, .T. ) ;
#5811 = LINE ( 'NONE', #4468, #1398 ) ;
#5812 = DIRECTION ( 'NONE',  ( 1.047444401652940007E-14, 0.000000000000000000, 1.000000000000000000 ) ) ;
#5813 = DIRECTION ( 'NONE',  ( 1.040834085586084099E-14, 0.000000000000000000, 1.000000000000000000 ) ) ;
#5814 = VECTOR ( 'NONE', #755, 1000.000000000000000 ) ;
#5815 = VECTOR ( 'NONE', #482, 1000.000000000000000 ) ;
#5816 = AXIS2_PLACEMENT_3D ( 'NONE', #7765, #5763, #1925 ) ;
#5817 = DIRECTION ( 'NONE',  ( 1.000000000000000000, 0.000000000000000000, -1.047444401652940007E-14 ) ) ;
#5818 = VECTOR ( 'NONE', #3152, 1000.000000000000000 ) ;
#5819 = CYLINDRICAL_SURFACE ( 'NONE', #8235, 0.1000000000000002554 ) ;
#5820 = EDGE_LOOP ( 'NONE', ( #3213, #7227, #4234, #2652, #6547, #6002 ) ) ;
#5821 = ORIENTED_EDGE ( 'NONE', *, *, #4318, .F. ) ;
#5822 = EDGE_CURVE ( 'NONE', #1514, #7065, #6024, .T. ) ;
#5823 = AXIS2_PLACEMENT_3D ( 'NONE', #6645, #8016, #6597 ) ;
#5824 = EDGE_CURVE ( 'NONE', #7536, #3358, #2474, .T. ) ;
#5825 =( LENGTH_UNIT ( ) NAMED_UNIT ( * ) SI_UNIT ( .MILLI., .METRE. ) );
#5826 = DIRECTION ( 'NONE',  ( 1.047444401652940007E-14, 0.000000000000000000, 1.000000000000000000 ) ) ;
#5827 = LINE ( 'NONE', #5778, #6384 ) ;
#5828 = CARTESIAN_POINT ( 'NONE',  ( 6.479999999999951577, 2.510000000000000675, -4.500000000000068390 ) ) ;
#5829 = EDGE_CURVE ( 'NONE', #5995, #4050, #2848, .T. ) ;
#5830 = EDGE_LOOP ( 'NONE', ( #3594, #2097, #905, #2440 ) ) ;
#5831 = ORIENTED_EDGE ( 'NONE', *, *, #4236, .T. ) ;
#5832 = DIRECTION ( 'NONE',  ( 0.000000000000000000, 1.000000000000000000, 0.000000000000000000 ) ) ;
#5833 = CARTESIAN_POINT ( 'NONE',  ( 2.720000000000061036, 1.650000000000000799, 5.799999999999972289 ) ) ;
#5834 = CARTESIAN_POINT ( 'NONE',  ( 0.9000000000000403233, 1.850000000000000977, 4.349999999999992539 ) ) ;
#5835 = CARTESIAN_POINT ( 'NONE',  ( -0.8499999999999948708, 2.260000000000000675, 0.5000000000000085487 ) ) ;
#5836 = VECTOR ( 'NONE', #8090, 1000.000000000000000 ) ;
#5837 = ORIENTED_EDGE ( 'NONE', *, *, #3467, .F. ) ;
#5838 = EDGE_CURVE ( 'NONE', #6270, #179, #2651, .T. ) ;
#5839 = ORIENTED_EDGE ( 'NONE', *, *, #4303, .F. ) ;
#5840 = VERTEX_POINT ( 'NONE', #6558 ) ;
#5841 = LINE ( 'NONE', #8549, #6537 ) ;
#5842 = CARTESIAN_POINT ( 'NONE',  ( 2.250000000000061284, -1.399999999999999467, 5.999999999999976907 ) ) ;
#5843 = FACE_OUTER_BOUND ( 'NONE', #4755, .T. ) ;
#5844 = DIRECTION ( 'NONE',  ( -1.047444401652940007E-14, 0.000000000000000000, -1.000000000000000000 ) ) ;
#5845 = DIRECTION ( 'NONE',  ( -1.000000000000000000, 0.000000000000000000, 1.047444401652940007E-14 ) ) ;
#5846 = EDGE_LOOP ( 'NONE', ( #4159, #699, #6150, #7263 ) ) ;
#5847 = ORIENTED_EDGE ( 'NONE', *, *, #5416, .F. ) ;
#5848 = VERTEX_POINT ( 'NONE', #6691 ) ;
#5849 = ORIENTED_EDGE ( 'NONE', *, *, #7534, .F. ) ;
#5850 = CARTESIAN_POINT ( 'NONE',  ( 2.344999999999934914, -0.1700000000000047862, -5.800000000000024691 ) ) ;
#5851 = LINE ( 'NONE', #4559, #3248 ) ;
#5852 = CARTESIAN_POINT ( 'NONE',  ( 0.5000000000000202061, 2.260000000000000231, 1.926136028425817548 ) ) ;
#5853 = DIRECTION ( 'NONE',  ( 0.000000000000000000, 1.000000000000000000, 0.000000000000000000 ) ) ;
#5854 = ADVANCED_FACE ( 'NONE', ( #7889 ), #7234, .F. ) ;
#5855 = CARTESIAN_POINT ( 'NONE',  ( 6.480000000000059934, 0.05999999999999996309, 5.799999999999933209 ) ) ;
#5856 = ORIENTED_EDGE ( 'NONE', *, *, #887, .T. ) ;
#5857 = ORIENTED_EDGE ( 'NONE', *, *, #6178, .T. ) ;
#5858 = ORIENTED_EDGE ( 'NONE', *, *, #8377, .T. ) ;
#5859 = DIRECTION ( 'NONE',  ( 0.000000000000000000, -1.000000000000000000, 0.000000000000000000 ) ) ;
#5860 = CARTESIAN_POINT ( 'NONE',  ( 0.6000000000000398348, 2.260000000000000231, 3.899999999999996358 ) ) ;
#5861 = EDGE_CURVE ( 'NONE', #8741, #5932, #6094, .T. ) ;
#5862 = CARTESIAN_POINT ( 'NONE',  ( 12.12000000000004540, -1.939999999999999059, 4.299999999999871036 ) ) ;
#5863 = CARTESIAN_POINT ( 'NONE',  ( 3.875000000000041744, 2.260000000000000675, 3.999999999999959144 ) ) ;
#5864 = ADVANCED_FACE ( 'NONE', ( #8067 ), #4563, .T. ) ;
#5865 = EDGE_LOOP ( 'NONE', ( #7177, #1125, #8546, #5638, #2602, #5673, #4819 ) ) ;
#5866 = EDGE_CURVE ( 'NONE', #5582, #143, #3314, .T. ) ;
#5867 = ORIENTED_EDGE ( 'NONE', *, *, #1073, .F. ) ;
#5868 = DIRECTION ( 'NONE',  ( 1.000000000000000000, 0.000000000000000000, -1.084202172485506327E-14 ) ) ;
#5869 = LINE ( 'NONE', #3004, #2115 ) ;
#5870 = CARTESIAN_POINT ( 'NONE',  ( 7.935000000000060005, -0.2499999999999985012, 5.799999999999917222 ) ) ;
#5871 = DIRECTION ( 'NONE',  ( 1.000000000000000000, 0.000000000000000000, -1.047444401652940007E-14 ) ) ;
#5872 = ORIENTED_EDGE ( 'NONE', *, *, #8148, .F. ) ;
#5873 = EDGE_LOOP ( 'NONE', ( #5782, #7977, #2708, #2419 ) ) ;
#5874 = ORIENTED_EDGE ( 'NONE', *, *, #5071, .F. ) ;
#5875 = CARTESIAN_POINT ( 'NONE',  ( 11.50000000000006217, -1.399999999999999245, 5.999999999999879208 ) ) ;
#5876 = CARTESIAN_POINT ( 'NONE',  ( 11.99999999999993960, -0.2500000000000000000, -5.800000000000126832 ) ) ;
#5877 = DIRECTION ( 'NONE',  ( 1.047444401652940007E-14, 0.000000000000000000, 1.000000000000000000 ) ) ;
#5878 = CARTESIAN_POINT ( 'NONE',  ( 2.249999999999972911, 1.450000000000000844, -2.300000000000023803 ) ) ;
#5879 = DIRECTION ( 'NONE',  ( -1.047444401652940007E-14, 0.000000000000000000, -1.000000000000000000 ) ) ;
#5880 = ORIENTED_EDGE ( 'NONE', *, *, #4352, .F. ) ;
#5881 = ORIENTED_EDGE ( 'NONE', *, *, #7036, .F. ) ;
#5882 = EDGE_CURVE ( 'NONE', #979, #1672, #1416, .T. ) ;
#5883 = ORIENTED_EDGE ( 'NONE', *, *, #2582, .T. ) ;
#5884 = ORIENTED_EDGE ( 'NONE', *, *, #6468, .F. ) ;
#5885 = VECTOR ( 'NONE', #675, 1000.000000000000000 ) ;
#5886 = CARTESIAN_POINT ( 'NONE',  ( -1.100000000000002975, 2.260000000000000675, -0.2499999999999886757 ) ) ;
#5887 = DIRECTION ( 'NONE',  ( -1.000000000000000000, 0.000000000000000000, 1.047444401652940007E-14 ) ) ;
#5888 = DIRECTION ( 'NONE',  ( 0.000000000000000000, 1.000000000000000000, 0.000000000000000000 ) ) ;
#5889 = VECTOR ( 'NONE', #2236, 1000.000000000000000 ) ;
#5890 = CARTESIAN_POINT ( 'NONE',  ( 11.49999999999993250, 2.299999999999998934, -6.400000000000122036 ) ) ;
#5891 = VERTEX_POINT ( 'NONE', #1223 ) ;
#5892 = ORIENTED_EDGE ( 'NONE', *, *, #8311, .F. ) ;
#5893 = ORIENTED_EDGE ( 'NONE', *, *, #4693, .F. ) ;
#5894 = ADVANCED_FACE ( 'NONE', ( #1099 ), #474, .F. ) ;
#5895 = AXIS2_PLACEMENT_3D ( 'NONE', #930, #3640, #5766 ) ;
#5896 = LINE ( 'NONE', #1276, #696 ) ;
#5897 = CARTESIAN_POINT ( 'NONE',  ( -1.200000000000006617, 2.944380240390157777, -0.5749999999999877431 ) ) ;
#5898 = DIRECTION ( 'NONE',  ( 1.000000000000000000, 0.000000000000000000, -1.084202172485504592E-14 ) ) ;
#5899 = FACE_OUTER_BOUND ( 'NONE', #3739, .T. ) ;
#5900 = LINE ( 'NONE', #1191, #7635 ) ;
#5901 = VECTOR ( 'NONE', #6618, 1000.000000000000000 ) ;
#5902 = EDGE_CURVE ( 'NONE', #1672, #1055, #3225, .T. ) ;
#5903 = VECTOR ( 'NONE', #6729, 1000.000000000000000 ) ;
#5904 = EDGE_LOOP ( 'NONE', ( #6300, #2974, #2430, #6754 ) ) ;
#5905 = EDGE_LOOP ( 'NONE', ( #7088, #4851, #1317, #75 ) ) ;
#5906 = ADVANCED_FACE ( 'NONE', ( #8657 ), #7975, .T. ) ;
#5907 = CARTESIAN_POINT ( 'NONE',  ( 7.985000000000050946, 2.300000000000000711, 5.249999999999914735 ) ) ;
#5908 = CARTESIAN_POINT ( 'NONE',  ( 5.479999999999938254, -1.399999999999999245, -6.050000000000056666 ) ) ;
#5909 = AXIS2_PLACEMENT_3D ( 'NONE', #5421, #6706, #7416 ) ;
#5910 = PLANE ( 'NONE',  #7073 ) ;
#5911 = DIRECTION ( 'NONE',  ( -1.047444401652940007E-14, 0.000000000000000000, -1.000000000000000000 ) ) ;
#5912 = AXIS2_PLACEMENT_3D ( 'NONE', #7789, #5784, #5185 ) ;
#5913 = ORIENTED_EDGE ( 'NONE', *, *, #5822, .F. ) ;
#5914 = CIRCLE ( 'NONE', #4496, 2.500000000000000000 ) ;
#5915 = ORIENTED_EDGE ( 'NONE', *, *, #7317, .F. ) ;
#5916 = VECTOR ( 'NONE', #6427, 1000.000000000000000 ) ;
#5917 = ORIENTED_EDGE ( 'NONE', *, *, #5083, .F. ) ;
#5918 = CARTESIAN_POINT ( 'NONE',  ( 9.249999999999854339, 2.260000000000000675, -14.75411377792230461 ) ) ;
#5919 = EDGE_CURVE ( 'NONE', #7834, #7841, #7099, .T. ) ;
#5920 = CARTESIAN_POINT ( 'NONE',  ( 11.89999999999993818, -0.2499999999999988065, -5.800000000000125944 ) ) ;
#5921 = CARTESIAN_POINT ( 'NONE',  ( 2.330000000000060023, -0.2500000000000047184, 5.799999999999975842 ) ) ;
#5922 = CYLINDRICAL_SURFACE ( 'NONE', #7202, 0.08000000000000020983 ) ;
#5923 = ADVANCED_FACE ( 'NONE', ( #8304 ), #6828, .F. ) ;
#5924 = ADVANCED_FACE ( 'NONE', ( #6120 ), #7402, .F. ) ;
#5925 = CIRCLE ( 'NONE', #672, 0.07999999999999998779 ) ;
#5926 = LINE ( 'NONE', #7839, #1816 ) ;
#5927 = AXIS2_PLACEMENT_3D ( 'NONE', #3910, #8544, #1819 ) ;
#5928 = ORIENTED_EDGE ( 'NONE', *, *, #7876, .T. ) ;
#5929 = EDGE_LOOP ( 'NONE', ( #1089, #3573, #8208, #2048, #5278, #6435, #5769, #8326, #7622, #8196, #3819, #1204, #3126, #5107, #8439, #2280, #2200, #4800, #5117, #3916, #6539, #6416, #1318, #313, #3862, #4995, #3907, #3870, #7444, #4587, #6004, #863, #5504, #5125, #8147, #4304, #5652, #633, #2496, #1067, #3764 ) ) ;
#5930 = ORIENTED_EDGE ( 'NONE', *, *, #7171, .T. ) ;
#5931 = EDGE_CURVE ( 'NONE', #8316, #7190, #2219, .T. ) ;
#5932 = VERTEX_POINT ( 'NONE', #2746 ) ;
#5933 = VECTOR ( 'NONE', #1313, 1000.000000000000000 ) ;
#5934 = CARTESIAN_POINT ( 'NONE',  ( -2.599999999999999645, 0.000000000000000000, 2.723355444297643702E-14 ) ) ;
#5935 = VECTOR ( 'NONE', #2784, 1000.000000000000000 ) ;
#5936 = DIRECTION ( 'NONE',  ( 1.000000000000000000, 0.000000000000000000, -8.673617379884087537E-15 ) ) ;
#5937 = CARTESIAN_POINT ( 'NONE',  ( -0.8500000000000029754, 2.260000000000000675, -0.2499999999999917566 ) ) ;
#5938 = CARTESIAN_POINT ( 'NONE',  ( 7.935000000000060005, -3.000000000000000000, 5.799999999999917222 ) ) ;
#5939 = DIRECTION ( 'NONE',  ( -1.000000000000000000, -0.000000000000000000, 1.047444401652940007E-14 ) ) ;
#5940 = ORIENTED_EDGE ( 'NONE', *, *, #4686, .T. ) ;
#5941 = VECTOR ( 'NONE', #2492, 1000.000000000000000 ) ;
#5942 = COLOUR_RGB ( '',0.9686274509803921573, 0.8784313725490195957, 0.5999999999999999778 ) ;
#5943 = VECTOR ( 'NONE', #7221, 1000.000000000000000 ) ;
#5944 = ORIENTED_EDGE ( 'NONE', *, *, #3319, .T. ) ;
#5945 = EDGE_LOOP ( 'NONE', ( #3164, #4976, #6671, #1043, #3445, #5780, #52, #8632, #6047, #8146, #1801, #3642, #3317, #6974, #1634, #2890, #5385, #5944 ) ) ;
#5946 = CIRCLE ( 'NONE', #5816, 3.000000000000000444 ) ;
#5947 = AXIS2_PLACEMENT_3D ( 'NONE', #7074, #6605, #479 ) ;
#5948 = CARTESIAN_POINT ( 'NONE',  ( 2.249999999999973355, 1.450000000000000844, -2.200000000000024158 ) ) ;
#5949 = EDGE_CURVE ( 'NONE', #8420, #2642, #6872, .T. ) ;
#5950 = DIRECTION ( 'NONE',  ( -1.059491092458334483E-14, 0.000000000000000000, -1.000000000000000000 ) ) ;
#5951 = FACE_OUTER_BOUND ( 'NONE', #7462, .T. ) ;
#5952 = PLANE ( 'NONE',  #6621 ) ;
#5953 = AXIS2_PLACEMENT_3D ( 'NONE', #1899, #6085, #3954 ) ;
#5954 = VECTOR ( 'NONE', #2393, 1000.000000000000000 ) ;
#5955 = ORIENTED_EDGE ( 'NONE', *, *, #3904, .F. ) ;
#5956 = ORIENTED_EDGE ( 'NONE', *, *, #6858, .F. ) ;
#5957 = CARTESIAN_POINT ( 'NONE',  ( 6.279999999999938964, -1.399999999999999467, -5.800000000000066436 ) ) ;
#5958 = FACE_BOUND ( 'NONE', #5414, .T. ) ;
#5959 = DIRECTION ( 'NONE',  ( 1.000000000000000000, 0.000000000000000000, -1.047444401652940007E-14 ) ) ;
#5960 = DIRECTION ( 'NONE',  ( 1.000000000000000000, 0.000000000000000000, -1.084202172485501594E-14 ) ) ;
#5961 = EDGE_CURVE ( 'NONE', #8622, #2317, #4533, .T. ) ;
#5962 =( NAMED_UNIT ( * ) PLANE_ANGLE_UNIT ( ) SI_UNIT ( $, .RADIAN. ) );
#5963 = EDGE_CURVE ( 'NONE', #8249, #1698, #1315, .T. ) ;
#5964 = ORIENTED_EDGE ( 'NONE', *, *, #8429, .F. ) ;
#5965 = DIRECTION ( 'NONE',  ( 0.000000000000000000, -1.000000000000000000, 0.000000000000000000 ) ) ;
#5966 = EDGE_LOOP ( 'NONE', ( #7610, #2815, #1461, #3693 ) ) ;
#5967 = ORIENTED_EDGE ( 'NONE', *, *, #3854, .F. ) ;
#5968 = CARTESIAN_POINT ( 'NONE',  ( 2.345000000000057927, -0.2500000000000047740, 5.999999999999976019 ) ) ;
#5969 = AXIS2_PLACEMENT_3D ( 'NONE', #6158, #7586, #1500 ) ;
#5970 = CARTESIAN_POINT ( 'NONE',  ( 11.99999999999993250, 1.599999999999996758, -6.400000000000127365 ) ) ;
#5971 = DIRECTION ( 'NONE',  ( 1.047444401652940007E-14, 0.000000000000000000, 1.000000000000000000 ) ) ;
#5972 = LINE ( 'NONE', #7388, #7884 ) ;
#5973 = CARTESIAN_POINT ( 'NONE',  ( 10.09999999999994635, -0.2499999999999997780, -5.800000000000107292 ) ) ;
#5974 = CARTESIAN_POINT ( 'NONE',  ( 6.729999999999863647, 2.260000000000000675, -13.80411377792227690 ) ) ;
#5975 = ORIENTED_EDGE ( 'NONE', *, *, #7130, .F. ) ;
#5976 = VERTEX_POINT ( 'NONE', #4031 ) ;
#5977 = AXIS2_PLACEMENT_3D ( 'NONE', #8517, #380, #3090 ) ;
#5978 = VERTEX_POINT ( 'NONE', #177 ) ;
#5979 = EDGE_CURVE ( 'NONE', #7013, #6829, #4403, .T. ) ;
#5980 = PLANE ( 'NONE',  #6506 ) ;
#5981 = DIRECTION ( 'NONE',  ( 0.000000000000000000, 1.000000000000000000, 0.000000000000000000 ) ) ;
#5982 =( NAMED_UNIT ( * ) SI_UNIT ( $, .STERADIAN. ) SOLID_ANGLE_UNIT ( ) );
#5983 = DIRECTION ( 'NONE',  ( 1.000000000000000000, 0.000000000000000000, -8.673617379884051249E-15 ) ) ;
#5984 = CARTESIAN_POINT ( 'NONE',  ( 1.274999999999937073, 1.370000000000000551, -6.000000000000013323 ) ) ;
#5985 = DIRECTION ( 'NONE',  ( 3.562796849662422407E-30, -1.000000000000000000, 3.401418580346681312E-16 ) ) ;
#5986 = ORIENTED_EDGE ( 'NONE', *, *, #2374, .F. ) ;
#5987 = ORIENTED_EDGE ( 'NONE', *, *, #8237, .F. ) ;
#5988 = VERTEX_POINT ( 'NONE', #783 ) ;
#5989 = DIRECTION ( 'NONE',  ( 1.419551869787370853E-30, -1.000000000000000000, 1.355252715606880296E-16 ) ) ;
#5990 = CARTESIAN_POINT ( 'NONE',  ( 3.875000000000060840, 2.260000000000000675, 5.799999999999960743 ) ) ;
#5991 = EDGE_CURVE ( 'NONE', #1754, #469, #4074, .T. ) ;
#5992 = DIRECTION ( 'NONE',  ( 0.000000000000000000, -1.000000000000000000, 0.000000000000000000 ) ) ;
#5993 = DIRECTION ( 'NONE',  ( -1.334402673828314266E-14, 0.000000000000000000, -1.000000000000000000 ) ) ;
#5994 = EDGE_CURVE ( 'NONE', #7190, #6578, #3408, .T. ) ;
#5995 = VERTEX_POINT ( 'NONE', #7547 ) ;
#5996 = DIRECTION ( 'NONE',  ( 1.000000000000000000, 0.000000000000000000, -1.047444401652940007E-14 ) ) ;
#5997 = CARTESIAN_POINT ( 'NONE',  ( 5.380000000000061178, -1.600703055139993669, 6.049999999999943867 ) ) ;
#5998 = LINE ( 'NONE', #8714, #5776 ) ;
#5999 = DIRECTION ( 'NONE',  ( 0.000000000000000000, -1.000000000000000000, 0.000000000000000000 ) ) ;
#6000 = DIRECTION ( 'NONE',  ( 0.000000000000000000, 1.000000000000000000, 0.000000000000000000 ) ) ;
#6001 = DIRECTION ( 'NONE',  ( -0.000000000000000000, -1.000000000000000000, -0.000000000000000000 ) ) ;
#6002 = ORIENTED_EDGE ( 'NONE', *, *, #1826, .T. ) ;
#6003 = DIRECTION ( 'NONE',  ( 0.000000000000000000, 1.000000000000000000, 0.000000000000000000 ) ) ;
#6004 = ORIENTED_EDGE ( 'NONE', *, *, #7722, .T. ) ;
#6005 = ORIENTED_EDGE ( 'NONE', *, *, #7307, .T. ) ;
#6006 = CARTESIAN_POINT ( 'NONE',  ( 3.875000000000041744, 2.510000000000001119, 3.999999999999959144 ) ) ;
#6007 = DIRECTION ( 'NONE',  ( 0.000000000000000000, 1.000000000000000000, 0.000000000000000000 ) ) ;
#6008 = EDGE_CURVE ( 'NONE', #6895, #3337, #127, .T. ) ;
#6009 = CARTESIAN_POINT ( 'NONE',  ( 2.549999999999962963, 1.450000000000000844, -3.100000000000028066 ) ) ;
#6010 = DIRECTION ( 'NONE',  ( -1.016467196724782760E-14, -0.000000000000000000, -1.000000000000000000 ) ) ;
#6011 = DIRECTION ( 'NONE',  ( -1.047444401652940007E-14, -0.000000000000000000, -1.000000000000000000 ) ) ;
#6012 = CARTESIAN_POINT ( 'NONE',  ( 12.00000000000004974, -0.2499999999999988065, 4.799999999999873701 ) ) ;
#6013 = ORIENTED_EDGE ( 'NONE', *, *, #7165, .F. ) ;
#6014 = ORIENTED_EDGE ( 'NONE', *, *, #5621, .F. ) ;
#6015 = ADVANCED_FACE ( 'NONE', ( #6160 ), #5549, .F. ) ;
#6016 = ORIENTED_EDGE ( 'NONE', *, *, #1141, .T. ) ;
#6017 = EDGE_CURVE ( 'NONE', #4285, #8392, #7520, .T. ) ;
#6018 = DIRECTION ( 'NONE',  ( 0.000000000000000000, 1.000000000000000000, 0.000000000000000000 ) ) ;
#6019 = ADVANCED_FACE ( 'NONE', ( #6917 ), #8114, .F. ) ;
#6020 = DIRECTION ( 'NONE',  ( 1.000000000000000000, 0.000000000000000000, -8.673617379884013384E-15 ) ) ;
#6021 = CARTESIAN_POINT ( 'NONE',  ( 9.249999999999941380, 2.259999999999998899, -6.400000000000098055 ) ) ;
#6022 = DIRECTION ( 'NONE',  ( 1.047444401652940007E-14, 0.000000000000000000, 1.000000000000000000 ) ) ;
#6023 = DIRECTION ( 'NONE',  ( 1.078421606581097254E-14, 0.000000000000000000, 1.000000000000000000 ) ) ;
#6024 = LINE ( 'NONE', #2572, #3124 ) ;
#6025 = EDGE_CURVE ( 'NONE', #3596, #7684, #1357, .T. ) ;
#6026 = ORIENTED_EDGE ( 'NONE', *, *, #1699, .T. ) ;
#6027 = ORIENTED_EDGE ( 'NONE', *, *, #7645, .T. ) ;
#6028 = ORIENTED_EDGE ( 'NONE', *, *, #1699, .F. ) ;
#6029 = CARTESIAN_POINT ( 'NONE',  ( 1.349999999999973888, 1.450000000000000844, -2.300000000000015365 ) ) ;
#6030 = CARTESIAN_POINT ( 'NONE',  ( 2.475000000000050271, -0.2499999999999988065, 4.799999999999973177 ) ) ;
#6031 = DIRECTION ( 'NONE',  ( -1.000000000000000000, 0.000000000000000000, 1.047444401652940007E-14 ) ) ;
#6032 = ADVANCED_FACE ( 'NONE', ( #4126 ), #742, .F. ) ;
#6033 = DIRECTION ( 'NONE',  ( 1.047444401652940007E-14, 0.000000000000000000, 1.000000000000000000 ) ) ;
#6034 = DIRECTION ( 'NONE',  ( 0.000000000000000000, -1.000000000000000000, 0.000000000000000000 ) ) ;
#6035 = ORIENTED_EDGE ( 'NONE', *, *, #3914, .F. ) ;
#6036 = AXIS2_PLACEMENT_3D ( 'NONE', #7448, #6926, #653 ) ;
#6037 = CARTESIAN_POINT ( 'NONE',  ( 12.00000000000004619, -2.140000000000001457, 4.299999999999871925 ) ) ;
#6038 = CARTESIAN_POINT ( 'NONE',  ( 4.315421043656685107, -0.2900000000000003131, -6.050000000000045119 ) ) ;
#6039 = CARTESIAN_POINT ( 'NONE',  ( 2.800000000000062883, 1.570000000000001394, 5.999999999999970690 ) ) ;
#6040 = DIRECTION ( 'NONE',  ( -1.000000000000000000, 0.000000000000000000, 1.047444401652940007E-14 ) ) ;
#6041 = LINE ( 'NONE', #2672, #6048 ) ;
#6042 = VECTOR ( 'NONE', #8120, 1000.000000000000000 ) ;
#6043 = FACE_OUTER_BOUND ( 'NONE', #4685, .T. ) ;
#6044 = VERTEX_POINT ( 'NONE', #8209 ) ;
#6045 = FACE_OUTER_BOUND ( 'NONE', #178, .T. ) ;
#6046 = ORIENTED_EDGE ( 'NONE', *, *, #8108, .F. ) ;
#6047 = ORIENTED_EDGE ( 'NONE', *, *, #4059, .T. ) ;
#6048 = VECTOR ( 'NONE', #5376, 1000.000000000000000 ) ;
#6049 = DIRECTION ( 'NONE',  ( -0.000000000000000000, -1.000000000000000000, -0.000000000000000000 ) ) ;
#6050 = FACE_OUTER_BOUND ( 'NONE', #4674, .T. ) ;
#6051 = LINE ( 'NONE', #4153, #6214 ) ;
#6052 = DIRECTION ( 'NONE',  ( 0.000000000000000000, -1.000000000000000000, 0.000000000000000000 ) ) ;
#6053 = LINE ( 'NONE', #2689, #6797 ) ;
#6054 = FACE_OUTER_BOUND ( 'NONE', #3444, .T. ) ;
#6055 = VECTOR ( 'NONE', #7151, 1000.000000000000000 ) ;
#6056 = EDGE_CURVE ( 'NONE', #2728, #2497, #2127, .T. ) ;
#6057 = VERTEX_POINT ( 'NONE', #884 ) ;
#6058 = ORIENTED_EDGE ( 'NONE', *, *, #8785, .F. ) ;
#6059 = VECTOR ( 'NONE', #2342, 1000.000000000000000 ) ;
#6060 = VERTEX_POINT ( 'NONE', #6971 ) ;
#6061 = LINE ( 'NONE', #6724, #8047 ) ;
#6062 = AXIS2_PLACEMENT_3D ( 'NONE', #3085, #464, #3726 ) ;
#6063 = CARTESIAN_POINT ( 'NONE',  ( 0.9000000000000403233, 1.450000000000000844, 4.349999999999992539 ) ) ;
#6064 = CIRCLE ( 'NONE', #4376, 0.2000000000000022593 ) ;
#6065 = CARTESIAN_POINT ( 'NONE',  ( 9.049999999999956302, 2.380000000000000782, -4.970000000000093898 ) ) ;
#6066 = DIRECTION ( 'NONE',  ( 1.047444401652940007E-14, 0.000000000000000000, 1.000000000000000000 ) ) ;
#6067 = DIRECTION ( 'NONE',  ( 1.000000000000000000, -1.202200613782033303E-16, -1.047444401652940007E-14 ) ) ;
#6068 = ORIENTED_EDGE ( 'NONE', *, *, #8570, .T. ) ;
#6070 = ORIENTED_EDGE ( 'NONE', *, *, #3141, .F. ) ;
#6069 = EDGE_CURVE ( 'NONE', #2747, #4896, #3708, .T. ) ;
#6071 = ADVANCED_FACE ( 'NONE', ( #4913 ), #5635, .F. ) ;
#6072 = ORIENTED_EDGE ( 'NONE', *, *, #2142, .F. ) ;
#6073 = DIRECTION ( 'NONE',  ( -1.047444401652940007E-14, -0.000000000000000000, -1.000000000000000000 ) ) ;
#6074 = CARTESIAN_POINT ( 'NONE',  ( 5.130000000000059401, 1.060000000000000053, 5.799999999999946532 ) ) ;
#6075 = VECTOR ( 'NONE', #2203, 1000.000000000000000 ) ;
#6076 = CARTESIAN_POINT ( 'NONE',  ( 2.066520471341700047E-14, 2.260000000000000675, 1.972916622668074105 ) ) ;
#6077 = VECTOR ( 'NONE', #7923, 1000.000000000000000 ) ;
#6078 = DIRECTION ( 'NONE',  ( 1.000000000000000000, 0.000000000000000000, -1.084202172485504592E-14 ) ) ;
#6079 = VECTOR ( 'NONE', #3808, 1000.000000000000000 ) ;
#6080 = DIRECTION ( 'NONE',  ( 1.000000000000000000, -0.000000000000000000, -1.047444401652940007E-14 ) ) ;
#6081 = EDGE_CURVE ( 'NONE', #8557, #5801, #2929, .T. ) ;
#6082 = VERTEX_POINT ( 'NONE', #7539 ) ;
#6083 = VECTOR ( 'NONE', #6033, 1000.000000000000000 ) ;
#6084 = VECTOR ( 'NONE', #8452, 1000.000000000000000 ) ;
#6085 = DIRECTION ( 'NONE',  ( 1.047444401652940007E-14, 0.000000000000000000, 1.000000000000000000 ) ) ;
#6086 = VECTOR ( 'NONE', #7153, 1000.000000000000000 ) ;
#6087 = ADVANCED_FACE ( 'NONE', ( #2261 ), #6865, .F. ) ;
#6088 = CARTESIAN_POINT ( 'NONE',  ( 10.09999999999994635, -1.560703055139993412, -5.800000000000107292 ) ) ;
#6089 = DIRECTION ( 'NONE',  ( 1.040834085586084257E-14, 0.000000000000000000, 1.000000000000000000 ) ) ;
#6090 = CARTESIAN_POINT ( 'NONE',  ( 5.480000000000059046, 0.5599999999999999423, 5.799999999999942979 ) ) ;
#6091 = DIRECTION ( 'NONE',  ( -5.575896887068300516E-15, -1.000000000000000000, 5.840441978553746280E-29 ) ) ;
#6092 = VECTOR ( 'NONE', #7987, 1000.000000000000000 ) ;
#6093 = AXIS2_PLACEMENT_3D ( 'NONE', #8754, #5318, #2717 ) ;
#6094 = CIRCLE ( 'NONE', #7669, 0.07999999999999998779 ) ;
#6095 = DIRECTION ( 'NONE',  ( 0.000000000000000000, 1.000000000000000000, 0.000000000000000000 ) ) ;
#6096 = CIRCLE ( 'NONE', #7671, 0.1000000000000002554 ) ;
#6097 = ORIENTED_EDGE ( 'NONE', *, *, #3758, .F. ) ;
#6098 = CARTESIAN_POINT ( 'NONE',  ( 9.249999999999950262, 2.260000000000000231, -5.450000000000098765 ) ) ;
#6099 = EDGE_LOOP ( 'NONE', ( #8030, #1014, #4100, #1753 ) ) ;
#6100 = ORIENTED_EDGE ( 'NONE', *, *, #5098, .T. ) ;
#6101 = PLANE ( 'NONE',  #931 ) ;
#6102 = VECTOR ( 'NONE', #461, 1000.000000000000000 ) ;
#6103 = CYLINDRICAL_SURFACE ( 'NONE', #7793, 0.3999999999999993006 ) ;
#6104 = CARTESIAN_POINT ( 'NONE',  ( 3.975000000000059153, -0.2900000000000010347, 5.799999999999958966 ) ) ;
#6105 = DIRECTION ( 'NONE',  ( 1.000000000000000000, 0.000000000000000000, -1.084202172485506327E-14 ) ) ;
#6106 = CARTESIAN_POINT ( 'NONE',  ( 0.6000000000000460521, 1.400000000000000355, 4.399999999999995914 ) ) ;
#6107 = DIRECTION ( 'NONE',  ( -1.047444401652940007E-14, -0.000000000000000000, -1.000000000000000000 ) ) ;
#6108 = EDGE_CURVE ( 'NONE', #8165, #5172, #6253, .T. ) ;
#6109 = EDGE_LOOP ( 'NONE', ( #1348, #2641, #8428, #8242 ) ) ;
#6110 = VERTEX_POINT ( 'NONE', #826 ) ;
#6111 = EDGE_LOOP ( 'NONE', ( #825, #5210, #5563, #8539 ) ) ;
#6112 = EDGE_CURVE ( 'NONE', #1633, #8275, #6809, .T. ) ;
#6113 = CYLINDRICAL_SURFACE ( 'NONE', #525, 0.08000000000000020983 ) ;
#6114 = PLANE ( 'NONE',  #7763 ) ;
#6115 = CARTESIAN_POINT ( 'NONE',  ( 0.000000000000000000, 0.000000000000000000, 0.000000000000000000 ) ) ;
#6116 = AXIS2_PLACEMENT_3D ( 'NONE', #6090, #5320, #2720 ) ;
#6117 = CARTESIAN_POINT ( 'NONE',  ( 12.00000000000006040, 1.600000000000000977, 5.799999999999876366 ) ) ;
#6118 = LINE ( 'NONE', #2926, #3919 ) ;
#6119 = CARTESIAN_POINT ( 'NONE',  ( -2.599999999999999645, 0.000000000000000000, 2.723355444297643702E-14 ) ) ;
#6120 = FACE_OUTER_BOUND ( 'NONE', #4670, .T. ) ;
#6121 = ORIENTED_EDGE ( 'NONE', *, *, #7060, .T. ) ;
#6122 = VERTEX_POINT ( 'NONE', #4254 ) ;
#6123 = ORIENTED_EDGE ( 'NONE', *, *, #2640, .F. ) ;
#6124 = EDGE_CURVE ( 'NONE', #1025, #6895, #119, .T. ) ;
#6125 = FACE_OUTER_BOUND ( 'NONE', #4294, .T. ) ;
#6126 = CARTESIAN_POINT ( 'NONE',  ( 12.50000000000005151, -2.049999999999999822, 4.799999999999868372 ) ) ;
#6127 = ORIENTED_EDGE ( 'NONE', *, *, #7745, .F. ) ;
#6128 = DIRECTION ( 'NONE',  ( 0.000000000000000000, 1.000000000000000000, 0.000000000000000000 ) ) ;
#6129 = ORIENTED_EDGE ( 'NONE', *, *, #6137, .F. ) ;
#6130 = DIRECTION ( 'NONE',  ( 1.000000000000000000, 0.000000000000000000, -1.059357333255999177E-14 ) ) ;
#6131 = PLANE ( 'NONE',  #4949 ) ;
#6132 = EDGE_CURVE ( 'NONE', #214, #5007, #7581, .T. ) ;
#6133 = CARTESIAN_POINT ( 'NONE',  ( 1.275000000000060307, -0.2499999999999988065, 5.799999999999987388 ) ) ;
#6134 = CARTESIAN_POINT ( 'NONE',  ( 2.850000000000046274, 1.400000000000000355, 4.399999999999972822 ) ) ;
#6135 = DIRECTION ( 'NONE',  ( 1.000000000000000000, -0.000000000000000000, -1.047444401652940007E-14 ) ) ;
#6136 = LINE ( 'NONE', #2093, #6414 ) ;
#6137 = EDGE_CURVE ( 'NONE', #7134, #417, #7676, .T. ) ;
#6138 = VERTEX_POINT ( 'NONE', #2212 ) ;
#6139 = ADVANCED_FACE ( 'NONE', ( #4906 ), #6964, .F. ) ;
#6140 = EDGE_LOOP ( 'NONE', ( #5967, #4313, #3612, #8005, #7926, #7994, #4388, #7483, #8222, #1615, #532, #4178, #8057, #4351 ) ) ;
#6141 = DIRECTION ( 'NONE',  ( 0.3280116889704020600, -1.280271548816496648E-16, -0.9446736642347897117 ) ) ;
#6142 = ORIENTED_EDGE ( 'NONE', *, *, #4357, .T. ) ;
#6143 = ORIENTED_EDGE ( 'NONE', *, *, #8687, .T. ) ;
#6144 = CARTESIAN_POINT ( 'NONE',  ( 7.885000000000060183, 2.460000000000000853, 5.799999999999918110 ) ) ;
#6145 = CARTESIAN_POINT ( 'NONE',  ( 12.49999999999993250, -0.2500000000000000000, -6.400000000000130917 ) ) ;
#6146 = CARTESIAN_POINT ( 'NONE',  ( 5.130000000000060290, 1.160000000000000142, 5.799999999999946532 ) ) ;
#6147 = LINE ( 'NONE', #4056, #948 ) ;
#6148 = CARTESIAN_POINT ( 'NONE',  ( 8.600000000000061817, -0.2499999999999989175, 5.999999999999910294 ) ) ;
#6149 = FACE_OUTER_BOUND ( 'NONE', #7612, .T. ) ;
#6150 = ORIENTED_EDGE ( 'NONE', *, *, #7068, .F. ) ;
#6151 = VERTEX_POINT ( 'NONE', #4998 ) ;
#6152 = ORIENTED_EDGE ( 'NONE', *, *, #5539, .T. ) ;
#6153 = FACE_OUTER_BOUND ( 'NONE', #7433, .T. ) ;
#6154 = CARTESIAN_POINT ( 'NONE',  ( 12.24999999999995381, 2.380000000000000782, -4.500000000000127898 ) ) ;
#6155 = DIRECTION ( 'NONE',  ( 0.000000000000000000, 0.000000000000000000, 1.000000000000000000 ) ) ;
#6156 = DIRECTION ( 'NONE',  ( 1.000000000000000000, -1.224646799147361835E-16, -1.047444401652940007E-14 ) ) ;
#6157 = CARTESIAN_POINT ( 'NONE',  ( 7.934999999999938325, -3.000000000000001776, -5.800000000000082423 ) ) ;
#6158 = CARTESIAN_POINT ( 'NONE',  ( 11.10000000000006182, 1.400000000000001021, 5.799999999999884359 ) ) ;
#6159 = ORIENTED_EDGE ( 'NONE', *, *, #181, .T. ) ;
#6160 = FACE_OUTER_BOUND ( 'NONE', #3850, .T. ) ;
#6161 = ORIENTED_EDGE ( 'NONE', *, *, #7720, .T. ) ;
#6162 = ORIENTED_EDGE ( 'NONE', *, *, #8004, .F. ) ;
#6163 = EDGE_LOOP ( 'NONE', ( #77, #4149, #3275, #7785, #821, #4989 ) ) ;
#6164 = CARTESIAN_POINT ( 'NONE',  ( 1.275000000000060307, -0.1699999999999992628, 5.799999999999987388 ) ) ;
#6165 = CARTESIAN_POINT ( 'NONE',  ( 2.250000000000059064, -0.3300000000000048450, 5.799999999999976730 ) ) ;
#6166 = CARTESIAN_POINT ( 'NONE',  ( 11.30000000000006288, -1.560703055139993412, 5.999999999999881872 ) ) ;
#6167 = LINE ( 'NONE', #4220, #1559 ) ;
#6168 = VERTEX_POINT ( 'NONE', #8394 ) ;
#6169 = DIRECTION ( 'NONE',  ( 0.000000000000000000, 1.000000000000000000, 0.000000000000000000 ) ) ;
#6170 = ADVANCED_FACE ( 'NONE', ( #7002 ), #2920, .F. ) ;
#6171 = ORIENTED_EDGE ( 'NONE', *, *, #2754, .T. ) ;
#6172 = EDGE_CURVE ( 'NONE', #6110, #3049, #6197, .T. ) ;
#6173 = CARTESIAN_POINT ( 'NONE',  ( 7.589999999999953673, 0.05999999999999997002, -5.100000000000078693 ) ) ;
#6174 = FACE_OUTER_BOUND ( 'NONE', #741, .T. ) ;
#6175 = DIRECTION ( 'NONE',  ( 1.000000000000000000, 0.000000000000000000, -1.455818952234153569E-14 ) ) ;
#6176 = LINE ( 'NONE', #3960, #443 ) ;
#6177 = LINE ( 'NONE', #759, #6648 ) ;
#6178 = EDGE_CURVE ( 'NONE', #2475, #2778, #8340, .T. ) ;
#6179 = EDGE_CURVE ( 'NONE', #3357, #5506, #776, .T. ) ;
#6180 = ORIENTED_EDGE ( 'NONE', *, *, #7549, .F. ) ;
#6181 = EDGE_CURVE ( 'NONE', #1186, #3409, #2781, .T. ) ;
#6182 = EDGE_CURVE ( 'NONE', #427, #8763, #2171, .T. ) ;
#6183 = EDGE_LOOP ( 'NONE', ( #1707, #4338, #4320, #4247, #218, #2564 ) ) ;
#6184 = ORIENTED_EDGE ( 'NONE', *, *, #7860, .T. ) ;
#6185 = EDGE_LOOP ( 'NONE', ( #2233, #7551, #5789, #4736 ) ) ;
#6186 = LINE ( 'NONE', #8723, #4361 ) ;
#6187 = DIRECTION ( 'NONE',  ( -1.000000000000000000, 0.000000000000000000, 1.047444401652940007E-14 ) ) ;
#6188 = CARTESIAN_POINT ( 'NONE',  ( 7.489999999999955804, 0.8749999999999968914, -4.850000000000077804 ) ) ;
#6189 = LINE ( 'NONE', #4902, #5640 ) ;
#6190 = DIRECTION ( 'NONE',  ( 1.000000000000000000, 0.000000000000000000, -1.047444401652940007E-14 ) ) ;
#6191 = LINE ( 'NONE', #1031, #3380 ) ;
#6192 = ORIENTED_EDGE ( 'NONE', *, *, #8425, .T. ) ;
#6193 = ORIENTED_EDGE ( 'NONE', *, *, #3798, .T. ) ;
#6194 = AXIS2_PLACEMENT_3D ( 'NONE', #5240, #3961, #8091 ) ;
#6195 = ADVANCED_FACE ( 'NONE', ( #168 ), #914, .F. ) ;
#6196 = ORIENTED_EDGE ( 'NONE', *, *, #1674, .F. ) ;
#6197 = LINE ( 'NONE', #4862, #4271 ) ;
#6198 = EDGE_CURVE ( 'NONE', #187, #4850, #4543, .T. ) ;
#6199 = EDGE_CURVE ( 'NONE', #5978, #5258, #3624, .T. ) ;
#6200 = CARTESIAN_POINT ( 'NONE',  ( 6.479999999999948024, -0.2500000000000003331, -4.850000000000067146 ) ) ;
#6201 = FACE_OUTER_BOUND ( 'NONE', #4519, .T. ) ;
#6202 = CIRCLE ( 'NONE', #1795, 0.05957895634325395540 ) ;
#6203 = VECTOR ( 'NONE', #4194, 1000.000000000000000 ) ;
#6204 = DIRECTION ( 'NONE',  ( -1.000000000000000000, 0.000000000000000000, 1.047444401652940007E-14 ) ) ;
#6205 = DIRECTION ( 'NONE',  ( -1.047444401652940007E-14, 0.000000000000000000, -1.000000000000000000 ) ) ;
#6206 = LINE ( 'NONE', #6779, #7384 ) ;
#6207 = ORIENTED_EDGE ( 'NONE', *, *, #5979, .F. ) ;
#6208 = DIRECTION ( 'NONE',  ( -1.000000000000000000, 0.000000000000000000, 1.047444401652940007E-14 ) ) ;
#6209 = ADVANCED_FACE ( 'NONE', ( #5485 ), #307, .T. ) ;
#6210 = ORIENTED_EDGE ( 'NONE', *, *, #3621, .T. ) ;
#6211 = ORIENTED_EDGE ( 'NONE', *, *, #3983, .T. ) ;
#6212 = AXIS2_PLACEMENT_3D ( 'NONE', #4977, #6840, #4924 ) ;
#6213 = EDGE_LOOP ( 'NONE', ( #3635, #8286, #8776, #6551 ) ) ;
#6214 = VECTOR ( 'NONE', #4720, 1000.000000000000000 ) ;
#6215 = DIRECTION ( 'NONE',  ( 1.000000000000000000, 0.000000000000000000, -8.673617379884051249E-15 ) ) ;
#6216 = DIRECTION ( 'NONE',  ( -1.000000000000000000, 0.000000000000000000, 1.047444401652940007E-14 ) ) ;
#6217 = DIRECTION ( 'NONE',  ( 1.000000000000000000, 0.000000000000000000, -1.047444401652940007E-14 ) ) ;
#6218 = AXIS2_PLACEMENT_3D ( 'NONE', #3516, #5662, #940 ) ;
#6219 = UNCERTAINTY_MEASURE_WITH_UNIT (LENGTH_MEASURE( 1.000000000000000082E-05 ), #819, 'distance_accuracy_value', 'NONE');
#6220 = DIRECTION ( 'NONE',  ( -1.000000000000000000, 0.000000000000000000, 1.084202172485501594E-14 ) ) ;
#6221 = VERTEX_POINT ( 'NONE', #7836 ) ;
#6222 = LINE ( 'NONE', #2856, #6920 ) ;
#6223 = VERTEX_POINT ( 'NONE', #1834 ) ;
#6224 = CARTESIAN_POINT ( 'NONE',  ( 1.274999999999938849, -0.1699999999999992628, -5.800000000000013145 ) ) ;
#6225 = DIRECTION ( 'NONE',  ( -1.000000000000000000, 0.000000000000000000, 1.047444401652940007E-14 ) ) ;
#6226 = DIRECTION ( 'NONE',  ( 1.000000000000000000, 0.000000000000000000, -1.047444401652940007E-14 ) ) ;
#6227 = EDGE_CURVE ( 'NONE', #3522, #2633, #2422, .T. ) ;
#6228 = VECTOR ( 'NONE', #7594, 1000.000000000000000 ) ;
#6229 = FACE_OUTER_BOUND ( 'NONE', #3684, .T. ) ;
#6230 = AXIS2_PLACEMENT_3D ( 'NONE', #2806, #192, #1093 ) ;
#6231 = DIRECTION ( 'NONE',  ( 1.000000000000000000, 0.000000000000000000, -8.673617379884013384E-15 ) ) ;
#6232 = LINE ( 'NONE', #1522, #1948 ) ;
#6233 = ORIENTED_EDGE ( 'NONE', *, *, #5102, .T. ) ;
#6234 = VECTOR ( 'NONE', #4450, 1000.000000000000000 ) ;
#6235 = AXIS2_PLACEMENT_3D ( 'NONE', #1319, #7313, #3996 ) ;
#6236 = AXIS2_PLACEMENT_3D ( 'NONE', #6294, #963, #3677 ) ;
#6237 = ORIENTED_EDGE ( 'NONE', *, *, #368, .F. ) ;
#6238 = VERTEX_POINT ( 'NONE', #1166 ) ;
#6239 = VERTEX_POINT ( 'NONE', #4378 ) ;
#6240 = LINE ( 'NONE', #1653, #3507 ) ;
#6241 = CARTESIAN_POINT ( 'NONE',  ( 6.380000000000062066, 0.06000000000000066391, 6.049999999999933209 ) ) ;
#6242 = EDGE_CURVE ( 'NONE', #7379, #5801, #5034, .T. ) ;
#6243 = LINE ( 'NONE', #768, #2251 ) ;
#6244 = LINE ( 'NONE', #2254, #8175 ) ;
#6245 = MECHANICAL_DESIGN_GEOMETRIC_PRESENTATION_REPRESENTATION (  '', ( #5092 ), #2129 ) ;
#6246 = VECTOR ( 'NONE', #3900, 1000.000000000000000 ) ;
#6247 = EDGE_CURVE ( 'NONE', #6711, #822, #4970, .T. ) ;
#6248 = EDGE_LOOP ( 'NONE', ( #8729, #2183, #2763, #4032 ) ) ;
#6249 = ORIENTED_EDGE ( 'NONE', *, *, #3101, .F. ) ;
#6250 = AXIS2_PLACEMENT_3D ( 'NONE', #6173, #2623, #1949 ) ;
#6251 = AXIS2_PLACEMENT_3D ( 'NONE', #5733, #2986, #5646 ) ;
#6252 = ORIENTED_EDGE ( 'NONE', *, *, #3687, .F. ) ;
#6253 = LINE ( 'NONE', #208, #5388 ) ;
#6254 = DIRECTION ( 'NONE',  ( 1.000000000000000000, 0.000000000000000000, -1.047444401652940007E-14 ) ) ;
#6255 = FACE_OUTER_BOUND ( 'NONE', #8475, .T. ) ;
#6256 = DIRECTION ( 'NONE',  ( 0.000000000000000000, 1.000000000000000000, 0.000000000000000000 ) ) ;
#6257 = CARTESIAN_POINT ( 'NONE',  ( 0.8500000000000672573, 1.400000000000000799, 6.399999999999991473 ) ) ;
#6258 = FACE_OUTER_BOUND ( 'NONE', #5042, .T. ) ;
#6259 = ORIENTED_EDGE ( 'NONE', *, *, #3055, .F. ) ;
#6260 = CARTESIAN_POINT ( 'NONE',  ( 1.349999999999973888, 1.450000000000000844, -2.300000000000015365 ) ) ;
#6261 = ORIENTED_EDGE ( 'NONE', *, *, #343, .F. ) ;
#6262 = ORIENTED_EDGE ( 'NONE', *, *, #2230, .F. ) ;
#6263 = EDGE_CURVE ( 'NONE', #6418, #6280, #3082, .T. ) ;
#6264 = VERTEX_POINT ( 'NONE', #8511 ) ;
#6265 = CIRCLE ( 'NONE', #8667, 0.08000000000000020983 ) ;
#6266 = CARTESIAN_POINT ( 'NONE',  ( 12.50000000000006750, -0.2499999999999985012, 6.399999999999868905 ) ) ;
#6267 = PLANE ( 'NONE',  #1131 ) ;
#6268 = FACE_OUTER_BOUND ( 'NONE', #5762, .T. ) ;
#6269 = LINE ( 'NONE', #1424, #4252 ) ;
#6270 = VERTEX_POINT ( 'NONE', #7748 ) ;
#6271 = CARTESIAN_POINT ( 'NONE',  ( 1.195000000000060680, 1.370000000000000551, 5.799999999999988276 ) ) ;
#6272 = ORIENTED_EDGE ( 'NONE', *, *, #7484, .T. ) ;
#6273 = PLANE ( 'NONE',  #220 ) ;
#6274 = CARTESIAN_POINT ( 'NONE',  ( 11.99999999999993960, 1.599999999999996980, -5.800000000000127720 ) ) ;
#6275 = FACE_OUTER_BOUND ( 'NONE', #8214, .T. ) ;
#6276 = LINE ( 'NONE', #2760, #1411 ) ;
#6277 = LINE ( 'NONE', #195, #7904 ) ;
#6278 = ADVANCED_FACE ( 'NONE', ( #1708 ), #3724, .F. ) ;
#6279 = ORIENTED_EDGE ( 'NONE', *, *, #8702, .T. ) ;
#6280 = VERTEX_POINT ( 'NONE', #5119 ) ;
#6281 = ORIENTED_EDGE ( 'NONE', *, *, #3260, .F. ) ;
#6282 = ORIENTED_EDGE ( 'NONE', *, *, #7210, .F. ) ;
#6283 = DIRECTION ( 'NONE',  ( -1.047444401652940007E-14, -0.000000000000000000, -1.000000000000000000 ) ) ;
#6284 = FACE_OUTER_BOUND ( 'NONE', #3720, .T. ) ;
#6285 = DIRECTION ( 'NONE',  ( 1.047444401652940007E-14, 0.000000000000000000, 1.000000000000000000 ) ) ;
#6286 = DIRECTION ( 'NONE',  ( -1.000000000000000000, 0.000000000000000000, 1.047444401652940007E-14 ) ) ;
#6287 = VERTEX_POINT ( 'NONE', #2458 ) ;
#6288 = ORIENTED_EDGE ( 'NONE', *, *, #1414, .F. ) ;
#6289 = ORIENTED_EDGE ( 'NONE', *, *, #7854, .F. ) ;
#6290 = EDGE_CURVE ( 'NONE', #3409, #764, #4245, .T. ) ;
#6291 = CARTESIAN_POINT ( 'NONE',  ( 0.9000000000000403233, 1.850000000000000977, 4.349999999999992539 ) ) ;
#6292 = DIRECTION ( 'NONE',  ( 1.000802005371235700E-14, 0.000000000000000000, 1.000000000000000000 ) ) ;
#6293 = FACE_OUTER_BOUND ( 'NONE', #2010, .T. ) ;
#6294 = CARTESIAN_POINT ( 'NONE',  ( 2.720000000000043716, 1.730000000000000870, 4.149999999999974598 ) ) ;
#6295 = FACE_OUTER_BOUND ( 'NONE', #5354, .T. ) ;
#6296 = CARTESIAN_POINT ( 'NONE',  ( 2.425000000000055778, 1.650000000000000799, 5.799999999999974953 ) ) ;
#6297 = EDGE_LOOP ( 'NONE', ( #3044, #3679, #6961, #7979 ) ) ;
#6298 = DIRECTION ( 'NONE',  ( 1.000000000000000000, 0.000000000000000000, -8.673617379884051249E-15 ) ) ;
#6299 = EDGE_CURVE ( 'NONE', #6589, #2840, #840, .T. ) ;
#6300 = ORIENTED_EDGE ( 'NONE', *, *, #7511, .F. ) ;
#6301 = ORIENTED_EDGE ( 'NONE', *, *, #3287, .F. ) ;
#6302 = EDGE_CURVE ( 'NONE', #4897, #2724, #4389, .T. ) ;
#6303 = ORIENTED_EDGE ( 'NONE', *, *, #746, .F. ) ;
#6304 = ADVANCED_FACE ( 'NONE', ( #8431 ), #8588, .T. ) ;
#6305 = CLOSED_SHELL ( 'NONE', ( #1095, #4714, #2294, #4298, #7826, #6658 ) ) ;
#6306 = ADVANCED_FACE ( 'NONE', ( #1046 ), #6543, .T. ) ;
#6307 = DIRECTION ( 'NONE',  ( 1.047444401652940007E-14, -4.765723835101119333E-17, 1.000000000000000000 ) ) ;
#6308 = CARTESIAN_POINT ( 'NONE',  ( 1.370000000000062723, -0.3299999999999993494, 5.999999999999985789 ) ) ;
#6309 = CARTESIAN_POINT ( 'NONE',  ( 2.720000000000045937, 1.730000000000000870, 4.349999999999973888 ) ) ;
#6310 = UNCERTAINTY_MEASURE_WITH_UNIT (LENGTH_MEASURE( 1.000000000000000082E-05 ), #607, 'distance_accuracy_value', 'NONE');
#6311 = FACE_OUTER_BOUND ( 'NONE', #6373, .T. ) ;
#6312 = ORIENTED_EDGE ( 'NONE', *, *, #5351, .T. ) ;
#6313 = DIRECTION ( 'NONE',  ( 3.562796849662422407E-30, -1.000000000000000000, 3.401418580346681312E-16 ) ) ;
#6314 = EDGE_LOOP ( 'NONE', ( #7695, #7578, #2247, #6881 ) ) ;
#6315 = LINE ( 'NONE', #231, #1036 ) ;
#6316 = FACE_OUTER_BOUND ( 'NONE', #1988, .T. ) ;
#6317 = LINE ( 'NONE', #2194, #2515 ) ;
#6318 = ADVANCED_FACE ( 'NONE', ( #1008 ), #5199, .T. ) ;
#6319 = CARTESIAN_POINT ( 'NONE',  ( 6.479999999999951577, -3.000000000000000444, -4.500000000000068390 ) ) ;
#6320 = DIRECTION ( 'NONE',  ( -1.047444401652940007E-14, 0.000000000000000000, -1.000000000000000000 ) ) ;
#6321 = ORIENTED_EDGE ( 'NONE', *, *, #7113, .F. ) ;
#6322 = VECTOR ( 'NONE', #670, 1000.000000000000000 ) ;
#6323 = EDGE_LOOP ( 'NONE', ( #5184, #6058, #3994, #7871 ) ) ;
#6324 = EDGE_LOOP ( 'NONE', ( #3778, #5236, #5493, #953 ) ) ;
#6325 = VERTEX_POINT ( 'NONE', #3756 ) ;
#6326 = CARTESIAN_POINT ( 'NONE',  ( 11.99999999999994493, 2.300000000000000711, -5.250000000000123457 ) ) ;
#6327 = CARTESIAN_POINT ( 'NONE',  ( 6.360000000000062492, -0.2899999999999982592, 6.049999999999933209 ) ) ;
#6328 = CYLINDRICAL_SURFACE ( 'NONE', #7204, 0.07999999999999998779 ) ;
#6329 = DIRECTION ( 'NONE',  ( 0.000000000000000000, -1.000000000000000000, 0.000000000000000000 ) ) ;
#6330 = CIRCLE ( 'NONE', #2486, 0.08000000000000020983 ) ;
#6331 =( NAMED_UNIT ( * ) SI_UNIT ( $, .STERADIAN. ) SOLID_ANGLE_UNIT ( ) );
#6332 = VERTEX_POINT ( 'NONE', #5842 ) ;
#6333 = ORIENTED_EDGE ( 'NONE', *, *, #2665, .F. ) ;
#6334 = EDGE_CURVE ( 'NONE', #6874, #2931, #341, .T. ) ;
#6335 = CIRCLE ( 'NONE', #2495, 0.07999999999999998779 ) ;
#6336 = CARTESIAN_POINT ( 'NONE',  ( 9.400000000000058975, -0.2499999999999986955, 5.799999999999902123 ) ) ;
#6337 = FACE_OUTER_BOUND ( 'NONE', #1245, .T. ) ;
#6338 = FACE_OUTER_BOUND ( 'NONE', #3582, .T. ) ;
#6339 = EDGE_CURVE ( 'NONE', #2383, #8741, #5752, .T. ) ;
#6340 = DIRECTION ( 'NONE',  ( -1.000000000000000000, 0.000000000000000000, 1.047444401652940007E-14 ) ) ;
#6341 = DIRECTION ( 'NONE',  ( 1.060996928809008812E-14, 0.000000000000000000, 1.000000000000000000 ) ) ;
#6342 = DIRECTION ( 'NONE',  ( -1.000000000000000000, 0.000000000000000000, 1.047444401652940007E-14 ) ) ;
#6343 = VECTOR ( 'NONE', #59, 1000.000000000000000 ) ;
#6344 = ORIENTED_EDGE ( 'NONE', *, *, #4356, .T. ) ;
#6345 = VERTEX_POINT ( 'NONE', #5074 ) ;
#6346 = VECTOR ( 'NONE', #4775, 1000.000000000000000 ) ;
#6347 = ORIENTED_EDGE ( 'NONE', *, *, #6975, .T. ) ;
#6348 = ORIENTED_EDGE ( 'NONE', *, *, #1686, .F. ) ;
#6349 = CIRCLE ( 'NONE', #7467, 0.07999999999999998779 ) ;
#6350 = EDGE_CURVE ( 'NONE', #6138, #3730, #5155, .T. ) ;
#6351 = LINE ( 'NONE', #5010, #1833 ) ;
#6352 = VECTOR ( 'NONE', #4539, 1000.000000000000000 ) ;
#6353 = CARTESIAN_POINT ( 'NONE',  ( 2.329999999999935678, -0.3300000000000048450, -6.000000000000023981 ) ) ;
#6354 = FACE_OUTER_BOUND ( 'NONE', #8115, .T. ) ;
#6355 = EDGE_CURVE ( 'NONE', #8474, #2267, #16, .T. ) ;
#6356 = DIRECTION ( 'NONE',  ( 1.000000000000000000, 0.000000000000000000, -8.673617379884013384E-15 ) ) ;
#6357 = VERTEX_POINT ( 'NONE', #4016 ) ;
#6358 = CARTESIAN_POINT ( 'NONE',  ( 11.94042104365668955, 2.300000000000000711, -5.450000000000127187 ) ) ;
#6359 = VECTOR ( 'NONE', #1328, 1000.000000000000000 ) ;
#6360 = VECTOR ( 'NONE', #8051, 1000.000000000000000 ) ;
#6361 = ORIENTED_EDGE ( 'NONE', *, *, #1913, .T. ) ;
#6362 = CARTESIAN_POINT ( 'NONE',  ( 0.6500000000000405453, 1.850000000000000977, 4.349999999999995204 ) ) ;
#6363 = CARTESIAN_POINT ( 'NONE',  ( 0.5000000000000202061, 2.260000000000000231, 1.926136028425817548 ) ) ;
#6364 = LINE ( 'NONE', #5262, #4223 ) ;
#6365 = AXIS2_PLACEMENT_3D ( 'NONE', #7565, #4892, #6940 ) ;
#6366 = AXIS2_PLACEMENT_3D ( 'NONE', #2637, #5335, #8052 ) ;
#6367 = LINE ( 'NONE', #5704, #7928 ) ;
#6368 = VECTOR ( 'NONE', #7249, 1000.000000000000000 ) ;
#6369 = LINE ( 'NONE', #7855, #7515 ) ;
#6370 = CARTESIAN_POINT ( 'NONE',  ( 2.344999999999934914, -0.1700000000000047862, -5.800000000000024691 ) ) ;
#6371 = EDGE_LOOP ( 'NONE', ( #8019, #1577, #3163, #3182 ) ) ;
#6372 = EDGE_LOOP ( 'NONE', ( #5134, #7480, #2181, #5930 ) ) ;
#6373 = EDGE_LOOP ( 'NONE', ( #6393, #4553, #1100, #2603, #2028, #1742, #4437 ) ) ;
#6374 = AXIS2_PLACEMENT_3D ( 'NONE', #975, #4433, #1021 ) ;
#6375 = CIRCLE ( 'NONE', #2535, 1.800000000000000266 ) ;
#6376 = DIRECTION ( 'NONE',  ( 1.047444401652940007E-14, 0.000000000000000000, 1.000000000000000000 ) ) ;
#6377 = DIRECTION ( 'NONE',  ( 1.047444401652940007E-14, 0.000000000000000000, 1.000000000000000000 ) ) ;
#6378 = DIRECTION ( 'NONE',  ( 1.000000000000000000, 0.000000000000000000, -1.047444401652940007E-14 ) ) ;
#6379 = DIRECTION ( 'NONE',  ( -9.854899917966253548E-15, -0.000000000000000000, -1.000000000000000000 ) ) ;
#6380 = AXIS2_PLACEMENT_3D ( 'NONE', #1785, #7215, #1665 ) ;
#6381 = VECTOR ( 'NONE', #7261, 1000.000000000000000 ) ;
#6382 = VERTEX_POINT ( 'NONE', #8724 ) ;
#6383 = ORIENTED_EDGE ( 'NONE', *, *, #8311, .T. ) ;
#6384 = VECTOR ( 'NONE', #7856, 1000.000000000000000 ) ;
#6385 = AXIS2_PLACEMENT_3D ( 'NONE', #3064, #1106, #2328 ) ;
#6386 = CARTESIAN_POINT ( 'NONE',  ( 6.479999999999948024, -0.2500000000000003331, -4.850000000000067146 ) ) ;
#6387 = VECTOR ( 'NONE', #8416, 1000.000000000000000 ) ;
#6388 = PLANE ( 'NONE',  #2517 ) ;
#6389 = CARTESIAN_POINT ( 'NONE',  ( 7.985000000000050946, 2.300000000000000711, 5.249999999999914735 ) ) ;
#6390 = EDGE_CURVE ( 'NONE', #5891, #893, #4758, .T. ) ;
#6391 = CARTESIAN_POINT ( 'NONE',  ( 8.799999999999959854, -0.2899999999999954281, -5.100000000000090239 ) ) ;
#6392 = ORIENTED_EDGE ( 'NONE', *, *, #5363, .F. ) ;
#6393 = ORIENTED_EDGE ( 'NONE', *, *, #4495, .F. ) ;
#6394 = VECTOR ( 'NONE', #2026, 1000.000000000000000 ) ;
#6395 = EDGE_CURVE ( 'NONE', #1164, #5016, #4946, .T. ) ;
#6396 = VERTEX_POINT ( 'NONE', #3880 ) ;
#6397 = VECTOR ( 'NONE', #1886, 1000.000000000000000 ) ;
#6398 = ORIENTED_EDGE ( 'NONE', *, *, #700, .F. ) ;
#6399 = VECTOR ( 'NONE', #1541, 1000.000000000000000 ) ;
#6400 = DIRECTION ( 'NONE',  ( 1.047444401652940007E-14, 0.000000000000000000, 1.000000000000000000 ) ) ;
#6401 = FACE_OUTER_BOUND ( 'NONE', #2953, .T. ) ;
#6402 = CARTESIAN_POINT ( 'NONE',  ( 6.630000000000057625, -0.04000000000000018124, 5.799999999999931433 ) ) ;
#6403 = PLANE ( 'NONE',  #4964 ) ;
#6404 = VERTEX_POINT ( 'NONE', #2731 ) ;
#6405 = DIRECTION ( 'NONE',  ( 1.000000000000000000, 0.000000000000000000, -1.047444401652940007E-14 ) ) ;
#6406 = ORIENTED_EDGE ( 'NONE', *, *, #555, .F. ) ;
#6407 = VECTOR ( 'NONE', #2759, 1000.000000000000000 ) ;
#6408 = LINE ( 'NONE', #1688, #4740 ) ;
#6409 = ADVANCED_FACE ( 'NONE', ( #6050 ), #5332, .T. ) ;
#6410 = DIRECTION ( 'NONE',  ( 1.000000000000000000, -0.000000000000000000, -1.047444401652940007E-14 ) ) ;
#6411 = CARTESIAN_POINT ( 'NONE',  ( 12.50000000000005151, -0.2499999999999988065, 4.799999999999868372 ) ) ;
#6412 = LINE ( 'NONE', #3528, #6387 ) ;
#6413 = SURFACE_STYLE_USAGE ( .BOTH. , #3826 ) ;
#6414 = VECTOR ( 'NONE', #719, 1000.000000000000000 ) ;
#6415 = CYLINDRICAL_SURFACE ( 'NONE', #7477, 0.09999999999999982514 ) ;
#6416 = ORIENTED_EDGE ( 'NONE', *, *, #4759, .T. ) ;
#6417 = EDGE_CURVE ( 'NONE', #2550, #8508, #6714, .T. ) ;
#6418 = VERTEX_POINT ( 'NONE', #626 ) ;
#6419 = FACE_OUTER_BOUND ( 'NONE', #6163, .T. ) ;
#6420 = DIRECTION ( 'NONE',  ( 1.047444401652940007E-14, 0.000000000000000000, 1.000000000000000000 ) ) ;
#6421 = CARTESIAN_POINT ( 'NONE',  ( 8.289999999999956515, 0.8749999999999968914, -4.850000000000086686 ) ) ;
#6422 = CARTESIAN_POINT ( 'NONE',  ( 1.275000000000062528, -0.1699999999999992628, 5.999999999999986677 ) ) ;
#6423 = ADVANCED_FACE ( 'NONE', ( #4719 ), #6103, .T. ) ;
#6424 = ORIENTED_EDGE ( 'NONE', *, *, #3413, .F. ) ;
#6425 = ORIENTED_EDGE ( 'NONE', *, *, #682, .F. ) ;
#6426 = DIRECTION ( 'NONE',  ( 1.047444401652940007E-14, 0.000000000000000000, 1.000000000000000000 ) ) ;
#6427 = DIRECTION ( 'NONE',  ( -1.047444401652940007E-14, 0.000000000000000000, -1.000000000000000000 ) ) ;
#6428 = PLANE ( 'NONE',  #6062 ) ;
#6429 = ADVANCED_FACE ( 'NONE', ( #1965 ), #676, .T. ) ;
#6430 = CARTESIAN_POINT ( 'NONE',  ( 5.130000000000061178, 0.05999999999999996309, 6.049999999999945643 ) ) ;
#6431 =( LENGTH_UNIT ( ) NAMED_UNIT ( * ) SI_UNIT ( .MILLI., .METRE. ) );
#6432 = ORIENTED_EDGE ( 'NONE', *, *, #4613, .F. ) ;
#6433 = VERTEX_POINT ( 'NONE', #3973 ) ;
#6434 = EDGE_LOOP ( 'NONE', ( #1919, #1554, #4716, #4335 ) ) ;
#6435 = ORIENTED_EDGE ( 'NONE', *, *, #6851, .T. ) ;
#6436 = CARTESIAN_POINT ( 'NONE',  ( 6.729999999999944471, 1.059999999999999387, -5.100000000000068923 ) ) ;
#6437 = DIRECTION ( 'NONE',  ( 1.000000000000000000, 0.000000000000000000, -1.084202172485501594E-14 ) ) ;
#6438 = DIRECTION ( 'NONE',  ( -1.000000000000000000, 0.000000000000000000, 8.673617379884013384E-15 ) ) ;
#6439 = DIRECTION ( 'NONE',  ( -1.000000000000000000, 0.000000000000000000, 1.047444401652940007E-14 ) ) ;
#6440 = ORIENTED_EDGE ( 'NONE', *, *, #3634, .T. ) ;
#6441 = VERTEX_POINT ( 'NONE', #6581 ) ;
#6442 = DIRECTION ( 'NONE',  ( -1.000000000000000000, 0.000000000000000000, 1.047444401652940007E-14 ) ) ;
#6443 = PLANE ( 'NONE',  #6385 ) ;
#6444 = LINE ( 'NONE', #7822, #2131 ) ;
#6445 = EDGE_CURVE ( 'NONE', #6057, #8263, #498, .T. ) ;
#6446 = PRESENTATION_STYLE_ASSIGNMENT (( #7782 ) ) ;
#6447 = DIRECTION ( 'NONE',  ( -1.047444401652940007E-14, -0.000000000000000000, -1.000000000000000000 ) ) ;
#6448 = EDGE_CURVE ( 'NONE', #997, #1044, #8636, .T. ) ;
#6449 = ORIENTED_EDGE ( 'NONE', *, *, #5824, .T. ) ;
#6450 = ORIENTED_EDGE ( 'NONE', *, *, #29, .F. ) ;
#6451 = LINE ( 'NONE', #3159, #1831 ) ;
#6452 = CARTESIAN_POINT ( 'NONE',  ( 6.280000000000057980, 0.6600000000000001421, 5.799999999999934985 ) ) ;
#6453 = DIRECTION ( 'NONE',  ( -8.739720540552594549E-15, 0.000000000000000000, -1.000000000000000000 ) ) ;
#6454 = CARTESIAN_POINT ( 'NONE',  ( -1.200000000000006395, 3.299999999999999822, -0.5749999999999877431 ) ) ;
#6455 = EDGE_CURVE ( 'NONE', #4683, #7893, #4678, .T. ) ;
#6456 = EDGE_CURVE ( 'NONE', #6060, #2145, #5429, .T. ) ;
#6457 = VERTEX_POINT ( 'NONE', #6675 ) ;
#6458 = EDGE_CURVE ( 'NONE', #1203, #1435, #3204, .T. ) ;
#6459 = VERTEX_POINT ( 'NONE', #7294 ) ;
#6460 = CARTESIAN_POINT ( 'NONE',  ( 4.471067811865474972, 0.000000000000000000, -4.683194948949152093E-14 ) ) ;
#6461 = CARTESIAN_POINT ( 'NONE',  ( 9.299999999999966960, -1.399999999999999245, -4.000000000000097700 ) ) ;
#6462 = PLANE ( 'NONE',  #5341 ) ;
#6463 = DIRECTION ( 'NONE',  ( -1.000000000000000000, 0.000000000000000000, 1.047444401652940007E-14 ) ) ;
#6464 = FACE_OUTER_BOUND ( 'NONE', #2373, .T. ) ;
#6465 = DIRECTION ( 'NONE',  ( -1.047444401652940007E-14, 0.000000000000000000, -1.000000000000000000 ) ) ;
#6466 = VERTEX_POINT ( 'NONE', #5291 ) ;
#6467 = EDGE_LOOP ( 'NONE', ( #2498, #7175, #8592, #1946 ) ) ;
#6468 = EDGE_CURVE ( 'NONE', #7852, #2795, #1207, .T. ) ;
#6469 = ORIENTED_EDGE ( 'NONE', *, *, #917, .T. ) ;
#6470 = ORIENTED_EDGE ( 'NONE', *, *, #4190, .T. ) ;
#6471 = ADVANCED_FACE ( 'NONE', ( #544 ), #590, .F. ) ;
#6472 = EDGE_CURVE ( 'NONE', #6466, #619, #4627, .T. ) ;
#6473 = FACE_OUTER_BOUND ( 'NONE', #1171, .T. ) ;
#6474 = FACE_OUTER_BOUND ( 'NONE', #8056, .T. ) ;
#6475 = VECTOR ( 'NONE', #8081, 1000.000000000000000 ) ;
#6476 = LINE ( 'NONE', #6979, #4915 ) ;
#6477 = DIRECTION ( 'NONE',  ( -0.000000000000000000, -1.000000000000000000, -0.000000000000000000 ) ) ;
#6478 = VERTEX_POINT ( 'NONE', #1391 ) ;
#6479 = VECTOR ( 'NONE', #8426, 1000.000000000000000 ) ;
#6480 = ORIENTED_EDGE ( 'NONE', *, *, #962, .T. ) ;
#6481 = PRESENTATION_STYLE_ASSIGNMENT (( #989 ) ) ;
#6482 = CARTESIAN_POINT ( 'NONE',  ( 3.050000000000043343, 1.450000000000000844, 4.149999999999971045 ) ) ;
#6483 = VECTOR ( 'NONE', #1374, 1000.000000000000000 ) ;
#6484 = FILL_AREA_STYLE ('',( #4442 ) ) ;
#6485 = AXIS2_PLACEMENT_3D ( 'NONE', #4205, #8297, #6866 ) ;
#6486 = CYLINDRICAL_SURFACE ( 'NONE', #4085, 0.09999999999999982514 ) ;
#6487 = ORIENTED_EDGE ( 'NONE', *, *, #677, .F. ) ;
#6488 = AXIS2_PLACEMENT_3D ( 'NONE', #6568, #6447, #1155 ) ;
#6489 = ORIENTED_EDGE ( 'NONE', *, *, #3719, .F. ) ;
#6490 = CIRCLE ( 'NONE', #6750, 0.3999999999999993006 ) ;
#6491 = DIRECTION ( 'NONE',  ( -1.047444401652940007E-14, 0.000000000000000000, -1.000000000000000000 ) ) ;
#6492 = VECTOR ( 'NONE', #409, 1000.000000000000000 ) ;
#6493 = DIRECTION ( 'NONE',  ( -1.000000000000000000, 0.000000000000000000, 1.047444401652940007E-14 ) ) ;
#6494 = DIRECTION ( 'NONE',  ( -1.047444401652940007E-14, 0.000000000000000000, -1.000000000000000000 ) ) ;
#6495 = DIRECTION ( 'NONE',  ( 0.9446736642347828283, 0.000000000000000000, -0.3280116889704217664 ) ) ;
#6496 = VERTEX_POINT ( 'NONE', #4290 ) ;
#6497 = EDGE_LOOP ( 'NONE', ( #2748, #3250, #6252, #5772 ) ) ;
#6498 = VERTEX_POINT ( 'NONE', #5667 ) ;
#6499 = DIRECTION ( 'NONE',  ( 1.084202172485501594E-14, 0.000000000000000000, 1.000000000000000000 ) ) ;
#6500 = DIRECTION ( 'NONE',  ( 1.000000000000000000, -5.575896887068300516E-15, -1.047444401652940007E-14 ) ) ;
#6501 = EDGE_CURVE ( 'NONE', #2931, #1825, #4103, .T. ) ;
#6502 = FACE_OUTER_BOUND ( 'NONE', #6588, .T. ) ;
#6503 = DIRECTION ( 'NONE',  ( 1.047444401652940007E-14, 0.000000000000000000, 1.000000000000000000 ) ) ;
#6504 = VECTOR ( 'NONE', #6810, 1000.000000000000000 ) ;
#6505 = VECTOR ( 'NONE', #1304, 1000.000000000000000 ) ;
#6506 = AXIS2_PLACEMENT_3D ( 'NONE', #435, #7228, #5301 ) ;
#6507 = LINE ( 'NONE', #7877, #7358 ) ;
#6508 = ORIENTED_EDGE ( 'NONE', *, *, #827, .T. ) ;
#6509 = ORIENTED_EDGE ( 'NONE', *, *, #3746, .F. ) ;
#6510 = VERTEX_POINT ( 'NONE', #4152 ) ;
#6511 = AXIS2_PLACEMENT_3D ( 'NONE', #6411, #4358, #5019 ) ;
#6513 = ORIENTED_EDGE ( 'NONE', *, *, #805, .T. ) ;
#6512 = CIRCLE ( 'NONE', #2688, 1.800000000000000266 ) ;
#6514 = EDGE_CURVE ( 'NONE', #6060, #2045, #3437, .T. ) ;
#6515 = DIRECTION ( 'NONE',  ( 1.049964209143856751E-14, 0.000000000000000000, 1.000000000000000000 ) ) ;
#6516 = LINE ( 'NONE', #8444, #8510 ) ;
#6517 = CARTESIAN_POINT ( 'NONE',  ( 5.380000000000058513, 0.5599999999999992761, 5.799999999999943867 ) ) ;
#6518 = AXIS2_PLACEMENT_3D ( 'NONE', #1284, #4003, #6702 ) ;
#6519 = VECTOR ( 'NONE', #2521, 1000.000000000000000 ) ;
#6520 = CARTESIAN_POINT ( 'NONE',  ( 5.380000000000058513, 0.5599999999999992761, 5.799999999999943867 ) ) ;
#6521 = DIRECTION ( 'NONE',  ( -1.000000000000000000, 0.000000000000000000, 8.673617379884013384E-15 ) ) ;
#6522 = EDGE_CURVE ( 'NONE', #6991, #588, #726, .T. ) ;
#6523 = ORIENTED_EDGE ( 'NONE', *, *, #3791, .F. ) ;
#6524 = EDGE_LOOP ( 'NONE', ( #5031, #196, #180, #370 ) ) ;
#6525 = VERTEX_POINT ( 'NONE', #2162 ) ;
#6526 = VECTOR ( 'NONE', #7258, 1000.000000000000000 ) ;
#6527 = CARTESIAN_POINT ( 'NONE',  ( 1.550000000000007594, 2.260000000000000675, 0.6999999999999859668 ) ) ;
#6528 = CARTESIAN_POINT ( 'NONE',  ( 1.550000000000070877, 2.510000000000001119, 6.749999999999984901 ) ) ;
#6529 = CARTESIAN_POINT ( 'NONE',  ( 11.90000000000006075, -1.560703055139993412, 5.999999999999875655 ) ) ;
#6530 = CARTESIAN_POINT ( 'NONE',  ( 0.9999999999999317213, 1.399999999999999023, -6.400000000000011013 ) ) ;
#6531 = ORIENTED_EDGE ( 'NONE', *, *, #5524, .T. ) ;
#6532 = ORIENTED_EDGE ( 'NONE', *, *, #1229, .T. ) ;
#6533 = PLANE ( 'NONE',  #1127 ) ;
#6534 = CARTESIAN_POINT ( 'NONE',  ( 1.224999999999933031, -3.000000000000001776, -6.400000000000013678 ) ) ;
#6535 = FACE_OUTER_BOUND ( 'NONE', #4684, .T. ) ;
#6536 = CARTESIAN_POINT ( 'NONE',  ( 1.195000000000062679, 1.450000000000000844, 5.999999999999987566 ) ) ;
#6537 = VECTOR ( 'NONE', #7293, 1000.000000000000000 ) ;
#6538 = ADVANCED_FACE ( 'NONE', ( #8380 ), #767, .F. ) ;
#6539 = ORIENTED_EDGE ( 'NONE', *, *, #2779, .T. ) ;
#6540 = ORIENTED_EDGE ( 'NONE', *, *, #583, .T. ) ;
#6541 = ORIENTED_EDGE ( 'NONE', *, *, #7050, .F. ) ;
#6542 = DIRECTION ( 'NONE',  ( -1.047444401652940007E-14, 0.000000000000000000, -1.000000000000000000 ) ) ;
#6543 = PLANE ( 'NONE',  #6789 ) ;
#6544 = DIRECTION ( 'NONE',  ( -1.047444401652940007E-14, -2.168404344971010594E-16, -1.000000000000000000 ) ) ;
#6545 = CARTESIAN_POINT ( 'NONE',  ( 0.4999999999999877320, 2.259999999999999787, -1.165277777777783186 ) ) ;
#6546 = CARTESIAN_POINT ( 'NONE',  ( 6.279999999999939853, -1.600703055139993669, -5.650000000000066969 ) ) ;
#6547 = ORIENTED_EDGE ( 'NONE', *, *, #385, .F. ) ;
#6548 = ORIENTED_EDGE ( 'NONE', *, *, #6576, .F. ) ;
#6550 = VERTEX_POINT ( 'NONE', #2914 ) ;
#6549 = ADVANCED_FACE ( 'NONE', ( #2102 ), #57, .F. ) ;
#6551 = ORIENTED_EDGE ( 'NONE', *, *, #2511, .T. ) ;
#6552 = ADVANCED_FACE ( 'NONE', ( #1583 ), #908, .T. ) ;
#6553 = LINE ( 'NONE', #7268, #4248 ) ;
#6554 = ADVANCED_FACE ( 'NONE', ( #8244 ), #6856, .F. ) ;
#6555 =( NAMED_UNIT ( * ) PLANE_ANGLE_UNIT ( ) SI_UNIT ( $, .RADIAN. ) );
#6556 = DIRECTION ( 'NONE',  ( 1.047444401652940007E-14, 0.000000000000000000, 1.000000000000000000 ) ) ;
#6557 = CARTESIAN_POINT ( 'NONE',  ( 7.935000000000060005, -3.000000000000000000, 5.799999999999917222 ) ) ;
#6558 = CARTESIAN_POINT ( 'NONE',  ( -1.199999999999993960, 1.949999999999999956, 0.5750000000000123901 ) ) ;
#6559 = VERTEX_POINT ( 'NONE', #6327 ) ;
#6560 = EDGE_CURVE ( 'NONE', #822, #5444, #6897, .T. ) ;
#6561 = EDGE_CURVE ( 'NONE', #6708, #1415, #8217, .T. ) ;
#6562 = ORIENTED_EDGE ( 'NONE', *, *, #8265, .F. ) ;
#6563 = ORIENTED_EDGE ( 'NONE', *, *, #5543, .F. ) ;
#6564 = LINE ( 'NONE', #478, #993 ) ;
#6565 = DIRECTION ( 'NONE',  ( -1.000000000000000000, 0.000000000000000000, 1.047444401652940007E-14 ) ) ;
#6566 = CARTESIAN_POINT ( 'NONE',  ( 3.874999999999940492, 2.510000000000001119, -5.700000000000041922 ) ) ;
#6567 = DIRECTION ( 'NONE',  ( -1.000000000000000000, 0.000000000000000000, 1.047444401652940007E-14 ) ) ;
#6568 = CARTESIAN_POINT ( 'NONE',  ( 5.480000000000060822, 0.5599999999999999423, 6.049999999999942979 ) ) ;
#6569 = ORIENTED_EDGE ( 'NONE', *, *, #3173, .F. ) ;
#6570 = ORIENTED_EDGE ( 'NONE', *, *, #3718, .F. ) ;
#6571 = EDGE_CURVE ( 'NONE', #2332, #3091, #7649, .T. ) ;
#6572 = DIRECTION ( 'NONE',  ( -1.000000000000000000, 0.000000000000000000, 1.047444401652940007E-14 ) ) ;
#6573 = DIRECTION ( 'NONE',  ( 0.000000000000000000, 1.000000000000000000, 0.000000000000000000 ) ) ;
#6574 = DIRECTION ( 'NONE',  ( -1.155864618901490608E-14, 0.000000000000000000, -1.000000000000000000 ) ) ;
#6575 = DIRECTION ( 'NONE',  ( 1.049964209143856751E-14, 0.000000000000000000, 1.000000000000000000 ) ) ;
#6576 = EDGE_CURVE ( 'NONE', #3419, #262, #1814, .T. ) ;
#6577 = ORIENTED_EDGE ( 'NONE', *, *, #2970, .T. ) ;
#6578 = VERTEX_POINT ( 'NONE', #4855 ) ;
#6579 = ORIENTED_EDGE ( 'NONE', *, *, #1455, .F. ) ;
#6580 = DIRECTION ( 'NONE',  ( 1.000000000000000000, 0.000000000000000000, -1.084202172485506327E-14 ) ) ;
#6581 = CARTESIAN_POINT ( 'NONE',  ( 0.4999999999999798495, 2.259999999999999343, -1.926136028425828428 ) ) ;
#6582 = CARTESIAN_POINT ( 'NONE',  ( 1.225000000000066924, 1.400000000000001021, 6.399999999999987921 ) ) ;
#6583 = CARTESIAN_POINT ( 'NONE',  ( 11.99999999999995026, -0.2500000000000003331, -4.850000000000124878 ) ) ;
#6584 = CARTESIAN_POINT ( 'NONE',  ( 6.729999999999958682, 2.260000000000000675, -4.700000000000069456 ) ) ;
#6585 = ORIENTED_EDGE ( 'NONE', *, *, #8525, .T. ) ;
#6586 = ORIENTED_EDGE ( 'NONE', *, *, #7609, .F. ) ;
#6587 = EDGE_CURVE ( 'NONE', #4538, #128, #7571, .T. ) ;
#6588 = EDGE_LOOP ( 'NONE', ( #4411, #456, #1305, #8519, #6548, #7905, #8693, #3981, #2563, #6942, #5307, #8548, #6279, #4136, #451, #2339 ) ) ;
#6589 = VERTEX_POINT ( 'NONE', #6241 ) ;
#6590 = VECTOR ( 'NONE', #2592, 1000.000000000000000 ) ;
#6591 = EDGE_CURVE ( 'NONE', #2179, #1744, #159, .T. ) ;
#6592 = CYLINDRICAL_SURFACE ( 'NONE', #2110, 1.900000000000000355 ) ;
#6593 = PLANE ( 'NONE',  #8756 ) ;
#6594 = CARTESIAN_POINT ( 'NONE',  ( 12.50000000000005151, -0.2499999999999988065, 4.799999999999868372 ) ) ;
#6595 = CARTESIAN_POINT ( 'NONE',  ( 1.450000000000060574, -1.399999999999999467, 5.799999999999984723 ) ) ;
#6596 = LINE ( 'NONE', #7184, #3068 ) ;
#6597 = DIRECTION ( 'NONE',  ( 1.000000000000000000, 0.000000000000000000, -1.047444401652940007E-14 ) ) ;
#6598 = ORIENTED_EDGE ( 'NONE', *, *, #3705, .F. ) ;
#6599 = ORIENTED_EDGE ( 'NONE', *, *, #4438, .F. ) ;
#6600 = ORIENTED_EDGE ( 'NONE', *, *, #7131, .F. ) ;
#6601 = EDGE_CURVE ( 'NONE', #197, #8009, #2873, .T. ) ;
#6602 = AXIS2_PLACEMENT_3D ( 'NONE', #6529, #6031, #3153 ) ;
#6603 = ADVANCED_FACE ( 'NONE', ( #6284 ), #5618, .T. ) ;
#6604 = DIRECTION ( 'NONE',  ( -1.419551869787370853E-30, 1.000000000000000000, -1.355252715606880296E-16 ) ) ;
#6605 = DIRECTION ( 'NONE',  ( -1.000000000000000000, 0.000000000000000000, 1.047444401652940007E-14 ) ) ;
#6606 = PLANE ( 'NONE',  #6602 ) ;
#6607 = DIRECTION ( 'NONE',  ( -1.047444401652940007E-14, 4.765723835101119949E-17, -1.000000000000000000 ) ) ;
#6608 = DIRECTION ( 'NONE',  ( -1.000000000000000000, 0.000000000000000000, 1.047444401652940007E-14 ) ) ;
#6609 = AXIS2_PLACEMENT_3D ( 'NONE', #1072, #2417, #7911 ) ;
#6610 = VECTOR ( 'NONE', #3222, 1000.000000000000000 ) ;
#6611 = ORIENTED_EDGE ( 'NONE', *, *, #302, .F. ) ;
#6612 = EDGE_LOOP ( 'NONE', ( #6948, #3095, #8168, #3171 ) ) ;
#6613 = DIRECTION ( 'NONE',  ( 1.084202172485501594E-14, 0.000000000000000000, 1.000000000000000000 ) ) ;
#6614 = FACE_OUTER_BOUND ( 'NONE', #7167, .T. ) ;
#6615 = VECTOR ( 'NONE', #1241, 1000.000000000000000 ) ;
#6616 = CARTESIAN_POINT ( 'NONE',  ( 2.800000000000062883, 1.450000000000000844, 5.999999999999970690 ) ) ;
#6617 = VECTOR ( 'NONE', #243, 1000.000000000000000 ) ;
#6618 = DIRECTION ( 'NONE',  ( -1.047444401652940007E-14, -0.000000000000000000, -1.000000000000000000 ) ) ;
#6619 = VERTEX_POINT ( 'NONE', #336 ) ;
#6620 = ADVANCED_FACE ( 'NONE', ( #2451 ), #5786, .T. ) ;
#6621 = AXIS2_PLACEMENT_3D ( 'NONE', #8083, #8027, #5277 ) ;
#6622 = ORIENTED_EDGE ( 'NONE', *, *, #8155, .F. ) ;
#6623 = AXIS2_PLACEMENT_3D ( 'NONE', #4120, #2608, #3351 ) ;
#6624 = EDGE_LOOP ( 'NONE', ( #4839, #6123, #7916, #4873 ) ) ;
#6625 = AXIS2_PLACEMENT_3D ( 'NONE', #1081, #7216, #8685 ) ;
#6626 = ORIENTED_EDGE ( 'NONE', *, *, #4875, .T. ) ;
#6627 = FACE_OUTER_BOUND ( 'NONE', #6099, .T. ) ;
#6628 = DIRECTION ( 'NONE',  ( -1.047444401652940007E-14, 0.000000000000000000, -1.000000000000000000 ) ) ;
#6629 = DIRECTION ( 'NONE',  ( 1.000000000000000000, 0.000000000000000000, -1.059491092458334483E-14 ) ) ;
#6630 = LINE ( 'NONE', #3388, #6343 ) ;
#6631 = CIRCLE ( 'NONE', #8621, 0.3999999999999993006 ) ;
#6632 = CARTESIAN_POINT ( 'NONE',  ( 9.249999999999960920, -3.000000000000000444, -4.500000000000097700 ) ) ;
#6633 = ORIENTED_EDGE ( 'NONE', *, *, #5866, .T. ) ;
#6634 = VERTEX_POINT ( 'NONE', #8499 ) ;
#6635 = ORIENTED_EDGE ( 'NONE', *, *, #484, .F. ) ;
#6636 = VECTOR ( 'NONE', #8065, 1000.000000000000000 ) ;
#6637 = ADVANCED_FACE ( 'NONE', ( #2415 ), #8579, .F. ) ;
#6638 = CARTESIAN_POINT ( 'NONE',  ( 12.00000000000004796, -2.260000000000001119, 4.499999999999873879 ) ) ;
#6639 = AXIS2_PLACEMENT_3D ( 'NONE', #6819, #121, #5397 ) ;
#6640 = LINE ( 'NONE', #4729, #112 ) ;
#6641 = LINE ( 'NONE', #8064, #421 ) ;
#6642 = CARTESIAN_POINT ( 'NONE',  ( 2.425000000000055778, 1.370000000000000773, 5.799999999999974953 ) ) ;
#6643 = LINE ( 'NONE', #3179, #248 ) ;
#6644 = EDGE_CURVE ( 'NONE', #6325, #3412, #2369, .T. ) ;
#6645 = CARTESIAN_POINT ( 'NONE',  ( 11.69999999999993889, -1.560703055139993412, -5.800000000000123279 ) ) ;
#6646 = ORIENTED_EDGE ( 'NONE', *, *, #8558, .T. ) ;
#6647 = VECTOR ( 'NONE', #8459, 1000.000000000000000 ) ;
#6648 = VECTOR ( 'NONE', #717, 1000.000000000000000 ) ;
#6649 = VECTOR ( 'NONE', #832, 1000.000000000000000 ) ;
#6650 = ORIENTED_EDGE ( 'NONE', *, *, #827, .F. ) ;
#6651 = VECTOR ( 'NONE', #1444, 1000.000000000000000 ) ;
#6652 = PRESENTATION_STYLE_ASSIGNMENT (( #5408 ) ) ;
#6653 = CARTESIAN_POINT ( 'NONE',  ( 0.7999999999999579670, 2.510000000000001119, -4.000000000000008882 ) ) ;
#6654 = CARTESIAN_POINT ( 'NONE',  ( 1.549999999999994937, 2.510000000000001119, -0.5000000000000162093 ) ) ;
#6655 = FACE_OUTER_BOUND ( 'NONE', #5033, .T. ) ;
#6656 = LINE ( 'NONE', #2664, #265 ) ;
#6657 = AXIS2_PLACEMENT_3D ( 'NONE', #5855, #8563, #6521 ) ;
#6658 = ADVANCED_FACE ( 'NONE', ( #7706, #1620 ), #408, .F. ) ;
#6659 = AXIS2_PLACEMENT_3D ( 'NONE', #5937, #7305, #7270 ) ;
#6660 = ORIENTED_EDGE ( 'NONE', *, *, #7317, .T. ) ;
#6661 = LINE ( 'NONE', #5415, #6092 ) ;
#6662 = DIRECTION ( 'NONE',  ( 1.049964209143856751E-14, 0.000000000000000000, 1.000000000000000000 ) ) ;
#6663 = PLANE ( 'NONE',  #663 ) ;
#6664 = DIRECTION ( 'NONE',  ( -1.000000000000000000, 0.000000000000000000, 1.047444401652940007E-14 ) ) ;
#6665 = FACE_OUTER_BOUND ( 'NONE', #6839, .T. ) ;
#6666 = CARTESIAN_POINT ( 'NONE',  ( 1.195000000000060680, 1.450000000000000844, 5.799999999999988276 ) ) ;
#6667 = ORIENTED_EDGE ( 'NONE', *, *, #7395, .T. ) ;
#6668 = ADVANCED_FACE ( 'NONE', ( #295 ), #7829, .F. ) ;
#6669 = EDGE_CURVE ( 'NONE', #514, #5976, #1737, .T. ) ;
#6670 = LINE ( 'NONE', #3381, #6590 ) ;
#6671 = ORIENTED_EDGE ( 'NONE', *, *, #5402, .T. ) ;
#6672 = ORIENTED_EDGE ( 'NONE', *, *, #2192, .T. ) ;
#6673 = CARTESIAN_POINT ( 'NONE',  ( 0.6000000000000460521, 1.400000000000000355, 4.399999999999995914 ) ) ;
#6674 = AXIS2_PLACEMENT_3D ( 'NONE', #7168, #1078, #2552 ) ;
#6675 = CARTESIAN_POINT ( 'NONE',  ( 2.474999999999933031, -0.2499999999999997780, -6.400000000000026112 ) ) ;
#6676 = CARTESIAN_POINT ( 'NONE',  ( -2.066520471341702256E-14, 2.259999999999999343, -1.972916622668076325 ) ) ;
#6677 = EDGE_CURVE ( 'NONE', #316, #3495, #5111, .T. ) ;
#6678 = DIRECTION ( 'NONE',  ( 0.000000000000000000, 1.000000000000000000, 0.000000000000000000 ) ) ;
#6679 = DIRECTION ( 'NONE',  ( 1.000000000000000000, 2.032879073410315292E-15, -1.084202172485501594E-14 ) ) ;
#6680 = CARTESIAN_POINT ( 'NONE',  ( 0.6500000000000382139, 1.450000000000000844, 4.149999999999996803 ) ) ;
#6681 = ORIENTED_EDGE ( 'NONE', *, *, #4173, .F. ) ;
#6682 = EDGE_LOOP ( 'NONE', ( #4203, #2941, #3348, #3613 ) ) ;
#6683 = VECTOR ( 'NONE', #5423, 1000.000000000000000 ) ;
#6684 = ORIENTED_EDGE ( 'NONE', *, *, #8719, .F. ) ;
#6685 = EDGE_CURVE ( 'NONE', #1772, #3211, #5869, .T. ) ;
#6686 = CARTESIAN_POINT ( 'NONE',  ( -2.600000000000000089, 0.000000000000000000, 2.723355444297644017E-14 ) ) ;
#6687 = FACE_OUTER_BOUND ( 'NONE', #487, .T. ) ;
#6688 = DIRECTION ( 'NONE',  ( 1.047444401652940007E-14, 0.000000000000000000, 1.000000000000000000 ) ) ;
#6689 = DIRECTION ( 'NONE',  ( 1.000000000000000000, 0.000000000000000000, -1.023114479128721112E-14 ) ) ;
#6690 = DIRECTION ( 'NONE',  ( 1.000000000000000000, 0.000000000000000000, -1.047444401652940007E-14 ) ) ;
#6691 = CARTESIAN_POINT ( 'NONE',  ( 3.100000000000041833, 2.260000000000000231, 3.899999999999968825 ) ) ;
#6692 = ORIENTED_EDGE ( 'NONE', *, *, #6025, .F. ) ;
#6693 = ORIENTED_EDGE ( 'NONE', *, *, #3893, .T. ) ;
#6694 = ORIENTED_EDGE ( 'NONE', *, *, #2640, .T. ) ;
#6695 = SURFACE_STYLE_FILL_AREA ( #8798 ) ;
#6696 = CARTESIAN_POINT ( 'NONE',  ( 0.8500000000000459410, 2.260000000000000231, 4.399999999999993250 ) ) ;
#6697 = DIRECTION ( 'NONE',  ( -1.000000000000000000, 0.000000000000000000, 1.047444401652940007E-14 ) ) ;
#6698 = DIRECTION ( 'NONE',  ( -1.047444401652940007E-14, 0.000000000000000000, -1.000000000000000000 ) ) ;
#6699 = LINE ( 'NONE', #5366, #8193 ) ;
#6700 = VERTEX_POINT ( 'NONE', #1039 ) ;
#6701 = CARTESIAN_POINT ( 'NONE',  ( 0.5000000000000202061, 2.300000000000000266, 1.926136028425817548 ) ) ;
#6702 = DIRECTION ( 'NONE',  ( -1.000000000000000000, 0.000000000000000000, 8.673617379884013384E-15 ) ) ;
#6703 = CARTESIAN_POINT ( 'NONE',  ( 7.785000000000061426, -0.2900000000000012568, 5.799999999999918998 ) ) ;
#6704 = EDGE_CURVE ( 'NONE', #2317, #7986, #5714, .T. ) ;
#6705 = LINE ( 'NONE', #1376, #2714 ) ;
#6706 = DIRECTION ( 'NONE',  ( 0.000000000000000000, 1.000000000000000000, 0.000000000000000000 ) ) ;
#6707 = CYLINDRICAL_SURFACE ( 'NONE', #7341, 0.05957895634325308803 ) ;
#6708 = VERTEX_POINT ( 'NONE', #6452 ) ;
#6709 = EDGE_LOOP ( 'NONE', ( #6884, #4770, #2489, #4782 ) ) ;
#6710 = DIRECTION ( 'NONE',  ( 1.000000000000000000, -0.000000000000000000, -1.047444401652940007E-14 ) ) ;
#6711 = VERTEX_POINT ( 'NONE', #7740 ) ;
#6712 = ORIENTED_EDGE ( 'NONE', *, *, #8007, .F. ) ;
#6713 = CARTESIAN_POINT ( 'NONE',  ( 2.424999999999934097, 1.650000000000000799, -5.800000000000025580 ) ) ;
#6714 = LINE ( 'NONE', #2555, #7503 ) ;
#6715 = DIRECTION ( 'NONE',  ( 1.000000000000000000, -2.555422501787581396E-32, -1.066300091609209642E-14 ) ) ;
#6716 = CARTESIAN_POINT ( 'NONE',  ( -0.5000000000000266454, 2.259999999999999343, -1.926136028425817992 ) ) ;
#6717 = EDGE_CURVE ( 'NONE', #264, #4885, #4415, .T. ) ;
#6718 = CARTESIAN_POINT ( 'NONE',  ( 8.289999999999956515, 0.8749999999999968914, -4.850000000000086686 ) ) ;
#6719 = ADVANCED_FACE ( 'NONE', ( #1654 ), #7205, .T. ) ;
#6720 = CARTESIAN_POINT ( 'NONE',  ( 4.315421043656687772, 0.1100000000000020267, -5.800000000000046008 ) ) ;
#6721 = ORIENTED_EDGE ( 'NONE', *, *, #317, .F. ) ;
#6722 = ORIENTED_EDGE ( 'NONE', *, *, #7434, .F. ) ;
#6723 = ORIENTED_EDGE ( 'NONE', *, *, #2134, .T. ) ;
#6724 = CARTESIAN_POINT ( 'NONE',  ( 11.10000000000006182, 1.600000000000000977, 5.799999999999886136 ) ) ;
#6725 = PLANE ( 'NONE',  #3669 ) ;
#6726 = FACE_OUTER_BOUND ( 'NONE', #911, .T. ) ;
#6727 = DIRECTION ( 'NONE',  ( 1.000000000000000000, 0.000000000000000000, -1.084202172485504592E-14 ) ) ;
#6728 = EDGE_CURVE ( 'NONE', #668, #2654, #4370, .T. ) ;
#6729 = DIRECTION ( 'NONE',  ( 0.000000000000000000, -1.000000000000000000, 0.000000000000000000 ) ) ;
#6730 = CARTESIAN_POINT ( 'NONE',  ( 11.99999999999995559, -1.939999999999999059, -4.300000000000122391 ) ) ;
#6731 = VERTEX_POINT ( 'NONE', #7033 ) ;
#6732 = EDGE_CURVE ( 'NONE', #1590, #7808, #7081, .T. ) ;
#6733 = EDGE_LOOP ( 'NONE', ( #1890, #8137, #3680, #1526 ) ) ;
#6734 = CIRCLE ( 'NONE', #3186, 0.07999999999999998779 ) ;
#6735 = ORIENTED_EDGE ( 'NONE', *, *, #7605, .F. ) ;
#6736 = ADVANCED_FACE ( 'NONE', ( #5145 ), #3713, .F. ) ;
#6737 = CARTESIAN_POINT ( 'NONE',  ( 3.100000000000041833, 1.400000000000000355, 3.899999999999968825 ) ) ;
#6738 = LINE ( 'NONE', #788, #841 ) ;
#6739 = DIRECTION ( 'NONE',  ( 0.000000000000000000, 1.000000000000000000, 0.000000000000000000 ) ) ;
#6740 = CARTESIAN_POINT ( 'NONE',  ( 0.4999999999999527600, -2.300000000000000266, -4.550000000000004263 ) ) ;
#6741 = DIRECTION ( 'NONE',  ( -8.739720540552594549E-15, 0.000000000000000000, -1.000000000000000000 ) ) ;
#6742 = VERTEX_POINT ( 'NONE', #1774 ) ;
#6743 = CIRCLE ( 'NONE', #2226, 0.09999999999999982514 ) ;
#6744 = DIRECTION ( 'NONE',  ( 1.000000000000000000, -0.000000000000000000, -1.047444401652940007E-14 ) ) ;
#6745 = DIRECTION ( 'NONE',  ( 1.000000000000000000, 0.000000000000000000, -1.084202172485501594E-14 ) ) ;
#6746 = CARTESIAN_POINT ( 'NONE',  ( 2.449999999999965983, 1.450000000000000844, -3.100000000000026734 ) ) ;
#6747 = CARTESIAN_POINT ( 'NONE',  ( 9.449999999999944222, 2.299999999999998490, -6.200000000000102318 ) ) ;
#6748 = EDGE_CURVE ( 'NONE', #33, #7719, #4487, .T. ) ;
#6749 = FACE_OUTER_BOUND ( 'NONE', #1623, .T. ) ;
#6750 = AXIS2_PLACEMENT_3D ( 'NONE', #1750, #1667, #1788 ) ;
#6751 = VECTOR ( 'NONE', #4561, 1000.000000000000000 ) ;
#6752 = CARTESIAN_POINT ( 'NONE',  ( 11.99999999999994493, 2.300000000000000711, -5.250000000000123457 ) ) ;
#6753 = ADVANCED_FACE ( 'NONE', ( #6614 ), #6663, .T. ) ;
#6754 = ORIENTED_EDGE ( 'NONE', *, *, #8535, .F. ) ;
#6755 = LINE ( 'NONE', #7464, #7443 ) ;
#6756 = ORIENTED_EDGE ( 'NONE', *, *, #4357, .F. ) ;
#6757 = EDGE_LOOP ( 'NONE', ( #2198, #3572, #2963, #3175 ) ) ;
#6758 = VECTOR ( 'NONE', #2875, 1000.000000000000000 ) ;
#6759 = CARTESIAN_POINT ( 'NONE',  ( 12.00000000000006217, -0.2499999999999983347, 5.899999999999875122 ) ) ;
#6760 = DIRECTION ( 'NONE',  ( 1.000000000000000000, 0.000000000000000000, -1.047444401652940007E-14 ) ) ;
#6761 = DIRECTION ( 'NONE',  ( 1.048062100069320848E-14, 0.000000000000000000, 1.000000000000000000 ) ) ;
#6762 = PLANE ( 'NONE',  #1803 ) ;
#6763 = AXIS2_PLACEMENT_3D ( 'NONE', #3662, #6376, #5868 ) ;
#6764 = LINE ( 'NONE', #4764, #6651 ) ;
#6765 = DIRECTION ( 'NONE',  ( 1.047444401652940007E-14, 0.000000000000000000, 1.000000000000000000 ) ) ;
#6766 = AXIS2_PLACEMENT_3D ( 'NONE', #6133, #715, #47 ) ;
#6767 = VERTEX_POINT ( 'NONE', #4004 ) ;
#6768 = VERTEX_POINT ( 'NONE', #6039 ) ;
#6769 = VECTOR ( 'NONE', #1748, 1000.000000000000000 ) ;
#6770 = ORIENTED_EDGE ( 'NONE', *, *, #3413, .T. ) ;
#6771 = ADVANCED_FACE ( 'NONE', ( #7285 ), #5, .F. ) ;
#6772 = VECTOR ( 'NONE', #6128, 1000.000000000000000 ) ;
#6773 = CARTESIAN_POINT ( 'NONE',  ( 7.885000000000060183, 2.460000000000000853, 5.799999999999918110 ) ) ;
#6774 = VECTOR ( 'NONE', #5629, 1000.000000000000000 ) ;
#6775 = FACE_OUTER_BOUND ( 'NONE', #7718, .T. ) ;
#6776 = VECTOR ( 'NONE', #5787, 1000.000000000000000 ) ;
#6777 = LINE ( 'NONE', #6117, #5671 ) ;
#6778 = LINE ( 'NONE', #690, #1784 ) ;
#6779 = CARTESIAN_POINT ( 'NONE',  ( 11.99999999999984546, 2.260000000000000675, -14.75411377792233125 ) ) ;
#6780 = DIRECTION ( 'NONE',  ( -8.673617379883937653E-15, 0.000000000000000000, -1.000000000000000000 ) ) ;
#6781 = VERTEX_POINT ( 'NONE', #6703 ) ;
#6782 = VERTEX_POINT ( 'NONE', #6746 ) ;
#6783 = EDGE_CURVE ( 'NONE', #3091, #2332, #5914, .T. ) ;
#6784 = ORIENTED_EDGE ( 'NONE', *, *, #7385, .T. ) ;
#6785 = ADVANCED_FACE ( 'NONE', ( #8755 ), #7374, .T. ) ;
#6786 = EDGE_CURVE ( 'NONE', #2100, #8540, #3328, .T. ) ;
#6787 = DIRECTION ( 'NONE',  ( 1.047444401652940007E-14, 0.000000000000000000, 1.000000000000000000 ) ) ;
#6788 = DIRECTION ( 'NONE',  ( -1.047444401652940007E-14, 0.000000000000000000, -1.000000000000000000 ) ) ;
#6789 = AXIS2_PLACEMENT_3D ( 'NONE', #5876, #7091, #2502 ) ;
#6790 = DIRECTION ( 'NONE',  ( 1.000000000000000000, -0.000000000000000000, -1.047444401652940007E-14 ) ) ;
#6791 = VECTOR ( 'NONE', #7343, 1000.000000000000000 ) ;
#6792 = DIRECTION ( 'NONE',  ( 8.673617379884051249E-15, 0.000000000000000000, 1.000000000000000000 ) ) ;
#6793 = CARTESIAN_POINT ( 'NONE',  ( 2.424999999999931877, 1.370000000000000773, -6.000000000000024869 ) ) ;
#6794 = ORIENTED_EDGE ( 'NONE', *, *, #8438, .F. ) ;
#6795 = VECTOR ( 'NONE', #5740, 1000.000000000000000 ) ;
#6796 = DIRECTION ( 'NONE',  ( 0.000000000000000000, -1.000000000000000000, 0.000000000000000000 ) ) ;
#6797 = VECTOR ( 'NONE', #5475, 1000.000000000000000 ) ;
#6798 = DIRECTION ( 'NONE',  ( -1.047444401652940007E-14, 0.000000000000000000, -1.000000000000000000 ) ) ;
#6799 = PLANE ( 'NONE',  #6766 ) ;
#6800 = DIRECTION ( 'NONE',  ( -1.047444401652940007E-14, 0.000000000000000000, -1.000000000000000000 ) ) ;
#6801 = CARTESIAN_POINT ( 'NONE',  ( 11.10000000000006359, -1.399999999999999245, 5.999999999999883649 ) ) ;
#6802 = AXIS2_PLACEMENT_3D ( 'NONE', #6730, #643, #6780 ) ;
#6803 = CARTESIAN_POINT ( 'NONE',  ( 7.985000000000050946, 2.510000000000001119, 5.249999999999914735 ) ) ;
#6804 = ORIENTED_EDGE ( 'NONE', *, *, #4429, .F. ) ;
#6805 = CARTESIAN_POINT ( 'NONE',  ( 1.369999999999937046, -0.3299999999999993494, -6.000000000000015099 ) ) ;
#6806 = VERTEX_POINT ( 'NONE', #7989 ) ;
#6807 = EDGE_LOOP ( 'NONE', ( #6312, #5791, #6622, #791 ) ) ;
#6808 = FACE_BOUND ( 'NONE', #2749, .T. ) ;
#6809 = CIRCLE ( 'NONE', #3404, 0.05957895634325395540 ) ;
#6810 = DIRECTION ( 'NONE',  ( 0.000000000000000000, 1.000000000000000000, 0.000000000000000000 ) ) ;
#6811 = DIRECTION ( 'NONE',  ( -1.047444401652940007E-14, -0.000000000000000000, -1.000000000000000000 ) ) ;
#6812 = DIRECTION ( 'NONE',  ( 1.000000000000000000, 0.000000000000000000, -1.047444401652940007E-14 ) ) ;
#6813 = CARTESIAN_POINT ( 'NONE',  ( 1.274999999999937073, 1.450000000000000844, -6.000000000000013323 ) ) ;
#6814 = CARTESIAN_POINT ( 'NONE',  ( 8.945230123270903277, 2.260000000000000675, 5.449999999999907807 ) ) ;
#6815 = ORIENTED_EDGE ( 'NONE', *, *, #3041, .T. ) ;
#6816 = ORIENTED_EDGE ( 'NONE', *, *, #1339, .T. ) ;
#6817 = VECTOR ( 'NONE', #7959, 1000.000000000000000 ) ;
#6818 = ORIENTED_EDGE ( 'NONE', *, *, #6886, .F. ) ;
#6819 = CARTESIAN_POINT ( 'NONE',  ( 0.5000000000000000000, 0.000000000000000000, -5.237222008264700033E-15 ) ) ;
#6820 = LINE ( 'NONE', #8203, #7195 ) ;
#6821 = PRESENTATION_STYLE_ASSIGNMENT (( #2065 ) ) ;
#6822 = VECTOR ( 'NONE', #2839, 1000.000000000000000 ) ;
#6823 = FACE_OUTER_BOUND ( 'NONE', #5904, .T. ) ;
#6824 = CARTESIAN_POINT ( 'NONE',  ( 0.7999999999998441691, 2.260000000000000675, -14.75411377792221579 ) ) ;
#6825 = ADVANCED_FACE ( 'NONE', ( #5319, #5958 ), #1818, .T. ) ;
#6826 = DIRECTION ( 'NONE',  ( -1.419551869787370853E-30, 1.000000000000000000, -1.355252715606880296E-16 ) ) ;
#6827 = ORIENTED_EDGE ( 'NONE', *, *, #6081, .T. ) ;
#6828 = PLANE ( 'NONE',  #3114 ) ;
#6829 = VERTEX_POINT ( 'NONE', #5281 ) ;
#6830 = ORIENTED_EDGE ( 'NONE', *, *, #897, .F. ) ;
#6831 = ORIENTED_EDGE ( 'NONE', *, *, #7618, .T. ) ;
#6832 = EDGE_CURVE ( 'NONE', #5326, #249, #4540, .T. ) ;
#6833 = PLANE ( 'NONE',  #1417 ) ;
#6834 = DIRECTION ( 'NONE',  ( 0.000000000000000000, -1.000000000000000000, 0.000000000000000000 ) ) ;
#6835 = DIRECTION ( 'NONE',  ( 1.000000000000000000, -8.673617379884029556E-16, -1.047444401652940007E-14 ) ) ;
#6836 = EDGE_CURVE ( 'NONE', #3729, #903, #3286, .T. ) ;
#6837 = ADVANCED_FACE ( 'NONE', ( #7248 ), #1159, .T. ) ;
#6838 = LINE ( 'NONE', #750, #411 ) ;
#6839 = EDGE_LOOP ( 'NONE', ( #2867, #6721, #5940, #3457 ) ) ;
#6840 = DIRECTION ( 'NONE',  ( 0.000000000000000000, 1.000000000000000000, 0.000000000000000000 ) ) ;
#6841 = ORIENTED_EDGE ( 'NONE', *, *, #528, .T. ) ;
#6842 = CARTESIAN_POINT ( 'NONE',  ( 1.649999999999937517, 1.570000000000001394, -6.000000000000017764 ) ) ;
#6843 = FACE_OUTER_BOUND ( 'NONE', #5966, .T. ) ;
#6844 = CARTESIAN_POINT ( 'NONE',  ( 7.985000000000054499, 2.300000000000000711, 5.449999999999914913 ) ) ;
#6845 = LINE ( 'NONE', #2152, #5836 ) ;
#6846 = DIRECTION ( 'NONE',  ( -1.000000000000000000, -1.355252715606883008E-16, 1.047444401652940007E-14 ) ) ;
#6847 = EDGE_CURVE ( 'NONE', #6498, #7832, #7414, .T. ) ;
#6848 = DIRECTION ( 'NONE',  ( -1.000000000000000000, 0.000000000000000000, 1.047444401652940007E-14 ) ) ;
#6849 = ORIENTED_EDGE ( 'NONE', *, *, #631, .F. ) ;
#6850 = EDGE_CURVE ( 'NONE', #2356, #8133, #4664, .T. ) ;
#6851 = EDGE_CURVE ( 'NONE', #7891, #4914, #5238, .T. ) ;
#6852 = DIRECTION ( 'NONE',  ( 0.5735764363510413855, 0.000000000000000000, -0.8191520442889951292 ) ) ;
#6853 = ORIENTED_EDGE ( 'NONE', *, *, #4039, .F. ) ;
#6854 = ORIENTED_EDGE ( 'NONE', *, *, #1177, .T. ) ;
#6855 = CYLINDRICAL_SURFACE ( 'NONE', #7764, 0.07999999999999998779 ) ;
#6856 = CYLINDRICAL_SURFACE ( 'NONE', #1256, 0.07999999999999998779 ) ;
#6857 = CARTESIAN_POINT ( 'NONE',  ( 5.380000000000058513, 0.5599999999999992761, 5.799999999999943867 ) ) ;
#6858 = EDGE_CURVE ( 'NONE', #5634, #3357, #1527, .T. ) ;
#6859 = CARTESIAN_POINT ( 'NONE',  ( 9.400000000000039435, -1.399999999999999467, 3.999999999999901412 ) ) ;
#6860 = CARTESIAN_POINT ( 'NONE',  ( 1.275000000000062750, 1.450000000000000844, 5.999999999999986677 ) ) ;
#6861 = DIRECTION ( 'NONE',  ( -0.7071067811865437980, 0.7071067811865513475, 7.406550393246756982E-15 ) ) ;
#6862 = VERTEX_POINT ( 'NONE', #5908 ) ;
#6863 = ORIENTED_EDGE ( 'NONE', *, *, #6025, .T. ) ;
#6864 = ORIENTED_EDGE ( 'NONE', *, *, #7307, .F. ) ;
#6865 = PLANE ( 'NONE',  #7674 ) ;
#6866 = DIRECTION ( 'NONE',  ( -1.000000000000000000, 0.000000000000000000, 8.673617379884087537E-15 ) ) ;
#6867 = DIRECTION ( 'NONE',  ( -1.047444401652940007E-14, -0.000000000000000000, -1.000000000000000000 ) ) ;
#6868 = CARTESIAN_POINT ( 'NONE',  ( -4.765872027520876083E-14, -2.300000000000000266, -4.549999999999998934 ) ) ;
#6869 = FACE_OUTER_BOUND ( 'NONE', #3318, .T. ) ;
#6870 = DIRECTION ( 'NONE',  ( -1.000000000000000000, 0.000000000000000000, 8.673617379884013384E-15 ) ) ;
#6871 = EDGE_LOOP ( 'NONE', ( #7237, #1905, #1413, #6660 ) ) ;
#6872 = LINE ( 'NONE', #6260, #8386 ) ;
#6873 = ORIENTED_EDGE ( 'NONE', *, *, #3738, .T. ) ;
#6874 = VERTEX_POINT ( 'NONE', #7952 ) ;
#6875 = EDGE_CURVE ( 'NONE', #8752, #6459, #5998, .T. ) ;
#6876 = VERTEX_POINT ( 'NONE', #1951 ) ;
#6877 = CARTESIAN_POINT ( 'NONE',  ( 2.504999999999932392, 1.450000000000000844, -6.000000000000025757 ) ) ;
#6878 = DIRECTION ( 'NONE',  ( -1.047444401652940007E-14, -0.000000000000000000, -1.000000000000000000 ) ) ;
#6879 = CARTESIAN_POINT ( 'NONE',  ( 3.050000000000045119, 1.850000000000000977, 4.349999999999970335 ) ) ;
#6880 = FILL_AREA_STYLE ('',( #140 ) ) ;
#6881 = ORIENTED_EDGE ( 'NONE', *, *, #2709, .F. ) ;
#6882 = LINE ( 'NONE', #792, #8485 ) ;
#6883 = EDGE_CURVE ( 'NONE', #2475, #5978, #1285, .T. ) ;
#6884 = ORIENTED_EDGE ( 'NONE', *, *, #8801, .F. ) ;
#6885 = CARTESIAN_POINT ( 'NONE',  ( 10.09999999999993925, -0.2500000000000000000, -6.400000000000106049 ) ) ;
#6886 = EDGE_CURVE ( 'NONE', #4366, #712, #3208, .T. ) ;
#6887 = DIRECTION ( 'NONE',  ( 1.047444401652940007E-14, 0.000000000000000000, 1.000000000000000000 ) ) ;
#6888 = CARTESIAN_POINT ( 'NONE',  ( 11.99999999999993960, 1.599999999999996980, -5.800000000000127720 ) ) ;
#6889 = LINE ( 'NONE', #4889, #5249 ) ;
#6890 = CARTESIAN_POINT ( 'NONE',  ( 4.315421043656685107, 2.380000000000000782, -6.050000000000045119 ) ) ;
#6891 = DIRECTION ( 'NONE',  ( 0.000000000000000000, 1.000000000000000000, 0.000000000000000000 ) ) ;
#6892 = VERTEX_POINT ( 'NONE', #5568 ) ;
#6893 = VERTEX_POINT ( 'NONE', #859 ) ;
#6894 = ORIENTED_EDGE ( 'NONE', *, *, #8113, .F. ) ;
#6895 = VERTEX_POINT ( 'NONE', #2151 ) ;
#6896 = DIRECTION ( 'NONE',  ( 0.000000000000000000, 1.000000000000000000, 0.000000000000000000 ) ) ;
#6897 = LINE ( 'NONE', #7614, #2977 ) ;
#6898 = DIRECTION ( 'NONE',  ( 0.000000000000000000, -1.000000000000000000, 0.000000000000000000 ) ) ;
#6899 = CARTESIAN_POINT ( 'NONE',  ( 2.349999999999966338, 1.650000000000000799, -3.000000000000024869 ) ) ;
#6900 = VECTOR ( 'NONE', #2520, 1000.000000000000000 ) ;
#6901 = CARTESIAN_POINT ( 'NONE',  ( 4.315421043656687772, 2.259999999999998899, -5.800000000000045119 ) ) ;
#6902 = EDGE_CURVE ( 'NONE', #7893, #1633, #1431, .T. ) ;
#6903 = LINE ( 'NONE', #1534, #992 ) ;
#6904 = EDGE_LOOP ( 'NONE', ( #6180, #6599, #4465, #3595, #1910, #5162, #684, #8401, #944 ) ) ;
#6905 = ORIENTED_EDGE ( 'NONE', *, *, #5604, .T. ) ;
#6906 = AXIS2_PLACEMENT_3D ( 'NONE', #8039, #538, #3911 ) ;
#6907 = ORIENTED_EDGE ( 'NONE', *, *, #913, .T. ) ;
#6908 = DIRECTION ( 'NONE',  ( 0.000000000000000000, 1.000000000000000000, 0.000000000000000000 ) ) ;
#6909 = DIRECTION ( 'NONE',  ( 1.000000000000000000, 0.000000000000000000, -1.047444401652940007E-14 ) ) ;
#6910 = LINE ( 'NONE', #5544, #5180 ) ;
#6911 = VECTOR ( 'NONE', #6226, 1000.000000000000000 ) ;
#6912 = AXIS2_PLACEMENT_3D ( 'NONE', #7705, #6896, #3617 ) ;
#6913 = DIRECTION ( 'NONE',  ( -0.5735764363510585939, 0.000000000000000000, -0.8191520442889830278 ) ) ;
#6914 = CARTESIAN_POINT ( 'NONE',  ( -2.599999999999999645, 0.000000000000000000, 2.723355444297643702E-14 ) ) ;
#6915 = DIRECTION ( 'NONE',  ( -1.000000000000000000, 0.000000000000000000, 1.047444401652940007E-14 ) ) ;
#6916 = ORIENTED_EDGE ( 'NONE', *, *, #5979, .T. ) ;
#6917 = FACE_OUTER_BOUND ( 'NONE', #701, .T. ) ;
#6918 = ORIENTED_EDGE ( 'NONE', *, *, #457, .T. ) ;
#6919 = ORIENTED_EDGE ( 'NONE', *, *, #6850, .F. ) ;
#6920 = VECTOR ( 'NONE', #2323, 1000.000000000000000 ) ;
#6921 = ORIENTED_EDGE ( 'NONE', *, *, #1196, .T. ) ;
#6922 = VECTOR ( 'NONE', #3525, 1000.000000000000000 ) ;
#6923 = ADVANCED_FACE ( 'NONE', ( #7517 ), #4794, .F. ) ;
#6924 = CARTESIAN_POINT ( 'NONE',  ( 11.99999999999984546, 2.260000000000000675, -14.75411377792233125 ) ) ;
#6925 = CARTESIAN_POINT ( 'NONE',  ( 1.224999999999939249, -0.2500000000000002220, -5.800000000000011369 ) ) ;
#6926 = DIRECTION ( 'NONE',  ( 0.000000000000000000, 1.000000000000000000, 0.000000000000000000 ) ) ;
#6927 = VECTOR ( 'NONE', #4984, 1000.000000000000000 ) ;
#6928 = UNCERTAINTY_MEASURE_WITH_UNIT (LENGTH_MEASURE( 1.000000000000000082E-05 ), #1190, 'distance_accuracy_value', 'NONE');
#6929 = SURFACE_STYLE_FILL_AREA ( #6880 ) ;
#6930 = ORIENTED_EDGE ( 'NONE', *, *, #1907, .F. ) ;
#6931 = DIRECTION ( 'NONE',  ( -1.000000000000000000, 0.000000000000000000, 1.047444401652940007E-14 ) ) ;
#6932 = ORIENTED_EDGE ( 'NONE', *, *, #527, .T. ) ;
#6933 = CARTESIAN_POINT ( 'NONE',  ( 5.479999999999940030, -0.03999999999999814121, -5.800000000000057554 ) ) ;
#6934 = CARTESIAN_POINT ( 'NONE',  ( 1.225000000000066924, -3.000000000000000000, 6.399999999999988809 ) ) ;
#6935 = VECTOR ( 'NONE', #4053, 1000.000000000000000 ) ;
#6936 = DIRECTION ( 'NONE',  ( 1.047444401652940007E-14, 0.000000000000000000, 1.000000000000000000 ) ) ;
#6937 = AXIS2_PLACEMENT_3D ( 'NONE', #6065, #4691, #2123 ) ;
#6938 = AXIS2_PLACEMENT_3D ( 'NONE', #91, #7022, #1610 ) ;
#6939 = FACE_OUTER_BOUND ( 'NONE', #4270, .T. ) ;
#6940 = DIRECTION ( 'NONE',  ( -1.000000000000000000, 0.000000000000000000, 1.047444401652940007E-14 ) ) ;
#6941 = EDGE_CURVE ( 'NONE', #8328, #7620, #3511, .T. ) ;
#6942 = ORIENTED_EDGE ( 'NONE', *, *, #1488, .T. ) ;
#6943 = VECTOR ( 'NONE', #2899, 1000.000000000000000 ) ;
#6944 = VECTOR ( 'NONE', #5660, 1000.000000000000000 ) ;
#6945 = VECTOR ( 'NONE', #3133, 1000.000000000000000 ) ;
#6946 = ORIENTED_EDGE ( 'NONE', *, *, #2597, .F. ) ;
#6947 = EDGE_LOOP ( 'NONE', ( #3925, #541, #2855, #3071, #2891, #7405, #4916, #3165 ) ) ;
#6948 = ORIENTED_EDGE ( 'NONE', *, *, #1027, .F. ) ;
#6949 = CARTESIAN_POINT ( 'NONE',  ( 5.879999999999937721, -1.399999999999999689, -6.050000000000061107 ) ) ;
#6950 = CARTESIAN_POINT ( 'NONE',  ( 5.280000000000057092, -0.04000000000000003553, 5.799999999999944755 ) ) ;
#6951 = DIRECTION ( 'NONE',  ( 1.000000000000000000, 0.000000000000000000, -1.047444401652940007E-14 ) ) ;
#6952 = EDGE_CURVE ( 'NONE', #1974, #3777, #2239, .T. ) ;
#6953 = CARTESIAN_POINT ( 'NONE',  ( -6.703644170578816042E-14, -0.2500000000000000000, -6.400000000000000355 ) ) ;
#6954 = CIRCLE ( 'NONE', #6518, 0.1000000000000002554 ) ;
#6955 = COLOUR_RGB ( '',0.7921568627450980005, 0.8196078431372548767, 0.9333333333333333481 ) ;
#6956 = VECTOR ( 'NONE', #8080, 1000.000000000000000 ) ;
#6957 = CARTESIAN_POINT ( 'NONE',  ( 2.249999999999956479, -1.399999999999999467, -4.000000000000023981 ) ) ;
#6958 = EDGE_CURVE ( 'NONE', #3730, #1053, #2802, .T. ) ;
#6959 = VERTEX_POINT ( 'NONE', #4143 ) ;
#6960 = EDGE_CURVE ( 'NONE', #2060, #3475, #4229, .T. ) ;
#6961 = ORIENTED_EDGE ( 'NONE', *, *, #7361, .F. ) ;
#6962 = ORIENTED_EDGE ( 'NONE', *, *, #4868, .T. ) ;
#6963 = EDGE_CURVE ( 'NONE', #4767, #3253, #6202, .T. ) ;
#6964 = PLANE ( 'NONE',  #304 ) ;
#6965 = CARTESIAN_POINT ( 'NONE',  ( 9.249999999999960920, 2.260000000000000231, -4.500000000000097700 ) ) ;
#6966 = DIRECTION ( 'NONE',  ( -1.000000000000000000, 0.000000000000000000, 8.673617379884051249E-15 ) ) ;
#6967 = CYLINDRICAL_SURFACE ( 'NONE', #3683, 0.2499999999999998890 ) ;
#6968 = FACE_OUTER_BOUND ( 'NONE', #322, .T. ) ;
#6969 = DIRECTION ( 'NONE',  ( -1.047444401652940007E-14, 0.000000000000000000, -1.000000000000000000 ) ) ;
#6970 = ORIENTED_EDGE ( 'NONE', *, *, #1192, .F. ) ;
#6971 = CARTESIAN_POINT ( 'NONE',  ( 3.825000000000061018, -0.2499999999999985845, 5.799999999999959854 ) ) ;
#6972 = ORIENTED_EDGE ( 'NONE', *, *, #6069, .T. ) ;
#6973 = ORIENTED_EDGE ( 'NONE', *, *, #4356, .F. ) ;
#6974 = ORIENTED_EDGE ( 'NONE', *, *, #5641, .T. ) ;
#6975 = EDGE_CURVE ( 'NONE', #8249, #4556, #4184, .T. ) ;
#6976 = CIRCLE ( 'NONE', #15, 0.09999999999999982514 ) ;
#6977 = FILL_AREA_STYLE ('',( #2138 ) ) ;
#6978 = DIRECTION ( 'NONE',  ( -1.419551869787370853E-30, 1.000000000000000000, -1.355252715606880296E-16 ) ) ;
#6979 = CARTESIAN_POINT ( 'NONE',  ( 3.874999999999952927, 2.510000000000001119, -4.500000000000041744 ) ) ;
#6980 = CARTESIAN_POINT ( 'NONE',  ( 1.224999999999933475, 2.299999999999998934, -6.400000000000014566 ) ) ;
#6981 = ORIENTED_EDGE ( 'NONE', *, *, #7067, .T. ) ;
#6982 = DIRECTION ( 'NONE',  ( 1.047444401652940007E-14, 0.000000000000000000, 1.000000000000000000 ) ) ;
#6983 = EDGE_LOOP ( 'NONE', ( #6815, #8160, #5246, #2358 ) ) ;
#6984 = LINE ( 'NONE', #4979, #2053 ) ;
#6985 = FACE_OUTER_BOUND ( 'NONE', #5648, .T. ) ;
#6986 = CARTESIAN_POINT ( 'NONE',  ( 9.249999999999960920, 2.259999999999999343, -4.500000000000097700 ) ) ;
#6987 = CARTESIAN_POINT ( 'NONE',  ( 1.249999999999964251, 1.450000000000000844, -3.100000000000014300 ) ) ;
#6988 = DIRECTION ( 'NONE',  ( 1.000000000000000000, 0.000000000000000000, -1.084202172485501594E-14 ) ) ;
#6989 = ADVANCED_FACE ( 'NONE', ( #92 ), #899, .T. ) ;
#6990 = ORIENTED_EDGE ( 'NONE', *, *, #7576, .T. ) ;
#6991 = VERTEX_POINT ( 'NONE', #2905 ) ;
#6992 = ORIENTED_EDGE ( 'NONE', *, *, #677, .T. ) ;
#6993 = EDGE_LOOP ( 'NONE', ( #5758, #5575, #5367, #3992 ) ) ;
#6994 = EDGE_CURVE ( 'NONE', #2314, #2366, #4888, .T. ) ;
#6995 = DIRECTION ( 'NONE',  ( 0.000000000000000000, 1.000000000000000000, 0.000000000000000000 ) ) ;
#6996 = DIRECTION ( 'NONE',  ( -1.047444401652940007E-14, 0.000000000000000000, -1.000000000000000000 ) ) ;
#6997 = CARTESIAN_POINT ( 'NONE',  ( 1.355000000000062821, -0.1699999999999992628, 5.999999999999986677 ) ) ;
#6998 = DIRECTION ( 'NONE',  ( 0.000000000000000000, 1.000000000000000000, 0.000000000000000000 ) ) ;
#6999 = ORIENTED_EDGE ( 'NONE', *, *, #4993, .F. ) ;
#7000 = EDGE_CURVE ( 'NONE', #1275, #8645, #3566, .T. ) ;
#7001 = ORIENTED_EDGE ( 'NONE', *, *, #8745, .T. ) ;
#7002 = FACE_OUTER_BOUND ( 'NONE', #1249, .T. ) ;
#7003 = ADVANCED_FACE ( 'NONE', ( #6275 ), #1572, .T. ) ;
#7004 = CARTESIAN_POINT ( 'NONE',  ( 1.049999999999935207, 1.570000000000001172, -6.000000000000011546 ) ) ;
#7005 = EDGE_CURVE ( 'NONE', #5726, #8158, #6317, .T. ) ;
#7006 = CARTESIAN_POINT ( 'NONE',  ( -2.599999999999968558, 0.000000000000000000, 3.000000000000027978 ) ) ;
#7007 = DIRECTION ( 'NONE',  ( -1.000000000000000000, 0.000000000000000000, 1.040834085586084730E-14 ) ) ;
#7008 = DIRECTION ( 'NONE',  ( -1.000000000000000000, -0.000000000000000000, 1.047444401652940007E-14 ) ) ;
#7009 = FILL_AREA_STYLE ('',( #3017 ) ) ;
#7010 = VERTEX_POINT ( 'NONE', #193 ) ;
#7011 = ORIENTED_EDGE ( 'NONE', *, *, #4444, .T. ) ;
#7012 = ORIENTED_EDGE ( 'NONE', *, *, #4609, .F. ) ;
#7013 = VERTEX_POINT ( 'NONE', #5419 ) ;
#7014 = DIRECTION ( 'NONE',  ( 1.040834085586085203E-14, -3.252606517456516260E-16, 1.000000000000000000 ) ) ;
#7015 = CARTESIAN_POINT ( 'NONE',  ( 5.479999999999940918, -1.399999999999999245, -5.800000000000057554 ) ) ;
#7016 = CARTESIAN_POINT ( 'NONE',  ( 9.249999999999957367, -0.2500000000000003331, -4.850000000000096456 ) ) ;
#7017 = DIRECTION ( 'NONE',  ( -1.000000000000000000, 0.000000000000000000, 1.078421606581097254E-14 ) ) ;
#7018 = EDGE_LOOP ( 'NONE', ( #6207, #7292, #2900, #566 ) ) ;
#7019 = PLANE ( 'NONE',  #5497 ) ;
#7020 = ORIENTED_EDGE ( 'NONE', *, *, #4562, .F. ) ;
#7021 = DIRECTION ( 'NONE',  ( -1.047444401652940007E-14, 0.000000000000000000, -1.000000000000000000 ) ) ;
#7022 = DIRECTION ( 'NONE',  ( 1.047444401652940007E-14, 0.000000000000000000, 1.000000000000000000 ) ) ;
#7023 = CARTESIAN_POINT ( 'NONE',  ( 2.424999999999934541, -0.1700000000000047862, -5.800000000000025580 ) ) ;
#7024 =( NAMED_UNIT ( * ) SI_UNIT ( $, .STERADIAN. ) SOLID_ANGLE_UNIT ( ) );
#7025 = DIRECTION ( 'NONE',  ( 0.000000000000000000, 1.000000000000000000, 0.000000000000000000 ) ) ;
#7026 = VECTOR ( 'NONE', #896, 1000.000000000000000 ) ;
#7027 = VECTOR ( 'NONE', #2101, 1000.000000000000000 ) ;
#7028 = EDGE_LOOP ( 'NONE', ( #1077, #6563 ) ) ;
#7029 = VERTEX_POINT ( 'NONE', #4748 ) ;
#7030 = ORIENTED_EDGE ( 'NONE', *, *, #269, .T. ) ;
#7031 = ADVANCED_FACE ( 'NONE', ( #7456 ), #6799, .T. ) ;
#7032 = DIRECTION ( 'NONE',  ( 1.000000000000000000, 0.000000000000000000, -8.673617379884013384E-15 ) ) ;
#7033 = CARTESIAN_POINT ( 'NONE',  ( 0.9999999999999317213, 1.399999999999999023, -6.400000000000011013 ) ) ;
#7034 = DIRECTION ( 'NONE',  ( 1.000000000000000000, 0.000000000000000000, -1.047444401652940007E-14 ) ) ;
#7035 = DIRECTION ( 'NONE',  ( -1.047444401652940007E-14, -0.000000000000000000, -1.000000000000000000 ) ) ;
#7036 = EDGE_CURVE ( 'NONE', #8609, #5100, #5459, .T. ) ;
#7037 = DIRECTION ( 'NONE',  ( 1.000000000000000000, 0.000000000000000000, 0.000000000000000000 ) ) ;
#7038 = ORIENTED_EDGE ( 'NONE', *, *, #2230, .T. ) ;
#7039 = ORIENTED_EDGE ( 'NONE', *, *, #7103, .T. ) ;
#7040 = VECTOR ( 'NONE', #5950, 1000.000000000000000 ) ;
#7041 = CARTESIAN_POINT ( 'NONE',  ( -5.080105348016758716E-14, -0.2500000000000003331, -4.849999999999999645 ) ) ;
#7042 = DIRECTION ( 'NONE',  ( 0.000000000000000000, 1.000000000000000000, 0.000000000000000000 ) ) ;
#7043 = CARTESIAN_POINT ( 'NONE',  ( -0.5000000000000266454, 2.259999999999999343, -1.926136028425817992 ) ) ;
#7044 = LINE ( 'NONE', #1544, #6649 ) ;
#7045 =( NAMED_UNIT ( * ) PLANE_ANGLE_UNIT ( ) SI_UNIT ( $, .RADIAN. ) );
#7046 = VECTOR ( 'NONE', #6286, 1000.000000000000000 ) ;
#7047 = ORIENTED_EDGE ( 'NONE', *, *, #3533, .F. ) ;
#7048 = EDGE_LOOP ( 'NONE', ( #5874, #7710, #6249, #4180 ) ) ;
#7049 = VECTOR ( 'NONE', #5491, 1000.000000000000000 ) ;
#7051 = VERTEX_POINT ( 'NONE', #1645 ) ;
#7050 = EDGE_CURVE ( 'NONE', #4683, #668, #7325, .T. ) ;
#7052 = ORIENTED_EDGE ( 'NONE', *, *, #6952, .T. ) ;
#7053 = VECTOR ( 'NONE', #8626, 1000.000000000000000 ) ;
#7054 = CARTESIAN_POINT ( 'NONE',  ( 5.680000000000062776, -0.2899999999999990363, 6.049999999999940314 ) ) ;
#7055 = VECTOR ( 'NONE', #7160, 1000.000000000000000 ) ;
#7056 = CARTESIAN_POINT ( 'NONE',  ( 9.400000000000058975, -0.2499999999999986955, 5.799999999999902123 ) ) ;
#7057 = DIRECTION ( 'NONE',  ( 0.000000000000000000, -1.000000000000000000, -0.000000000000000000 ) ) ;
#7058 = CARTESIAN_POINT ( 'NONE',  ( 10.09999999999994635, -0.2499999999999988065, -5.800000000000107292 ) ) ;
#7059 = VERTEX_POINT ( 'NONE', #7069 ) ;
#7060 = EDGE_CURVE ( 'NONE', #7957, #205, #8488, .T. ) ;
#7061 = LINE ( 'NONE', #3694, #3086 ) ;
#7062 = CIRCLE ( 'NONE', #3214, 0.1299999999999998934 ) ;
#7063 = AXIS2_PLACEMENT_3D ( 'NONE', #3959, #489, #579 ) ;
#7064 = VECTOR ( 'NONE', #5971, 1000.000000000000000 ) ;
#7065 = VERTEX_POINT ( 'NONE', #986 ) ;
#7066 = CARTESIAN_POINT ( 'NONE',  ( 5.130000000000060290, -0.04000000000000005634, 5.799999999999946532 ) ) ;
#7067 = EDGE_CURVE ( 'NONE', #5976, #8508, #7303, .T. ) ;
#7068 = EDGE_CURVE ( 'NONE', #2356, #5622, #2401, .T. ) ;
#7069 = CARTESIAN_POINT ( 'NONE',  ( 1.225000000000060707, 1.400000000000001021, 5.799999999999986500 ) ) ;
#7070 = VECTOR ( 'NONE', #4849, 1000.000000000000000 ) ;
#7071 = VECTOR ( 'NONE', #4585, 1000.000000000000000 ) ;
#7072 = PLANE ( 'NONE',  #2832 ) ;
#7073 = AXIS2_PLACEMENT_3D ( 'NONE', #1199, #3836, #366 ) ;
#7074 = CARTESIAN_POINT ( 'NONE',  ( -2.799999999999999822, 0.000000000000000000, 2.932844324628232018E-14 ) ) ;
#7075 = CARTESIAN_POINT ( 'NONE',  ( 11.50000000000006217, 1.600000000000000977, 5.899999999999881339 ) ) ;
#7076 = VERTEX_POINT ( 'NONE', #3652 ) ;
#7077 = VERTEX_POINT ( 'NONE', #2994 ) ;
#7078 = EDGE_CURVE ( 'NONE', #6168, #3336, #3218, .T. ) ;
#7079 = VECTOR ( 'NONE', #4844, 1000.000000000000000 ) ;
#7080 = CARTESIAN_POINT ( 'NONE',  ( 7.785000000000061426, -0.2900000000000012568, 5.799999999999918998 ) ) ;
#7081 = LINE ( 'NONE', #5833, #1226 ) ;
#7082 = DIRECTION ( 'NONE',  ( 1.000000000000000000, 0.000000000000000000, -8.673617379884013384E-15 ) ) ;
#7083 = FACE_OUTER_BOUND ( 'NONE', #1074, .T. ) ;
#7084 = AXIS2_PLACEMENT_3D ( 'NONE', #244, #6187, #4807 ) ;
#7085 = VECTOR ( 'NONE', #1991, 1000.000000000000000 ) ;
#7086 = VECTOR ( 'NONE', #5122, 1000.000000000000000 ) ;
#7087 = ORIENTED_EDGE ( 'NONE', *, *, #5359, .T. ) ;
#7088 = ORIENTED_EDGE ( 'NONE', *, *, #5672, .T. ) ;
#7089 = VECTOR ( 'NONE', #6607, 1000.000000000000000 ) ;
#7090 = VECTOR ( 'NONE', #7351, 1000.000000000000000 ) ;
#7091 = DIRECTION ( 'NONE',  ( 0.000000000000000000, -1.000000000000000000, 0.000000000000000000 ) ) ;
#7092 = VECTOR ( 'NONE', #3320, 1000.000000000000000 ) ;
#7093 = LINE ( 'NONE', #5628, #6059 ) ;
#7094 = CARTESIAN_POINT ( 'NONE',  ( 12.49999999999993960, -0.2500000000000000000, -5.800000000000129496 ) ) ;
#7095 = DIRECTION ( 'NONE',  ( -1.000000000000000000, 0.000000000000000000, 1.084202172485506327E-14 ) ) ;
#7096 = DIRECTION ( 'NONE',  ( 0.000000000000000000, 1.000000000000000000, 0.000000000000000000 ) ) ;
#7097 = ORIENTED_EDGE ( 'NONE', *, *, #2405, .T. ) ;
#7098 = ORIENTED_EDGE ( 'NONE', *, *, #8689, .T. ) ;
#7099 = CIRCLE ( 'NONE', #861, 0.2499999999999998890 ) ;
#7100 = EDGE_LOOP ( 'NONE', ( #6723, #7498, #1673, #3804 ) ) ;
#7101 = AXIS2_PLACEMENT_3D ( 'NONE', #6074, #8799, #4218 ) ;
#7102 = ORIENTED_EDGE ( 'NONE', *, *, #837, .F. ) ;
#7103 = EDGE_CURVE ( 'NONE', #197, #1851, #6364, .T. ) ;
#7104 = ADVANCED_FACE ( 'NONE', ( #4316 ), #1217, .T. ) ;
#7105 = DIRECTION ( 'NONE',  ( -1.000000000000000000, 0.000000000000000000, 1.084202172485501594E-14 ) ) ;
#7106 = EDGE_CURVE ( 'NONE', #1195, #2300, #7971, .T. ) ;
#7107 = LINE ( 'NONE', #4273, #1685 ) ;
#7108 = CARTESIAN_POINT ( 'NONE',  ( 2.649999999999934186, 1.450000000000000844, -6.000000000000027534 ) ) ;
#7109 = DIRECTION ( 'NONE',  ( -1.000000000000000000, 0.000000000000000000, 1.047444401652940007E-14 ) ) ;
#7110 = ORIENTED_EDGE ( 'NONE', *, *, #4671, .F. ) ;
#7111 = EDGE_LOOP ( 'NONE', ( #3897, #7288, #8523, #8180, #7441 ) ) ;
#7112 = AXIS2_PLACEMENT_3D ( 'NONE', #4869, #3492, #5441 ) ;
#7113 = EDGE_CURVE ( 'NONE', #2633, #4767, #3029, .T. ) ;
#7114 = CARTESIAN_POINT ( 'NONE',  ( 5.480000000000060822, -0.2899999999999993139, 5.799999999999942979 ) ) ;
#7115 = PRODUCT_RELATED_PRODUCT_CATEGORY ( 'part', '', ( #2177 ) ) ;
#7116 = DIRECTION ( 'NONE',  ( -1.047444401652940007E-14, -1.008560160451632221E-16, -1.000000000000000000 ) ) ;
#7117 = EDGE_CURVE ( 'NONE', #7510, #5596, #8369, .T. ) ;
#7118 = ADVANCED_FACE ( 'NONE', ( #3931 ), #1691, .F. ) ;
#7119 = DIRECTION ( 'NONE',  ( -1.000000000000000000, 0.000000000000000000, 1.455818952234153569E-14 ) ) ;
#7120 = LINE ( 'NONE', #7781, #1978 ) ;
#7121 = DIRECTION ( 'NONE',  ( -1.047444401652940007E-14, -1.008560160451632221E-16, -1.000000000000000000 ) ) ;
#7122 = VECTOR ( 'NONE', #6848, 1000.000000000000000 ) ;
#7123 = CARTESIAN_POINT ( 'NONE',  ( 10.99999999999993605, -0.2500000000000000000, -6.000000000000116351 ) ) ;
#7124 = EDGE_LOOP ( 'NONE', ( #3199, #7965, #1921, #2413 ) ) ;
#7125 = VERTEX_POINT ( 'NONE', #2948 ) ;
#7126 = LINE ( 'NONE', #8542, #3656 ) ;
#7127 = DIRECTION ( 'NONE',  ( 1.047444401652940007E-14, 0.000000000000000000, 1.000000000000000000 ) ) ;
#7128 = CARTESIAN_POINT ( 'NONE',  ( 6.280000000000057980, 0.6600000000000001421, 5.799999999999934985 ) ) ;
#7129 = CARTESIAN_POINT ( 'NONE',  ( 5.380000000000061178, 0.06000000000000067779, 6.049999999999943867 ) ) ;
#7130 = EDGE_CURVE ( 'NONE', #2283, #3737, #282, .T. ) ;
#7131 = EDGE_CURVE ( 'NONE', #5697, #6122, #2290, .T. ) ;
#7132 = ADVANCED_FACE ( 'NONE', ( #1028 ), #3740, .F. ) ;
#7133 = ORIENTED_EDGE ( 'NONE', *, *, #2296, .T. ) ;
#7134 = VERTEX_POINT ( 'NONE', #1176 ) ;
#7135 = EDGE_CURVE ( 'NONE', #8646, #6044, #3787, .T. ) ;
#7136 = DIRECTION ( 'NONE',  ( 1.000000000000000000, 0.000000000000000000, -1.016467196724782760E-14 ) ) ;
#7137 = CARTESIAN_POINT ( 'NONE',  ( 5.030000000000058868, 0.06000000000000066391, 5.799999999999947420 ) ) ;
#7138 = CARTESIAN_POINT ( 'NONE',  ( 11.89999999999993641, -1.560703055139993412, -6.000000000000126121 ) ) ;
#7139 = CARTESIAN_POINT ( 'NONE',  ( 8.945230123270787814, 1.099999999999996758, -5.100000000000092015 ) ) ;
#7140 = FACE_OUTER_BOUND ( 'NONE', #2715, .T. ) ;
#7141 = ORIENTED_EDGE ( 'NONE', *, *, #7005, .T. ) ;
#7142 = VERTEX_POINT ( 'NONE', #5773 ) ;
#7143 = ORIENTED_EDGE ( 'NONE', *, *, #2350, .T. ) ;
#7144 = ORIENTED_EDGE ( 'NONE', *, *, #5099, .T. ) ;
#7145 = FACE_OUTER_BOUND ( 'NONE', #5636, .T. ) ;
#7146 = LINE ( 'NONE', #3767, #1247 ) ;
#7147 = CYLINDRICAL_SURFACE ( 'NONE', #7178, 0.3999999999999993006 ) ;
#7148 = CARTESIAN_POINT ( 'NONE',  ( 4.115421043656688482, 2.260000000000000675, -5.700000000000043698 ) ) ;
#7149 = ORIENTED_EDGE ( 'NONE', *, *, #6514, .F. ) ;
#7150 = ORIENTED_EDGE ( 'NONE', *, *, #519, .F. ) ;
#7151 = DIRECTION ( 'NONE',  ( -1.047444401652940007E-14, 0.000000000000000000, -1.000000000000000000 ) ) ;
#7152 = LINE ( 'NONE', #1646, #7357 ) ;
#7153 = DIRECTION ( 'NONE',  ( -1.141265444721583757E-16, -1.000000000000000000, 1.195412100873575815E-30 ) ) ;
#7154 = CARTESIAN_POINT ( 'NONE',  ( 2.250000000000061284, -1.560703055139994522, 5.999999999999976907 ) ) ;
#7155 = DIRECTION ( 'NONE',  ( 7.406550393246804314E-15, -0.7071067811865469066, 0.7071067811865482389 ) ) ;
#7156 = ADVANCED_FACE ( 'NONE', ( #3889 ), #6593, .F. ) ;
#7157 = EDGE_CURVE ( 'NONE', #98, #6708, #6820, .T. ) ;
#7158 = VERTEX_POINT ( 'NONE', #2646 ) ;
#7159 = ORIENTED_EDGE ( 'NONE', *, *, #5136, .T. ) ;
#7160 = DIRECTION ( 'NONE',  ( 0.000000000000000000, 1.000000000000000000, 0.000000000000000000 ) ) ;
#7161 = CARTESIAN_POINT ( 'NONE',  ( 11.49999999999993783, 2.299999999999998934, -5.900000000000121148 ) ) ;
#7162 = LINE ( 'NONE', #5834, #4934 ) ;
#7163 = LINE ( 'NONE', #5070, #509 ) ;
#7164 = VERTEX_POINT ( 'NONE', #1267 ) ;
#7165 = EDGE_CURVE ( 'NONE', #1872, #1186, #3986, .T. ) ;
#7166 = VERTEX_POINT ( 'NONE', #2785 ) ;
#7167 = EDGE_LOOP ( 'NONE', ( #2029, #3295, #8017, #3462 ) ) ;
#7168 = CARTESIAN_POINT ( 'NONE',  ( 8.945230123270903277, 2.260000000000000675, 5.449999999999907807 ) ) ;
#7169 = CARTESIAN_POINT ( 'NONE',  ( 12.12000000000004718, 2.380000000000000782, 4.499999999999872990 ) ) ;
#7170 = FACE_OUTER_BOUND ( 'NONE', #5465, .T. ) ;
#7171 = EDGE_CURVE ( 'NONE', #1182, #2539, #8782, .T. ) ;
#7172 = DIRECTION ( 'NONE',  ( 1.048062100069320848E-14, 0.000000000000000000, 1.000000000000000000 ) ) ;
#7173 = PLANE ( 'NONE',  #2404 ) ;
#7174 =( NAMED_UNIT ( * ) SI_UNIT ( $, .STERADIAN. ) SOLID_ANGLE_UNIT ( ) );
#7175 = ORIENTED_EDGE ( 'NONE', *, *, #5790, .F. ) ;
#7176 = ORIENTED_EDGE ( 'NONE', *, *, #3685, .T. ) ;
#7177 = ORIENTED_EDGE ( 'NONE', *, *, #7876, .F. ) ;
#7178 = AXIS2_PLACEMENT_3D ( 'NONE', #4346, #3600, #1058 ) ;
#7179 = VERTEX_POINT ( 'NONE', #640 ) ;
#7180 = DIRECTION ( 'NONE',  ( 0.000000000000000000, -1.000000000000000000, 0.000000000000000000 ) ) ;
#7181 = DIRECTION ( 'NONE',  ( 1.000000000000000000, 0.000000000000000000, -8.673617379884013384E-15 ) ) ;
#7182 = CARTESIAN_POINT ( 'NONE',  ( 6.280000000000062421, -0.3699999999999982747, 6.049999999999934097 ) ) ;
#7183 = AXIS2_PLACEMENT_3D ( 'NONE', #6257, #7681, #8347 ) ;
#7184 = CARTESIAN_POINT ( 'NONE',  ( 1.349999999999973666, 1.650000000000000799, -2.300000000000015365 ) ) ;
#7185 = ADVANCED_FACE ( 'NONE', ( #6687 ), #6114, .F. ) ;
#7186 = DIRECTION ( 'NONE',  ( 3.562796849662422407E-30, 1.000000000000000000, 3.401418580346681312E-16 ) ) ;
#7187 = ORIENTED_EDGE ( 'NONE', *, *, #4865, .T. ) ;
#7188 = ORIENTED_EDGE ( 'NONE', *, *, #4601, .T. ) ;
#7189 = AXIS2_PLACEMENT_3D ( 'NONE', #4243, #4944, #7667 ) ;
#7190 = VERTEX_POINT ( 'NONE', #7489 ) ;
#7191 = EDGE_CURVE ( 'NONE', #1511, #469, #600, .T. ) ;
#7192 = LINE ( 'NONE', #2480, #6084 ) ;
#7193 = CARTESIAN_POINT ( 'NONE',  ( 2.249999999999937828, -0.2499999999999996669, -5.800000000000023803 ) ) ;
#7194 = CARTESIAN_POINT ( 'NONE',  ( 2.699999999999931344, 2.259999999999998899, -6.400000000000028777 ) ) ;
#7195 = VECTOR ( 'NONE', #8735, 1000.000000000000000 ) ;
#7196 = SURFACE_STYLE_FILL_AREA ( #2363 ) ;
#7197 = VECTOR ( 'NONE', #3446, 1000.000000000000000 ) ;
#7198 = LINE ( 'NONE', #5179, #1535 ) ;
#7199 = EDGE_LOOP ( 'NONE', ( #7556, #3658, #6735, #4022 ) ) ;
#7200 = VECTOR ( 'NONE', #610, 1000.000000000000000 ) ;
#7201 = ORIENTED_EDGE ( 'NONE', *, *, #7106, .F. ) ;
#7202 = AXIS2_PLACEMENT_3D ( 'NONE', #8514, #376, #2504 ) ;
#7203 = DIRECTION ( 'NONE',  ( -1.000000000000000000, 0.000000000000000000, 1.047444401652940007E-14 ) ) ;
#7204 = AXIS2_PLACEMENT_3D ( 'NONE', #949, #337, #3665 ) ;
#7205 = CYLINDRICAL_SURFACE ( 'NONE', #5805, 0.4999999999999995559 ) ;
#7206 = CARTESIAN_POINT ( 'NONE',  ( 3.874999999999842792, 2.260000000000000675, -14.75411377792224599 ) ) ;
#7207 = DIRECTION ( 'NONE',  ( -1.047444401652940007E-14, 0.000000000000000000, -1.000000000000000000 ) ) ;
#7208 = ADVANCED_FACE ( 'NONE', ( #2023 ), #688, .F. ) ;
#7209 = ORIENTED_EDGE ( 'NONE', *, *, #200, .T. ) ;
#7210 = EDGE_CURVE ( 'NONE', #8732, #2307, #6640, .T. ) ;
#7211 = ORIENTED_EDGE ( 'NONE', *, *, #639, .T. ) ;
#7212 = ORIENTED_EDGE ( 'NONE', *, *, #5708, .F. ) ;
#7213 = ADVANCED_FACE ( 'NONE', ( #3309 ), #559, .F. ) ;
#7214 = LINE ( 'NONE', #3081, #575 ) ;
#7215 = DIRECTION ( 'NONE',  ( 1.047444401652940007E-14, 0.000000000000000000, 1.000000000000000000 ) ) ;
#7216 = DIRECTION ( 'NONE',  ( 1.047444401652940007E-14, 0.000000000000000000, 1.000000000000000000 ) ) ;
#7217 = CARTESIAN_POINT ( 'NONE',  ( 8.800000000000061107, -1.560703055139993412, 5.799999999999908340 ) ) ;
#7218 = AXIS2_PLACEMENT_3D ( 'NONE', #8683, #2596, #1912 ) ;
#7219 = AXIS2_PLACEMENT_3D ( 'NONE', #2925, #5038, #5588 ) ;
#7220 = EDGE_CURVE ( 'NONE', #8261, #8210, #3402, .T. ) ;
#7221 = DIRECTION ( 'NONE',  ( -1.000000000000000000, 0.000000000000000000, 1.047444401652940007E-14 ) ) ;
#7222 = ORIENTED_EDGE ( 'NONE', *, *, #7722, .F. ) ;
#7223 = ORIENTED_EDGE ( 'NONE', *, *, #6958, .T. ) ;
#7224 = ORIENTED_EDGE ( 'NONE', *, *, #3417, .T. ) ;
#7225 = PRESENTATION_LAYER_ASSIGNMENT (  '', '', ( #2277 ) ) ;
#7227 = ORIENTED_EDGE ( 'NONE', *, *, #927, .T. ) ;
#7226 = AXIS2_PLACEMENT_3D ( 'NONE', #8688, #8103, #8727 ) ;
#7228 = DIRECTION ( 'NONE',  ( 1.000000000000000000, 0.000000000000000000, -1.047444401652940007E-14 ) ) ;
#7229 = DIRECTION ( 'NONE',  ( 0.7071067811865522357, -0.7071067811865427988, -7.406550393246845335E-15 ) ) ;
#7230 = VECTOR ( 'NONE', #1038, 1000.000000000000000 ) ;
#7231 = VECTOR ( 'NONE', #3453, 1000.000000000000000 ) ;
#7232 = CARTESIAN_POINT ( 'NONE',  ( 7.589999999999956337, -0.04000000000000016043, -4.850000000000079581 ) ) ;
#7233 = AXIS2_PLACEMENT_3D ( 'NONE', #4083, #1320, #2077 ) ;
#7234 = PLANE ( 'NONE',  #2695 ) ;
#7235 = ORIENTED_EDGE ( 'NONE', *, *, #4651, .T. ) ;
#7236 = ADVANCED_FACE ( 'NONE', ( #1405 ), #5346, .F. ) ;
#7237 = ORIENTED_EDGE ( 'NONE', *, *, #7709, .T. ) ;
#7238 = ORIENTED_EDGE ( 'NONE', *, *, #3467, .T. ) ;
#7239 = VECTOR ( 'NONE', #4953, 1000.000000000000000 ) ;
#7240 = FACE_OUTER_BOUND ( 'NONE', #2248, .T. ) ;
#7241 = DIRECTION ( 'NONE',  ( 1.000000000000000000, -5.575896887068300516E-15, -1.047444401652940007E-14 ) ) ;
#7242 = DIRECTION ( 'NONE',  ( 0.000000000000000000, 1.000000000000000000, 0.000000000000000000 ) ) ;
#7243 = LINE ( 'NONE', #3867, #5815 ) ;
#7244 = DIRECTION ( 'NONE',  ( 1.152640183373292192E-15, -1.000000000000000000, -1.207326507194573150E-29 ) ) ;
#7245 = ORIENTED_EDGE ( 'NONE', *, *, #7673, .T. ) ;
#7246 = ORIENTED_EDGE ( 'NONE', *, *, #4713, .F. ) ;
#7247 = CARTESIAN_POINT ( 'NONE',  ( 6.479999999999926708, 2.299999999999998490, -6.900000000000066969 ) ) ;
#7248 = FACE_OUTER_BOUND ( 'NONE', #3497, .T. ) ;
#7249 = DIRECTION ( 'NONE',  ( -1.000000000000000000, 0.000000000000000000, 1.047444401652940007E-14 ) ) ;
#7250 = CARTESIAN_POINT ( 'NONE',  ( 12.00000000000006217, 2.260000000000000675, 5.899999999999876010 ) ) ;
#7251 = CIRCLE ( 'NONE', #3007, 0.08000000000000020983 ) ;
#7252 = ADVANCED_FACE ( 'NONE', ( #4824 ), #8011, .T. ) ;
#7253 = VERTEX_POINT ( 'NONE', #5438 ) ;
#7254 = ADVANCED_FACE ( 'NONE', ( #2064, #6775 ), #4640, .F. ) ;
#7255 = ORIENTED_EDGE ( 'NONE', *, *, #2668, .T. ) ;
#7256 = ORIENTED_EDGE ( 'NONE', *, *, #2103, .T. ) ;
#7257 = CARTESIAN_POINT ( 'NONE',  ( 3.874999999999958256, 2.510000000000001119, -4.000000000000041744 ) ) ;
#7258 = DIRECTION ( 'NONE',  ( -1.047444401652940007E-14, 0.000000000000000000, -1.000000000000000000 ) ) ;
#7259 = DIRECTION ( 'NONE',  ( 1.000000000000000000, 0.000000000000000000, -1.047444401652940007E-14 ) ) ;
#7260 = FACE_OUTER_BOUND ( 'NONE', #7721, .T. ) ;
#7261 = DIRECTION ( 'NONE',  ( 1.000000000000000000, 0.000000000000000000, -1.047444401652940007E-14 ) ) ;
#7262 = ORIENTED_EDGE ( 'NONE', *, *, #4749, .F. ) ;
#7263 = ORIENTED_EDGE ( 'NONE', *, *, #6850, .T. ) ;
#7264 = ADVANCED_FACE ( 'NONE', ( #4688 ), #7350, .T. ) ;
#7265 = ORIENTED_EDGE ( 'NONE', *, *, #6836, .F. ) ;
#7266 = ORIENTED_EDGE ( 'NONE', *, *, #1011, .F. ) ;
#7267 = ADVANCED_FACE ( 'NONE', ( #4027 ), #6725, .F. ) ;
#7268 = CARTESIAN_POINT ( 'NONE',  ( 4.315421043656681555, -0.2500000000000000000, -6.400000000000045652 ) ) ;
#7269 = DIRECTION ( 'NONE',  ( -1.000000000000000000, 0.000000000000000000, 1.047444401652940007E-14 ) ) ;
#7270 = DIRECTION ( 'NONE',  ( -1.000000000000000000, 0.000000000000000000, 1.040834085586084730E-14 ) ) ;
#7271 = CARTESIAN_POINT ( 'NONE',  ( 12.00000000000004619, -2.140000000000001457, 4.299999999999871925 ) ) ;
#7272 = DIRECTION ( 'NONE',  ( 0.000000000000000000, -1.000000000000000000, 0.000000000000000000 ) ) ;
#7273 = ORIENTED_EDGE ( 'NONE', *, *, #1729, .F. ) ;
#7274 = ORIENTED_EDGE ( 'NONE', *, *, #4600, .F. ) ;
#7275 = ORIENTED_EDGE ( 'NONE', *, *, #8702, .F. ) ;
#7276 = ADVANCED_FACE ( 'NONE', ( #6255 ), #122, .F. ) ;
#7277 = DIRECTION ( 'NONE',  ( 1.355252715606883254E-16, -1.000000000000000000, -1.419551869787373831E-30 ) ) ;
#7278 = CARTESIAN_POINT ( 'NONE',  ( 12.49999999999993250, -0.2500000000000000000, -6.400000000000130917 ) ) ;
#7279 = CARTESIAN_POINT ( 'NONE',  ( 6.729999999999956906, 2.510000000000001119, -4.970000000000069917 ) ) ;
#7280 = CARTESIAN_POINT ( 'NONE',  ( 6.380000000000062066, -1.600703055139993669, 6.049999999999933209 ) ) ;
#7281 = DIRECTION ( 'NONE',  ( -1.419551869787371203E-30, 1.000000000000000000, -1.355252715606880543E-16 ) ) ;
#7282 = ORIENTED_EDGE ( 'NONE', *, *, #1551, .F. ) ;
#7283 = VERTEX_POINT ( 'NONE', #7714 ) ;
#7284 = CARTESIAN_POINT ( 'NONE',  ( 0.9000000000000570877, 1.570000000000001394, 5.919999999999990159 ) ) ;
#7285 = FACE_OUTER_BOUND ( 'NONE', #8295, .T. ) ;
#7286 = FACE_OUTER_BOUND ( 'NONE', #1506, .T. ) ;
#7287 = CARTESIAN_POINT ( 'NONE',  ( 5.130000000000060290, 1.159999999999999920, 5.799999999999946532 ) ) ;
#7288 = ORIENTED_EDGE ( 'NONE', *, *, #2256, .T. ) ;
#7289 = ORIENTED_EDGE ( 'NONE', *, *, #7434, .T. ) ;
#7290 = ADVANCED_FACE ( 'NONE', ( #6293 ), #4956, .F. ) ;
#7291 = ORIENTED_EDGE ( 'NONE', *, *, #5484, .T. ) ;
#7292 = ORIENTED_EDGE ( 'NONE', *, *, #3940, .F. ) ;
#7293 = DIRECTION ( 'NONE',  ( -1.047444401652940007E-14, 0.000000000000000000, -1.000000000000000000 ) ) ;
#7294 = CARTESIAN_POINT ( 'NONE',  ( 2.699999999999939782, 2.510000000000001119, -5.640421043656777655 ) ) ;
#7295 = EDGE_CURVE ( 'NONE', #7134, #6221, #210, .T. ) ;
#7296 = DIRECTION ( 'NONE',  ( -1.000000000000000000, 0.000000000000000000, 1.039630331941332723E-14 ) ) ;
#7297 = CARTESIAN_POINT ( 'NONE',  ( 2.720000000000043716, 1.730000000000000870, 4.149999999999974598 ) ) ;
#7298 = DIRECTION ( 'NONE',  ( 1.000000000000000000, 0.000000000000000000, -1.047444401652940007E-14 ) ) ;
#7299 = ORIENTED_EDGE ( 'NONE', *, *, #8425, .F. ) ;
#7300 = ORIENTED_EDGE ( 'NONE', *, *, #6851, .F. ) ;
#7301 = ORIENTED_EDGE ( 'NONE', *, *, #8123, .T. ) ;
#7302 = CARTESIAN_POINT ( 'NONE',  ( 0.7999999999999579670, 2.260000000000000675, -4.000000000000008882 ) ) ;
#7303 = LINE ( 'NONE', #3703, #3506 ) ;
#7304 = LINE ( 'NONE', #3269, #2286 ) ;
#7305 = DIRECTION ( 'NONE',  ( 0.000000000000000000, -1.000000000000000000, 0.000000000000000000 ) ) ;
#7306 = DIRECTION ( 'NONE',  ( -1.047444401652940007E-14, 0.000000000000000000, -1.000000000000000000 ) ) ;
#7307 = EDGE_CURVE ( 'NONE', #5324, #7870, #6910, .T. ) ;
#7308 = CARTESIAN_POINT ( 'NONE',  ( 9.049999999999954525, -0.03999999999999887673, -5.100000000000092903 ) ) ;
#7309 = ORIENTED_EDGE ( 'NONE', *, *, #644, .T. ) ;
#7310 = ORIENTED_EDGE ( 'NONE', *, *, #7811, .F. ) ;
#7311 = ORIENTED_EDGE ( 'NONE', *, *, #1401, .F. ) ;
#7312 = AXIS2_PLACEMENT_3D ( 'NONE', #5862, #2661, #8573 ) ;
#7313 = DIRECTION ( 'NONE',  ( 0.8191520442889830278, 0.000000000000000000, -0.5735764363510585939 ) ) ;
#7314 = CYLINDRICAL_SURFACE ( 'NONE', #556, 0.1000000000000011297 ) ;
#7315 = EDGE_CURVE ( 'NONE', #4695, #7158, #959, .T. ) ;
#7316 = CARTESIAN_POINT ( 'NONE',  ( 2.474999999999933031, -3.000000000000001776, -6.400000000000026112 ) ) ;
#7317 = EDGE_CURVE ( 'NONE', #6478, #2080, #1543, .T. ) ;
#7318 = CARTESIAN_POINT ( 'NONE',  ( -1.199999999999993960, 3.299999999999999822, 0.5750000000000122791 ) ) ;
#7319 = PLANE ( 'NONE',  #256 ) ;
#7320 = ORIENTED_EDGE ( 'NONE', *, *, #2031, .T. ) ;
#7321 = ADVANCED_FACE ( 'NONE', ( #8342 ), #3489, .T. ) ;
#7322 = CARTESIAN_POINT ( 'NONE',  ( 7.489999999999955804, 0.8749999999999968914, -4.850000000000077804 ) ) ;
#7323 = LINE ( 'NONE', #5997, #3396 ) ;
#7324 = DIRECTION ( 'NONE',  ( 1.047444401652940007E-14, 0.000000000000000000, 1.000000000000000000 ) ) ;
#7325 = CIRCLE ( 'NONE', #7626, 0.1000000000000011297 ) ;
#7326 = CARTESIAN_POINT ( 'NONE',  ( 6.360000000000059828, -0.2899999999999992029, 5.799999999999934097 ) ) ;
#7327 = AXIS2_PLACEMENT_3D ( 'NONE', #5331, #6049, #2683 ) ;
#7328 = PLANE ( 'NONE',  #6906 ) ;
#7329 = CARTESIAN_POINT ( 'NONE',  ( -0.8500000000000029754, 2.510000000000001119, -0.2499999999999917566 ) ) ;
#7330 = VERTEX_POINT ( 'NONE', #1593 ) ;
#7331 = VECTOR ( 'NONE', #1236, 1000.000000000000000 ) ;
#7332 = ADVANCED_FACE ( 'NONE', ( #6201 ), #2343, .F. ) ;
#7333 = CARTESIAN_POINT ( 'NONE',  ( 3.100000000000041833, 1.400000000000000355, 3.899999999999968825 ) ) ;
#7334 = ORIENTED_EDGE ( 'NONE', *, *, #6587, .F. ) ;
#7335 = CIRCLE ( 'NONE', #8617, 0.1299999999999998934 ) ;
#7336 = ORIENTED_EDGE ( 'NONE', *, *, #166, .F. ) ;
#7337 = CARTESIAN_POINT ( 'NONE',  ( 0.6500000000000405453, 1.450000000000000844, 4.349999999999995204 ) ) ;
#7338 = CARTESIAN_POINT ( 'NONE',  ( 1.549999999999992717, 2.260000000000000675, -0.7000000000000172751 ) ) ;
#7339 = CYLINDRICAL_SURFACE ( 'NONE', #1797, 0.2000000000000005107 ) ;
#7340 = LINE ( 'NONE', #1255, #397 ) ;
#7341 = AXIS2_PLACEMENT_3D ( 'NONE', #618, #6095, #4047 ) ;
#7342 = CARTESIAN_POINT ( 'NONE',  ( 0.5000000000000202061, 2.260000000000000231, 1.926136028425817548 ) ) ;
#7343 = DIRECTION ( 'NONE',  ( -1.047444401652940007E-14, -0.000000000000000000, -1.000000000000000000 ) ) ;
#7344 = ORIENTED_EDGE ( 'NONE', *, *, #3554, .T. ) ;
#7345 = ORIENTED_EDGE ( 'NONE', *, *, #3298, .T. ) ;
#7346 = VERTEX_POINT ( 'NONE', #7006 ) ;
#7347 = VECTOR ( 'NONE', #222, 1000.000000000000000 ) ;
#7348 = DIRECTION ( 'NONE',  ( -1.000000000000000000, 0.000000000000000000, 1.734723475976810250E-14 ) ) ;
#7349 = AXIS2_PLACEMENT_3D ( 'NONE', #7698, #388, #6887 ) ;
#7350 = PLANE ( 'NONE',  #245 ) ;
#7351 = DIRECTION ( 'NONE',  ( -1.000000000000000000, 0.000000000000000000, 1.047444401652940007E-14 ) ) ;
#7352 = LINE ( 'NONE', #3989, #8213 ) ;
#7353 = FACE_OUTER_BOUND ( 'NONE', #2231, .T. ) ;
#7354 = CARTESIAN_POINT ( 'NONE',  ( 1.449999999999937117, -0.2499999999999997780, -6.000000000000015987 ) ) ;
#7355 = VERTEX_POINT ( 'NONE', #3542 ) ;
#7356 = AXIS2_PLACEMENT_3D ( 'NONE', #8050, #4583, #6760 ) ;
#7357 = VECTOR ( 'NONE', #1731, 1000.000000000000000 ) ;
#7358 = VECTOR ( 'NONE', #1210, 1000.000000000000000 ) ;
#7359 = ORIENTED_EDGE ( 'NONE', *, *, #7694, .F. ) ;
#7360 = ORIENTED_EDGE ( 'NONE', *, *, #5102, .F. ) ;
#7361 = EDGE_CURVE ( 'NONE', #8316, #278, #1629, .T. ) ;
#7362 = VECTOR ( 'NONE', #60, 1000.000000000000000 ) ;
#7363 = LINE ( 'NONE', #6030, #8512 ) ;
#7364 = PLANE ( 'NONE',  #4213 ) ;
#7365 = CARTESIAN_POINT ( 'NONE',  ( 6.279999999999936300, -1.600703055139993669, -6.000000000000065725 ) ) ;
#7366 = CARTESIAN_POINT ( 'NONE',  ( -2.800000000000026024, 3.061616997868383141E-16, -2.499999999999970690 ) ) ;
#7367 = ADVANCED_FACE ( 'NONE', ( #6338 ), #4332, .F. ) ;
#7368 = EDGE_LOOP ( 'NONE', ( #7222, #163, #3430, #8336 ) ) ;
#7369 = EDGE_CURVE ( 'NONE', #262, #1879, #8766, .T. ) ;
#7370 = CARTESIAN_POINT ( 'NONE',  ( 1.274999999999936851, -0.2499999999999988065, -6.000000000000013323 ) ) ;
#7371 = ADVANCED_FACE ( 'NONE', ( #172 ), #255, .T. ) ;
#7372 = EDGE_CURVE ( 'NONE', #6959, #8622, #8433, .T. ) ;
#7373 = CARTESIAN_POINT ( 'NONE',  ( 7.589999999999953673, -0.04000000000000016043, -5.100000000000078693 ) ) ;
#7374 = PLANE ( 'NONE',  #102 ) ;
#7375 = DIRECTION ( 'NONE',  ( 1.047444401652940007E-14, 2.282530889443166529E-16, 1.000000000000000000 ) ) ;
#7376 = LINE ( 'NONE', #581, #5901 ) ;
#7377 = CARTESIAN_POINT ( 'NONE',  ( 1.274999999999937961, 1.650000000000000799, -5.920000000000013252 ) ) ;
#7378 = ORIENTED_EDGE ( 'NONE', *, *, #7854, .T. ) ;
#7379 = VERTEX_POINT ( 'NONE', #2173 ) ;
#7380 = DIRECTION ( 'NONE',  ( -1.000000000000000000, 0.000000000000000000, 1.047444401652940007E-14 ) ) ;
#7381 = ORIENTED_EDGE ( 'NONE', *, *, #2533, .T. ) ;
#7382 = ORIENTED_EDGE ( 'NONE', *, *, #7913, .F. ) ;
#7383 = DIRECTION ( 'NONE',  ( 1.000000000000000000, 0.000000000000000000, -1.084202172485504592E-14 ) ) ;
#7384 = VECTOR ( 'NONE', #30, 1000.000000000000000 ) ;
#7385 = EDGE_CURVE ( 'NONE', #179, #7891, #8298, .T. ) ;
#7386 = CARTESIAN_POINT ( 'NONE',  ( 0.5000000000000122125, 2.259999999999999787, 1.165277777777772306 ) ) ;
#7387 = FACE_OUTER_BOUND ( 'NONE', #6467, .T. ) ;
#7388 = CARTESIAN_POINT ( 'NONE',  ( 3.874999999999938272, 2.510000000000001119, -5.920000000000041673 ) ) ;
#7389 = ADVANCED_FACE ( 'NONE', ( #2214 ), #4257, .F. ) ;
#7390 = LINE ( 'NONE', #2734, #4812 ) ;
#7391 = DIRECTION ( 'NONE',  ( -1.000000000000000000, 0.000000000000000000, 8.673617379884030739E-15 ) ) ;
#7392 = ORIENTED_EDGE ( 'NONE', *, *, #913, .F. ) ;
#7393 = ORIENTED_EDGE ( 'NONE', *, *, #2725, .T. ) ;
#7394 = VECTOR ( 'NONE', #3728, 1000.000000000000000 ) ;
#7395 = EDGE_CURVE ( 'NONE', #6959, #4895, #3132, .T. ) ;
#7396 = VERTEX_POINT ( 'NONE', #1710 ) ;
#7397 = CARTESIAN_POINT ( 'NONE',  ( 4.471067811865474972, 0.000000000000000000, -4.683194948949152093E-14 ) ) ;
#7398 = DIRECTION ( 'NONE',  ( -1.000000000000000000, 0.000000000000000000, 1.060586246167915856E-14 ) ) ;
#7399 = LINE ( 'NONE', #2518, #7090 ) ;
#7400 = CARTESIAN_POINT ( 'NONE',  ( 2.649999999999934186, 1.650000000000000799, -6.000000000000027534 ) ) ;
#7401 = DIRECTION ( 'NONE',  ( 0.000000000000000000, 1.000000000000000000, 0.000000000000000000 ) ) ;
#7402 = PLANE ( 'NONE',  #8795 ) ;
#7403 = ORIENTED_EDGE ( 'NONE', *, *, #6179, .F. ) ;
#7404 = ORIENTED_EDGE ( 'NONE', *, *, #1455, .T. ) ;
#7405 = ORIENTED_EDGE ( 'NONE', *, *, #4236, .F. ) ;
#7406 = EDGE_CURVE ( 'NONE', #2870, #1435, #3847, .T. ) ;
#7407 = DIRECTION ( 'NONE',  ( 1.000000000000000000, 0.000000000000000000, -1.047444401652940007E-14 ) ) ;
#7408 = CARTESIAN_POINT ( 'NONE',  ( 1.195000000000062679, 1.450000000000000844, 5.999999999999987566 ) ) ;
#7409 =( NAMED_UNIT ( * ) SI_UNIT ( $, .STERADIAN. ) SOLID_ANGLE_UNIT ( ) );
#7410 = CARTESIAN_POINT ( 'NONE',  ( 3.100000000000046274, 1.400000000000000355, 4.399999999999970157 ) ) ;
#7411 = ORIENTED_EDGE ( 'NONE', *, *, #2765, .T. ) ;
#7412 = FACE_OUTER_BOUND ( 'NONE', #7759, .T. ) ;
#7413 = LINE ( 'NONE', #4092, #5798 ) ;
#7414 = LINE ( 'NONE', #2542, #6615 ) ;
#7415 = PLANE ( 'NONE',  #1589 ) ;
#7416 = DIRECTION ( 'NONE',  ( -1.000000000000000000, 0.000000000000000000, 1.455818952234174710E-14 ) ) ;
#7417 = DIRECTION ( 'NONE',  ( -1.419551869787370853E-30, 1.000000000000000000, -1.355252715606880296E-16 ) ) ;
#7418 = EDGE_CURVE ( 'NONE', #4546, #2513, #971, .T. ) ;
#7419 = ORIENTED_EDGE ( 'NONE', *, *, #8532, .T. ) ;
#7420 = DIRECTION ( 'NONE',  ( -9.854899917966253548E-15, 0.000000000000000000, -1.000000000000000000 ) ) ;
#7421 = ORIENTED_EDGE ( 'NONE', *, *, #1727, .F. ) ;
#7422 = CLOSED_SHELL ( 'NONE', ( #6195, #3224, #6318, #6785, #7031, #6603, #6549, #8040, #6304, #7264, #4161, #5265, #2691, #1533, #4727, #2044, #3137, #279, #3784, #5242, #1852, #7544, #1481, #2718, #2620, #4945, #4596, #7003, #5625, #8018, #977 ) ) ;
#7423 = VERTEX_POINT ( 'NONE', #8590 ) ;
#7424 = DIRECTION ( 'NONE',  ( -1.000000000000000000, 0.000000000000000000, 8.673617379884013384E-15 ) ) ;
#7425 = DIRECTION ( 'NONE',  ( -1.000000000000000000, 0.000000000000000000, 1.047444401652940007E-14 ) ) ;
#7426 = CARTESIAN_POINT ( 'NONE',  ( 0.6000000000000398348, 2.260000000000000231, 3.899999999999996358 ) ) ;
#7427 = CARTESIAN_POINT ( 'NONE',  ( 6.630000000000060290, -0.04000000000000018124, 6.049999999999930544 ) ) ;
#7428 = DIRECTION ( 'NONE',  ( 1.000000000000000000, 0.000000000000000000, -1.149486959063340387E-14 ) ) ;
#7429 = DIRECTION ( 'NONE',  ( 1.047444401652940007E-14, 0.000000000000000000, 1.000000000000000000 ) ) ;
#7430 = ADVANCED_FACE ( 'NONE', ( #7260 ), #6428, .T. ) ;
#7431 = EDGE_LOOP ( 'NONE', ( #7102, #3966, #1274, #8393 ) ) ;
#7432 = ORIENTED_EDGE ( 'NONE', *, *, #3040, .T. ) ;
#7434 = EDGE_CURVE ( 'NONE', #5126, #3772, #7920, .T. ) ;
#7433 = EDGE_LOOP ( 'NONE', ( #765, #8106, #4969, #7421 ) ) ;
#7435 = ADVANCED_FACE ( 'NONE', ( #3206 ), #5922, .F. ) ;
#7436 = CARTESIAN_POINT ( 'NONE',  ( 7.935000000000060005, 2.260000000000000675, 5.799999999999916334 ) ) ;
#7437 = DIRECTION ( 'NONE',  ( -1.047444401652940007E-14, 0.000000000000000000, -1.000000000000000000 ) ) ;
#7438 = CARTESIAN_POINT ( 'NONE',  ( 5.480000000000043059, -1.399999999999999245, 3.999999999999942712 ) ) ;
#7439 = CARTESIAN_POINT ( 'NONE',  ( 0.4999999999999798495, -2.300000000000000711, -1.926136028425827540 ) ) ;
#7440 = DIRECTION ( 'NONE',  ( 1.000000000000000000, 1.355252715606883254E-16, -1.047444401652940007E-14 ) ) ;
#7441 = ORIENTED_EDGE ( 'NONE', *, *, #8265, .T. ) ;
#7442 = ORIENTED_EDGE ( 'NONE', *, *, #3141, .T. ) ;
#7443 = VECTOR ( 'NONE', #1960, 1000.000000000000000 ) ;
#7444 = ORIENTED_EDGE ( 'NONE', *, *, #8088, .F. ) ;
#7445 = AXIS2_PLACEMENT_3D ( 'NONE', #1472, #7696, #798 ) ;
#7446 = PRESENTATION_STYLE_ASSIGNMENT (( #1464 ) ) ;
#7447 = CARTESIAN_POINT ( 'NONE',  ( 8.945230123270794920, 2.260000000000000675, -4.500000000000094147 ) ) ;
#7448 = CARTESIAN_POINT ( 'NONE',  ( 2.549999999999962963, 1.650000000000000799, -3.200000000000027267 ) ) ;
#7449 = DIRECTION ( 'NONE',  ( -2.282530889443167515E-16, 1.000000000000000000, 2.390824201747151630E-30 ) ) ;
#7450 = DIRECTION ( 'NONE',  ( 1.047444401652940007E-14, 0.000000000000000000, 1.000000000000000000 ) ) ;
#7451 = ADVANCED_FACE ( 'NONE', ( #5795 ), #5203, .F. ) ;
#7452 = VERTEX_POINT ( 'NONE', #8552 ) ;
#7453 = VECTOR ( 'NONE', #4837, 1000.000000000000000 ) ;
#7454 = CARTESIAN_POINT ( 'NONE',  ( 12.00000000000005684, 2.260000000000000675, 5.390421043656620448 ) ) ;
#7455 = DIRECTION ( 'NONE',  ( 1.047444401652940007E-14, 0.000000000000000000, 1.000000000000000000 ) ) ;
#7456 = FACE_OUTER_BOUND ( 'NONE', #8730, .T. ) ;
#7457 = CARTESIAN_POINT ( 'NONE',  ( 11.99999999999993960, -0.2500000000000000000, -5.800000000000126832 ) ) ;
#7458 = PLANE ( 'NONE',  #803 ) ;
#7459 = AXIS2_PLACEMENT_3D ( 'NONE', #5878, #8640, #1168 ) ;
#7460 = CIRCLE ( 'NONE', #8602, 0.1000000000000002554 ) ;
#7461 = DIRECTION ( 'NONE',  ( 1.047444401652940007E-14, 1.502015775005925500E-16, 1.000000000000000000 ) ) ;
#7462 = EDGE_LOOP ( 'NONE', ( #5396, #5003, #3915, #3982 ) ) ;
#7463 = ORIENTED_EDGE ( 'NONE', *, *, #3940, .T. ) ;
#7464 = CARTESIAN_POINT ( 'NONE',  ( 12.25000000000004796, 2.380000000000000782, 4.499999999999871214 ) ) ;
#7465 = ORIENTED_EDGE ( 'NONE', *, *, #5300, .T. ) ;
#7466 = VERTEX_POINT ( 'NONE', #6545 ) ;
#7467 = AXIS2_PLACEMENT_3D ( 'NONE', #1331, #665, #2907 ) ;
#7468 = CARTESIAN_POINT ( 'NONE',  ( 6.480000000000059934, -0.04000000000000003553, 5.799999999999933209 ) ) ;
#7469 = DIRECTION ( 'NONE',  ( 1.047444401652940007E-14, 0.000000000000000000, 1.000000000000000000 ) ) ;
#7470 = ADVANCED_FACE ( 'NONE', ( #5121 ), #1134, .T. ) ;
#7471 = CARTESIAN_POINT ( 'NONE',  ( 2.800000000000061995, 1.650000000000000799, 5.919999999999970619 ) ) ;
#7472 = DIRECTION ( 'NONE',  ( -1.000000000000000000, 0.000000000000000000, 1.047444401652940007E-14 ) ) ;
#7473 = AXIS2_PLACEMENT_3D ( 'NONE', #407, #5832, #2450 ) ;
#7474 = LINE ( 'NONE', #5392, #2844 ) ;
#7475 = EDGE_CURVE ( 'NONE', #6550, #6876, #2461, .T. ) ;
#7476 = FACE_OUTER_BOUND ( 'NONE', #6871, .T. ) ;
#7477 = AXIS2_PLACEMENT_3D ( 'NONE', #2197, #6891, #7607 ) ;
#7478 = VECTOR ( 'NONE', #8651, 1000.000000000000114 ) ;
#7479 = VERTEX_POINT ( 'NONE', #4424 ) ;
#7480 = ORIENTED_EDGE ( 'NONE', *, *, #42, .F. ) ;
#7481 = AXIS2_PLACEMENT_3D ( 'NONE', #3258, #5120, #3205 ) ;
#7482 = EDGE_CURVE ( 'NONE', #7938, #1435, #3882, .T. ) ;
#7483 = ORIENTED_EDGE ( 'NONE', *, *, #3696, .F. ) ;
#7484 = EDGE_CURVE ( 'NONE', #5183, #216, #344, .T. ) ;
#7485 = VECTOR ( 'NONE', #2998, 1000.000000000000000 ) ;
#7486 = LINE ( 'NONE', #7540, #7788 ) ;
#7487 = EDGE_CURVE ( 'NONE', #2448, #4950, #7838, .T. ) ;
#7488 = VECTOR ( 'NONE', #7531, 1000.000000000000000 ) ;
#7489 = CARTESIAN_POINT ( 'NONE',  ( 4.465421043656684574, -0.03999999999999801631, -6.050000000000046896 ) ) ;
#7490 = AXIS2_PLACEMENT_3D ( 'NONE', #1775, #4616, #8500 ) ;
#7491 = CARTESIAN_POINT ( 'NONE',  ( 6.630000000000057625, -0.04000000000000005634, 5.799999999999931433 ) ) ;
#7492 = DIRECTION ( 'NONE',  ( 1.000000000000000000, 0.000000000000000000, -1.057475489313306365E-14 ) ) ;
#7493 = CARTESIAN_POINT ( 'NONE',  ( 8.945230123270782485, 2.260000000000000675, -5.700000000000093436 ) ) ;
#7494 = CARTESIAN_POINT ( 'NONE',  ( 11.49999999999993960, -1.399999999999999245, -5.800000000000121503 ) ) ;
#7495 = ORIENTED_EDGE ( 'NONE', *, *, #4651, .F. ) ;
#7496 = ORIENTED_EDGE ( 'NONE', *, *, #4318, .T. ) ;
#7498 = ORIENTED_EDGE ( 'NONE', *, *, #8801, .T. ) ;
#7497 = AXIS2_PLACEMENT_3D ( 'NONE', #4516, #3221, #1847 ) ;
#7499 = VECTOR ( 'NONE', #3267, 1000.000000000000000 ) ;
#7500 = EDGE_CURVE ( 'NONE', #5603, #6332, #6490, .T. ) ;
#7501 = LINE ( 'NONE', #2224, #7794 ) ;
#7502 = CARTESIAN_POINT ( 'NONE',  ( 7.985000000000052722, 2.260000000000000675, 5.349999999999915268 ) ) ;
#7503 = VECTOR ( 'NONE', #7469, 1000.000000000000000 ) ;
#7504 = CARTESIAN_POINT ( 'NONE',  ( 2.250000000000040412, -1.399999999999999467, 3.999999999999976463 ) ) ;
#7505 = CIRCLE ( 'NONE', #6236, 0.08000000000000020983 ) ;
#7506 = EDGE_CURVE ( 'NONE', #2307, #7164, #4503, .T. ) ;
#7507 = CARTESIAN_POINT ( 'NONE',  ( 5.380000000000058513, 0.5599999999999992761, 5.799999999999943867 ) ) ;
#7508 = ORIENTED_EDGE ( 'NONE', *, *, #5446, .T. ) ;
#7509 = CARTESIAN_POINT ( 'NONE',  ( 11.99999999999993960, -0.2499999999999997780, -5.800000000000126832 ) ) ;
#7510 = VERTEX_POINT ( 'NONE', #7803 ) ;
#7511 = EDGE_CURVE ( 'NONE', #1262, #2768, #5925, .T. ) ;
#7512 = COLOUR_RGB ( '',0.9686274509803921573, 0.8784313725490195957, 0.5999999999999999778 ) ;
#7513 = STYLED_ITEM ( 'NONE', ( #6652 ), #8402 ) ;
#7514 = LINE ( 'NONE', #3284, #8652 ) ;
#7515 = VECTOR ( 'NONE', #5139, 1000.000000000000000 ) ;
#7516 = DIRECTION ( 'NONE',  ( -1.000000000000000000, 1.202200613782033303E-16, 1.047444401652940007E-14 ) ) ;
#7517 = FACE_OUTER_BOUND ( 'NONE', #8554, .T. ) ;
#7518 = DIRECTION ( 'NONE',  ( 1.000000000000000000, 0.000000000000000000, -1.047444401652940007E-14 ) ) ;
#7519 = CARTESIAN_POINT ( 'NONE',  ( 6.630000000000057625, 1.159999999999999920, 5.799999999999931433 ) ) ;
#7520 = CIRCLE ( 'NONE', #3697, 0.3999999999999993006 ) ;
#7521 = VECTOR ( 'NONE', #3809, 1000.000000000000000 ) ;
#7522 = DIRECTION ( 'NONE',  ( -1.047444401652940007E-14, 0.000000000000000000, -1.000000000000000000 ) ) ;
#7523 = ORIENTED_EDGE ( 'NONE', *, *, #2324, .T. ) ;
#7524 = DIRECTION ( 'NONE',  ( 1.000000000000000000, 1.224646799147361835E-16, -1.047444401652940007E-14 ) ) ;
#7525 = ORIENTED_EDGE ( 'NONE', *, *, #217, .T. ) ;
#7526 = ORIENTED_EDGE ( 'NONE', *, *, #3574, .T. ) ;
#7527 = DIRECTION ( 'NONE',  ( -1.047444401652940007E-14, 0.000000000000000000, -1.000000000000000000 ) ) ;
#7528 = AXIS2_PLACEMENT_3D ( 'NONE', #3593, #8351, #6298 ) ;
#7529 = DIRECTION ( 'NONE',  ( -1.224646799147361835E-16, -1.000000000000000000, 1.282749433769096690E-30 ) ) ;
#7530 = DIRECTION ( 'NONE',  ( 1.047444401652940007E-14, 0.000000000000000000, 1.000000000000000000 ) ) ;
#7531 = DIRECTION ( 'NONE',  ( 0.000000000000000000, 1.000000000000000000, 0.000000000000000000 ) ) ;
#7532 = CARTESIAN_POINT ( 'NONE',  ( 8.189999999999956870, -0.04000000000000003553, -4.850000000000085798 ) ) ;
#7533 = CARTESIAN_POINT ( 'NONE',  ( 1.249999999999966027, 1.450000000000000844, -3.000000000000013767 ) ) ;
#7534 = EDGE_CURVE ( 'NONE', #866, #3615, #5076, .T. ) ;
#7535 = ORIENTED_EDGE ( 'NONE', *, *, #4021, .T. ) ;
#7536 = VERTEX_POINT ( 'NONE', #1209 ) ;
#7537 = VECTOR ( 'NONE', #4547, 1000.000000000000000 ) ;
#7538 = ORIENTED_EDGE ( 'NONE', *, *, #1517, .T. ) ;
#7539 = CARTESIAN_POINT ( 'NONE',  ( 2.425000000000056222, -0.1700000000000047862, 5.799999999999974953 ) ) ;
#7540 = CARTESIAN_POINT ( 'NONE',  ( 2.850000000000046274, 1.400000000000000355, 4.399999999999972822 ) ) ;
#7541 = DIRECTION ( 'NONE',  ( 1.047444401652940007E-14, 0.000000000000000000, 1.000000000000000000 ) ) ;
#7542 = CARTESIAN_POINT ( 'NONE',  ( 8.600000000000042277, -1.399999999999999467, 3.999999999999909850 ) ) ;
#7543 = LINE ( 'NONE', #1499, #3647 ) ;
#7544 = ADVANCED_FACE ( 'NONE', ( #728 ), #592, .F. ) ;
#7545 = CARTESIAN_POINT ( 'NONE',  ( 5.880000000000063842, -1.399999999999999689, 6.049999999999938538 ) ) ;
#7546 = ORIENTED_EDGE ( 'NONE', *, *, #5247, .F. ) ;
#7547 = CARTESIAN_POINT ( 'NONE',  ( 11.99999999999998046, 2.204364238465329992E-16, -1.800000000000126166 ) ) ;
#7548 = VERTEX_POINT ( 'NONE', #1967 ) ;
#7550 = ORIENTED_EDGE ( 'NONE', *, *, #2211, .T. ) ;
#7549 = EDGE_CURVE ( 'NONE', #4428, #4850, #6147, .T. ) ;
#7551 = ORIENTED_EDGE ( 'NONE', *, *, #5035, .F. ) ;
#7552 = DIRECTION ( 'NONE',  ( -1.047444401652940007E-14, 0.000000000000000000, -1.000000000000000000 ) ) ;
#7553 = CYLINDRICAL_SURFACE ( 'NONE', #3399, 0.1299999999999998934 ) ;
#7554 = LINE ( 'NONE', #2078, #5322 ) ;
#7555 = CARTESIAN_POINT ( 'NONE',  ( 1.550000000000007594, 2.260000000000000675, 0.6999999999999847455 ) ) ;
#7556 = ORIENTED_EDGE ( 'NONE', *, *, #2766, .F. ) ;
#7557 = PLANE ( 'NONE',  #7770 ) ;
#7558 = ORIENTED_EDGE ( 'NONE', *, *, #2673, .F. ) ;
#7559 = LINE ( 'NONE', #5702, #3292 ) ;
#7560 = EDGE_CURVE ( 'NONE', #6382, #6441, #4721, .T. ) ;
#7561 = DIRECTION ( 'NONE',  ( -1.047444401652940007E-14, 0.000000000000000000, -1.000000000000000000 ) ) ;
#7562 = DIRECTION ( 'NONE',  ( -1.047444401652940007E-14, 0.000000000000000000, -1.000000000000000000 ) ) ;
#7563 = LINE ( 'NONE', #7457, #1996 ) ;
#7564 = LINE ( 'NONE', #4187, #137 ) ;
#7565 = CARTESIAN_POINT ( 'NONE',  ( 3.050000000000043343, 1.450000000000000844, 4.149999999999971045 ) ) ;
#7566 = ORIENTED_EDGE ( 'NONE', *, *, #1201, .T. ) ;
#7567 = ORIENTED_EDGE ( 'NONE', *, *, #5709, .T. ) ;
#7568 = ORIENTED_EDGE ( 'NONE', *, *, #1034, .F. ) ;
#7569 = VERTEX_POINT ( 'NONE', #679 ) ;
#7570 = CARTESIAN_POINT ( 'NONE',  ( 12.00000000000006040, -0.2499999999999985845, 5.799999999999875477 ) ) ;
#7571 = LINE ( 'NONE', #4195, #547 ) ;
#7572 = LINE ( 'NONE', #1340, #6922 ) ;
#7573 = DIRECTION ( 'NONE',  ( -1.000000000000000000, 0.000000000000000000, 8.673617379884051249E-15 ) ) ;
#7574 = DIRECTION ( 'NONE',  ( -1.000000000000000000, 0.000000000000000000, 1.047444401652940007E-14 ) ) ;
#7575 =( LENGTH_UNIT ( ) NAMED_UNIT ( * ) SI_UNIT ( .MILLI., .METRE. ) );
#7576 = EDGE_CURVE ( 'NONE', #3937, #8307, #1362, .T. ) ;
#7577 = ORIENTED_EDGE ( 'NONE', *, *, #1652, .T. ) ;
#7578 = ORIENTED_EDGE ( 'NONE', *, *, #4993, .T. ) ;
#7579 = ORIENTED_EDGE ( 'NONE', *, *, #4968, .T. ) ;
#7580 = EDGE_CURVE ( 'NONE', #8765, #3753, #1302, .T. ) ;
#7581 = LINE ( 'NONE', #6291, #4122 ) ;
#7582 = CARTESIAN_POINT ( 'NONE',  ( 3.975000000000059153, -0.2900000000000010347, 5.799999999999958966 ) ) ;
#7583 = DIRECTION ( 'NONE',  ( -1.000000000000000000, 0.000000000000000000, 1.047444401652940007E-14 ) ) ;
#7584 = LINE ( 'NONE', #7542, #3104 ) ;
#7585 = LINE ( 'NONE', #2025, #6346 ) ;
#7586 = DIRECTION ( 'NONE',  ( 1.000000000000000000, 0.000000000000000000, -1.047444401652940007E-14 ) ) ;
#7587 = EDGE_LOOP ( 'NONE', ( #5195, #2561, #6681, #3230 ) ) ;
#7588 = CARTESIAN_POINT ( 'NONE',  ( 6.630000000000057625, -0.04000000000000018124, 5.799999999999931433 ) ) ;
#7589 = ORIENTED_EDGE ( 'NONE', *, *, #6390, .T. ) ;
#7590 = EDGE_LOOP ( 'NONE', ( #5710, #5023, #3077, #624, #5014, #7393, #6210, #1150, #2159, #888, #7597, #5244, #7496, #970 ) ) ;
#7591 = ORIENTED_EDGE ( 'NONE', *, *, #3312, .T. ) ;
#7592 = EDGE_CURVE ( 'NONE', #4850, #3722, #5972, .T. ) ;
#7593 = FACE_OUTER_BOUND ( 'NONE', #5223, .T. ) ;
#7594 = DIRECTION ( 'NONE',  ( 0.000000000000000000, -1.000000000000000000, 0.000000000000000000 ) ) ;
#7595 = DIRECTION ( 'NONE',  ( 1.047444401652940007E-14, 0.000000000000000000, 1.000000000000000000 ) ) ;
#7596 = CARTESIAN_POINT ( 'NONE',  ( 2.329999999999936122, -0.2500000000000047184, -6.000000000000023981 ) ) ;
#7597 = ORIENTED_EDGE ( 'NONE', *, *, #4263, .T. ) ;
#7598 = CARTESIAN_POINT ( 'NONE',  ( 2.800000000000043343, 1.850000000000000977, 4.149999999999973710 ) ) ;
#7599 = ORIENTED_EDGE ( 'NONE', *, *, #1913, .F. ) ;
#7600 = ADVANCED_FACE ( 'NONE', ( #2733 ), #6762, .F. ) ;
#7601 = CARTESIAN_POINT ( 'NONE',  ( 2.504999999999934168, 1.370000000000000773, -5.800000000000026468 ) ) ;
#7602 = CARTESIAN_POINT ( 'NONE',  ( 9.400000000000058975, -0.2499999999999988065, 5.799999999999901235 ) ) ;
#7603 = EDGE_CURVE ( 'NONE', #6711, #4766, #8142, .T. ) ;
#7604 = DIRECTION ( 'NONE',  ( -1.000000000000000000, 0.000000000000000000, 1.047444401652940007E-14 ) ) ;
#7605 = EDGE_CURVE ( 'NONE', #3211, #5135, #3228, .T. ) ;
#7606 = LINE ( 'NONE', #6319, #6944 ) ;
#7607 = DIRECTION ( 'NONE',  ( -1.000000000000000000, 0.000000000000000000, 8.673617379884051249E-15 ) ) ;
#7608 = ORIENTED_EDGE ( 'NONE', *, *, #5413, .T. ) ;
#7609 = EDGE_CURVE ( 'NONE', #8732, #6619, #6630, .T. ) ;
#7610 = ORIENTED_EDGE ( 'NONE', *, *, #1588, .F. ) ;
#7611 = ORIENTED_EDGE ( 'NONE', *, *, #227, .F. ) ;
#7612 = EDGE_LOOP ( 'NONE', ( #7685, #811, #3875, #2878 ) ) ;
#7613 = CYLINDRICAL_SURFACE ( 'NONE', #6912, 0.1999999999999996503 ) ;
#7614 = CARTESIAN_POINT ( 'NONE',  ( 1.370000000000060947, -0.2499999999999993616, 5.799999999999985612 ) ) ;
#7615 = DIRECTION ( 'NONE',  ( -1.000000000000000000, 0.000000000000000000, 1.047444401652940007E-14 ) ) ;
#7616 = CARTESIAN_POINT ( 'NONE',  ( 11.09999999999993747, -1.399999999999999245, -6.000000000000117240 ) ) ;
#7617 = AXIS2_PLACEMENT_3D ( 'NONE', #7767, #1680, #5817 ) ;
#7618 = EDGE_CURVE ( 'NONE', #1578, #6138, #5431, .T. ) ;
#7619 = VERTEX_POINT ( 'NONE', #4629 ) ;
#7620 = VERTEX_POINT ( 'NONE', #1876 ) ;
#7621 = CIRCLE ( 'NONE', #3781, 0.2000000000000005107 ) ;
#7622 = ORIENTED_EDGE ( 'NONE', *, *, #5368, .F. ) ;
#7623 = DIRECTION ( 'NONE',  ( -0.000000000000000000, 1.000000000000000000, -0.000000000000000000 ) ) ;
#7624 = CARTESIAN_POINT ( 'NONE',  ( 0.9000000000000403233, 1.450000000000000844, 4.349999999999992539 ) ) ;
#7625 = CARTESIAN_POINT ( 'NONE',  ( 6.479999999999940030, 0.000000000000000000, -5.650000000000068745 ) ) ;
#7626 = AXIS2_PLACEMENT_3D ( 'NONE', #8451, #4355, #2567 ) ;
#7627 = DIRECTION ( 'NONE',  ( -1.000000000000000000, -0.000000000000000000, 1.047444401652940007E-14 ) ) ;
#7628 = CIRCLE ( 'NONE', #666, 0.1299999999999998934 ) ;
#7629 = PLANE ( 'NONE',  #5637 ) ;
#7630 = DIRECTION ( 'NONE',  ( 1.047444401652940007E-14, 0.000000000000000000, 1.000000000000000000 ) ) ;
#7631 = ORIENTED_EDGE ( 'NONE', *, *, #114, .F. ) ;
#7632 = DIRECTION ( 'NONE',  ( -1.047444401652940007E-14, -0.000000000000000000, -1.000000000000000000 ) ) ;
#7633 = ORIENTED_EDGE ( 'NONE', *, *, #731, .F. ) ;
#7634 = ORIENTED_EDGE ( 'NONE', *, *, #7475, .T. ) ;
#7635 = VECTOR ( 'NONE', #7155, 999.9999999999998863 ) ;
#7636 = ORIENTED_EDGE ( 'NONE', *, *, #5383, .T. ) ;
#7637 = VECTOR ( 'NONE', #3588, 1000.000000000000000 ) ;
#7638 = AXIS2_PLACEMENT_3D ( 'NONE', #203, #2336, #4900 ) ;
#7639 = CARTESIAN_POINT ( 'NONE',  ( 6.687615061635359126, 0.002384938364596335403, -5.100000000000068923 ) ) ;
#7640 = CARTESIAN_POINT ( 'NONE',  ( 8.189999999999956870, -0.04000000000000003553, -4.850000000000085798 ) ) ;
#7641 = DIRECTION ( 'NONE',  ( 1.047444401652940007E-14, 0.000000000000000000, 1.000000000000000000 ) ) ;
#7642 = DIRECTION ( 'NONE',  ( 1.047444401652940007E-14, 0.000000000000000000, 1.000000000000000000 ) ) ;
#7643 = VERTEX_POINT ( 'NONE', #2052 ) ;
#7644 = LINE ( 'NONE', #4312, #111 ) ;
#7645 = EDGE_CURVE ( 'NONE', #6404, #7479, #629, .T. ) ;
#7646 = ORIENTED_EDGE ( 'NONE', *, *, #3101, .T. ) ;
#7647 = CARTESIAN_POINT ( 'NONE',  ( 11.99999999999995026, -2.050000000000001155, -4.850000000000124878 ) ) ;
#7648 = CARTESIAN_POINT ( 'NONE',  ( 10.14761506163537064, 1.057615061635433396, -5.100000000000105338 ) ) ;
#7649 = CIRCLE ( 'NONE', #7084, 2.500000000000000000 ) ;
#7650 = CARTESIAN_POINT ( 'NONE',  ( 8.189999999999955094, 0.05999999999999997002, -5.100000000000084910 ) ) ;
#7651 = AXIS2_PLACEMENT_3D ( 'NONE', #6680, #4814, #4020 ) ;
#7652 = CIRCLE ( 'NONE', #5078, 0.07999999999999998779 ) ;
#7653 = DIRECTION ( 'NONE',  ( 1.047444401652940007E-14, 0.000000000000000000, 1.000000000000000000 ) ) ;
#7654 = PLANE ( 'NONE',  #6365 ) ;
#7655 = ORIENTED_EDGE ( 'NONE', *, *, #7369, .T. ) ;
#7656 = STYLED_ITEM ( 'NONE', ( #329 ), #5447 ) ;
#7657 = AXIS2_PLACEMENT_3D ( 'NONE', #1573, #4890, #8320 ) ;
#7658 = VECTOR ( 'NONE', #2885, 1000.000000000000000 ) ;
#7659 = EDGE_CURVE ( 'NONE', #5726, #5584, #4761, .T. ) ;
#7660 = EDGE_CURVE ( 'NONE', #3337, #5152, #4787, .T. ) ;
#7661 = VERTEX_POINT ( 'NONE', #1915 ) ;
#7662 = ORIENTED_EDGE ( 'NONE', *, *, #1807, .F. ) ;
#7663 = ORIENTED_EDGE ( 'NONE', *, *, #5153, .T. ) ;
#7664 = LINE ( 'NONE', #6326, #6617 ) ;
#7665 = DIRECTION ( 'NONE',  ( -2.282530889443167515E-16, 1.000000000000000000, 2.390824201747151630E-30 ) ) ;
#7666 = CARTESIAN_POINT ( 'NONE',  ( 4.315421043656681555, -0.2500000000000000000, -6.400000000000045652 ) ) ;
#7667 = DIRECTION ( 'NONE',  ( -1.000000000000000000, 0.000000000000000000, 8.673617379884051249E-15 ) ) ;
#7668 = AXIS2_PLACEMENT_3D ( 'NONE', #535, #8670, #6745 ) ;
#7669 = AXIS2_PLACEMENT_3D ( 'NONE', #3861, #8699, #5218 ) ;
#7670 = VECTOR ( 'NONE', #7724, 1000.000000000000000 ) ;
#7671 = AXIS2_PLACEMENT_3D ( 'NONE', #2185, #183, #4836 ) ;
#7672 = ORIENTED_EDGE ( 'NONE', *, *, #4224, .T. ) ;
#7673 = EDGE_CURVE ( 'NONE', #5208, #6357, #8726, .T. ) ;
#7674 = AXIS2_PLACEMENT_3D ( 'NONE', #2967, #4822, #2833 ) ;
#7675 = ORIENTED_EDGE ( 'NONE', *, *, #6069, .F. ) ;
#7676 = LINE ( 'NONE', #2117, #2997 ) ;
#7677 = EDGE_CURVE ( 'NONE', #1677, #2816, #7340, .T. ) ;
#7678 = LINE ( 'NONE', #1709, #2812 ) ;
#7679 = DIRECTION ( 'NONE',  ( -1.047444401652940007E-14, 0.000000000000000000, -1.000000000000000000 ) ) ;
#7680 = DIRECTION ( 'NONE',  ( 1.047444401652940007E-14, 0.000000000000000000, 1.000000000000000000 ) ) ;
#7681 = DIRECTION ( 'NONE',  ( -2.271282991659795467E-30, 1.000000000000000000, -2.168404344971010594E-16 ) ) ;
#7682 = DIRECTION ( 'NONE',  ( 1.000000000000000000, 0.000000000000000000, -8.673617379884051249E-15 ) ) ;
#7683 = ORIENTED_EDGE ( 'NONE', *, *, #4929, .F. ) ;
#7684 = VERTEX_POINT ( 'NONE', #7427 ) ;
#7685 = ORIENTED_EDGE ( 'NONE', *, *, #298, .F. ) ;
#7686 = ORIENTED_EDGE ( 'NONE', *, *, #627, .F. ) ;
#7687 = VECTOR ( 'NONE', #4094, 1000.000000000000000 ) ;
#7688 = DIRECTION ( 'NONE',  ( 1.047444401652940007E-14, 0.000000000000000000, 1.000000000000000000 ) ) ;
#7689 = LINE ( 'NONE', #5091, #2137 ) ;
#7690 = CARTESIAN_POINT ( 'NONE',  ( 10.99999999999993605, 1.399999999999997913, -6.000000000000116351 ) ) ;
#7691 = FACE_OUTER_BOUND ( 'NONE', #5143, .T. ) ;
#7692 = ORIENTED_EDGE ( 'NONE', *, *, #3983, .F. ) ;
#7693 = DIRECTION ( 'NONE',  ( -1.000000000000000000, 0.000000000000000000, 1.047444401652940007E-14 ) ) ;
#7694 = EDGE_CURVE ( 'NONE', #3561, #4475, #5345, .T. ) ;
#7695 = ORIENTED_EDGE ( 'NONE', *, *, #8232, .F. ) ;
#7696 = DIRECTION ( 'NONE',  ( 1.047444401652940007E-14, 4.688441826964352187E-16, 1.000000000000000000 ) ) ;
#7697 = EDGE_CURVE ( 'NONE', #7330, #4484, #3666, .T. ) ;
#7698 = CARTESIAN_POINT ( 'NONE',  ( 0.5000000000000000000, 0.000000000000000000, -5.237222008264700033E-15 ) ) ;
#7699 = DIRECTION ( 'NONE',  ( 1.000000000000000000, 1.152640183373292192E-15, -1.047444401652940007E-14 ) ) ;
#7700 = DIRECTION ( 'NONE',  ( 1.047444401652940007E-14, 0.000000000000000000, 1.000000000000000000 ) ) ;
#7701 = CARTESIAN_POINT ( 'NONE',  ( 6.279999999999935412, 2.260000000000000675, -6.050000000000065548 ) ) ;
#7702 = ORIENTED_EDGE ( 'NONE', *, *, #4880, .F. ) ;
#7703 = EDGE_LOOP ( 'NONE', ( #1087, #7523, #3504, #2560, #2614, #6097, #4494, #4861 ) ) ;
#7704 = ORIENTED_EDGE ( 'NONE', *, *, #1401, .T. ) ;
#7705 = CARTESIAN_POINT ( 'NONE',  ( 4.115421043656686706, -0.2900000000000003131, -5.900000000000042988 ) ) ;
#7706 = FACE_OUTER_BOUND ( 'NONE', #3905, .T. ) ;
#7707 = FACE_OUTER_BOUND ( 'NONE', #88, .T. ) ;
#7708 = FACE_OUTER_BOUND ( 'NONE', #2706, .T. ) ;
#7709 = EDGE_CURVE ( 'NONE', #2080, #7730, #5526, .T. ) ;
#7710 = ORIENTED_EDGE ( 'NONE', *, *, #6056, .F. ) ;
#7711 = EDGE_LOOP ( 'NONE', ( #1616, #6626, #1015, #3546 ) ) ;
#7712 = DIRECTION ( 'NONE',  ( 1.047444401652940007E-14, 0.000000000000000000, 1.000000000000000000 ) ) ;
#7713 = DIRECTION ( 'NONE',  ( 1.000000000000000000, 1.355252715606883008E-16, -1.047444401652940007E-14 ) ) ;
#7714 = CARTESIAN_POINT ( 'NONE',  ( 4.315421043656681555, 2.259999999999998899, -6.400000000000045652 ) ) ;
#7715 = EDGE_CURVE ( 'NONE', #5268, #8540, #8188, .T. ) ;
#7716 = CARTESIAN_POINT ( 'NONE',  ( -0.8500000000000029754, 2.260000000000000675, -0.2499999999999917566 ) ) ;
#7717 = CYLINDRICAL_SURFACE ( 'NONE', #650, 0.08000000000000020983 ) ;
#7718 = EDGE_LOOP ( 'NONE', ( #4756, #7869, #1307, #8006, #5191, #2575 ) ) ;
#7719 = VERTEX_POINT ( 'NONE', #6953 ) ;
#7720 = EDGE_CURVE ( 'NONE', #7730, #214, #4325, .T. ) ;
#7721 = EDGE_LOOP ( 'NONE', ( #303, #1438, #912, #5272, #1484, #5858, #7001, #6531, #266, #3993, #7289, #2487, #2910, #4997, #2322, #3333, #4401, #6344, #7209, #2707, #3434, #1018, #5533, #7345, #8585, #8722, #4937, #5340, #6480, #6100, #8522, #3061, #775, #7224, #398, #567, #5259, #4828, #7636, #5339 ) ) ;
#7722 = EDGE_CURVE ( 'NONE', #7029, #167, #8337, .T. ) ;
#7723 = EDGE_LOOP ( 'NONE', ( #4129, #4903, #4467, #658, #293 ) ) ;
#7724 = DIRECTION ( 'NONE',  ( 0.000000000000000000, 1.000000000000000000, 0.000000000000000000 ) ) ;
#7725 = LINE ( 'NONE', #7056, #7809 ) ;
#7726 = CARTESIAN_POINT ( 'NONE',  ( 0.4999999999999877320, 2.764439852957066623, -1.165277777777783408 ) ) ;
#7727 = DIRECTION ( 'NONE',  ( 0.000000000000000000, -1.000000000000000000, -0.000000000000000000 ) ) ;
#7728 = ORIENTED_EDGE ( 'NONE', *, *, #4611, .F. ) ;
#7729 = DIRECTION ( 'NONE',  ( -1.047444401652940007E-14, 0.000000000000000000, -1.000000000000000000 ) ) ;
#7730 = VERTEX_POINT ( 'NONE', #870 ) ;
#7731 = LINE ( 'NONE', #1609, #1342 ) ;
#7732 = CARTESIAN_POINT ( 'NONE',  ( 1.354999999999938698, -0.2499999999999992506, -5.800000000000014033 ) ) ;
#7733 = DIRECTION ( 'NONE',  ( -1.047444401652940007E-14, -0.000000000000000000, -1.000000000000000000 ) ) ;
#7734 = CARTESIAN_POINT ( 'NONE',  ( 2.504999999999932392, 1.450000000000000844, -6.000000000000025757 ) ) ;
#7735 = DIRECTION ( 'NONE',  ( 1.047444401652940007E-14, 0.000000000000000000, 1.000000000000000000 ) ) ;
#7736 = CLOSED_SHELL ( 'NONE', ( #7132, #5008, #1556, #7983, #4305, #5554, #2282, #3526, #431, #5755, #2808, #3585, #7777, #371, #7470, #80, #7761, #5692, #5273, #2206, #3001, #5906, #355, #473, #1892, #4636, #1194, #1309, #6554, #5417, #6620 ) ) ;
#7737 = VERTEX_POINT ( 'NONE', #3620 ) ;
#7738 = ORIENTED_EDGE ( 'NONE', *, *, #6501, .T. ) ;
#7739 = DIRECTION ( 'NONE',  ( 1.047444401652940007E-14, -0.000000000000000000, 1.000000000000000000 ) ) ;
#7740 = CARTESIAN_POINT ( 'NONE',  ( 1.450000000000060574, -0.3299999999999993494, 5.799999999999984723 ) ) ;
#7741 = DIRECTION ( 'NONE',  ( 0.000000000000000000, -1.000000000000000000, -0.000000000000000000 ) ) ;
#7742 = DIRECTION ( 'NONE',  ( 0.000000000000000000, 1.000000000000000000, 0.000000000000000000 ) ) ;
#7743 = ORIENTED_EDGE ( 'NONE', *, *, #4090, .F. ) ;
#7744 = ORIENTED_EDGE ( 'NONE', *, *, #8377, .F. ) ;
#7745 = EDGE_CURVE ( 'NONE', #4950, #5062, #8333, .T. ) ;
#7746 = EDGE_CURVE ( 'NONE', #1053, #4950, #2164, .T. ) ;
#7747 = VECTOR ( 'NONE', #8271, 1000.000000000000000 ) ;
#7748 = CARTESIAN_POINT ( 'NONE',  ( 12.11999999999995303, 2.510000000000001119, -4.500000000000126121 ) ) ;
#7749 = CARTESIAN_POINT ( 'NONE',  ( 6.380000000000059401, 0.5599999999999992761, 5.799999999999934097 ) ) ;
#7750 = DIRECTION ( 'NONE',  ( 1.047444401652940007E-14, 0.000000000000000000, 1.000000000000000000 ) ) ;
#7751 = FACE_OUTER_BOUND ( 'NONE', #6372, .T. ) ;
#7752 = SURFACE_STYLE_FILL_AREA ( #2346 ) ;
#7753 = VECTOR ( 'NONE', #3162, 1000.000000000000000 ) ;
#7754 = EDGE_LOOP ( 'NONE', ( #3535, #3150, #8266, #348 ) ) ;
#7755 = EDGE_CURVE ( 'NONE', #979, #923, #8291, .T. ) ;
#7756 = ORIENTED_EDGE ( 'NONE', *, *, #6458, .F. ) ;
#7757 = CIRCLE ( 'NONE', #8176, 2.500000000000000000 ) ;
#7758 = EDGE_CURVE ( 'NONE', #2510, #2454, #6244, .T. ) ;
#7759 = EDGE_LOOP ( 'NONE', ( #5081, #2132, #5744, #2468 ) ) ;
#7760 = ORIENTED_EDGE ( 'NONE', *, *, #4589, .T. ) ;
#7761 = ADVANCED_FACE ( 'NONE', ( #1586 ), #4994, .T. ) ;
#7762 = EDGE_CURVE ( 'NONE', #5152, #7536, #910, .T. ) ;
#7763 = AXIS2_PLACEMENT_3D ( 'NONE', #25, #2122, #68 ) ;
#7764 = AXIS2_PLACEMENT_3D ( 'NONE', #5522, #1252, #7383 ) ;
#7765 = CARTESIAN_POINT ( 'NONE',  ( 0.5000000000000000000, 0.000000000000000000, -5.237222008264700033E-15 ) ) ;
#7766 = CARTESIAN_POINT ( 'NONE',  ( 5.130000000000062066, 1.160000000000000142, 6.049999999999945643 ) ) ;
#7767 = CARTESIAN_POINT ( 'NONE',  ( 5.680000000000061888, -1.600703055139993669, 5.799999999999940314 ) ) ;
#7768 = DIRECTION ( 'NONE',  ( -1.016467196724782760E-14, 0.000000000000000000, -1.000000000000000000 ) ) ;
#7769 = ORIENTED_EDGE ( 'NONE', *, *, #4996, .T. ) ;
#7770 = AXIS2_PLACEMENT_3D ( 'NONE', #5605, #7693, #6982 ) ;
#7771 = AXIS2_PLACEMENT_3D ( 'NONE', #3447, #8063, #1981 ) ;
#7772 = VECTOR ( 'NONE', #545, 1000.000000000000000 ) ;
#7773 = ORIENTED_EDGE ( 'NONE', *, *, #3456, .T. ) ;
#7774 = EDGE_CURVE ( 'NONE', #3400, #495, #769, .T. ) ;
#7775 = DIRECTION ( 'NONE',  ( -1.047444401652940007E-14, 0.000000000000000000, -1.000000000000000000 ) ) ;
#7776 = DIRECTION ( 'NONE',  ( -1.000000000000000000, 0.000000000000000000, 1.156482317317871607E-14 ) ) ;
#7777 = ADVANCED_FACE ( 'NONE', ( #7708 ), #247, .F. ) ;
#7778 = AXIS2_PLACEMENT_3D ( 'NONE', #4317, #5707, #5612 ) ;
#7779 = EDGE_CURVE ( 'NONE', #4860, #6044, #6189, .T. ) ;
#7780 = CARTESIAN_POINT ( 'NONE',  ( 11.94042104365680323, 2.260000000000000675, 5.390421043656622224 ) ) ;
#7781 = CARTESIAN_POINT ( 'NONE',  ( 11.99999999999995026, -0.2500000000000000000, -4.800000000000125056 ) ) ;
#7782 = SURFACE_STYLE_USAGE ( .BOTH. , #3154 ) ;
#7783 = CARTESIAN_POINT ( 'NONE',  ( 10.09999999999994635, -1.399999999999999467, -5.800000000000107292 ) ) ;
#7784 = EDGE_CURVE ( 'NONE', #4076, #5498, #1622, .T. ) ;
#7785 = ORIENTED_EDGE ( 'NONE', *, *, #5109, .F. ) ;
#7786 = ORIENTED_EDGE ( 'NONE', *, *, #2605, .T. ) ;
#7787 = AXIS2_PLACEMENT_3D ( 'NONE', #7848, #4470, #7973 ) ;
#7788 = VECTOR ( 'NONE', #6909, 1000.000000000000000 ) ;
#7789 = CARTESIAN_POINT ( 'NONE',  ( 2.449999999999966427, 1.450000000000000844, -3.000000000000026645 ) ) ;
#7790 = CARTESIAN_POINT ( 'NONE',  ( 11.99999999999993960, 1.599999999999996758, -5.800000000000126832 ) ) ;
#7791 = CARTESIAN_POINT ( 'NONE',  ( 11.99999999999993783, 2.299999999999998934, -5.900000000000126477 ) ) ;
#7792 = DIRECTION ( 'NONE',  ( -1.000000000000000000, 0.000000000000000000, 9.607082278540994941E-15 ) ) ;
#7793 = AXIS2_PLACEMENT_3D ( 'NONE', #5250, #8770, #5389 ) ;
#7794 = VECTOR ( 'NONE', #4082, 1000.000000000000000 ) ;
#7795 = VECTOR ( 'NONE', #2601, 1000.000000000000000 ) ;
#7796 = ORIENTED_EDGE ( 'NONE', *, *, #1037, .T. ) ;
#7797 = ORIENTED_EDGE ( 'NONE', *, *, #8742, .T. ) ;
#7798 = AXIS2_PLACEMENT_3D ( 'NONE', #7365, #7984, #6698 ) ;
#7799 = VECTOR ( 'NONE', #3987, 1000.000000000000000 ) ;
#7800 = DIRECTION ( 'NONE',  ( -1.047444401652940007E-14, 0.000000000000000000, -1.000000000000000000 ) ) ;
#7801 = VECTOR ( 'NONE', #1767, 1000.000000000000000 ) ;
#7802 = DIRECTION ( 'NONE',  ( -1.000000000000000000, 0.000000000000000000, 1.084202172485504592E-14 ) ) ;
#7803 = CARTESIAN_POINT ( 'NONE',  ( 2.424999999999934541, -0.1700000000000047862, -5.800000000000025580 ) ) ;
#7804 = DIRECTION ( 'NONE',  ( -1.000000000000000000, 0.000000000000000000, 1.047444401652940007E-14 ) ) ;
#7805 = ORIENTED_EDGE ( 'NONE', *, *, #480, .F. ) ;
#7806 = EDGE_LOOP ( 'NONE', ( #6470, #7255, #1163, #1862, #2928, #6469, #1336, #8556 ) ) ;
#7807 = AXIS2_PLACEMENT_3D ( 'NONE', #2612, #3180, #513 ) ;
#7808 = VERTEX_POINT ( 'NONE', #4197 ) ;
#7809 = VECTOR ( 'NONE', #8653, 1000.000000000000000 ) ;
#7810 = ORIENTED_EDGE ( 'NONE', *, *, #4796, .T. ) ;
#7811 = EDGE_CURVE ( 'NONE', #6893, #2551, #2822, .T. ) ;
#7812 = DIRECTION ( 'NONE',  ( 1.000000000000000000, 1.152640183373292192E-15, -1.047444401652940007E-14 ) ) ;
#7813 = DIRECTION ( 'NONE',  ( 1.047444401652940007E-14, 0.000000000000000000, 1.000000000000000000 ) ) ;
#7814 = LINE ( 'NONE', #2394, #3197 ) ;
#7815 = EDGE_CURVE ( 'NONE', #5697, #5988, #5473, .T. ) ;
#7816 = CARTESIAN_POINT ( 'NONE',  ( 1.149999999999966827, 1.450000000000000844, -3.100000000000013411 ) ) ;
#7817 = ORIENTED_EDGE ( 'NONE', *, *, #4086, .F. ) ;
#7818 = EDGE_LOOP ( 'NONE', ( #4295, #2209, #7738, #6992 ) ) ;
#7819 = AXIS2_PLACEMENT_3D ( 'NONE', #6119, #834, #2178 ) ;
#7820 = CARTESIAN_POINT ( 'NONE',  ( 5.479999999999947136, -0.2899999999999993139, -5.100000000000055600 ) ) ;
#7821 = LINE ( 'NONE', #6527, #1257 ) ;
#7822 = CARTESIAN_POINT ( 'NONE',  ( 8.799999999999963407, -0.2899999999999954281, -4.850000000000091127 ) ) ;
#7823 =( NAMED_UNIT ( * ) SI_UNIT ( $, .STERADIAN. ) SOLID_ANGLE_UNIT ( ) );
#7824 = CARTESIAN_POINT ( 'NONE',  ( -1.200000000000006395, 3.299999999999999822, -0.5749999999999877431 ) ) ;
#7825 = VERTEX_POINT ( 'NONE', #7616 ) ;
#7826 = ADVANCED_FACE ( 'NONE', ( #3579 ), #204, .F. ) ;
#7827 = ORIENTED_EDGE ( 'NONE', *, *, #7912, .F. ) ;
#7828 = LINE ( 'NONE', #452, #3212 ) ;
#7829 = CYLINDRICAL_SURFACE ( 'NONE', #5515, 0.1000000000000002554 ) ;
#7830 = CARTESIAN_POINT ( 'NONE',  ( 9.400000000000058975, 1.600000000000000977, 5.799999999999903011 ) ) ;
#7831 = PLANE ( 'NONE',  #381 ) ;
#7832 = VERTEX_POINT ( 'NONE', #6536 ) ;
#7833 = ORIENTED_EDGE ( 'NONE', *, *, #8597, .T. ) ;
#7834 = VERTEX_POINT ( 'NONE', #5835 ) ;
#7835 = CARTESIAN_POINT ( 'NONE',  ( 0.5999999999999870992, 2.259999999999999787, -1.200000000000006395 ) ) ;
#7836 = CARTESIAN_POINT ( 'NONE',  ( 5.480000000000060822, -0.3699999999999993849, 5.799999999999942979 ) ) ;
#7837 = CARTESIAN_POINT ( 'NONE',  ( 11.94042104365680323, 2.300000000000000711, 5.449999999999873168 ) ) ;
#7838 = LINE ( 'NONE', #5252, #4505 ) ;
#7839 = CARTESIAN_POINT ( 'NONE',  ( 8.945230123270787814, -0.04000000000000010492, -5.100000000000092015 ) ) ;
#7840 = FILL_AREA_STYLE_COLOUR ( '', #7955 ) ;
#7841 = VERTEX_POINT ( 'NONE', #8581 ) ;
#7842 = ORIENTED_EDGE ( 'NONE', *, *, #2490, .T. ) ;
#7843 = EDGE_CURVE ( 'NONE', #51, #2316, #7163, .T. ) ;
#7844 = ORIENTED_EDGE ( 'NONE', *, *, #6179, .T. ) ;
#7845 = ORIENTED_EDGE ( 'NONE', *, *, #6417, .T. ) ;
#7846 = CARTESIAN_POINT ( 'NONE',  ( 0.6000000000000460521, 1.400000000000000355, 4.399999999999995914 ) ) ;
#7847 = PLANE ( 'NONE',  #3963 ) ;
#7848 = CARTESIAN_POINT ( 'NONE',  ( 11.94042104365668955, 2.260000000000000675, -5.390421043656871802 ) ) ;
#7849 = DIRECTION ( 'NONE',  ( 1.047444401652940007E-14, 0.000000000000000000, 1.000000000000000000 ) ) ;
#7850 = DIRECTION ( 'NONE',  ( -1.047444401652940007E-14, 0.000000000000000000, -1.000000000000000000 ) ) ;
#7851 = ORIENTED_EDGE ( 'NONE', *, *, #4894, .F. ) ;
#7852 = VERTEX_POINT ( 'NONE', #410 ) ;
#7853 = ORIENTED_EDGE ( 'NONE', *, *, #654, .F. ) ;
#7854 = EDGE_CURVE ( 'NONE', #6892, #2316, #3006, .T. ) ;
#7855 = CARTESIAN_POINT ( 'NONE',  ( 6.360000000000059828, -0.2899999999999982592, 5.799999999999934097 ) ) ;
#7856 = DIRECTION ( 'NONE',  ( -1.047444401652940007E-14, -0.000000000000000000, -1.000000000000000000 ) ) ;
#7857 = CARTESIAN_POINT ( 'NONE',  ( 11.89999999999993641, -1.399999999999999245, -6.000000000000126121 ) ) ;
#7858 = ADVANCED_FACE ( 'NONE', ( #4542 ), #7831, .F. ) ;
#7859 = ORIENTED_EDGE ( 'NONE', *, *, #3616, .F. ) ;
#7860 = EDGE_CURVE ( 'NONE', #65, #6829, #455, .T. ) ;
#7861 = ORIENTED_EDGE ( 'NONE', *, *, #2031, .F. ) ;
#7862 = EDGE_CURVE ( 'NONE', #3495, #7938, #1119, .T. ) ;
#7863 = DIRECTION ( 'NONE',  ( -1.000000000000000000, 0.000000000000000000, 1.047444401652940007E-14 ) ) ;
#7864 = DIRECTION ( 'NONE',  ( -1.000000000000000000, 0.000000000000000000, 1.047444401652940007E-14 ) ) ;
#7865 = CARTESIAN_POINT ( 'NONE',  ( 8.085000000000055920, 2.260000000000000675, 5.349999999999913491 ) ) ;
#7866 = LINE ( 'NONE', #1041, #4918 ) ;
#7867 = EDGE_CURVE ( 'NONE', #7164, #1881, #8461, .T. ) ;
#7868 = CIRCLE ( 'NONE', #5457, 0.08000000000000020983 ) ;
#7869 = ORIENTED_EDGE ( 'NONE', *, *, #4173, .T. ) ;
#7870 = VERTEX_POINT ( 'NONE', #5716 ) ;
#7871 = ORIENTED_EDGE ( 'NONE', *, *, #3033, .T. ) ;
#7872 = CARTESIAN_POINT ( 'NONE',  ( 9.249999999999960920, 2.259999999999999343, -4.500000000000097700 ) ) ;
#7873 = CARTESIAN_POINT ( 'NONE',  ( 9.049999999999956302, -0.03999999999999887673, -5.050000000000093081 ) ) ;
#7874 = CARTESIAN_POINT ( 'NONE',  ( 9.299999999999947420, -0.2499999999999989175, -5.800000000000098410 ) ) ;
#7875 = DIRECTION ( 'NONE',  ( -1.047444401652940007E-14, -0.000000000000000000, -1.000000000000000000 ) ) ;
#7876 = EDGE_CURVE ( 'NONE', #6239, #2021, #2372, .T. ) ;
#7877 = CARTESIAN_POINT ( 'NONE',  ( 1.349999999999973666, 1.450000000000000844, -2.300000000000015365 ) ) ;
#7878 = ORIENTED_EDGE ( 'NONE', *, *, #4480, .T. ) ;
#7879 = EDGE_LOOP ( 'NONE', ( #5435, #2630, #8376, #504 ) ) ;
#7880 = ORIENTED_EDGE ( 'NONE', *, *, #2924, .T. ) ;
#7881 = VECTOR ( 'NONE', #5305, 1000.000000000000000 ) ;
#7882 = VERTEX_POINT ( 'NONE', #8501 ) ;
#7883 = DIRECTION ( 'NONE',  ( -1.000000000000000000, 0.000000000000000000, 1.047444401652940007E-14 ) ) ;
#7884 = VECTOR ( 'NONE', #1341, 1000.000000000000000 ) ;
#7885 = CARTESIAN_POINT ( 'NONE',  ( 5.479999999999948912, -0.2899999999999993139, -4.850000000000056488 ) ) ;
#7886 = LINE ( 'NONE', #5852, #2108 ) ;
#7887 = VECTOR ( 'NONE', #1356, 1000.000000000000000 ) ;
#7888 = CARTESIAN_POINT ( 'NONE',  ( 8.945230123270782485, 2.260000000000000675, -5.450000000000095213 ) ) ;
#7889 = FACE_OUTER_BOUND ( 'NONE', #4445, .T. ) ;
#7890 = ORIENTED_EDGE ( 'NONE', *, *, #3773, .F. ) ;
#7891 = VERTEX_POINT ( 'NONE', #8545 ) ;
#7892 = VECTOR ( 'NONE', #2494, 1000.000000000000000 ) ;
#7893 = VERTEX_POINT ( 'NONE', #4452 ) ;
#7894 = EDGE_CURVE ( 'NONE', #2300, #4147, #5113, .T. ) ;
#7895 = VECTOR ( 'NONE', #4449, 1000.000000000000000 ) ;
#7896 = CARTESIAN_POINT ( 'NONE',  ( 9.249999999999957367, -2.050000000000001155, -4.850000000000096456 ) ) ;
#7897 = LINE ( 'NONE', #609, #2643 ) ;
#7898 = VECTOR ( 'NONE', #5703, 1000.000000000000000 ) ;
#7899 = EDGE_CURVE ( 'NONE', #6782, #129, #1776, .T. ) ;
#7900 = DIRECTION ( 'NONE',  ( 0.9446736642347897117, 0.000000000000000000, 0.3280116889704020600 ) ) ;
#7901 = VECTOR ( 'NONE', #1786, 1000.000000000000000 ) ;
#7902 = FACE_OUTER_BOUND ( 'NONE', #2817, .T. ) ;
#7903 = VERTEX_POINT ( 'NONE', #367 ) ;
#7904 = VECTOR ( 'NONE', #4482, 1000.000000000000000 ) ;
#7905 = ORIENTED_EDGE ( 'NONE', *, *, #4398, .F. ) ;
#7906 = VECTOR ( 'NONE', #2558, 1000.000000000000000 ) ;
#7907 = CARTESIAN_POINT ( 'NONE',  ( 0.9000000000000403233, 1.450000000000000844, 4.349999999999992539 ) ) ;
#7908 = VECTOR ( 'NONE', #5747, 1000.000000000000000 ) ;
#7909 = CARTESIAN_POINT ( 'NONE',  ( -2.600000000000000089, 0.000000000000000000, 2.723355444297644017E-14 ) ) ;
#7910 = LINE ( 'NONE', #4577, #8357 ) ;
#7911 = DIRECTION ( 'NONE',  ( 1.000000000000000000, 0.000000000000000000, -1.334402673828314266E-14 ) ) ;
#7912 = EDGE_CURVE ( 'NONE', #529, #1511, #7621, .T. ) ;
#7913 = EDGE_CURVE ( 'NONE', #1186, #6270, #1655, .T. ) ;
#7914 = ORIENTED_EDGE ( 'NONE', *, *, #4363, .T. ) ;
#7915 = EDGE_LOOP ( 'NONE', ( #7273, #1979, #7579, #924 ) ) ;
#7916 = ORIENTED_EDGE ( 'NONE', *, *, #2545, .F. ) ;
#7917 = DIRECTION ( 'NONE',  ( 0.000000000000000000, 1.000000000000000000, 0.000000000000000000 ) ) ;
#7918 = DIRECTION ( 'NONE',  ( 1.047444401652940007E-14, 0.000000000000000000, 1.000000000000000000 ) ) ;
#7919 = DIRECTION ( 'NONE',  ( -1.000000000000000000, 0.000000000000000000, 8.673617379884013384E-15 ) ) ;
#7920 = LINE ( 'NONE', #3795, #2258 ) ;
#7921 = AXIS2_PLACEMENT_3D ( 'NONE', #2252, #4942, #7665 ) ;
#7922 = VECTOR ( 'NONE', #6340, 1000.000000000000000 ) ;
#7923 = DIRECTION ( 'NONE',  ( 0.000000000000000000, 1.000000000000000000, 0.000000000000000000 ) ) ;
#7924 = ORIENTED_EDGE ( 'NONE', *, *, #1459, .T. ) ;
#7925 = ORIENTED_EDGE ( 'NONE', *, *, #2933, .T. ) ;
#7926 = ORIENTED_EDGE ( 'NONE', *, *, #7511, .T. ) ;
#7927 = AXIS2_PLACEMENT_3D ( 'NONE', #8665, #7945, #1860 ) ;
#7928 = VECTOR ( 'NONE', #5859, 1000.000000000000000 ) ;
#7930 = ORIENTED_EDGE ( 'NONE', *, *, #4090, .T. ) ;
#7929 = AXIS2_PLACEMENT_3D ( 'NONE', #3979, #5336, #6679 ) ;
#7931 = DIRECTION ( 'NONE',  ( 1.049964209143856751E-14, 0.000000000000000000, 1.000000000000000000 ) ) ;
#7932 = FACE_OUTER_BOUND ( 'NONE', #2726, .T. ) ;
#7933 = VECTOR ( 'NONE', #4829, 1000.000000000000000 ) ;
#7934 = AXIS2_PLACEMENT_3D ( 'NONE', #6266, #2896, #5598 ) ;
#7935 = CARTESIAN_POINT ( 'NONE',  ( 4.315421043656686884, 2.510000000000001119, -5.920000000000046114 ) ) ;
#7936 = CARTESIAN_POINT ( 'NONE',  ( 12.00000000000000000, 0.000000000000000000, -1.256933281983528008E-13 ) ) ;
#7937 = ORIENTED_EDGE ( 'NONE', *, *, #7715, .F. ) ;
#7938 = VERTEX_POINT ( 'NONE', #3783 ) ;
#7939 = VERTEX_POINT ( 'NONE', #6422 ) ;
#7940 = AXIS2_PLACEMENT_3D ( 'NONE', #8296, #4296, #1626 ) ;
#7941 = LINE ( 'NONE', #4568, #5806 ) ;
#7942 = PLANE ( 'NONE',  #8790 ) ;
#7943 = DIRECTION ( 'NONE',  ( -1.000000000000000000, 0.000000000000000000, 1.047444401652940007E-14 ) ) ;
#7944 = EDGE_CURVE ( 'NONE', #8124, #8117, #1820, .T. ) ;
#7945 = DIRECTION ( 'NONE',  ( -5.575896887068300516E-15, -1.000000000000000000, 5.840441978553746280E-29 ) ) ;
#7946 = DIRECTION ( 'NONE',  ( 0.000000000000000000, 1.000000000000000000, 0.000000000000000000 ) ) ;
#7947 = AXIS2_PLACEMENT_3D ( 'NONE', #1165, #497, #1830 ) ;
#7948 = EDGE_CURVE ( 'NONE', #3807, #8093, #3076, .T. ) ;
#7949 = ORIENTED_EDGE ( 'NONE', *, *, #7618, .F. ) ;
#7950 = ORIENTED_EDGE ( 'NONE', *, *, #973, .T. ) ;
#7951 = LINE ( 'NONE', #1864, #3356 ) ;
#7952 = CARTESIAN_POINT ( 'NONE',  ( 1.225000000000066924, -0.2499999999999985012, 6.399999999999988809 ) ) ;
#7953 = CARTESIAN_POINT ( 'NONE',  ( 2.649999999999962608, 1.650000000000000799, -3.200000000000029043 ) ) ;
#7954 = CARTESIAN_POINT ( 'NONE',  ( 5.280000000000057092, -0.04000000000000003553, 5.799999999999944755 ) ) ;
#7955 = COLOUR_RGB ( '',0.2509803921568627416, 0.2509803921568627416, 0.2509803921568627416 ) ;
#7956 = ORIENTED_EDGE ( 'NONE', *, *, #682, .T. ) ;
#7957 = VERTEX_POINT ( 'NONE', #4372 ) ;
#7958 = ORIENTED_EDGE ( 'NONE', *, *, #7157, .F. ) ;
#7959 = DIRECTION ( 'NONE',  ( 0.000000000000000000, 1.000000000000000000, 0.000000000000000000 ) ) ;
#7960 = CARTESIAN_POINT ( 'NONE',  ( 1.549999999999992717, 2.260000000000000675, -0.7000000000000172751 ) ) ;
#7961 = ADVANCED_FACE ( 'NONE', ( #7083 ), #1002, .T. ) ;
#7962 = DIRECTION ( 'NONE',  ( -1.047444401652940007E-14, 0.000000000000000000, -1.000000000000000000 ) ) ;
#7963 = DIRECTION ( 'NONE',  ( -1.000000000000000000, 2.938735877055720412E-32, 1.069128445102650095E-14 ) ) ;
#7964 = DIRECTION ( 'NONE',  ( -1.000000000000000000, 0.000000000000000000, 1.047444401652940007E-14 ) ) ;
#7965 = ORIENTED_EDGE ( 'NONE', *, *, #2001, .F. ) ;
#7966 = VERTEX_POINT ( 'NONE', #7129 ) ;
#7967 = EDGE_LOOP ( 'NONE', ( #4523, #3657, #3026, #6398 ) ) ;
#7968 = ORIENTED_EDGE ( 'NONE', *, *, #3796, .T. ) ;
#7969 = EDGE_CURVE ( 'NONE', #3412, #6151, #7866, .T. ) ;
#7970 = CARTESIAN_POINT ( 'NONE',  ( 7.885000000000063736, -1.600703055139993669, 6.049999999999917222 ) ) ;
#7971 = LINE ( 'NONE', #1728, #8182 ) ;
#7972 = DIRECTION ( 'NONE',  ( -1.000000000000000000, 0.000000000000000000, 1.047444401652940007E-14 ) ) ;
#7973 = DIRECTION ( 'NONE',  ( -1.000000000000000000, 0.000000000000000000, 1.455818952234153569E-14 ) ) ;
#7974 = LINE ( 'NONE', #4597, #1221 ) ;
#7975 = PLANE ( 'NONE',  #8084 ) ;
#7976 = EDGE_CURVE ( 'NONE', #3146, #3695, #3123, .T. ) ;
#7977 = ORIENTED_EDGE ( 'NONE', *, *, #7784, .F. ) ;
#7978 = ORIENTED_EDGE ( 'NONE', *, *, #2061, .F. ) ;
#7979 = ORIENTED_EDGE ( 'NONE', *, *, #5931, .T. ) ;
#7980 = DIRECTION ( 'NONE',  ( 1.062933004117018709E-14, 0.000000000000000000, 1.000000000000000000 ) ) ;
#7981 = LINE ( 'NONE', #7278, #6956 ) ;
#7982 = CYLINDRICAL_SURFACE ( 'NONE', #2365, 0.2000000000000022593 ) ;
#7983 = ADVANCED_FACE ( 'NONE', ( #2588 ), #7458, .F. ) ;
#7984 = DIRECTION ( 'NONE',  ( -1.000000000000000000, 0.000000000000000000, 1.047444401652940007E-14 ) ) ;
#7985 = CARTESIAN_POINT ( 'NONE',  ( 5.030000000000058868, 0.06000000000000066391, 5.799999999999947420 ) ) ;
#7986 = VERTEX_POINT ( 'NONE', #8628 ) ;
#7987 = DIRECTION ( 'NONE',  ( -1.000000000000000000, 0.000000000000000000, 1.047444401652940007E-14 ) ) ;
#7988 = CARTESIAN_POINT ( 'NONE',  ( 2.800000000000043343, 1.850000000000000977, 4.149999999999973710 ) ) ;
#7989 = CARTESIAN_POINT ( 'NONE',  ( 5.400000000000060751, -0.2899999999999993139, 5.799999999999943867 ) ) ;
#7990 = CARTESIAN_POINT ( 'NONE',  ( 0.8000000000000418998, 2.510000000000001119, 3.999999999999991562 ) ) ;
#7991 = CARTESIAN_POINT ( 'NONE',  ( 1.650000000000062528, 1.570000000000001394, 5.919999999999982165 ) ) ;
#7992 = CARTESIAN_POINT ( 'NONE',  ( 6.479999999999941807, -3.000000000000000444, -5.450000000000069456 ) ) ;
#7993 = ORIENTED_EDGE ( 'NONE', *, *, #5484, .F. ) ;
#7994 = ORIENTED_EDGE ( 'NONE', *, *, #8531, .F. ) ;
#7995 = DIRECTION ( 'NONE',  ( 1.047444401652940007E-14, 0.000000000000000000, 1.000000000000000000 ) ) ;
#7996 = EDGE_LOOP ( 'NONE', ( #4014, #3788, #363, #2109 ) ) ;
#7997 = ORIENTED_EDGE ( 'NONE', *, *, #7576, .F. ) ;
#7998 = LINE ( 'NONE', #5248, #1151 ) ;
#7999 = CARTESIAN_POINT ( 'NONE',  ( 8.084999999999846310, 2.300000000000000711, -14.75411377792229217 ) ) ;
#8000 = CARTESIAN_POINT ( 'NONE',  ( 6.479999999999951577, -3.000000000000000444, -4.500000000000068390 ) ) ;
#8001 = CARTESIAN_POINT ( 'NONE',  ( 0.8500000000000459410, 1.400000000000000355, 4.399999999999993250 ) ) ;
#8002 = CARTESIAN_POINT ( 'NONE',  ( 0.9800000000000402833, 1.650000000000000799, 4.349999999999991651 ) ) ;
#8003 = LINE ( 'NONE', #426, #6945 ) ;
#8004 = EDGE_CURVE ( 'NONE', #6082, #6892, #3074, .T. ) ;
#8005 = ORIENTED_EDGE ( 'NONE', *, *, #1109, .F. ) ;
#8006 = ORIENTED_EDGE ( 'NONE', *, *, #5049, .T. ) ;
#8007 = EDGE_CURVE ( 'NONE', #7010, #3984, #4070, .T. ) ;
#8008 = EDGE_CURVE ( 'NONE', #886, #6238, #8758, .T. ) ;
#8009 = VERTEX_POINT ( 'NONE', #1953 ) ;
#8010 = DIRECTION ( 'NONE',  ( 1.000000000000000000, 1.355252715606883008E-16, -1.047444401652940007E-14 ) ) ;
#8011 = CYLINDRICAL_SURFACE ( 'NONE', #3929, 0.1000000000000002554 ) ;
#8012 = CARTESIAN_POINT ( 'NONE',  ( 6.279999999999938076, 2.299999999999998490, -5.650000000000066969 ) ) ;
#8013 = CARTESIAN_POINT ( 'NONE',  ( 0.9000000000000579758, 1.450000000000000844, 5.999999999999990230 ) ) ;
#8014 = ADVANCED_FACE ( 'NONE', ( #4617 ), #7328, .F. ) ;
#8015 = CARTESIAN_POINT ( 'NONE',  ( 0.5999999999999870992, 3.299999999999999822, -1.200000000000006617 ) ) ;
#8016 = DIRECTION ( 'NONE',  ( 1.047444401652940007E-14, 0.000000000000000000, 1.000000000000000000 ) ) ;
#8017 = ORIENTED_EDGE ( 'NONE', *, *, #8483, .F. ) ;
#8019 = ORIENTED_EDGE ( 'NONE', *, *, #8135, .F. ) ;
#8018 = ADVANCED_FACE ( 'NONE', ( #8716 ), #4046, .T. ) ;
#8020 = EDGE_CURVE ( 'NONE', #7452, #143, #7376, .T. ) ;
#8021 = VERTEX_POINT ( 'NONE', #1243 ) ;
#8022 = CIRCLE ( 'NONE', #89, 0.2000000000000005107 ) ;
#8023 = LINE ( 'NONE', #520, #2983 ) ;
#8024 = CARTESIAN_POINT ( 'NONE',  ( 3.050000000000043343, 1.850000000000000977, 4.149999999999971045 ) ) ;
#8025 = DIRECTION ( 'NONE',  ( -1.000000000000000000, 0.000000000000000000, 1.047444401652940007E-14 ) ) ;
#8026 = SURFACE_STYLE_USAGE ( .BOTH. , #4530 ) ;
#8027 = DIRECTION ( 'NONE',  ( 1.000000000000000000, 0.000000000000000000, -1.047444401652940007E-14 ) ) ;
#8028 = AXIS2_PLACEMENT_3D ( 'NONE', #7287, #1287, #5283 ) ;
#8029 = ADVANCED_FACE ( 'NONE', ( #6665 ), #3289, .T. ) ;
#8030 = ORIENTED_EDGE ( 'NONE', *, *, #6902, .F. ) ;
#8031 = EDGE_CURVE ( 'NONE', #8158, #515, #4095, .T. ) ;
#8032 = CARTESIAN_POINT ( 'NONE',  ( 5.480000000000060822, -0.2899999999999993139, 5.799999999999942979 ) ) ;
#8033 = EDGE_CURVE ( 'NONE', #8009, #2027, #2721, .T. ) ;
#8034 = LINE ( 'NONE', #3958, #4265 ) ;
#8035 = DIRECTION ( 'NONE',  ( -1.059357333255999177E-14, 0.000000000000000000, -1.000000000000000000 ) ) ;
#8036 = VECTOR ( 'NONE', #5739, 1000.000000000000000 ) ;
#8037 = DIRECTION ( 'NONE',  ( 0.000000000000000000, -1.000000000000000000, -0.000000000000000000 ) ) ;
#8038 = VECTOR ( 'NONE', #5713, 1000.000000000000000 ) ;
#8039 = CARTESIAN_POINT ( 'NONE',  ( 7.935000000000067111, -3.000000000000000000, 6.399999999999917755 ) ) ;
#8040 = ADVANCED_FACE ( 'NONE', ( #6749 ), #8674, .T. ) ;
#8041 = DIRECTION ( 'NONE',  ( -1.000000000000000000, 0.000000000000000000, 1.047444401652940007E-14 ) ) ;
#8042 = ORIENTED_EDGE ( 'NONE', *, *, #635, .T. ) ;
#8043 = AXIS2_PLACEMENT_3D ( 'NONE', #3321, #7242, #8025 ) ;
#8044 = PLANE ( 'NONE',  #493 ) ;
#8045 = ORIENTED_EDGE ( 'NONE', *, *, #7220, .F. ) ;
#8046 = VECTOR ( 'NONE', #5293, 1000.000000000000000 ) ;
#8047 = VECTOR ( 'NONE', #24, 1000.000000000000000 ) ;
#8048 = ORIENTED_EDGE ( 'NONE', *, *, #7867, .T. ) ;
#8049 = DIRECTION ( 'NONE',  ( -2.282530889443167515E-16, 1.000000000000000000, 2.390824201747151630E-30 ) ) ;
#8050 = CARTESIAN_POINT ( 'NONE',  ( 12.00000000000003197, -2.140000000000001457, 2.999999999999874767 ) ) ;
#8051 = DIRECTION ( 'NONE',  ( -1.000000000000000000, 0.000000000000000000, 1.047444401652940007E-14 ) ) ;
#8052 = DIRECTION ( 'NONE',  ( 1.000000000000000000, 0.000000000000000000, -1.084202172485501594E-14 ) ) ;
#8053 = AXIS2_PLACEMENT_3D ( 'NONE', #8322, #862, #6988 ) ;
#8054 = CARTESIAN_POINT ( 'NONE',  ( 11.99999999999993960, 1.399999999999997025, -5.800000000000126832 ) ) ;
#8055 = DIRECTION ( 'NONE',  ( -1.000000000000000000, 0.000000000000000000, 1.047444401652940007E-14 ) ) ;
#8056 = EDGE_LOOP ( 'NONE', ( #2070, #4286, #4791, #2465 ) ) ;
#8057 = ORIENTED_EDGE ( 'NONE', *, *, #7694, .T. ) ;
#8058 = ORIENTED_EDGE ( 'NONE', *, *, #7673, .F. ) ;
#8059 = AXIS2_PLACEMENT_3D ( 'NONE', #4422, #7136, #1080 ) ;
#8060 = AXIS2_PLACEMENT_3D ( 'NONE', #471, #7229, #1097 ) ;
#8061 = LINE ( 'NONE', #6638, #7499 ) ;
#8062 = AXIS2_PLACEMENT_3D ( 'NONE', #5655, #2150, #898 ) ;
#8063 = DIRECTION ( 'NONE',  ( -1.047444401652940007E-14, 0.000000000000000000, -1.000000000000000000 ) ) ;
#8064 = CARTESIAN_POINT ( 'NONE',  ( 6.730000000000059046, 1.059999999999999387, 5.799999999999930544 ) ) ;
#8065 = DIRECTION ( 'NONE',  ( -1.000000000000000000, 0.000000000000000000, 1.047444401652940007E-14 ) ) ;
#8066 = LINE ( 'NONE', #2743, #7049 ) ;
#8067 = FACE_OUTER_BOUND ( 'NONE', #7703, .T. ) ;
#8068 = ORIENTED_EDGE ( 'NONE', *, *, #3702, .T. ) ;
#8069 = MECHANICAL_DESIGN_GEOMETRIC_PRESENTATION_REPRESENTATION (  '', ( #7656 ), #5527 ) ;
#8070 = VECTOR ( 'NONE', #6787, 1000.000000000000000 ) ;
#8071 = AXIS2_PLACEMENT_3D ( 'NONE', #2690, #8055, #8775 ) ;
#8072 = ORIENTED_EDGE ( 'NONE', *, *, #3330, .T. ) ;
#8073 = VERTEX_POINT ( 'NONE', #4006 ) ;
#8074 = VECTOR ( 'NONE', #2039, 1000.000000000000000 ) ;
#8075 = VECTOR ( 'NONE', #7727, 1000.000000000000000 ) ;
#8076 = MECHANICAL_DESIGN_GEOMETRIC_PRESENTATION_REPRESENTATION (  '', ( #4116 ), #4267 ) ;
#8077 = VECTOR ( 'NONE', #7241, 1000.000000000000000 ) ;
#8078 = ADVANCED_FACE ( 'NONE', ( #1867 ), #4578, .F. ) ;
#8079 = CARTESIAN_POINT ( 'NONE',  ( 6.280000000000059757, -1.600703055139993669, 5.799999999999934985 ) ) ;
#8080 = DIRECTION ( 'NONE',  ( -1.000000000000000000, 0.000000000000000000, 1.047444401652940007E-14 ) ) ;
#8081 = DIRECTION ( 'NONE',  ( -1.047444401652940007E-14, -0.000000000000000000, -1.000000000000000000 ) ) ;
#8082 = CARTESIAN_POINT ( 'NONE',  ( 5.680000000000062776, 2.380000000000000782, 5.919999999999940421 ) ) ;
#8083 = CARTESIAN_POINT ( 'NONE',  ( 11.99999999999993250, 2.299999999999998934, -6.400000000000127365 ) ) ;
#8084 = AXIS2_PLACEMENT_3D ( 'NONE', #1888, #5306, #603 ) ;
#8085 = ORIENTED_EDGE ( 'NONE', *, *, #2245, .F. ) ;
#8086 = DIRECTION ( 'NONE',  ( 1.000000000000000000, 0.000000000000000000, -1.084202172485506327E-14 ) ) ;
#8087 = DIRECTION ( 'NONE',  ( 1.000000000000000000, 0.000000000000000000, -1.047444401652940007E-14 ) ) ;
#8088 = EDGE_CURVE ( 'NONE', #8116, #7643, #1924, .T. ) ;
#8089 = CARTESIAN_POINT ( 'NONE',  ( -2.799999999999999822, 0.000000000000000000, 2.932844324628232018E-14 ) ) ;
#8090 = DIRECTION ( 'NONE',  ( 1.000000000000000000, 0.000000000000000000, -1.047444401652940007E-14 ) ) ;
#8091 = DIRECTION ( 'NONE',  ( -1.000000000000000000, 0.000000000000000000, 8.673617379884087537E-15 ) ) ;
#8092 = DIRECTION ( 'NONE',  ( -1.000000000000000000, 0.000000000000000000, 1.040834085586084730E-14 ) ) ;
#8093 = VERTEX_POINT ( 'NONE', #617 ) ;
#8094 = EDGE_CURVE ( 'NONE', #8275, #5520, #6041, .T. ) ;
#8095 = PLANE ( 'NONE',  #8583 ) ;
#8096 = EDGE_LOOP ( 'NONE', ( #1494, #5115, #4214, #1139 ) ) ;
#8097 = ORIENTED_EDGE ( 'NONE', *, *, #4341, .T. ) ;
#8098 = LINE ( 'NONE', #7468, #518 ) ;
#8099 = AXIS2_PLACEMENT_3D ( 'NONE', #4045, #664, #2626 ) ;
#8100 = DIRECTION ( 'NONE',  ( -1.047444401652940007E-14, -0.000000000000000000, -1.000000000000000000 ) ) ;
#8101 = CARTESIAN_POINT ( 'NONE',  ( 6.729999999999947136, 1.059999999999999387, -4.850000000000069811 ) ) ;
#8102 = CARTESIAN_POINT ( 'NONE',  ( 1.049999999999964961, 1.650000000000000799, -3.200000000000012168 ) ) ;
#8103 = DIRECTION ( 'NONE',  ( -1.047444401652940007E-14, -0.000000000000000000, -1.000000000000000000 ) ) ;
#8104 = CARTESIAN_POINT ( 'NONE',  ( 6.985351527569956254, -0.2953515275700008269, -4.850000000000072475 ) ) ;
#8105 = VERTEX_POINT ( 'NONE', #4709 ) ;
#8106 = ORIENTED_EDGE ( 'NONE', *, *, #756, .F. ) ;
#8107 = ORIENTED_EDGE ( 'NONE', *, *, #6339, .T. ) ;
#8108 = EDGE_CURVE ( 'NONE', #3336, #4566, #6349, .T. ) ;
#8109 = FACE_OUTER_BOUND ( 'NONE', #3926, .T. ) ;
#8110 = DIRECTION ( 'NONE',  ( 0.000000000000000000, 1.000000000000000000, 0.000000000000000000 ) ) ;
#8111 = CARTESIAN_POINT ( 'NONE',  ( 4.315421043656687772, 2.260000000000000675, -5.800000000000046008 ) ) ;
#8112 = DIRECTION ( 'NONE',  ( -1.057475489313306365E-14, 0.000000000000000000, -1.000000000000000000 ) ) ;
#8113 = EDGE_CURVE ( 'NONE', #7684, #8165, #2242, .T. ) ;
#8114 = CYLINDRICAL_SURFACE ( 'NONE', #5535, 0.2000000000000013989 ) ;
#8115 = EDGE_LOOP ( 'NONE', ( #2158, #8338, #1854, #7577 ) ) ;
#8116 = VERTEX_POINT ( 'NONE', #8233 ) ;
#8117 = VERTEX_POINT ( 'NONE', #4933 ) ;
#8118 = CARTESIAN_POINT ( 'NONE',  ( -4.765872027520876083E-14, -2.300000000000000266, -4.549999999999998934 ) ) ;
#8119 = DIRECTION ( 'NONE',  ( 1.047444401652940007E-14, 0.000000000000000000, 1.000000000000000000 ) ) ;
#8120 = DIRECTION ( 'NONE',  ( -1.000000000000000000, 0.000000000000000000, 1.047444401652940007E-14 ) ) ;
#8121 = LINE ( 'NONE', #2035, #1704 ) ;
#8122 = CARTESIAN_POINT ( 'NONE',  ( 6.479999999999938254, -3.000000000000001776, -5.800000000000066436 ) ) ;
#8123 = EDGE_CURVE ( 'NONE', #2179, #476, #2153, .T. ) ;
#8124 = VERTEX_POINT ( 'NONE', #3514 ) ;
#8125 = CARTESIAN_POINT ( 'NONE',  ( 5.480000000000059046, 0.6600000000000000311, 5.799999999999942979 ) ) ;
#8126 = CARTESIAN_POINT ( 'NONE',  ( 1.370000000000061169, -0.2499999999999997780, 5.799999999999985612 ) ) ;
#8127 = EDGE_CURVE ( 'NONE', #1698, #4581, #194, .T. ) ;
#8128 = CARTESIAN_POINT ( 'NONE',  ( 2.345000000000056151, -0.1700000000000047862, 5.799999999999975842 ) ) ;
#8129 = CARTESIAN_POINT ( 'NONE',  ( -2.599999999999999645, 0.000000000000000000, 2.723355444297643702E-14 ) ) ;
#8130 = CARTESIAN_POINT ( 'NONE',  ( 11.10000000000006182, -0.2499999999999989175, 5.799999999999884359 ) ) ;
#8131 = ADVANCED_FACE ( 'NONE', ( #4848 ), #1520, .T. ) ;
#8132 = CARTESIAN_POINT ( 'NONE',  ( 3.825000000000067679, 2.260000000000000675, 6.399999999999960387 ) ) ;
#8133 = VERTEX_POINT ( 'NONE', #150 ) ;
#8134 = EDGE_CURVE ( 'NONE', #129, #8677, #4282, .T. ) ;
#8135 = EDGE_CURVE ( 'NONE', #7737, #7986, #6276, .T. ) ;
#8136 = CARTESIAN_POINT ( 'NONE',  ( 2.474999999999939693, -3.000000000000001776, -5.800000000000024691 ) ) ;
#8137 = ORIENTED_EDGE ( 'NONE', *, *, #2466, .F. ) ;
#8138 = ORIENTED_EDGE ( 'NONE', *, *, #1807, .T. ) ;
#8139 = DIRECTION ( 'NONE',  ( 1.047444401652940007E-14, 0.000000000000000000, 1.000000000000000000 ) ) ;
#8140 = CARTESIAN_POINT ( 'NONE',  ( 3.825000000000061018, -3.000000000000000000, 5.799999999999960743 ) ) ;
#8141 = PLANE ( 'NONE',  #673 ) ;
#8142 = LINE ( 'NONE', #3440, #1943 ) ;
#8143 = DIRECTION ( 'NONE',  ( -1.000000000000000000, 0.000000000000000000, 1.047444401652940007E-14 ) ) ;
#8144 = DIRECTION ( 'NONE',  ( 0.000000000000000000, -1.000000000000000000, 0.000000000000000000 ) ) ;
#8145 = VERTEX_POINT ( 'NONE', #6890 ) ;
#8146 = ORIENTED_EDGE ( 'NONE', *, *, #8237, .T. ) ;
#8147 = ORIENTED_EDGE ( 'NONE', *, *, #5961, .T. ) ;
#8148 = EDGE_CURVE ( 'NONE', #2976, #8557, #49, .T. ) ;
#8149 = DIRECTION ( 'NONE',  ( 1.047444401652940007E-14, 0.000000000000000000, 1.000000000000000000 ) ) ;
#8150 = DIRECTION ( 'NONE',  ( -1.047444401652940007E-14, 0.000000000000000000, -1.000000000000000000 ) ) ;
#8151 = DIRECTION ( 'NONE',  ( 1.047444401652940007E-14, -3.401418580346680819E-16, 1.000000000000000000 ) ) ;
#8152 = PLANE ( 'NONE',  #1363 ) ;
#8153 = CARTESIAN_POINT ( 'NONE',  ( 10.09999999999994635, -0.2499999999999988065, -5.800000000000107292 ) ) ;
#8154 = CARTESIAN_POINT ( 'NONE',  ( 9.249999999999955591, 2.299999999999998934, -4.975000000000098233 ) ) ;
#8155 = EDGE_CURVE ( 'NONE', #4076, #7010, #5570, .T. ) ;
#8156 = ORIENTED_EDGE ( 'NONE', *, *, #8321, .F. ) ;
#8157 = CLOSED_SHELL ( 'NONE', ( #4157, #5923, #7858, #8131, #3699, #3147 ) ) ;
#8158 = VERTEX_POINT ( 'NONE', #6987 ) ;
#8159 = VECTOR ( 'NONE', #6852, 1000.000000000000114 ) ;
#8160 = ORIENTED_EDGE ( 'NONE', *, *, #8525, .F. ) ;
#8161 = DIRECTION ( 'NONE',  ( -1.419551869787370853E-30, 1.000000000000000000, -1.355252715606880296E-16 ) ) ;
#8162 = DIRECTION ( 'NONE',  ( -1.000000000000000000, 0.000000000000000000, 1.156482317317871607E-14 ) ) ;
#8163 = DIRECTION ( 'NONE',  ( 0.000000000000000000, 1.000000000000000000, 0.000000000000000000 ) ) ;
#8164 = LINE ( 'NONE', #7507, #6943 ) ;
#8165 = VERTEX_POINT ( 'NONE', #2291 ) ;
#8166 = CARTESIAN_POINT ( 'NONE',  ( 12.12000000000004718, -1.939999999999999059, 4.499999999999872990 ) ) ;
#8167 = ADVANCED_FACE ( 'NONE', ( #2196 ), #860, .F. ) ;
#8168 = ORIENTED_EDGE ( 'NONE', *, *, #3606, .F. ) ;
#8169 = AXIS2_PLACEMENT_3D ( 'NONE', #6126, #4176, #1321 ) ;
#8170 = CARTESIAN_POINT ( 'NONE',  ( 1.449999999999937117, -1.399999999999999467, -6.000000000000016875 ) ) ;
#8171 = FACE_OUTER_BOUND ( 'NONE', #6297, .T. ) ;
#8172 = CARTESIAN_POINT ( 'NONE',  ( 0.6500000000000384359, 1.850000000000000977, 4.149999999999996803 ) ) ;
#8173 = CARTESIAN_POINT ( 'NONE',  ( -0.4999999999999863443, 2.260000000000000231, 1.926136028425827984 ) ) ;
#8174 = CARTESIAN_POINT ( 'NONE',  ( 9.899999999999945288, -1.560703055139993412, -5.800000000000105516 ) ) ;
#8175 = VECTOR ( 'NONE', #4154, 1000.000000000000000 ) ;
#8176 = AXIS2_PLACEMENT_3D ( 'NONE', #6914, #1454, #5401 ) ;
#8177 = DIRECTION ( 'NONE',  ( -1.000000000000000000, 0.000000000000000000, 1.047444401652940007E-14 ) ) ;
#8178 = VERTEX_POINT ( 'NONE', #6801 ) ;
#8179 = CARTESIAN_POINT ( 'NONE',  ( 8.945230123270782485, 2.260000000000000675, -5.700000000000093436 ) ) ;
#8180 = ORIENTED_EDGE ( 'NONE', *, *, #8456, .T. ) ;
#8181 = EDGE_LOOP ( 'NONE', ( #1642, #1973, #7949, #2305 ) ) ;
#8182 = VECTOR ( 'NONE', #7116, 1000.000000000000000 ) ;
#8183 = AXIS2_PLACEMENT_3D ( 'NONE', #3338, #2818, #2634 ) ;
#8184 = DIRECTION ( 'NONE',  ( 1.000000000000000000, 2.282530889443167515E-16, -1.047444401652940007E-14 ) ) ;
#8185 = DIRECTION ( 'NONE',  ( -1.047444401652940007E-14, -0.000000000000000000, -1.000000000000000000 ) ) ;
#8186 = EDGE_CURVE ( 'NONE', #3358, #1025, #7564, .T. ) ;
#8187 = DIRECTION ( 'NONE',  ( 1.047444401652940007E-14, 2.032879073410320074E-16, 1.000000000000000000 ) ) ;
#8188 = LINE ( 'NONE', #6899, #3201 ) ;
#8189 = VECTOR ( 'NONE', #946, 1000.000000000000000 ) ;
#8190 = ADVANCED_FACE ( 'NONE', ( #6939 ), #3567, .T. ) ;
#8191 = CARTESIAN_POINT ( 'NONE',  ( 9.449999999999960210, 2.510000000000001119, -4.700000000000098765 ) ) ;
#8192 = DIRECTION ( 'NONE',  ( 1.000000000000000000, 0.000000000000000000, -1.069941600484581374E-14 ) ) ;
#8193 = VECTOR ( 'NONE', #574, 1000.000000000000000 ) ;
#8194 = VECTOR ( 'NONE', #5981, 1000.000000000000000 ) ;
#8195 = ORIENTED_EDGE ( 'NONE', *, *, #2782, .F. ) ;
#8196 = ORIENTED_EDGE ( 'NONE', *, *, #2234, .F. ) ;
#8197 = VECTOR ( 'NONE', #5877, 1000.000000000000000 ) ;
#8198 = ORIENTED_EDGE ( 'NONE', *, *, #7000, .T. ) ;
#8199 = CARTESIAN_POINT ( 'NONE',  ( 11.94042104365680323, 2.300000000000000711, 5.390421043656622224 ) ) ;
#8200 = AXIS2_PLACEMENT_3D ( 'NONE', #7075, #1648, #4362 ) ;
#8201 = CYLINDRICAL_SURFACE ( 'NONE', #6639, 1.800000000000000266 ) ;
#8202 = AXIS2_PLACEMENT_3D ( 'NONE', #6389, #2836, #7583 ) ;
#8203 = CARTESIAN_POINT ( 'NONE',  ( 6.280000000000057980, 0.6600000000000000311, 5.799999999999934985 ) ) ;
#8204 = VECTOR ( 'NONE', #1702, 1000.000000000000000 ) ;
#8205 = CARTESIAN_POINT ( 'NONE',  ( 1.549999999999992717, 2.260000000000000675, -0.7000000000000172751 ) ) ;
#8206 = CARTESIAN_POINT ( 'NONE',  ( 1.194999999999939222, 1.370000000000000773, -5.800000000000012257 ) ) ;
#8207 = PLANE ( 'NONE',  #3568 ) ;
#8208 = ORIENTED_EDGE ( 'NONE', *, *, #3786, .T. ) ;
#8209 = CARTESIAN_POINT ( 'NONE',  ( 7.885000000000063736, -0.1900000000000003353, 6.049999999999917222 ) ) ;
#8210 = VERTEX_POINT ( 'NONE', #5461 ) ;
#8211 = ORIENTED_EDGE ( 'NONE', *, *, #3431, .F. ) ;
#8212 = EDGE_CURVE ( 'NONE', #8704, #2366, #7606, .T. ) ;
#8214 = EDGE_LOOP ( 'NONE', ( #6162, #5573, #13, #6289 ) ) ;
#8213 = VECTOR ( 'NONE', #6689, 1000.000000000000000 ) ;
#8215 = VECTOR ( 'NONE', #6018, 1000.000000000000000 ) ;
#8216 = DIRECTION ( 'NONE',  ( 1.000000000000000000, 0.000000000000000000, -1.084202172485501594E-14 ) ) ;
#8217 = CIRCLE ( 'NONE', #5670, 0.1000000000000002554 ) ;
#8218 = CIRCLE ( 'NONE', #4390, 0.09999999999999982514 ) ;
#8219 = LINE ( 'NONE', #749, #5174 ) ;
#8220 = VECTOR ( 'NONE', #7964, 1000.000000000000000 ) ;
#8221 = CARTESIAN_POINT ( 'NONE',  ( 1.149999999999966827, 1.650000000000000799, -3.100000000000013411 ) ) ;
#8222 = ORIENTED_EDGE ( 'NONE', *, *, #4611, .T. ) ;
#8223 = DIRECTION ( 'NONE',  ( 0.000000000000000000, -1.000000000000000000, 0.000000000000000000 ) ) ;
#8224 = ORIENTED_EDGE ( 'NONE', *, *, #332, .T. ) ;
#8225 = MECHANICAL_DESIGN_GEOMETRIC_PRESENTATION_REPRESENTATION (  '', ( #5675 ), #2843 ) ;
#8226 = VECTOR ( 'NONE', #5090, 1000.000000000000000 ) ;
#8227 = CARTESIAN_POINT ( 'NONE',  ( 2.800000000000045564, 1.850000000000000977, 4.349999999999972999 ) ) ;
#8228 = CIRCLE ( 'NONE', #7226, 0.08000000000000020983 ) ;
#8229 = CARTESIAN_POINT ( 'NONE',  ( 0.5000000000000122125, 2.259999999999999787, 1.165277777777772306 ) ) ;
#8230 = DIRECTION ( 'NONE',  ( 1.000000000000000000, 0.000000000000000000, -1.084202172485501594E-14 ) ) ;
#8231 = DIRECTION ( 'NONE',  ( 0.000000000000000000, 1.000000000000000000, 0.000000000000000000 ) ) ;
#8232 = EDGE_CURVE ( 'NONE', #1291, #7643, #6177, .T. ) ;
#8233 = CARTESIAN_POINT ( 'NONE',  ( 2.759578956343191614, 2.260000000000000675, -5.700000000000028599 ) ) ;
#8234 = VECTOR ( 'NONE', #5371, 1000.000000000000000 ) ;
#8235 = AXIS2_PLACEMENT_3D ( 'NONE', #1762, #2395, #6356 ) ;
#8236 = LINE ( 'NONE', #3611, #4373 ) ;
#8237 = EDGE_CURVE ( 'NONE', #8261, #6768, #3427, .T. ) ;
#8238 = ORIENTED_EDGE ( 'NONE', *, *, #1230, .F. ) ;
#8239 = VECTOR ( 'NONE', #3098, 1000.000000000000000 ) ;
#8240 = ORIENTED_EDGE ( 'NONE', *, *, #2234, .T. ) ;
#8241 = ORIENTED_EDGE ( 'NONE', *, *, #8532, .F. ) ;
#8242 = ORIENTED_EDGE ( 'NONE', *, *, #6783, .F. ) ;
#8243 = CARTESIAN_POINT ( 'NONE',  ( 5.480000000000064375, -1.399999999999999245, 6.049999999999942979 ) ) ;
#8244 = FACE_OUTER_BOUND ( 'NONE', #1538, .T. ) ;
#8245 = DIRECTION ( 'NONE',  ( 1.000000000000000000, 0.000000000000000000, -1.047444401652940007E-14 ) ) ;
#8246 = DIRECTION ( 'NONE',  ( -1.000000000000000000, -1.355252715606883008E-16, 1.047444401652940007E-14 ) ) ;
#8247 = DIRECTION ( 'NONE',  ( -1.000000000000000000, 0.000000000000000000, 1.047444401652940007E-14 ) ) ;
#8248 = DIRECTION ( 'NONE',  ( -1.047444401652940007E-14, -0.000000000000000000, -1.000000000000000000 ) ) ;
#8249 = VERTEX_POINT ( 'NONE', #7519 ) ;
#8250 = ORIENTED_EDGE ( 'NONE', *, *, #7843, .F. ) ;
#8251 = AXIS2_PLACEMENT_3D ( 'NONE', #8129, #2041, #3329 ) ;
#8252 = EDGE_LOOP ( 'NONE', ( #7842, #2420 ) ) ;
#8253 = EDGE_CURVE ( 'NONE', #6357, #8124, #8789, .T. ) ;
#8254 = DIRECTION ( 'NONE',  ( 1.047444401652940007E-14, -0.000000000000000000, 1.000000000000000000 ) ) ;
#8255 = CARTESIAN_POINT ( 'NONE',  ( 1.355000000000060378, -0.2499999999999997780, 5.799999999999986500 ) ) ;
#8256 = CARTESIAN_POINT ( 'NONE',  ( 8.800000000000062883, -1.560703055139993412, 5.999999999999908518 ) ) ;
#8257 = VECTOR ( 'NONE', #7096, 1000.000000000000000 ) ;
#8258 = CARTESIAN_POINT ( 'NONE',  ( 1.274999999999937073, 1.450000000000000844, -6.000000000000013323 ) ) ;
#8259 = DIRECTION ( 'NONE',  ( 1.047444401652940007E-14, 0.000000000000000000, 1.000000000000000000 ) ) ;
#8260 = CARTESIAN_POINT ( 'NONE',  ( 9.449999999999953104, 2.300000000000000711, -5.250000000000096811 ) ) ;
#8261 = VERTEX_POINT ( 'NONE', #94 ) ;
#8262 = DIRECTION ( 'NONE',  ( 1.047444401652940007E-14, 0.000000000000000000, 1.000000000000000000 ) ) ;
#8263 = VERTEX_POINT ( 'NONE', #5512 ) ;
#8264 = ORIENTED_EDGE ( 'NONE', *, *, #3745, .F. ) ;
#8265 = EDGE_CURVE ( 'NONE', #63, #7479, #2361, .T. ) ;
#8266 = ORIENTED_EDGE ( 'NONE', *, *, #6181, .F. ) ;
#8267 = ADVANCED_FACE ( 'NONE', ( #285 ), #4477, .T. ) ;
#8268 = EDGE_CURVE ( 'NONE', #4923, #7548, #7192, .T. ) ;
#8269 =( NAMED_UNIT ( * ) PLANE_ANGLE_UNIT ( ) SI_UNIT ( $, .RADIAN. ) );
#8270 = CYLINDRICAL_SURFACE ( 'NONE', #7101, 0.1000000000000002554 ) ;
#8271 = DIRECTION ( 'NONE',  ( -1.047444401652940007E-14, 0.000000000000000000, -1.000000000000000000 ) ) ;
#8272 = CARTESIAN_POINT ( 'NONE',  ( 6.703644170578817304E-14, 2.260000000000000675, 6.400000000000001243 ) ) ;
#8273 = ORIENTED_EDGE ( 'NONE', *, *, #543, .T. ) ;
#8274 = DIRECTION ( 'NONE',  ( 1.047444401652940007E-14, 0.000000000000000000, 1.000000000000000000 ) ) ;
#8275 = VERTEX_POINT ( 'NONE', #2995 ) ;
#8276 = CARTESIAN_POINT ( 'NONE',  ( 3.050000000000045119, 1.850000000000000977, 4.349999999999970335 ) ) ;
#8277 = PLANE ( 'NONE',  #2398 ) ;
#8278 = DIRECTION ( 'NONE',  ( 1.024947202821298640E-14, 0.000000000000000000, 1.000000000000000000 ) ) ;
#8279 = VECTOR ( 'NONE', #4843, 1000.000000000000000 ) ;
#8280 = EDGE_CURVE ( 'NONE', #4237, #291, #2406, .T. ) ;
#8281 = DIRECTION ( 'NONE',  ( 1.000000000000000000, 0.000000000000000000, -1.047444401652940007E-14 ) ) ;
#8282 = DIRECTION ( 'NONE',  ( 0.000000000000000000, -1.000000000000000000, 0.000000000000000000 ) ) ;
#8283 = FACE_OUTER_BOUND ( 'NONE', #785, .T. ) ;
#8284 = ORIENTED_EDGE ( 'NONE', *, *, #7060, .F. ) ;
#8285 = EDGE_LOOP ( 'NONE', ( #4967, #7853, #6303, #1349 ) ) ;
#8286 = ORIENTED_EDGE ( 'NONE', *, *, #2103, .F. ) ;
#8287 = ORIENTED_EDGE ( 'NONE', *, *, #8366, .T. ) ;
#8288 = CARTESIAN_POINT ( 'NONE',  ( 3.050000000000043343, 1.850000000000000977, 4.149999999999971045 ) ) ;
#8289 = CARTESIAN_POINT ( 'NONE',  ( 3.050000000000043343, 1.450000000000000844, 4.149999999999971045 ) ) ;
#8290 = LINE ( 'NONE', #8331, #4789 ) ;
#8291 = LINE ( 'NONE', #107, #7046 ) ;
#8292 = FILL_AREA_STYLE_COLOUR ( '', #1976 ) ;
#8293 = ORIENTED_EDGE ( 'NONE', *, *, #8031, .T. ) ;
#8294 = ORIENTED_EDGE ( 'NONE', *, *, #7106, .T. ) ;
#8295 = EDGE_LOOP ( 'NONE', ( #3210, #7265, #2218, #3869 ) ) ;
#8296 = CARTESIAN_POINT ( 'NONE',  ( 6.279999999999937188, 2.380000000000000782, -5.920000000000066542 ) ) ;
#8297 = DIRECTION ( 'NONE',  ( -1.047444401652940007E-14, -0.000000000000000000, -1.000000000000000000 ) ) ;
#8298 = LINE ( 'NONE', #1497, #1102 ) ;
#8299 = EDGE_CURVE ( 'NONE', #4377, #621, #6367, .T. ) ;
#8300 = DIRECTION ( 'NONE',  ( 0.000000000000000000, 1.000000000000000000, 0.000000000000000000 ) ) ;
#8301 = FACE_OUTER_BOUND ( 'NONE', #1726, .T. ) ;
#8302 = DIRECTION ( 'NONE',  ( 1.047444401652940007E-14, 0.000000000000000000, 1.000000000000000000 ) ) ;
#8303 = ORIENTED_EDGE ( 'NONE', *, *, #1624, .F. ) ;
#8304 = FACE_OUTER_BOUND ( 'NONE', #2170, .T. ) ;
#8305 = ORIENTED_EDGE ( 'NONE', *, *, #233, .T. ) ;
#8306 = ORIENTED_EDGE ( 'NONE', *, *, #3148, .T. ) ;
#8307 = VERTEX_POINT ( 'NONE', #3706 ) ;
#8308 = LINE ( 'NONE', #134, #548 ) ;
#8309 = LINE ( 'NONE', #7640, #7347 ) ;
#8310 = FACE_OUTER_BOUND ( 'NONE', #5427, .T. ) ;
#8311 = EDGE_CURVE ( 'NONE', #1415, #275, #5056, .T. ) ;
#8312 = EDGE_CURVE ( 'NONE', #7569, #101, #3689, .T. ) ;
#8313 = CYLINDRICAL_SURFACE ( 'NONE', #1128, 0.08000000000000020983 ) ;
#8314 = ORIENTED_EDGE ( 'NONE', *, *, #4875, .F. ) ;
#8315 = CARTESIAN_POINT ( 'NONE',  ( 9.249999999999941380, 2.299999999999998490, -6.400000000000098055 ) ) ;
#8316 = VERTEX_POINT ( 'NONE', #3109 ) ;
#8317 = LINE ( 'NONE', #936, #7026 ) ;
#8318 = PLANE ( 'NONE',  #3235 ) ;
#8319 = CARTESIAN_POINT ( 'NONE',  ( 6.630000000000057625, 1.159999999999999920, 5.799999999999931433 ) ) ;
#8320 = DIRECTION ( 'NONE',  ( -1.047444401652940007E-14, 3.401418580346680819E-16, -1.000000000000000000 ) ) ;
#8321 = EDGE_CURVE ( 'NONE', #3843, #8607, #2441, .T. ) ;
#8322 = CARTESIAN_POINT ( 'NONE',  ( 2.505000000000055849, 1.370000000000000773, 5.799999999999974065 ) ) ;
#8323 = EDGE_LOOP ( 'NONE', ( #3054, #7525, #966, #2919 ) ) ;
#8324 = VECTOR ( 'NONE', #5695, 1000.000000000000000 ) ;
#8325 = EDGE_CURVE ( 'NONE', #1781, #3118, #1029, .T. ) ;
#8326 = ORIENTED_EDGE ( 'NONE', *, *, #8312, .F. ) ;
#8327 = ORIENTED_EDGE ( 'NONE', *, *, #6975, .F. ) ;
#8328 = VERTEX_POINT ( 'NONE', #359 ) ;
#8329 = LINE ( 'NONE', #4941, #8189 ) ;
#8330 = DIRECTION ( 'NONE',  ( 1.000000000000000000, -1.224646799147361835E-16, -1.047444401652940007E-14 ) ) ;
#8331 = CARTESIAN_POINT ( 'NONE',  ( 0.9000000000000379918, 1.850000000000000977, 4.149999999999994138 ) ) ;
#8332 = ADVANCED_FACE ( 'NONE', ( #8415 ), #6443, .F. ) ;
#8333 = LINE ( 'NONE', #1443, #5330 ) ;
#8334 = CIRCLE ( 'NONE', #4065, 0.3999999999999993006 ) ;
#8335 = EDGE_LOOP ( 'NONE', ( #5466, #8107, #5821, #2755 ) ) ;
#8336 = ORIENTED_EDGE ( 'NONE', *, *, #2447, .F. ) ;
#8337 = CIRCLE ( 'NONE', #7189, 0.1999999999999996503 ) ;
#8338 = ORIENTED_EDGE ( 'NONE', *, *, #7899, .F. ) ;
#8339 = AXIS2_PLACEMENT_3D ( 'NONE', #1582, #2334, #4322 ) ;
#8340 = LINE ( 'NONE', #2308, #7239 ) ;
#8341 = DIRECTION ( 'NONE',  ( 0.000000000000000000, 1.000000000000000000, 0.000000000000000000 ) ) ;
#8342 = FACE_OUTER_BOUND ( 'NONE', #5405, .T. ) ;
#8343 = VECTOR ( 'NONE', #3268, 1000.000000000000000 ) ;
#8344 = EDGE_CURVE ( 'NONE', #5622, #5988, #7821, .T. ) ;
#8345 = FACE_OUTER_BOUND ( 'NONE', #4226, .T. ) ;
#8346 = VECTOR ( 'NONE', #5075, 1000.000000000000000 ) ;
#8347 = DIRECTION ( 'NONE',  ( -1.047444401652940007E-14, -2.168404344971010594E-16, -1.000000000000000000 ) ) ;
#8348 = PRODUCT_DEFINITION_SHAPE ( 'NONE', 'NONE',  #5253 ) ;
#8349 = CARTESIAN_POINT ( 'NONE',  ( 5.479999999999938254, -0.2899999999999993139, -6.000000000000057732 ) ) ;
#8350 = EDGE_LOOP ( 'NONE', ( #7786, #645 ) ) ;
#8351 = DIRECTION ( 'NONE',  ( 0.000000000000000000, 1.000000000000000000, 0.000000000000000000 ) ) ;
#8352 = ORIENTED_EDGE ( 'NONE', *, *, #3176, .T. ) ;
#8353 = ORIENTED_EDGE ( 'NONE', *, *, #2466, .T. ) ;
#8354 = CIRCLE ( 'NONE', #4504, 0.09999999999999982514 ) ;
#8355 = ORIENTED_EDGE ( 'NONE', *, *, #4589, .F. ) ;
#8356 = VECTOR ( 'NONE', #7750, 1000.000000000000000 ) ;
#8357 = VECTOR ( 'NONE', #1160, 1000.000000000000000 ) ;
#8358 = PLANE ( 'NONE',  #8796 ) ;
#8359 = PLANE ( 'NONE',  #1418 ) ;
#8360 = DIRECTION ( 'NONE',  ( 1.047444401652940007E-14, 0.000000000000000000, 1.000000000000000000 ) ) ;
#8361 = FACE_OUTER_BOUND ( 'NONE', #2157, .T. ) ;
#8362 = ORIENTED_EDGE ( 'NONE', *, *, #434, .F. ) ;
#8363 = CYLINDRICAL_SURFACE ( 'NONE', #1233, 0.1299999999999998934 ) ;
#8364 = ORIENTED_EDGE ( 'NONE', *, *, #5539, .F. ) ;
#8365 = CARTESIAN_POINT ( 'NONE',  ( 0.9000000000000403233, 1.850000000000000977, 4.349999999999992539 ) ) ;
#8366 = EDGE_CURVE ( 'NONE', #2060, #2551, #5774, .T. ) ;
#8367 = DIRECTION ( 'NONE',  ( 1.047444401652940007E-14, 0.000000000000000000, 1.000000000000000000 ) ) ;
#8368 = VECTOR ( 'NONE', #3385, 1000.000000000000000 ) ;
#8369 = LINE ( 'NONE', #7023, #8036 ) ;
#8370 = AXIS2_PLACEMENT_3D ( 'NONE', #7533, #594, #7391 ) ;
#8371 = DIRECTION ( 'NONE',  ( 1.047444401652940007E-14, 0.000000000000000000, 1.000000000000000000 ) ) ;
#8372 = CARTESIAN_POINT ( 'NONE',  ( 8.085000000000057696, 2.260000000000000675, 5.449999999999913136 ) ) ;
#8373 = CIRCLE ( 'NONE', #695, 0.07999999999999998779 ) ;
#8374 = CIRCLE ( 'NONE', #5381, 0.1000000000000002554 ) ;
#8375 = EDGE_LOOP ( 'NONE', ( #8711, #5309, #7141, #8293 ) ) ;
#8376 = ORIENTED_EDGE ( 'NONE', *, *, #3745, .T. ) ;
#8377 = EDGE_CURVE ( 'NONE', #7466, #2351, #7152, .T. ) ;
#8378 = ORIENTED_EDGE ( 'NONE', *, *, #2895, .F. ) ;
#8379 = CARTESIAN_POINT ( 'NONE',  ( 0.4999999999999798495, 2.299999999999999378, -1.926136028425828428 ) ) ;
#8380 = FACE_OUTER_BOUND ( 'NONE', #402, .T. ) ;
#8381 = FACE_BOUND ( 'NONE', #3454, .T. ) ;
#8382 = VECTOR ( 'NONE', #4002, 1000.000000000000000 ) ;
#8383 = CARTESIAN_POINT ( 'NONE',  ( 2.449999999999966427, 1.450000000000000844, -3.000000000000026645 ) ) ;
#8384 = CIRCLE ( 'NONE', #7668, 0.08000000000000020983 ) ;
#8385 = MANIFOLD_SOLID_BREP ( 'Fillet2', #7422 ) ;
#8386 = VECTOR ( 'NONE', #2888, 1000.000000000000000 ) ;
#8387 = PRESENTATION_LAYER_ASSIGNMENT (  '', '', ( #5379 ) ) ;
#8389 = ADVANCED_FACE ( 'NONE', ( #651 ), #7072, .F. ) ;
#8388 = CIRCLE ( 'NONE', #7233, 0.09999999999999982514 ) ;
#8390 =( LENGTH_UNIT ( ) NAMED_UNIT ( * ) SI_UNIT ( .MILLI., .METRE. ) );
#8391 = EDGE_CURVE ( 'NONE', #6619, #5324, #5311, .T. ) ;
#8392 = VERTEX_POINT ( 'NONE', #4604 ) ;
#8393 = ORIENTED_EDGE ( 'NONE', *, *, #1659, .T. ) ;
#8394 = CARTESIAN_POINT ( 'NONE',  ( 1.354999999999938920, -0.2499999999999997780, -5.800000000000014033 ) ) ;
#8395 = DIRECTION ( 'NONE',  ( 1.000000000000000000, 0.000000000000000000, -1.047444401652940007E-14 ) ) ;
#8396 = DIRECTION ( 'NONE',  ( -1.000000000000000000, 0.000000000000000000, 1.047444401652940007E-14 ) ) ;
#8397 = CARTESIAN_POINT ( 'NONE',  ( 9.299999999999945643, -0.2499999999999989175, -6.000000000000097700 ) ) ;
#8398 = DIRECTION ( 'NONE',  ( 0.000000000000000000, 1.000000000000000000, 0.000000000000000000 ) ) ;
#8399 = CARTESIAN_POINT ( 'NONE',  ( 9.400000000000058975, 1.600000000000000977, 5.799999999999903011 ) ) ;
#8400 = ORIENTED_EDGE ( 'NONE', *, *, #762, .T. ) ;
#8401 = ORIENTED_EDGE ( 'NONE', *, *, #2744, .T. ) ;
#8402 = MANIFOLD_SOLID_BREP ( 'Fillet4', #7736 ) ;
#8403 = ORIENTED_EDGE ( 'NONE', *, *, #302, .T. ) ;
#8404 = EDGE_LOOP ( 'NONE', ( #2911, #4554, #6932, #3455, #7859, #4192, #2604, #4870, #1462, #6611, #674, #3241 ) ) ;
#8405 = VECTOR ( 'NONE', #4827, 1000.000000000000000 ) ;
#8406 = CARTESIAN_POINT ( 'NONE',  ( 7.785000000000064091, -0.2900000000000012568, 6.049999999999918110 ) ) ;
#8407 = LINE ( 'NONE', #1558, #5954 ) ;
#8408 = FACE_OUTER_BOUND ( 'NONE', #8547, .T. ) ;
#8409 = CARTESIAN_POINT ( 'NONE',  ( 1.449999999999975309, 1.450000000000000844, -2.200000000000015721 ) ) ;
#8410 = ORIENTED_EDGE ( 'NONE', *, *, #4985, .T. ) ;
#8411 = DIRECTION ( 'NONE',  ( -1.419551869787370853E-30, 1.000000000000000000, -1.355252715606880296E-16 ) ) ;
#8412 = ORIENTED_EDGE ( 'NONE', *, *, #1718, .F. ) ;
#8413 = DIRECTION ( 'NONE',  ( 1.000000000000000000, 0.000000000000000000, -8.673617379884013384E-15 ) ) ;
#8414 = CARTESIAN_POINT ( 'NONE',  ( 2.249999999999935607, -1.560703055139994522, -6.000000000000023981 ) ) ;
#8415 = FACE_OUTER_BOUND ( 'NONE', #8634, .T. ) ;
#8416 = DIRECTION ( 'NONE',  ( 1.000000000000000000, -0.000000000000000000, -1.047444401652940007E-14 ) ) ;
#8417 = CARTESIAN_POINT ( 'NONE',  ( 3.100000000000041833, 1.400000000000000355, 3.899999999999968825 ) ) ;
#8418 = ADVANCED_FACE ( 'NONE', ( #7240 ), #2617, .F. ) ;
#8419 = ORIENTED_EDGE ( 'NONE', *, *, #6847, .F. ) ;
#8420 = VERTEX_POINT ( 'NONE', #6029 ) ;
#8421 = ORIENTED_EDGE ( 'NONE', *, *, #2783, .T. ) ;
#8422 = CARTESIAN_POINT ( 'NONE',  ( 9.049999999999961631, 2.260000000000000675, -4.400000000000091838 ) ) ;
#8423 = DIRECTION ( 'NONE',  ( -1.040834085586085203E-14, 0.000000000000000000, -1.000000000000000000 ) ) ;
#8424 = CARTESIAN_POINT ( 'NONE',  ( 5.130000000000062066, -0.04000000000000005634, 6.049999999999945643 ) ) ;
#8425 = EDGE_CURVE ( 'NONE', #6287, #979, #4811, .T. ) ;
#8426 = DIRECTION ( 'NONE',  ( -1.419551869787370853E-30, 1.000000000000000000, -1.355252715606880296E-16 ) ) ;
#8427 = EDGE_CURVE ( 'NONE', #3127, #4113, #8023, .T. ) ;
#8428 = ORIENTED_EDGE ( 'NONE', *, *, #5608, .T. ) ;
#8429 = EDGE_CURVE ( 'NONE', #8495, #3762, #6564, .T. ) ;
#8430 = EDGE_LOOP ( 'NONE', ( #2804, #3660, #838, #568 ) ) ;
#8431 = FACE_OUTER_BOUND ( 'NONE', #226, .T. ) ;
#8432 = DIRECTION ( 'NONE',  ( 1.047444401652940007E-14, 0.000000000000000000, 1.000000000000000000 ) ) ;
#8433 = LINE ( 'NONE', #5037, #8356 ) ;
#8434 = DIRECTION ( 'NONE',  ( 1.000000000000000000, 0.000000000000000000, -8.673617379884013384E-15 ) ) ;
#8435 = CARTESIAN_POINT ( 'NONE',  ( 0.5000000000000122125, 2.764439852957066623, 1.165277777777772084 ) ) ;
#8436 = ORIENTED_EDGE ( 'NONE', *, *, #1740, .F. ) ;
#8437 = VERTEX_POINT ( 'NONE', #2710 ) ;
#8438 = EDGE_CURVE ( 'NONE', #2747, #3118, #2659, .T. ) ;
#8439 = ORIENTED_EDGE ( 'NONE', *, *, #6941, .F. ) ;
#8440 = ADVANCED_FACE ( 'NONE', ( #5357 ), #1857, .F. ) ;
#8441 = EDGE_LOOP ( 'NONE', ( #8487, #5088, #4831, #1335 ) ) ;
#8442 = EDGE_CURVE ( 'NONE', #7142, #7423, #5896, .T. ) ;
#8443 = EDGE_CURVE ( 'NONE', #1415, #5050, #8611, .T. ) ;
#8444 = CARTESIAN_POINT ( 'NONE',  ( 11.99999999999995026, -2.050000000000001155, -4.850000000000124878 ) ) ;
#8445 = DIRECTION ( 'NONE',  ( -1.056410693795253082E-30, 1.000000000000000000, -1.008560160451632221E-16 ) ) ;
#8446 = PLANE ( 'NONE',  #7617 ) ;
#8447 = LINE ( 'NONE', #2355, #3556 ) ;
#8448 = ORIENTED_EDGE ( 'NONE', *, *, #4703, .F. ) ;
#8449 = ORIENTED_EDGE ( 'NONE', *, *, #6198, .F. ) ;
#8450 = CARTESIAN_POINT ( 'NONE',  ( 7.489999999999953140, 0.05999999999999998390, -5.100000000000076916 ) ) ;
#8451 = CARTESIAN_POINT ( 'NONE',  ( 7.985000000000052722, 2.300000000000000711, 5.349999999999915268 ) ) ;
#8452 = DIRECTION ( 'NONE',  ( 1.000000000000000000, 1.355252715606883008E-16, -1.047444401652940007E-14 ) ) ;
#8453 = DIRECTION ( 'NONE',  ( 1.000000000000000000, 0.000000000000000000, -1.047444401652940007E-14 ) ) ;
#8454 = DIRECTION ( 'NONE',  ( 1.419551869787370853E-30, -1.000000000000000000, 1.355252715606880296E-16 ) ) ;
#8455 = ORIENTED_EDGE ( 'NONE', *, *, #3316, .F. ) ;
#8456 = EDGE_CURVE ( 'NONE', #8073, #63, #7941, .T. ) ;
#8457 = ORIENTED_EDGE ( 'NONE', *, *, #8719, .T. ) ;
#8458 = CYLINDRICAL_SURFACE ( 'NONE', #813, 0.1000000000000002554 ) ;
#8459 = DIRECTION ( 'NONE',  ( 0.000000000000000000, 1.000000000000000000, 0.000000000000000000 ) ) ;
#8460 = LINE ( 'NONE', #7791, #8204 ) ;
#8461 = LINE ( 'NONE', #3039, #7753 ) ;
#8462 = ORIENTED_EDGE ( 'NONE', *, *, #1281, .T. ) ;
#8463 = EDGE_CURVE ( 'NONE', #2902, #8678, #1893, .T. ) ;
#8464 = ORIENTED_EDGE ( 'NONE', *, *, #2866, .F. ) ;
#8465 = VECTOR ( 'NONE', #5046, 1000.000000000000000 ) ;
#8466 = CARTESIAN_POINT ( 'NONE',  ( 1.369999999999939710, -0.2499999999999993616, -5.800000000000014921 ) ) ;
#8467 = EDGE_CURVE ( 'NONE', #4538, #33, #7501, .T. ) ;
#8468 = CARTESIAN_POINT ( 'NONE',  ( 0.9800000000000402833, 1.730000000000000870, 4.349999999999991651 ) ) ;
#8469 = DIRECTION ( 'NONE',  ( 1.000000000000000000, 0.000000000000000000, -1.084202172485504592E-14 ) ) ;
#8470 = PLANE ( 'NONE',  #1692 ) ;
#8471 = CARTESIAN_POINT ( 'NONE',  ( 2.425000000000055778, 1.370000000000000773, 5.799999999999974953 ) ) ;
#8472 = VECTOR ( 'NONE', #7792, 1000.000000000000000 ) ;
#8473 = ORIENTED_EDGE ( 'NONE', *, *, #7295, .T. ) ;
#8474 = VERTEX_POINT ( 'NONE', #889 ) ;
#8475 = EDGE_LOOP ( 'NONE', ( #4499, #3410, #2590, #3465 ) ) ;
#8476 = ORIENTED_EDGE ( 'NONE', *, *, #190, .F. ) ;
#8477 = VECTOR ( 'NONE', #327, 1000.000000000000000 ) ;
#8478 = VECTOR ( 'NONE', #158, 1000.000000000000000 ) ;
#8479 = DIRECTION ( 'NONE',  ( 1.047444401652940007E-14, 0.000000000000000000, 1.000000000000000000 ) ) ;
#8480 = DIRECTION ( 'NONE',  ( -1.047444401652940007E-14, -0.000000000000000000, -1.000000000000000000 ) ) ;
#8481 = DIRECTION ( 'NONE',  ( 1.000000000000000000, 0.000000000000000000, -1.047444401652940007E-14 ) ) ;
#8482 = DIRECTION ( 'NONE',  ( 1.048062100069320848E-14, 0.000000000000000000, 1.000000000000000000 ) ) ;
#8483 = EDGE_CURVE ( 'NONE', #8609, #7158, #4174, .T. ) ;
#8484 = ORIENTED_EDGE ( 'NONE', *, *, #3464, .F. ) ;
#8485 = VECTOR ( 'NONE', #4276, 1000.000000000000000 ) ;
#8486 = AXIS2_PLACEMENT_3D ( 'NONE', #4550, #6629, #499 ) ;
#8487 = ORIENTED_EDGE ( 'NONE', *, *, #5089, .T. ) ;
#8488 = LINE ( 'NONE', #4981, #8615 ) ;
#8489 = VECTOR ( 'NONE', #7025, 1000.000000000000000 ) ;
#8490 = CARTESIAN_POINT ( 'NONE',  ( 6.380000000000059401, 0.06000000000000066391, 5.799999999999934097 ) ) ;
#8491 = CARTESIAN_POINT ( 'NONE',  ( 8.600000000000061817, -0.2499999999999989175, 5.999999999999910294 ) ) ;
#8492 = DIRECTION ( 'NONE',  ( -1.000000000000000000, 0.000000000000000000, 1.084202172485504592E-14 ) ) ;
#8493 = FACE_OUTER_BOUND ( 'NONE', #3520, .T. ) ;
#8494 = EDGE_LOOP ( 'NONE', ( #3002, #5550, #1756, #4001 ) ) ;
#8495 = VERTEX_POINT ( 'NONE', #5448 ) ;
#8496 = CIRCLE ( 'NONE', #6937, 0.1299999999999998934 ) ;
#8497 = VECTOR ( 'NONE', #1883, 1000.000000000000000 ) ;
#8498 = CARTESIAN_POINT ( 'NONE',  ( 0.5000000000000314193, 0.000000000000000000, 2.999999999999995115 ) ) ;
#8499 = CARTESIAN_POINT ( 'NONE',  ( 7.885000000000063736, 2.380000000000000782, 6.049999999999917222 ) ) ;
#8500 = DIRECTION ( 'NONE',  ( 3.562796849662422407E-30, 1.000000000000000000, 3.401418580346681312E-16 ) ) ;
#8501 = CARTESIAN_POINT ( 'NONE',  ( 0.7999999999999815037, 2.510000000000001119, -1.771111005056584586 ) ) ;
#8502 = EDGE_CURVE ( 'NONE', #2386, #866, #8218, .T. ) ;
#8503 = VECTOR ( 'NONE', #2050, 1000.000000000000000 ) ;
#8504 =( GEOMETRIC_REPRESENTATION_CONTEXT ( 3 ) GLOBAL_UNCERTAINTY_ASSIGNED_CONTEXT ( ( #1423 ) ) GLOBAL_UNIT_ASSIGNED_CONTEXT ( ( #5825, #5138, #7024 ) ) REPRESENTATION_CONTEXT ( 'NONE', 'WORKASPACE' ) );
#8505 = VECTOR ( 'NONE', #2506, 1000.000000000000000 ) ;
#8506 = ORIENTED_EDGE ( 'NONE', *, *, #4846, .F. ) ;
#8507 = ADVANCED_BREP_SHAPE_REPRESENTATION ( 'SJ-3506-SMT-TR', ( #5583, #5447, #8385, #8567, #5422, #8402, #5462, #2472, #2537, #300 ), #4965 ) ;
#8508 = VERTEX_POINT ( 'NONE', #3598 ) ;
#8509 = FACE_OUTER_BOUND ( 'NONE', #6109, .T. ) ;
#8510 = VECTOR ( 'NONE', #436, 1000.000000000000000 ) ;
#8511 = CARTESIAN_POINT ( 'NONE',  ( 0.9000000000000579758, 1.570000000000001394, 5.999999999999990230 ) ) ;
#8512 = VECTOR ( 'NONE', #1937, 1000.000000000000000 ) ;
#8513 = FACE_OUTER_BOUND ( 'NONE', #6612, .T. ) ;
#8514 = CARTESIAN_POINT ( 'NONE',  ( 5.400000000000062528, -0.3699999999999993849, 5.999999999999944045 ) ) ;
#8515 = CIRCLE ( 'NONE', #2054, 0.1000000000000000472 ) ;
#8516 = LINE ( 'NONE', #5974, #2677 ) ;
#8517 = CARTESIAN_POINT ( 'NONE',  ( 3.975000000000063594, -0.1900000000000010292, 6.049999999999958078 ) ) ;
#8518 = ORIENTED_EDGE ( 'NONE', *, *, #5128, .T. ) ;
#8519 = ORIENTED_EDGE ( 'NONE', *, *, #735, .F. ) ;
#8520 = CIRCLE ( 'NONE', #1269, 3.000000000000000444 ) ;
#8522 = ORIENTED_EDGE ( 'NONE', *, *, #2148, .T. ) ;
#8521 = EDGE_CURVE ( 'NONE', #3475, #7330, #3501, .T. ) ;
#8523 = ORIENTED_EDGE ( 'NONE', *, *, #5653, .F. ) ;
#8524 = LINE ( 'NONE', #7602, #5365 ) ;
#8525 = EDGE_CURVE ( 'NONE', #8392, #7825, #8308, .T. ) ;
#8526 = CARTESIAN_POINT ( 'NONE',  ( 2.549999999999962963, 1.650000000000000799, -3.100000000000028066 ) ) ;
#8527 = CARTESIAN_POINT ( 'NONE',  ( 10.09999999999994635, 1.599999999999996980, -5.800000000000108180 ) ) ;
#8528 = CARTESIAN_POINT ( 'NONE',  ( 2.330000000000060023, -0.2499999999999996669, 5.799999999999975842 ) ) ;
#8529 = LINE ( 'NONE', #7058, #3397 ) ;
#8530 = ORIENTED_EDGE ( 'NONE', *, *, #6858, .T. ) ;
#8531 = EDGE_CURVE ( 'NONE', #8021, #2768, #1420, .T. ) ;
#8532 = EDGE_CURVE ( 'NONE', #7870, #6287, #1364, .T. ) ;
#8533 = VERTEX_POINT ( 'NONE', #3458 ) ;
#8534 = CIRCLE ( 'NONE', #7112, 0.2249999999999995060 ) ;
#8535 = EDGE_CURVE ( 'NONE', #2768, #7939, #4132, .T. ) ;
#8536 = CARTESIAN_POINT ( 'NONE',  ( 5.479999999999937366, 2.260000000000000675, -6.050000000000056666 ) ) ;
#8537 = COLOUR_RGB ( '',0.9686274509803921573, 0.8784313725490195957, 0.5999999999999999778 ) ;
#8538 = LINE ( 'NONE', #1110, #5657 ) ;
#8539 = ORIENTED_EDGE ( 'NONE', *, *, #2390, .T. ) ;
#8540 = VERTEX_POINT ( 'NONE', #4217 ) ;
#8541 = EDGE_CURVE ( 'NONE', #5326, #6991, #221, .T. ) ;
#8542 = CARTESIAN_POINT ( 'NONE',  ( 12.50000000000006750, -0.2499999999999985012, 6.399999999999868905 ) ) ;
#8543 = CARTESIAN_POINT ( 'NONE',  ( 7.985000000000050946, 2.300000000000000711, 5.249999999999914735 ) ) ;
#8544 = DIRECTION ( 'NONE',  ( -1.000000000000000000, 0.000000000000000000, 1.047444401652940007E-14 ) ) ;
#8545 = CARTESIAN_POINT ( 'NONE',  ( 11.99999999999995381, 2.260000000000000675, -4.500000000000125233 ) ) ;
#8546 = ORIENTED_EDGE ( 'NONE', *, *, #533, .F. ) ;
#8547 = EDGE_LOOP ( 'NONE', ( #2456, #5615, #761, #6127 ) ) ;
#8548 = ORIENTED_EDGE ( 'NONE', *, *, #4352, .T. ) ;
#8549 = CARTESIAN_POINT ( 'NONE',  ( 9.450000000000079226, 2.510000000000001119, 6.749999999999903189 ) ) ;
#8550 = DIRECTION ( 'NONE',  ( -1.047444401652940007E-14, -2.032879073410320321E-16, -1.000000000000000000 ) ) ;
#8551 = CARTESIAN_POINT ( 'NONE',  ( 3.050000000000045119, 1.450000000000000844, 4.349999999999970335 ) ) ;
#8552 = CARTESIAN_POINT ( 'NONE',  ( 1.449999999999939115, -1.399999999999999467, -5.800000000000015810 ) ) ;
#8553 = LINE ( 'NONE', #4506, #849 ) ;
#8554 = EDGE_LOOP ( 'NONE', ( #935, #8565, #5728, #4168 ) ) ;
#8555 = ORIENTED_EDGE ( 'NONE', *, *, #3079, .F. ) ;
#8556 = ORIENTED_EDGE ( 'NONE', *, *, #2410, .T. ) ;
#8557 = VERTEX_POINT ( 'NONE', #4272 ) ;
#8558 = EDGE_CURVE ( 'NONE', #8437, #4264, #2934, .T. ) ;
#8559 = DIRECTION ( 'NONE',  ( 1.000000000000000000, 0.000000000000000000, -1.047444401652940007E-14 ) ) ;
#8560 = DIRECTION ( 'NONE',  ( 1.060996928809008812E-14, 0.000000000000000000, 1.000000000000000000 ) ) ;
#8561 = CARTESIAN_POINT ( 'NONE',  ( 9.249999999999957367, -0.2500000000000003331, -4.850000000000096456 ) ) ;
#8562 = DIRECTION ( 'NONE',  ( -1.000000000000000000, -0.000000000000000000, 1.047444401652940007E-14 ) ) ;
#8563 = DIRECTION ( 'NONE',  ( 1.047444401652940007E-14, 0.000000000000000000, 1.000000000000000000 ) ) ;
#8564 = ORIENTED_EDGE ( 'NONE', *, *, #829, .F. ) ;
#8565 = ORIENTED_EDGE ( 'NONE', *, *, #1346, .F. ) ;
#8566 = ORIENTED_EDGE ( 'NONE', *, *, #2442, .F. ) ;
#8567 = MANIFOLD_SOLID_BREP ( 'Body-Move/Copy6[5]', #492 ) ;
#8568 = ADVANCED_FACE ( 'NONE', ( #7593 ), #6833, .T. ) ;
#8569 = ADVANCED_FACE ( 'NONE', ( #3557 ), #182, .T. ) ;
#8570 = EDGE_CURVE ( 'NONE', #6559, #8646, #1720, .T. ) ;
#8571 = SURFACE_STYLE_FILL_AREA ( #3774 ) ;
#8572 = DIRECTION ( 'NONE',  ( -1.000000000000000000, 0.000000000000000000, 1.047444401652940007E-14 ) ) ;
#8573 = DIRECTION ( 'NONE',  ( -8.673617379883937653E-15, 0.000000000000000000, -1.000000000000000000 ) ) ;
#8574 = CARTESIAN_POINT ( 'NONE',  ( 11.99999999999994493, 2.510000000000001119, -5.250000000000123457 ) ) ;
#8575 = DIRECTION ( 'NONE',  ( 0.000000000000000000, 1.000000000000000000, 0.000000000000000000 ) ) ;
#8576 = ORIENTED_EDGE ( 'NONE', *, *, #5991, .T. ) ;
#8577 = ORIENTED_EDGE ( 'NONE', *, *, #6963, .T. ) ;
#8578 = CARTESIAN_POINT ( 'NONE',  ( 9.249999999999960920, -3.000000000000000444, -4.500000000000097700 ) ) ;
#8579 = PLANE ( 'NONE',  #1402 ) ;
#8580 = LINE ( 'NONE', #1242, #6776 ) ;
#8581 = CARTESIAN_POINT ( 'NONE',  ( -1.099999999999997646, 2.260000000000000675, 0.2500000000000117684 ) ) ;
#8582 = AXIS2_PLACEMENT_3D ( 'NONE', #1516, #1569, #4354 ) ;
#8583 = AXIS2_PLACEMENT_3D ( 'NONE', #5425, #1908, #7420 ) ;
#8584 = ORIENTED_EDGE ( 'NONE', *, *, #5949, .T. ) ;
#8585 = ORIENTED_EDGE ( 'NONE', *, *, #5363, .T. ) ;
#8586 = ORIENTED_EDGE ( 'NONE', *, *, #6472, .T. ) ;
#8587 = LINE ( 'NONE', #1873, #7537 ) ;
#8588 = PLANE ( 'NONE',  #403 ) ;
#8589 = DIRECTION ( 'NONE',  ( -1.419551869787370853E-30, 1.000000000000000000, -1.355252715606880296E-16 ) ) ;
#8590 = CARTESIAN_POINT ( 'NONE',  ( 7.935000000000067111, 2.260000000000000675, 6.399999999999916866 ) ) ;
#8591 = LINE ( 'NONE', #7139, #550 ) ;
#8592 = ORIENTED_EDGE ( 'NONE', *, *, #2939, .F. ) ;
#8593 = ORIENTED_EDGE ( 'NONE', *, *, #4881, .T. ) ;
#8594 = ORIENTED_EDGE ( 'NONE', *, *, #5416, .T. ) ;
#8595 = VECTOR ( 'NONE', #7057, 1000.000000000000000 ) ;
#8596 = ORIENTED_EDGE ( 'NONE', *, *, #3260, .T. ) ;
#8597 = EDGE_CURVE ( 'NONE', #1211, #4301, #1759, .T. ) ;
#8598 = CARTESIAN_POINT ( 'NONE',  ( 1.450000000000041700, -1.399999999999999467, 3.999999999999984457 ) ) ;
#8599 = AXIS2_PLACEMENT_3D ( 'NONE', #2599, #18, #6105 ) ;
#8600 = CARTESIAN_POINT ( 'NONE',  ( 11.99999999999995026, -2.050000000000001155, -4.850000000000124878 ) ) ;
#8601 = CARTESIAN_POINT ( 'NONE',  ( 6.729999999999957794, -0.03999999999999967470, -4.850000000000069811 ) ) ;
#8602 = AXIS2_PLACEMENT_3D ( 'NONE', #5546, #3491, #780 ) ;
#8603 = LINE ( 'NONE', #7271, #2945 ) ;
#8604 = EDGE_CURVE ( 'NONE', #6345, #3400, #6351, .T. ) ;
#8605 = CARTESIAN_POINT ( 'NONE',  ( 12.49999999999993250, 2.299999999999998934, -6.400000000000131806 ) ) ;
#8606 = VERTEX_POINT ( 'NONE', #390 ) ;
#8607 = VERTEX_POINT ( 'NONE', #5043 ) ;
#8608 = VECTOR ( 'NONE', #5030, 1000.000000000000000 ) ;
#8609 = VERTEX_POINT ( 'NONE', #4394 ) ;
#8610 = VECTOR ( 'NONE', #1619, 1000.000000000000000 ) ;
#8611 = LINE ( 'NONE', #5227, #5086 ) ;
#8612 = CARTESIAN_POINT ( 'NONE',  ( 1.449999999999937117, -0.2499999999999997780, -6.000000000000015987 ) ) ;
#8613 = CARTESIAN_POINT ( 'NONE',  ( 0.8000000000000718758, 2.510000000000001119, 6.749999999999992895 ) ) ;
#8614 = CIRCLE ( 'NONE', #4365, 0.07999999999999998779 ) ;
#8615 = VECTOR ( 'NONE', #1611, 1000.000000000000000 ) ;
#8616 =( NAMED_UNIT ( * ) PLANE_ANGLE_UNIT ( ) SI_UNIT ( $, .RADIAN. ) );
#8617 = AXIS2_PLACEMENT_3D ( 'NONE', #1592, #1666, #6292 ) ;
#8618 = CARTESIAN_POINT ( 'NONE',  ( -1.200000000000006617, 2.944380240390157777, -0.5749999999999877431 ) ) ;
#8619 = ADVANCED_FACE ( 'NONE', ( #7145 ), #5642, .T. ) ;
#8620 = ORIENTED_EDGE ( 'NONE', *, *, #3158, .T. ) ;
#8621 = AXIS2_PLACEMENT_3D ( 'NONE', #1290, #2628, #1954 ) ;
#8622 = VERTEX_POINT ( 'NONE', #3057 ) ;
#8623 = VECTOR ( 'NONE', #6052, 1000.000000000000000 ) ;
#8624 = CARTESIAN_POINT ( 'NONE',  ( 12.00000000000006217, 1.600000000000000977, 5.899999999999876010 ) ) ;
#8625 = AXIS2_PLACEMENT_3D ( 'NONE', #4017, #6715, #2051 ) ;
#8626 = DIRECTION ( 'NONE',  ( -1.047444401652940007E-14, -0.000000000000000000, -1.000000000000000000 ) ) ;
#8627 = LINE ( 'NONE', #4489, #5661 ) ;
#8628 = CARTESIAN_POINT ( 'NONE',  ( 6.479999999999941807, 2.299999999999998490, -5.450000000000069456 ) ) ;
#8629 = ORIENTED_EDGE ( 'NONE', *, *, #2580, .F. ) ;
#8630 = EDGE_CURVE ( 'NONE', #7158, #2976, #4972, .T. ) ;
#8631 = VECTOR ( 'NONE', #5400, 1000.000000000000000 ) ;
#8632 = ORIENTED_EDGE ( 'NONE', *, *, #4007, .T. ) ;
#8633 = VECTOR ( 'NONE', #1796, 1000.000000000000000 ) ;
#8634 = EDGE_LOOP ( 'NONE', ( #5406, #238, #7950, #6541, #40, #8644 ) ) ;
#8635 = PLANE ( 'NONE',  #314 ) ;
#8636 = LINE ( 'NONE', #7386, #5360 ) ;
#8637 = ADVANCED_FACE ( 'NONE', ( #6473 ), #1056, .T. ) ;
#8638 = FACE_OUTER_BOUND ( 'NONE', #8660, .T. ) ;
#8639 = EDGE_CURVE ( 'NONE', #4852, #5622, #4307, .T. ) ;
#8640 = DIRECTION ( 'NONE',  ( 0.000000000000000000, 1.000000000000000000, 0.000000000000000000 ) ) ;
#8641 = VECTOR ( 'NONE', #1701, 1000.000000000000000 ) ;
#8642 = AXIS2_PLACEMENT_3D ( 'NONE', #2018, #6765, #4156 ) ;
#8643 = DIRECTION ( 'NONE',  ( -1.000000000000000000, 0.000000000000000000, 1.047444401652940007E-14 ) ) ;
#8644 = ORIENTED_EDGE ( 'NONE', *, *, #6902, .T. ) ;
#8645 = VERTEX_POINT ( 'NONE', #5693 ) ;
#8646 = VERTEX_POINT ( 'NONE', #8406 ) ;
#8647 = AXIS2_PLACEMENT_3D ( 'NONE', #3189, #4656, #4037 ) ;
#8649 = ORIENTED_EDGE ( 'NONE', *, *, #6571, .F. ) ;
#8648 = VECTOR ( 'NONE', #7428, 1000.000000000000000 ) ;
#8650 = LINE ( 'NONE', #7970, #8215 ) ;
#8651 = DIRECTION ( 'NONE',  ( 0.5735764363510413855, -0.000000000000000000, -0.8191520442889951292 ) ) ;
#8652 = VECTOR ( 'NONE', #8753, 1000.000000000000000 ) ;
#8653 = DIRECTION ( 'NONE',  ( 1.000000000000000000, 0.000000000000000000, -1.047444401652940007E-14 ) ) ;
#8654 = AXIS2_PLACEMENT_3D ( 'NONE', #1639, #5048, #4472 ) ;
#8655 = AXIS2_PLACEMENT_3D ( 'NONE', #1678, #270, #5130 ) ;
#8656 = DIRECTION ( 'NONE',  ( -1.000000000000000000, 0.000000000000000000, 1.047444401652940007E-14 ) ) ;
#8657 = FACE_OUTER_BOUND ( 'NONE', #7111, .T. ) ;
#8658 = ORIENTED_EDGE ( 'NONE', *, *, #8186, .F. ) ;
#8659 =( BOUNDED_CURVE ( )  B_SPLINE_CURVE ( 3, ( #375, #4331, #915, #2309 ),
 .UNSPECIFIED., .F., .T. ) 
 B_SPLINE_CURVE_WITH_KNOTS ( ( 4, 4 ),
 ( 4.313466206146706838, 4.519528964285115080 ),
 .UNSPECIFIED. ) 
 CURVE ( )  GEOMETRIC_REPRESENTATION_ITEM ( )  RATIONAL_B_SPLINE_CURVE ( ( 1.000000000000000000, 0.9964646407599137001, 0.9964646407599137001, 1.000000000000000000 ) ) 
 REPRESENTATION_ITEM ( '' )  );
#8660 = EDGE_LOOP ( 'NONE', ( #356, #8476, #784, #4779 ) ) ;
#8661 = ORIENTED_EDGE ( 'NONE', *, *, #2889, .F. ) ;
#8662 = DIRECTION ( 'NONE',  ( 1.000000000000000000, -0.000000000000000000, -1.047444401652940007E-14 ) ) ;
#8663 = LINE ( 'NONE', #5860, #3965 ) ;
#8664 = DIRECTION ( 'NONE',  ( -0.000000000000000000, -1.000000000000000000, -0.000000000000000000 ) ) ;
#8665 = CARTESIAN_POINT ( 'NONE',  ( 1.449999999999939115, -0.2499999999999997780, -5.800000000000015810 ) ) ;
#8666 = CARTESIAN_POINT ( 'NONE',  ( 0.8500000000000459410, 1.400000000000000355, 4.399999999999993250 ) ) ;
#8667 = AXIS2_PLACEMENT_3D ( 'NONE', #1206, #4626, #6499 ) ;
#8668 = ORIENTED_EDGE ( 'NONE', *, *, #3854, .T. ) ;
#8669 = ORIENTED_EDGE ( 'NONE', *, *, #433, .F. ) ;
#8670 = DIRECTION ( 'NONE',  ( 1.047444401652940007E-14, 0.000000000000000000, 1.000000000000000000 ) ) ;
#8671 = CARTESIAN_POINT ( 'NONE',  ( 12.12000000000004718, 2.380000000000000782, 4.499999999999872990 ) ) ;
#8672 = ADVANCED_FACE ( 'NONE', ( #3637 ), #7847, .F. ) ;
#8673 = DIRECTION ( 'NONE',  ( 1.000000000000000000, 0.000000000000000000, -1.047444401652940007E-14 ) ) ;
#8674 = PLANE ( 'NONE',  #4216 ) ;
#8675 =( GEOMETRIC_REPRESENTATION_CONTEXT ( 3 ) GLOBAL_UNCERTAINTY_ASSIGNED_CONTEXT ( ( #2143 ) ) GLOBAL_UNIT_ASSIGNED_CONTEXT ( ( #4334, #7045, #7174 ) ) REPRESENTATION_CONTEXT ( 'NONE', 'WORKASPACE' ) );
#8676 = EDGE_CURVE ( 'NONE', #4264, #3062, #855, .T. ) ;
#8677 = VERTEX_POINT ( 'NONE', #8526 ) ;
#8678 = VERTEX_POINT ( 'NONE', #974 ) ;
#8679 = FACE_OUTER_BOUND ( 'NONE', #219, .T. ) ;
#8680 = EDGE_LOOP ( 'NONE', ( #3383, #7334, #1061, #3238 ) ) ;
#8681 = ORIENTED_EDGE ( 'NONE', *, *, #4453, .T. ) ;
#8682 = LINE ( 'NONE', #5918, #2306 ) ;
#8683 = CARTESIAN_POINT ( 'NONE',  ( 0.6000000000000398348, 1.400000000000000355, 3.899999999999996358 ) ) ;
#8684 = ADVANCED_FACE ( 'NONE', ( #2434 ), #4469, .F. ) ;
#8685 = DIRECTION ( 'NONE',  ( 1.000000000000000000, 0.000000000000000000, -1.047444401652940007E-14 ) ) ;
#8686 = CARTESIAN_POINT ( 'NONE',  ( 9.299999999999947420, -0.2499999999999989175, -5.800000000000098410 ) ) ;
#8687 = EDGE_CURVE ( 'NONE', #5804, #6459, #3830, .T. ) ;
#8688 = CARTESIAN_POINT ( 'NONE',  ( 2.505000000000058069, 1.370000000000000773, 5.999999999999974243 ) ) ;
#8689 = EDGE_CURVE ( 'NONE', #216, #4311, #6516, .T. ) ;
#8690 = LINE ( 'NONE', #3800, #5943 ) ;
#8691 = ORIENTED_EDGE ( 'NONE', *, *, #161, .T. ) ;
#8692 = ORIENTED_EDGE ( 'NONE', *, *, #1907, .T. ) ;
#8693 = ORIENTED_EDGE ( 'NONE', *, *, #5708, .T. ) ;
#8694 = CARTESIAN_POINT ( 'NONE',  ( 12.00000000000006750, -0.2499999999999985012, 6.399999999999874234 ) ) ;
#8695 = CARTESIAN_POINT ( 'NONE',  ( 5.130000000000059401, 0.05999999999999996309, 5.799999999999946532 ) ) ;
#8696 = LINE ( 'NONE', #3143, #6397 ) ;
#8697 = ADVANCED_FACE ( 'NONE', ( #3686 ), #8358, .T. ) ;
#8698 = CARTESIAN_POINT ( 'NONE',  ( -0.5000000000000281997, 2.260000000000000675, 1.972916622668079656 ) ) ;
#8699 = DIRECTION ( 'NONE',  ( -1.047444401652940007E-14, 0.000000000000000000, -1.000000000000000000 ) ) ;
#8700 = ORIENTED_EDGE ( 'NONE', *, *, #5790, .T. ) ;
#8701 = ADVANCED_FACE ( 'NONE', ( #318 ), #5730, .T. ) ;
#8702 = EDGE_CURVE ( 'NONE', #3583, #386, #5946, .T. ) ;
#8703 = VERTEX_POINT ( 'NONE', #6021 ) ;
#8704 = VERTEX_POINT ( 'NONE', #1982 ) ;
#8705 = ADVANCED_FACE ( 'NONE', ( #5263 ), #8736, .T. ) ;
#8706 =( NAMED_UNIT ( * ) PLANE_ANGLE_UNIT ( ) SI_UNIT ( $, .RADIAN. ) );
#8707 = DIRECTION ( 'NONE',  ( 1.047444401652940007E-14, 0.000000000000000000, 1.000000000000000000 ) ) ;
#8708 = LINE ( 'NONE', #5313, #5626 ) ;
#8709 = LINE ( 'NONE', #3281, #1263 ) ;
#8710 = DIRECTION ( 'NONE',  ( -1.419551869787370853E-30, 1.000000000000000000, -1.355252715606880296E-16 ) ) ;
#8711 = ORIENTED_EDGE ( 'NONE', *, *, #1339, .F. ) ;
#8712 = LINE ( 'NONE', #8032, #8382 ) ;
#8713 = LINE ( 'NONE', #2624, #8074 ) ;
#8714 = CARTESIAN_POINT ( 'NONE',  ( 2.700000000000070788, 2.510000000000001119, 6.749999999999973355 ) ) ;
#8715 = FACE_OUTER_BOUND ( 'NONE', #2692, .T. ) ;
#8716 = FACE_OUTER_BOUND ( 'NONE', #7967, .T. ) ;
#8717 = CARTESIAN_POINT ( 'NONE',  ( -2.600000000000000089, 0.000000000000000000, 2.723355444297644017E-14 ) ) ;
#8718 = EDGE_LOOP ( 'NONE', ( #1447, #250, #4288, #3226 ) ) ;
#8719 = EDGE_CURVE ( 'NONE', #4895, #5353, #5851, .T. ) ;
#8720 = CARTESIAN_POINT ( 'NONE',  ( 11.99999999999993960, 1.599999999999996758, -5.800000000000126832 ) ) ;
#8721 = ORIENTED_EDGE ( 'NONE', *, *, #2121, .F. ) ;
#8722 = ORIENTED_EDGE ( 'NONE', *, *, #4832, .T. ) ;
#8723 = CARTESIAN_POINT ( 'NONE',  ( 12.50000000000005151, -2.049999999999999822, 4.799999999999868372 ) ) ;
#8724 = CARTESIAN_POINT ( 'NONE',  ( -0.5000000000000266454, 2.259999999999999343, -1.926136028425817992 ) ) ;
#8725 = CARTESIAN_POINT ( 'NONE',  ( 9.400000000000058975, -1.560703055139993412, 5.799999999999901235 ) ) ;
#8726 = LINE ( 'NONE', #4106, #8046 ) ;
#8727 = DIRECTION ( 'NONE',  ( 1.000000000000000000, 0.000000000000000000, -1.084202172485501594E-14 ) ) ;
#8728 = FACE_OUTER_BOUND ( 'NONE', #7124, .T. ) ;
#8729 = ORIENTED_EDGE ( 'NONE', *, *, #3349, .F. ) ;
#8730 = EDGE_LOOP ( 'NONE', ( #3106, #7760, #4077, #5342 ) ) ;
#8731 = ADVANCED_FACE ( 'NONE', ( #6726 ), #4028, .T. ) ;
#8732 = VERTEX_POINT ( 'NONE', #4594 ) ;
#8733 = EDGE_CURVE ( 'NONE', #5329, #5572, #4515, .T. ) ;
#8734 = CARTESIAN_POINT ( 'NONE',  ( 7.489999999999953140, 0.8749999999999968914, -5.100000000000076916 ) ) ;
#8735 = DIRECTION ( 'NONE',  ( 1.000000000000000000, -0.000000000000000000, -1.047444401652940007E-14 ) ) ;
#8736 = PLANE ( 'NONE',  #2130 ) ;
#8737 = LINE ( 'NONE', #8205, #5212 ) ;
#8738 = DIRECTION ( 'NONE',  ( 1.000000000000000000, 0.000000000000000000, -1.156482317317871607E-14 ) ) ;
#8739 = CARTESIAN_POINT ( 'NONE',  ( 9.400000000000060751, -1.560703055139993412, 5.999999999999901412 ) ) ;
#8740 = ORIENTED_EDGE ( 'NONE', *, *, #2030, .T. ) ;
#8741 = VERTEX_POINT ( 'NONE', #2609 ) ;
#8742 = EDGE_CURVE ( 'NONE', #7834, #6122, #3310, .T. ) ;
#8743 = ORIENTED_EDGE ( 'NONE', *, *, #1947, .F. ) ;
#8744 = VECTOR ( 'NONE', #1723, 1000.000000000000000 ) ;
#8745 = EDGE_CURVE ( 'NONE', #2351, #945, #7304, .T. ) ;
#8746 = DIRECTION ( 'NONE',  ( -1.000000000000000000, 0.000000000000000000, 1.047444401652940007E-14 ) ) ;
#8747 = CARTESIAN_POINT ( 'NONE',  ( -0.04783194017530461445, 2.844621907585437981, -0.9750583541058001069 ) ) ;
#8748 = LINE ( 'NONE', #8613, #7040 ) ;
#8749 = PRESENTATION_STYLE_ASSIGNMENT (( #8026 ) ) ;
#8750 = DIRECTION ( 'NONE',  ( 0.000000000000000000, 1.000000000000000000, 0.000000000000000000 ) ) ;
#8751 = AXIS2_PLACEMENT_3D ( 'NONE', #8383, #2205, #2304 ) ;
#8752 = VERTEX_POINT ( 'NONE', #2568 ) ;
#8753 = DIRECTION ( 'NONE',  ( 0.000000000000000000, 1.000000000000000000, 0.000000000000000000 ) ) ;
#8754 = CARTESIAN_POINT ( 'NONE',  ( 5.130000000000059401, 1.060000000000000053, 5.799999999999946532 ) ) ;
#8755 = FACE_OUTER_BOUND ( 'NONE', #2244, .T. ) ;
#8756 = AXIS2_PLACEMENT_3D ( 'NONE', #508, #1451, #7437 ) ;
#8757 = FACE_OUTER_BOUND ( 'NONE', #8375, .T. ) ;
#8758 = LINE ( 'NONE', #8130, #2370 ) ;
#8759 = VECTOR ( 'NONE', #308, 1000.000000000000000 ) ;
#8760 = DIRECTION ( 'NONE',  ( 1.044061445898742194E-14, 1.489104092422741656E-16, 1.000000000000000000 ) ) ;
#8761 = ORIENTED_EDGE ( 'NONE', *, *, #4529, .F. ) ;
#8762 = VECTOR ( 'NONE', #7281, 1000.000000000000000 ) ;
#8763 = VERTEX_POINT ( 'NONE', #4642 ) ;
#8764 = PLANE ( 'NONE',  #3625 ) ;
#8765 = VERTEX_POINT ( 'NONE', #4689 ) ;
#8766 = CIRCLE ( 'NONE', #3799, 3.000000000000000444 ) ;
#8767 = VECTOR ( 'NONE', #5112, 1000.000000000000000 ) ;
#8768 = VERTEX_POINT ( 'NONE', #2648 ) ;
#8769 = DIRECTION ( 'NONE',  ( 1.000000000000000000, 0.000000000000000000, -1.047444401652940007E-14 ) ) ;
#8770 = DIRECTION ( 'NONE',  ( 1.047444401652940007E-14, 0.000000000000000000, 1.000000000000000000 ) ) ;
#8771 = ADVANCED_FACE ( 'NONE', ( #2470 ), #3220, .T. ) ;
#8772 = LINE ( 'NONE', #2732, #116 ) ;
#8773 = DIRECTION ( 'NONE',  ( 1.069128445102650095E-14, 0.000000000000000000, 1.000000000000000000 ) ) ;
#8774 = CARTESIAN_POINT ( 'NONE',  ( 10.09999999999996412, -1.399999999999999467, -4.000000000000106581 ) ) ;
#8775 = DIRECTION ( 'NONE',  ( 1.047444401652940007E-14, 0.000000000000000000, 1.000000000000000000 ) ) ;
#8776 = ORIENTED_EDGE ( 'NONE', *, *, #4277, .F. ) ;
#8777 = VERTEX_POINT ( 'NONE', #3933 ) ;
#8778 = ORIENTED_EDGE ( 'NONE', *, *, #4128, .T. ) ;
#8779 = VECTOR ( 'NONE', #8144, 1000.000000000000000 ) ;
#8780 = CARTESIAN_POINT ( 'NONE',  ( 6.380000000000059401, 0.06000000000000066391, 5.799999999999934097 ) ) ;
#8781 = AXIS2_PLACEMENT_3D ( 'NONE', #5934, #3177, #7931 ) ;
#8782 = LINE ( 'NONE', #4772, #4080 ) ;
#8783 = DIRECTION ( 'NONE',  ( 1.047444401652940007E-14, 0.000000000000000000, 1.000000000000000000 ) ) ;
#8784 = DIRECTION ( 'NONE',  ( -1.000000000000000000, 0.000000000000000000, 1.047444401652940007E-14 ) ) ;
#8785 = EDGE_CURVE ( 'NONE', #2454, #5172, #6641, .T. ) ;
#8786 = DIRECTION ( 'NONE',  ( -1.000000000000000000, 0.000000000000000000, 8.673617379884051249E-15 ) ) ;
#8787 = ORIENTED_EDGE ( 'NONE', *, *, #7894, .F. ) ;
#8788 = AXIS2_PLACEMENT_3D ( 'NONE', #2408, #1065, #5060 ) ;
#8789 = CIRCLE ( 'NONE', #5676, 0.5000000000000004441 ) ;
#8790 = AXIS2_PLACEMENT_3D ( 'NONE', #1465, #3558, #2897 ) ;
#8791 = ORIENTED_EDGE ( 'NONE', *, *, #8033, .F. ) ;
#8792 = VERTEX_POINT ( 'NONE', #8012 ) ;
#8793 = EDGE_CURVE ( 'NONE', #2736, #4538, #3890, .T. ) ;
#8794 = AXIS2_PLACEMENT_3D ( 'NONE', #7284, #3908, #6613 ) ;
#8795 = AXIS2_PLACEMENT_3D ( 'NONE', #5593, #3355, #31 ) ;
#8796 = AXIS2_PLACEMENT_3D ( 'NONE', #928, #2318, #6400 ) ;
#8797 = AXIS2_PLACEMENT_3D ( 'NONE', #7502, #6834, #652 ) ;
#8798 = FILL_AREA_STYLE ('',( #1936 ) ) ;
#8799 = DIRECTION ( 'NONE',  ( 1.047444401652940007E-14, 0.000000000000000000, 1.000000000000000000 ) ) ;
#8800 = PLANE ( 'NONE',  #8169 ) ;
#8801 = EDGE_CURVE ( 'NONE', #7661, #4251, #7399, .T. ) ;
#8802 = CARTESIAN_POINT ( 'NONE',  ( 2.424999999999931877, 1.650000000000000799, -6.000000000000024869 ) ) ;
#8803 = LINE ( 'NONE', #41, #2255 ) ;
ENDSEC;
END-ISO-10303-21;
