ISO-10303-21;
HEADER;
FILE_DESCRIPTION (( 'STEP AP214' ),
    '1' );
FILE_NAME ('VSMY2940G.STEP',
    '2020-02-13T13:51:08',
    ( '' ),
    ( '' ),
    'SwSTEP 2.0',
    'SolidWorks 2017',
    '' );
FILE_SCHEMA (( 'AUTOMOTIVE_DESIGN' ));
ENDSEC;

DATA;
#1 = ORIENTED_EDGE ( 'NONE', *, *, #946, .F. ) ;
#2 = CARTESIAN_POINT ( 'NONE',  ( -1.347749651583897600, 0.7249999999999996400, 0.2500000000000000000 ) ) ;
#3 = DIRECTION ( 'NONE',  ( -0.0000000000000000000, -1.000000000000000000, -0.0000000000000000000 ) ) ;
#4 = ORIENTED_EDGE ( 'NONE', *, *, #1264, .F. ) ;
#5 = EDGE_CURVE ( 'NONE', #615, #254, #1066, .T. ) ;
#6 = CIRCLE ( 'NONE', #1410, 0.1250000000000005600 ) ;
#7 = FACE_OUTER_BOUND ( 'NONE', #1462, .T. ) ;
#8 = EDGE_LOOP ( 'NONE', ( #748, #1159, #192, #1387 ) ) ;
#9 = LINE ( 'NONE', #1451, #320 ) ;
#10 = DIRECTION ( 'NONE',  ( -0.0000000000000000000, -0.0000000000000000000, -1.000000000000000000 ) ) ;
#11 = VECTOR ( 'NONE', #1446, 1000.000000000000100 ) ;
#12 = PLANE ( 'NONE',  #1015 ) ;
#13 = VECTOR ( 'NONE', #855, 1000.000000000000000 ) ;
#14 = PLANE ( 'NONE',  #738 ) ;
#15 = ORIENTED_EDGE ( 'NONE', *, *, #885, .T. ) ;
#16 = ORIENTED_EDGE ( 'NONE', *, *, #242, .F. ) ;
#17 = AXIS2_PLACEMENT_3D ( 'NONE', #689, #1193, #1566 ) ;
#18 = ORIENTED_EDGE ( 'NONE', *, *, #1123, .F. ) ;
#19 = EDGE_CURVE ( 'NONE', #928, #918, #223, .T. ) ;
#20 = CONICAL_SURFACE ( 'NONE', #1380, 0.6193840778977055500, 0.3054326190990047100 ) ;
#21 = VECTOR ( 'NONE', #454, 1000.000000000000000 ) ;
#22 = EDGE_CURVE ( 'NONE', #678, #1539, #1130, .T. ) ;
#23 = CARTESIAN_POINT ( 'NONE',  ( 1.801251165272602900, 0.3460474628759468400, 0.2000000000000000100 ) ) ;
#24 = ORIENTED_EDGE ( 'NONE', *, *, #886, .F. ) ;
#25 = CARTESIAN_POINT ( 'NONE',  ( -1.662557762094913000, 0.7359933414612884800, 0.2500000000000000000 ) ) ;
#26 = VERTEX_POINT ( 'NONE', #1196 ) ;
#27 = AXIS2_PLACEMENT_3D ( 'NONE', #1222, #1339, #334 ) ;
#28 = CIRCLE ( 'NONE', #58, 0.8000000000000000400 ) ;
#29 = ADVANCED_FACE ( 'NONE', ( #122 ), #669, .T. ) ;
#30 = DIRECTION ( 'NONE',  ( -1.000000000000000000, 0.0000000000000000000, 0.0000000000000000000 ) ) ;
#31 = ADVANCED_FACE ( 'NONE', ( #252 ), #389, .F. ) ;
#32 = CARTESIAN_POINT ( 'NONE',  ( 0.2000000000000003400, 1.649999999999999900, 1.149999999999999900 ) ) ;
#33 = ORIENTED_EDGE ( 'NONE', *, *, #78, .F. ) ;
#34 = DIRECTION ( 'NONE',  ( -1.000000000000000000, 0.0000000000000000000, 0.0000000000000000000 ) ) ;
#35 = VECTOR ( 'NONE', #36, 1000.000000000000000 ) ;
#36 = DIRECTION ( 'NONE',  ( -0.0000000000000000000, -0.0000000000000000000, -1.000000000000000000 ) ) ;
#37 = CARTESIAN_POINT ( 'NONE',  ( -1.788185107364146200, 0.2217322259549128800, 0.2500000000000000000 ) ) ;
#38 = PRESENTATION_LAYER_ASSIGNMENT (  '', '', ( #1464 ) ) ;
#39 = ORIENTED_EDGE ( 'NONE', *, *, #898, .T. ) ;
#40 = EDGE_CURVE ( 'NONE', #162, #651, #995, .T. ) ;
#41 = PLANE ( 'NONE',  #1565 ) ;
#42 = CARTESIAN_POINT ( 'NONE',  ( 2.057411571532471700, -0.2162426698526781500, 0.2000000000000000100 ) ) ;
#43 = ORIENTED_EDGE ( 'NONE', *, *, #885, .F. ) ;
#44 = ADVANCED_FACE ( 'NONE', ( #793 ), #1309, .T. ) ;
#45 = LINE ( 'NONE', #297, #872 ) ;
#46 = VECTOR ( 'NONE', #1321, 1000.000000000000000 ) ;
#47 = VECTOR ( 'NONE', #972, 1000.000000000000000 ) ;
#48 = DIRECTION ( 'NONE',  ( 0.0000000000000000000, 0.0000000000000000000, -1.000000000000000000 ) ) ;
#49 = ORIENTED_EDGE ( 'NONE', *, *, #197, .F. ) ;
#50 = ORIENTED_EDGE ( 'NONE', *, *, #197, .T. ) ;
#51 = CARTESIAN_POINT ( 'NONE',  ( -1.496318701486733800, 0.05225260046081427900, -0.2500000000000000000 ) ) ;
#52 = DIRECTION ( 'NONE',  ( -0.1045284632676571300, -0.9945218953682730700, -0.0000000000000000000 ) ) ;
#53 = EDGE_CURVE ( 'NONE', #629, #678, #1251, .T. ) ;
#54 = ADVANCED_FACE ( 'NONE', ( #845 ), #1561, .T. ) ;
#55 = CARTESIAN_POINT ( 'NONE',  ( -1.472673504961285400, 0.7293624370878126800, -0.2500000000000000000 ) ) ;
#56 = CARTESIAN_POINT ( 'NONE',  ( -0.1999999999999997300, 1.649999999999973500, 1.149999999999999900 ) ) ;
#57 = CARTESIAN_POINT ( 'NONE',  ( -0.1999999999999970100, 1.649999999999999700, 1.149999999999999900 ) ) ;
#58 = AXIS2_PLACEMENT_3D ( 'NONE', #422, #970, #799 ) ;
#59 = ORIENTED_EDGE ( 'NONE', *, *, #1079, .T. ) ;
#60 = CARTESIAN_POINT ( 'NONE',  ( 1.150000000000000100, 0.8499999999999999800, 1.150000000000000100 ) ) ;
#61 = EDGE_LOOP ( 'NONE', ( #240, #1641, #658, #637 ) ) ;
#62 = CARTESIAN_POINT ( 'NONE',  ( 0.02272802044667398100, 0.2162426698526764600, 0.2000000000000000100 ) ) ;
#63 = DIRECTION ( 'NONE',  ( -0.1035221542882125700, -0.9849475049842806300, -0.1384253444885289700 ) ) ;
#64 = ORIENTED_EDGE ( 'NONE', *, *, #361, .F. ) ;
#65 = CYLINDRICAL_SURFACE ( 'NONE', #630, 0.1250000000000005600 ) ;
#66 = CARTESIAN_POINT ( 'NONE',  ( -1.801251165272602900, 0.3460474628759468400, 0.2500000000000000000 ) ) ;
#67 = ORIENTED_EDGE ( 'NONE', *, *, #1478, .T. ) ;
#68 =( LENGTH_UNIT ( ) NAMED_UNIT ( * ) SI_UNIT ( .MILLI., .METRE. ) );
#69 = SURFACE_SIDE_STYLE ('',( #1107 ) ) ;
#70 = SURFACE_STYLE_FILL_AREA ( #445 ) ;
#71 = DIRECTION ( 'NONE',  ( -0.9902680687415702500, 0.1391731009600657400, 0.0000000000000000000 ) ) ;
#72 = ADVANCED_FACE ( 'NONE', ( #1453 ), #552, .T. ) ;
#73 = ORIENTED_EDGE ( 'NONE', *, *, #1305, .T. ) ;
#74 = CARTESIAN_POINT ( 'NONE',  ( 0.0000000000000000000, 1.039999999999999600, 0.2000000000000000100 ) ) ;
#75 = DIRECTION ( 'NONE',  ( -0.0000000000000000000, 0.0000000000000000000, 1.000000000000000000 ) ) ;
#76 = AXIS2_PLACEMENT_3D ( 'NONE', #90, #1631, #1650 ) ;
#77 = DIRECTION ( 'NONE',  ( 0.9945218953682730700, 0.1045284632676571500, -0.0000000000000000000 ) ) ;
#78 = EDGE_CURVE ( 'NONE', #1469, #107, #721, .T. ) ;
#79 = CARTESIAN_POINT ( 'NONE',  ( 4.016818096763038900E-018, 2.039999999999999600, -0.03279980888824193100 ) ) ;
#80 = EDGE_CURVE ( 'NONE', #298, #450, #1205, .T. ) ;
#81 = CARTESIAN_POINT ( 'NONE',  ( -1.123297241406546100, 1.039999999999999600, 0.2500000000000000000 ) ) ;
#82 = ORIENTED_EDGE ( 'NONE', *, *, #1510, .F. ) ;
#83 = FILL_AREA_STYLE_COLOUR ( '', #930 ) ;
#84 = LINE ( 'NONE', #1115, #548 ) ;
#85 = ORIENTED_EDGE ( 'NONE', *, *, #1266, .F. ) ;
#86 = DIRECTION ( 'NONE',  ( 1.000000000000000000, 0.0000000000000000000, 0.0000000000000000000 ) ) ;
#87 =( LENGTH_UNIT ( ) NAMED_UNIT ( * ) SI_UNIT ( .MILLI., .METRE. ) );
#88 = ORIENTED_EDGE ( 'NONE', *, *, #1266, .T. ) ;
#89 = EDGE_CURVE ( 'NONE', #162, #633, #1483, .T. ) ;
#90 = CARTESIAN_POINT ( 'NONE',  ( -1.801251165272602900, 0.3460474628759468400, -0.2500000000000000000 ) ) ;
#91 = ORIENTED_EDGE ( 'NONE', *, *, #80, .F. ) ;
#92 = SURFACE_STYLE_FILL_AREA ( #597 ) ;
#93 = DIRECTION ( 'NONE',  ( 0.0000000000000000000, 0.0000000000000000000, -1.000000000000000000 ) ) ;
#94 = FACE_OUTER_BOUND ( 'NONE', #881, .T. ) ;
#95 = ORIENTED_EDGE ( 'NONE', *, *, #626, .T. ) ;
#96 = CARTESIAN_POINT ( 'NONE',  ( 1.496318701486733800, 0.05225260046081427900, 0.2000000000000000100 ) ) ;
#97 = ORIENTED_EDGE ( 'NONE', *, *, #1558, .T. ) ;
#98 = DIRECTION ( 'NONE',  ( 1.000000000000000000, 0.0000000000000000000, 0.0000000000000000000 ) ) ;
#99 = CARTESIAN_POINT ( 'NONE',  ( 0.0000000000000000000, 2.039999999999999600, 0.0000000000000000000 ) ) ;
#100 = SURFACE_SIDE_STYLE ('',( #92 ) ) ;
#101 = ORIENTED_EDGE ( 'NONE', *, *, #714, .T. ) ;
#102 = ORIENTED_EDGE ( 'NONE', *, *, #1245, .T. ) ;
#103 = VERTEX_POINT ( 'NONE', #1080 ) ;
#104 = LINE ( 'NONE', #1125, #178 ) ;
#105 = DIRECTION ( 'NONE',  ( -1.000000000000000000, 0.0000000000000000000, 0.0000000000000000000 ) ) ;
#106 = FACE_OUTER_BOUND ( 'NONE', #540, .T. ) ;
#107 = VERTEX_POINT ( 'NONE', #1442 ) ;
#108 = CARTESIAN_POINT ( 'NONE',  ( 1.123297241406545900, 1.039999999999999600, 0.2000000000000000100 ) ) ;
#109 = ORIENTED_EDGE ( 'NONE', *, *, #1600, .T. ) ;
#110 = AXIS2_PLACEMENT_3D ( 'NONE', #1295, #937, #174 ) ;
#111 = COLOUR_RGB ( '',1.000000000000000000, 1.000000000000000000, 1.000000000000000000 ) ;
#112 = EDGE_CURVE ( 'NONE', #1128, #1347, #1520, .T. ) ;
#113 = ORIENTED_EDGE ( 'NONE', *, *, #1167, .T. ) ;
#114 = FACE_OUTER_BOUND ( 'NONE', #367, .T. ) ;
#115 = EDGE_CURVE ( 'NONE', #103, #1287, #1396, .T. ) ;
#116 = CIRCLE ( 'NONE', #253, 0.9000000000000000200 ) ;
#117 = SURFACE_STYLE_USAGE ( .BOTH. , #100 ) ;
#118 = VERTEX_POINT ( 'NONE', #220 ) ;
#119 = CARTESIAN_POINT ( 'NONE',  ( -1.100000000000000300, 0.8499999999999999800, -1.099999999999999600 ) ) ;
#120 = VECTOR ( 'NONE', #381, 1000.000000000000000 ) ;
#121 = PLANE ( 'NONE',  #1351 ) ;
#122 = FACE_OUTER_BOUND ( 'NONE', #1353, .T. ) ;
#123 = ORIENTED_EDGE ( 'NONE', *, *, #1555, .F. ) ;
#124 = PLANE ( 'NONE',  #1484 ) ;
#125 = FACE_OUTER_BOUND ( 'NONE', #199, .T. ) ;
#126 = EDGE_CURVE ( 'NONE', #755, #795, #1533, .T. ) ;
#127 = ORIENTED_EDGE ( 'NONE', *, *, #131, .T. ) ;
#128 = DIRECTION ( 'NONE',  ( 0.0000000000000000000, -1.000000000000000000, 0.0000000000000000000 ) ) ;
#129 = DIRECTION ( 'NONE',  ( 1.224646799147353200E-016, 0.0000000000000000000, -1.000000000000000000 ) ) ;
#130 = CARTESIAN_POINT ( 'NONE',  ( 0.0000000000000000000, 0.04999999999999991300, 0.0000000000000000000 ) ) ;
#131 = EDGE_CURVE ( 'NONE', #1536, #678, #457, .T. ) ;
#132 = ORIENTED_EDGE ( 'NONE', *, *, #701, .F. ) ;
#133 = EDGE_LOOP ( 'NONE', ( #935, #752, #1651, #161, #333, #671, #1378, #15, #1485, #73, #101, #245 ) ) ;
#134 = LINE ( 'NONE', #1602, #717 ) ;
#135 = VECTOR ( 'NONE', #843, 1000.000000000000000 ) ;
#136 = DIRECTION ( 'NONE',  ( -0.0000000000000000000, -0.0000000000000000000, -1.000000000000000000 ) ) ;
#137 = AXIS2_PLACEMENT_3D ( 'NONE', #544, #805, #955 ) ;
#138 = CARTESIAN_POINT ( 'NONE',  ( 1.150000000000000100, 0.8499999999999999800, 1.150000000000000100 ) ) ;
#139 = ORIENTED_EDGE ( 'NONE', *, *, #496, .F. ) ;
#140 = LINE ( 'NONE', #1494, #1656 ) ;
#141 = ORIENTED_EDGE ( 'NONE', *, *, #115, .F. ) ;
#142 = VECTOR ( 'NONE', #330, 1000.000000000000000 ) ;
#143 = CARTESIAN_POINT ( 'NONE',  ( 1.788185107364146200, 0.2217322259549128800, 0.2000000000000000100 ) ) ;
#144 = LINE ( 'NONE', #824, #1003 ) ;
#145 = DIRECTION ( 'NONE',  ( 1.000000000000000000, 0.0000000000000000000, 0.0000000000000000000 ) ) ;
#146 = DIRECTION ( 'NONE',  ( -0.0000000000000000000, -0.0000000000000000000, -1.000000000000000000 ) ) ;
#147 = ORIENTED_EDGE ( 'NONE', *, *, #360, .T. ) ;
#148 = ORIENTED_EDGE ( 'NONE', *, *, #40, .F. ) ;
#149 = DIRECTION ( 'NONE',  ( 1.000000000000000000, 0.0000000000000000000, 0.0000000000000000000 ) ) ;
#150 = UNCERTAINTY_MEASURE_WITH_UNIT (LENGTH_MEASURE( 1.000000000000000100E-005 ), #335, 'distance_accuracy_value', 'NONE');
#151 = AXIS2_PLACEMENT_3D ( 'NONE', #1569, #1176, #1052 ) ;
#152 = ORIENTED_EDGE ( 'NONE', *, *, #328, .F. ) ;
#153 = DIRECTION ( 'NONE',  ( 0.0000000000000000000, 0.9902680687415702500, 0.1391731009600657400 ) ) ;
#154 = EDGE_CURVE ( 'NONE', #614, #1336, #1110, .T. ) ;
#155 = COLOUR_RGB ( '',0.7921568627450980000, 0.8196078431372548800, 0.9333333333333333500 ) ;
#156 = FACE_OUTER_BOUND ( 'NONE', #173, .T. ) ;
#157 = CARTESIAN_POINT ( 'NONE',  ( -1.686202958620361500, 0.05888350483429005000, 0.2500000000000000000 ) ) ;
#158 = LINE ( 'NONE', #1201, #221 ) ;
#159 = DIRECTION ( 'NONE',  ( 0.1045284632676554600, 0.9945218953682731800, 0.0000000000000000000 ) ) ;
#160 = ADVANCED_FACE ( 'NONE', ( #181 ), #196, .T. ) ;
#161 = ORIENTED_EDGE ( 'NONE', *, *, #898, .F. ) ;
#162 = VERTEX_POINT ( 'NONE', #631 ) ;
#163 = DIRECTION ( 'NONE',  ( 0.0000000000000000000, 0.0000000000000000000, 1.000000000000000000 ) ) ;
#164 = CARTESIAN_POINT ( 'NONE',  ( 1.347749651583897600, 0.8499999999999999800, 0.2000000000000000100 ) ) ;
#165 = VERTEX_POINT ( 'NONE', #1271 ) ;
#166 = PLANE ( 'NONE',  #698 ) ;
#167 = LINE ( 'NONE', #399, #561 ) ;
#168 = PLANE ( 'NONE',  #1513 ) ;
#169 = EDGE_CURVE ( 'NONE', #1226, #282, #1234, .T. ) ;
#170 = DIRECTION ( 'NONE',  ( -0.0000000000000000000, 0.0000000000000000000, 1.000000000000000000 ) ) ;
#171 = CARTESIAN_POINT ( 'NONE',  ( 1.347749651583897600, 0.7249999999999996400, 0.2000000000000000100 ) ) ;
#172 = CARTESIAN_POINT ( 'NONE',  ( -1.150000000000000100, 0.8499999999999999800, -1.150000000000000100 ) ) ;
#173 = EDGE_LOOP ( 'NONE', ( #1208, #726, #4, #1557 ) ) ;
#174 = DIRECTION ( 'NONE',  ( 0.0000000000000000000, 0.9902680687415702500, 0.1391731009600657400 ) ) ;
#175 = DIRECTION ( 'NONE',  ( 1.000000000000000000, 0.0000000000000000000, -0.0000000000000000000 ) ) ;
#176 = ADVANCED_FACE ( 'NONE', ( #7 ), #722, .T. ) ;
#177 = VERTEX_POINT ( 'NONE', #1248 ) ;
#178 = VECTOR ( 'NONE', #346, 1000.000000000000000 ) ;
#179 = CARTESIAN_POINT ( 'NONE',  ( -1.486443054761588100, 0.3350541214146580100, 0.2500000000000000000 ) ) ;
#180 = CARTESIAN_POINT ( 'NONE',  ( -1.150000000000000100, 0.8499999999999999800, 1.150000000000000100 ) ) ;
#181 = FACE_OUTER_BOUND ( 'NONE', #691, .T. ) ;
#182 = CARTESIAN_POINT ( 'NONE',  ( -0.2000000000000003400, 1.649999999999999900, -1.149999999999999900 ) ) ;
#183 = ORIENTED_EDGE ( 'NONE', *, *, #626, .F. ) ;
#184 = CARTESIAN_POINT ( 'NONE',  ( -1.347749651583897600, 0.8499999999999999800, -0.2500000000000000000 ) ) ;
#185 = CIRCLE ( 'NONE', #310, 0.1250000000000005600 ) ;
#186 = ORIENTED_EDGE ( 'NONE', *, *, #635, .F. ) ;
#187 = DIRECTION ( 'NONE',  ( 0.0000000000000000000, 0.1391731009600657400, 0.9902680687415702500 ) ) ;
#188 = FACE_OUTER_BOUND ( 'NONE', #1021, .T. ) ;
#189 = CARTESIAN_POINT ( 'NONE',  ( -1.099999999999999900, 0.8499999999999999800, 1.100000000000000100 ) ) ;
#190 = VECTOR ( 'NONE', #989, 1000.000000000000000 ) ;
#191 = DIRECTION ( 'NONE',  ( -0.4999999999999998900, 0.7071067811865475700, 0.5000000000000000000 ) ) ;
#192 = ORIENTED_EDGE ( 'NONE', *, *, #591, .T. ) ;
#193 = CARTESIAN_POINT ( 'NONE',  ( 1.662557762094913000, 0.7359933414612884800, -0.2000000000000000100 ) ) ;
#194 = AXIS2_PLACEMENT_3D ( 'NONE', #692, #1068, #1343 ) ;
#195 = EDGE_CURVE ( 'NONE', #567, #520, #870, .T. ) ;
#196 = PLANE ( 'NONE',  #1164 ) ;
#197 = EDGE_CURVE ( 'NONE', #1043, #1393, #1322, .T. ) ;
#198 = CARTESIAN_POINT ( 'NONE',  ( -1.347749651583897600, 1.039999999999999600, 0.2500000000000000000 ) ) ;
#199 = EDGE_LOOP ( 'NONE', ( #985, #910, #319, #1168 ) ) ;
#200 = DIRECTION ( 'NONE',  ( 0.0000000000000000000, -1.000000000000000000, 0.0000000000000000000 ) ) ;
#201 = DIRECTION ( 'NONE',  ( 0.0000000000000000000, -1.000000000000000000, 0.0000000000000000000 ) ) ;
#202 = EDGE_LOOP ( 'NONE', ( #1053, #1448, #64, #88 ) ) ;
#203 = DIRECTION ( 'NONE',  ( 0.0000000000000000000, 0.0000000000000000000, 1.000000000000000000 ) ) ;
#204 = CARTESIAN_POINT ( 'NONE',  ( -0.0000000000000000000, 1.039999999999999600, -0.2000000000000000100 ) ) ;
#205 = DIRECTION ( 'NONE',  ( 0.0000000000000000000, 1.000000000000000000, 0.0000000000000000000 ) ) ;
#206 = EDGE_LOOP ( 'NONE', ( #491, #305, #39, #1078 ) ) ;
#207 = EDGE_LOOP ( 'NONE', ( #461, #85, #492, #966 ) ) ;
#208 = ADVANCED_FACE ( 'NONE', ( #1146 ), #1594, .T. ) ;
#209 = FACE_BOUND ( 'NONE', #655, .T. ) ;
#210 = CARTESIAN_POINT ( 'NONE',  ( -1.150000000000000100, 0.8499999999999999800, 1.150000000000000100 ) ) ;
#211 = ORIENTED_EDGE ( 'NONE', *, *, #53, .T. ) ;
#212 = ORIENTED_EDGE ( 'NONE', *, *, #400, .T. ) ;
#213 = CARTESIAN_POINT ( 'NONE',  ( 0.0000000000000000000, 0.0000000000000000000, 0.2000000000000000100 ) ) ;
#214 = AXIS2_PLACEMENT_3D ( 'NONE', #23, #657, #145 ) ;
#215 = CARTESIAN_POINT ( 'NONE',  ( -2.057411571532471700, -0.2162426698526781500, 0.2500000000000000000 ) ) ;
#216 = EDGE_CURVE ( 'NONE', #754, #629, #427, .T. ) ;
#217 = CARTESIAN_POINT ( 'NONE',  ( 1.486443054761588100, 0.3350541214146580100, 0.2000000000000000100 ) ) ;
#218 = DIRECTION ( 'NONE',  ( 0.0000000000000000000, -0.0000000000000000000, -1.000000000000000000 ) ) ;
#219 = DIRECTION ( 'NONE',  ( -0.1045284632676554300, 0.9945218953682731800, 0.0000000000000000000 ) ) ;
#220 = CARTESIAN_POINT ( 'NONE',  ( 1.662557762094913000, 0.7359933414612884800, 0.2000000000000000100 ) ) ;
#221 = VECTOR ( 'NONE', #808, 1000.000000000000000 ) ;
#222 = ADVANCED_FACE ( 'NONE', ( #106 ), #681, .T. ) ;
#223 = CIRCLE ( 'NONE', #641, 0.3150000000000001700 ) ;
#224 = CARTESIAN_POINT ( 'NONE',  ( 0.0000000000000000000, 1.649999999999999900, 0.0000000000000000000 ) ) ;
#225 = EDGE_CURVE ( 'NONE', #509, #1438, #1367, .T. ) ;
#226 = ORIENTED_EDGE ( 'NONE', *, *, #1509, .T. ) ;
#227 = ORIENTED_EDGE ( 'NONE', *, *, #1008, .F. ) ;
#228 = DIRECTION ( 'NONE',  ( -0.9945218953682731800, -0.1045284632676553600, 0.0000000000000000000 ) ) ;
#229 = VECTOR ( 'NONE', #1428, 1000.000000000000000 ) ;
#230 = FACE_OUTER_BOUND ( 'NONE', #1615, .T. ) ;
#231 = VERTEX_POINT ( 'NONE', #1299 ) ;
#232 = EDGE_LOOP ( 'NONE', ( #1310, #183, #109, #1401, #551, #606, #1060, #883, #1274, #321, #1090, #312 ) ) ;
#233 =( NAMED_UNIT ( * ) SI_UNIT ( $, .STERADIAN. ) SOLID_ANGLE_UNIT ( ) );
#234 = ORIENTED_EDGE ( 'NONE', *, *, #5, .F. ) ;
#235 = ORIENTED_EDGE ( 'NONE', *, *, #997, .T. ) ;
#236 = CARTESIAN_POINT ( 'NONE',  ( 0.1956295201467582700, 1.691582338163553100, 1.149999999999999900 ) ) ;
#237 = ORIENTED_EDGE ( 'NONE', *, *, #714, .F. ) ;
#238 = VECTOR ( 'NONE', #1328, 1000.000000000000100 ) ;
#239 = CARTESIAN_POINT ( 'NONE',  ( 1.150000000000000100, 0.8499999999999999800, 1.150000000000000100 ) ) ;
#240 = ORIENTED_EDGE ( 'NONE', *, *, #1345, .T. ) ;
#241 = CYLINDRICAL_SURFACE ( 'NONE', #419, 0.3150000000000001700 ) ;
#242 = EDGE_CURVE ( 'NONE', #754, #1536, #1381, .T. ) ;
#243 = VERTEX_POINT ( 'NONE', #949 ) ;
#244 = VECTOR ( 'NONE', #778, 1000.000000000000000 ) ;
#245 = ORIENTED_EDGE ( 'NONE', *, *, #78, .T. ) ;
#246 = VERTEX_POINT ( 'NONE', #1433 ) ;
#247 = ORIENTED_EDGE ( 'NONE', *, *, #1280, .T. ) ;
#248 = DIRECTION ( 'NONE',  ( 1.000000000000000000, 0.0000000000000000000, 0.0000000000000000000 ) ) ;
#249 = EDGE_CURVE ( 'NONE', #822, #1479, #1088, .T. ) ;
#250 = CARTESIAN_POINT ( 'NONE',  ( -1.768324699343291700, 0.03277306583494065500, 0.2500000000000000000 ) ) ;
#251 = CARTESIAN_POINT ( 'NONE',  ( -1.347749651583897600, 0.7249999999999996400, 0.2500000000000000000 ) ) ;
#252 = FACE_OUTER_BOUND ( 'NONE', #206, .T. ) ;
#253 = AXIS2_PLACEMENT_3D ( 'NONE', #294, #1579, #926 ) ;
#254 = VERTEX_POINT ( 'NONE', #644 ) ;
#255 = CARTESIAN_POINT ( 'NONE',  ( -1.347749651583897600, 1.039999999999999600, -0.2500000000000000000 ) ) ;
#256 = VECTOR ( 'NONE', #1147, 1000.000000000000100 ) ;
#257 = ORIENTED_EDGE ( 'NONE', *, *, #1063, .F. ) ;
#258 = LINE ( 'NONE', #819, #987 ) ;
#259 = VECTOR ( 'NONE', #1431, 999.9999999999998900 ) ;
#260 = CARTESIAN_POINT ( 'NONE',  ( 1.058197543664181300, 0.5525600678668305400, 1.058197543664181500 ) ) ;
#261 = ORIENTED_EDGE ( 'NONE', *, *, #1447, .T. ) ;
#262 = ORIENTED_EDGE ( 'NONE', *, *, #384, .F. ) ;
#263 = DIRECTION ( 'NONE',  ( -0.08646425816636520200, -0.6152251646253650300, 0.7835955135600462000 ) ) ;
#264 = AXIS2_PLACEMENT_3D ( 'NONE', #421, #402, #676 ) ;
#265 = CARTESIAN_POINT ( 'NONE',  ( -0.2000000000000003400, 1.649999999999999900, -1.149999999999999900 ) ) ;
#266 = EDGE_CURVE ( 'NONE', #1404, #928, #158, .T. ) ;
#267 = DIRECTION ( 'NONE',  ( 0.9945218953682731800, -0.1045284632676553600, 0.0000000000000000000 ) ) ;
#268 = EDGE_CURVE ( 'NONE', #1119, #165, #760, .T. ) ;
#269 = EDGE_LOOP ( 'NONE', ( #825, #1038, #1609, #1317 ) ) ;
#270 = DIRECTION ( 'NONE',  ( -0.0000000000000000000, -1.000000000000000000, -0.0000000000000000000 ) ) ;
#271 = PRESENTATION_STYLE_ASSIGNMENT (( #1626 ) ) ;
#272 = VERTEX_POINT ( 'NONE', #193 ) ;
#273 = CARTESIAN_POINT ( 'NONE',  ( 1.472673504961285400, 0.7293624370878126800, 0.2000000000000000100 ) ) ;
#274 = AXIS2_PLACEMENT_3D ( 'NONE', #1573, #270, #1307 ) ;
#275 = ORIENTED_EDGE ( 'NONE', *, *, #507, .T. ) ;
#276 = VECTOR ( 'NONE', #1030, 1000.000000000000000 ) ;
#277 = CARTESIAN_POINT ( 'NONE',  ( -2.100000000000000100, 0.1889591601199718500, 0.2500000000000000000 ) ) ;
#278 = DIRECTION ( 'NONE',  ( -0.0000000000000000000, -0.0000000000000000000, -1.000000000000000000 ) ) ;
#279 = ORIENTED_EDGE ( 'NONE', *, *, #1397, .T. ) ;
#280 = CARTESIAN_POINT ( 'NONE',  ( 7.585267284402600200E-017, 2.839999999999999900, 0.6193840778977055500 ) ) ;
#281 = FACE_OUTER_BOUND ( 'NONE', #1186, .T. ) ;
#282 = VERTEX_POINT ( 'NONE', #138 ) ;
#283 = CARTESIAN_POINT ( 'NONE',  ( -1.244871351386758200, 0.1749552588209888600, -0.2500000000000000000 ) ) ;
#284 = DIRECTION ( 'NONE',  ( 0.9945218953682731800, -0.1045284632676554600, 0.0000000000000000000 ) ) ;
#285 = DIRECTION ( 'NONE',  ( 0.0000000000000000000, 0.0000000000000000000, -1.000000000000000000 ) ) ;
#286 = DIRECTION ( 'NONE',  ( -0.0000000000000000000, -0.0000000000000000000, -1.000000000000000000 ) ) ;
#287 = CARTESIAN_POINT ( 'NONE',  ( 1.801251165272602900, 0.3460474628759468400, 0.2000000000000000100 ) ) ;
#288 = CARTESIAN_POINT ( 'NONE',  ( -1.123297241406546100, 1.039999999999999600, -0.2500000000000000000 ) ) ;
#289 = AXIS2_PLACEMENT_3D ( 'NONE', #344, #170, #1425 ) ;
#290 = ORIENTED_EDGE ( 'NONE', *, *, #794, .T. ) ;
#291 = CARTESIAN_POINT ( 'NONE',  ( 0.02272802044667398100, 0.2162426698526764600, 0.2000000000000000100 ) ) ;
#292 = EDGE_CURVE ( 'NONE', #615, #776, #1481, .T. ) ;
#293 = VECTOR ( 'NONE', #478, 1000.000000000000100 ) ;
#294 = CARTESIAN_POINT ( 'NONE',  ( 0.0000000000000000000, 1.949999999999993500, 0.0000000000000000000 ) ) ;
#295 = VERTEX_POINT ( 'NONE', #1341 ) ;
#296 = CARTESIAN_POINT ( 'NONE',  ( -1.676327311895215800, 0.3416850257881338100, 0.2500000000000000000 ) ) ;
#297 = CARTESIAN_POINT ( 'NONE',  ( 1.244871351386758200, 0.1749552588209888600, -0.2000000000000000100 ) ) ;
#298 = VERTEX_POINT ( 'NONE', #1458 ) ;
#299 = EDGE_LOOP ( 'NONE', ( #49, #1, #715, #1148 ) ) ;
#300 = FILL_AREA_STYLE_COLOUR ( '', #155 ) ;
#301 = LINE ( 'NONE', #388, #1540 ) ;
#302 = CARTESIAN_POINT ( 'NONE',  ( 1.788185107364146200, 0.2217322259549128800, 0.2000000000000000100 ) ) ;
#303 = FACE_OUTER_BOUND ( 'NONE', #1162, .T. ) ;
#304 = DIRECTION ( 'NONE',  ( -0.0000000000000000000, 0.0000000000000000000, 1.000000000000000000 ) ) ;
#305 = ORIENTED_EDGE ( 'NONE', *, *, #306, .F. ) ;
#306 = EDGE_CURVE ( 'NONE', #1336, #609, #1498, .T. ) ;
#307 = CARTESIAN_POINT ( 'NONE',  ( 0.0000000000000000000, 2.839999999999999900, 0.0000000000000000000 ) ) ;
#308 = ADVANCED_FACE ( 'NONE', ( #1064 ), #358, .T. ) ;
#309 = DIRECTION ( 'NONE',  ( -0.7071067811865475700, 0.0000000000000000000, -0.7071067811865474600 ) ) ;
#310 = AXIS2_PLACEMENT_3D ( 'NONE', #1134, #744, #1018 ) ;
#311 = CARTESIAN_POINT ( 'NONE',  ( -1.106297432012553800, 1.160959929048313500, -1.106297432012553600 ) ) ;
#312 = ORIENTED_EDGE ( 'NONE', *, *, #768, .F. ) ;
#313 = DIRECTION ( 'NONE',  ( 1.000000000000000000, -1.032573497605241800E-015, 0.0000000000000000000 ) ) ;
#314 = VECTOR ( 'NONE', #1081, 1000.000000000000000 ) ;
#315 = DIRECTION ( 'NONE',  ( -0.0000000000000000000, -0.0000000000000000000, -1.000000000000000000 ) ) ;
#316 = FACE_OUTER_BOUND ( 'NONE', #887, .T. ) ;
#317 = DIRECTION ( 'NONE',  ( -1.000000000000000000, -0.0000000000000000000, -0.0000000000000000000 ) ) ;
#318 = DIRECTION ( 'NONE',  ( -1.000000000000000000, -0.0000000000000000000, 9.856383386231856400E-017 ) ) ;
#319 = ORIENTED_EDGE ( 'NONE', *, *, #758, .T. ) ;
#320 = VECTOR ( 'NONE', #228, 1000.000000000000100 ) ;
#321 = ORIENTED_EDGE ( 'NONE', *, *, #126, .T. ) ;
#322 = DIRECTION ( 'NONE',  ( 2.592657368987075900E-016, -0.0000000000000000000, 1.000000000000000000 ) ) ;
#323 = DIRECTION ( 'NONE',  ( -0.03489949670250414000, 0.9993908270190955400, 0.0000000000000000000 ) ) ;
#324 = LINE ( 'NONE', #527, #1660 ) ;
#325 = CARTESIAN_POINT ( 'NONE',  ( 1.662557762094913000, 0.7359933414612884800, 0.2000000000000000100 ) ) ;
#326 = ORIENTED_EDGE ( 'NONE', *, *, #468, .F. ) ;
#327 = CARTESIAN_POINT ( 'NONE',  ( -1.075840970801445100, 1.377668911000805400, 1.075840970801444900 ) ) ;
#328 = EDGE_CURVE ( 'NONE', #497, #1287, #578, .T. ) ;
#329 = DIRECTION ( 'NONE',  ( -0.0000000000000000000, -0.0000000000000000000, 1.000000000000000000 ) ) ;
#330 = DIRECTION ( 'NONE',  ( -0.0000000000000000000, -0.0000000000000000000, -1.000000000000000000 ) ) ;
#331 = CARTESIAN_POINT ( 'NONE',  ( 0.1686519635333576200, 1.948256643867861200, -0.9956500945533632900 ) ) ;
#332 = AXIS2_PLACEMENT_3D ( 'NONE', #1204, #577, #1335 ) ;
#333 = ORIENTED_EDGE ( 'NONE', *, *, #154, .F. ) ;
#334 = DIRECTION ( 'NONE',  ( 1.000000000000000000, 0.0000000000000000000, 0.0000000000000000000 ) ) ;
#335 =( LENGTH_UNIT ( ) NAMED_UNIT ( * ) SI_UNIT ( .MILLI., .METRE. ) );
#336 = LINE ( 'NONE', #331, #1366 ) ;
#337 = CARTESIAN_POINT ( 'NONE',  ( 0.0000000000000000000, 1.039999999999999600, 0.2500000000000000000 ) ) ;
#338 = VECTOR ( 'NONE', #329, 1000.000000000000000 ) ;
#339 = EDGE_CURVE ( 'NONE', #1025, #582, #694, .T. ) ;
#340 = DIRECTION ( 'NONE',  ( 0.0000000000000000000, -0.0000000000000000000, -1.000000000000000000 ) ) ;
#341 = DIRECTION ( 'NONE',  ( 0.0000000000000000000, 0.9902680687415703600, -0.1391731009600657400 ) ) ;
#342 = ORIENTED_EDGE ( 'NONE', *, *, #1079, .F. ) ;
#343 = LINE ( 'NONE', #416, #1020 ) ;
#344 = CARTESIAN_POINT ( 'NONE',  ( -1.801251165272602900, 0.3460474628759468400, 0.2500000000000000000 ) ) ;
#345 = ADVANCED_FACE ( 'NONE', ( #638 ), #371, .T. ) ;
#346 = DIRECTION ( 'NONE',  ( -1.000000000000000000, -0.0000000000000000000, -0.0000000000000000000 ) ) ;
#347 = LINE ( 'NONE', #458, #1331 ) ;
#348 = ORIENTED_EDGE ( 'NONE', *, *, #411, .F. ) ;
#349 = DIRECTION ( 'NONE',  ( -0.0000000000000000000, -0.0000000000000000000, -1.000000000000000000 ) ) ;
#350 = ORIENTED_EDGE ( 'NONE', *, *, #1086, .T. ) ;
#351 = FILL_AREA_STYLE ('',( #300 ) ) ;
#352 = CARTESIAN_POINT ( 'NONE',  ( 1.801251165272602900, 0.3460474628759468400, 0.2000000000000000100 ) ) ;
#353 = MECHANICAL_DESIGN_GEOMETRIC_PRESENTATION_REPRESENTATION (  '', ( #1464 ), #729 ) ;
#354 = DIRECTION ( 'NONE',  ( -1.000000000000000000, 0.0000000000000000000, 0.0000000000000000000 ) ) ;
#355 = CARTESIAN_POINT ( 'NONE',  ( 0.2000000000000003400, 1.649999999999999900, 1.149999999999999900 ) ) ;
#356 = EDGE_LOOP ( 'NONE', ( #1093, #925, #841 ) ) ;
#357 = SHAPE_DEFINITION_REPRESENTATION ( #1518, #1057 ) ;
#358 = CYLINDRICAL_SURFACE ( 'NONE', #1077, 0.3149999999999999500 ) ;
#359 = CARTESIAN_POINT ( 'NONE',  ( -2.080139591979146100, -1.626303258728256700E-016, 0.2500000000000000000 ) ) ;
#360 = EDGE_CURVE ( 'NONE', #999, #933, #1552, .T. ) ;
#361 = EDGE_CURVE ( 'NONE', #1493, #1069, #6, .T. ) ;
#362 = ORIENTED_EDGE ( 'NONE', *, *, #40, .T. ) ;
#363 = CIRCLE ( 'NONE', #1126, 0.3150000000000001700 ) ;
#364 = ORIENTED_EDGE ( 'NONE', *, *, #1112, .F. ) ;
#365 = DIRECTION ( 'NONE',  ( 0.1045284632676554400, -0.9945218953682731800, 0.0000000000000000000 ) ) ;
#366 = VECTOR ( 'NONE', #1412, 1000.000000000000100 ) ;
#367 = EDGE_LOOP ( 'NONE', ( #1210, #1385, #912, #1406 ) ) ;
#368 = EDGE_LOOP ( 'NONE', ( #1019, #1544, #212, #1306 ) ) ;
#369 = ORIENTED_EDGE ( 'NONE', *, *, #1252, .T. ) ;
#370 = LINE ( 'NONE', #420, #456 ) ;
#371 = TOROIDAL_SURFACE ( 'NONE', #586, 0.03279980888824193100, 0.8000000000000000400 ) ;
#372 = VECTOR ( 'NONE', #286, 1000.000000000000000 ) ;
#373 = DIRECTION ( 'NONE',  ( 1.000000000000000000, 0.0000000000000000000, 0.0000000000000000000 ) ) ;
#374 = EDGE_CURVE ( 'NONE', #761, #282, #1531, .T. ) ;
#375 = ORIENTED_EDGE ( 'NONE', *, *, #1628, .T. ) ;
#376 = CIRCLE ( 'NONE', #436, 0.3150000000000001700 ) ;
#377 = DIRECTION ( 'NONE',  ( 0.1378445374916289200, 0.9808148484639890300, 0.1378445374916289200 ) ) ;
#378 = LINE ( 'NONE', #280, #11 ) ;
#379 = DIRECTION ( 'NONE',  ( -0.0000000000000000000, -1.000000000000000000, -0.0000000000000000000 ) ) ;
#380 = FACE_OUTER_BOUND ( 'NONE', #356, .T. ) ;
#381 = DIRECTION ( 'NONE',  ( -0.0000000000000000000, -0.0000000000000000000, -1.000000000000000000 ) ) ;
#382 = ORIENTED_EDGE ( 'NONE', *, *, #1264, .T. ) ;
#383 = PLANE ( 'NONE',  #1541 ) ;
#384 = EDGE_CURVE ( 'NONE', #385, #795, #1578, .T. ) ;
#385 = VERTEX_POINT ( 'NONE', #902 ) ;
#386 = ORIENTED_EDGE ( 'NONE', *, *, #266, .F. ) ;
#387 = FACE_OUTER_BOUND ( 'NONE', #594, .T. ) ;
#388 = CARTESIAN_POINT ( 'NONE',  ( -1.686202958620361500, 0.05888350483429005000, -0.2500000000000000000 ) ) ;
#389 = CYLINDRICAL_SURFACE ( 'NONE', #621, 0.1250000000000005600 ) ;
#390 = AXIS2_PLACEMENT_3D ( 'NONE', #1606, #1466, #1601 ) ;
#391 = VERTEX_POINT ( 'NONE', #710 ) ;
#392 = DIRECTION ( 'NONE',  ( -0.03489949670250414000, -0.9993908270190955400, 0.0000000000000000000 ) ) ;
#393 = FACE_OUTER_BOUND ( 'NONE', #619, .T. ) ;
#394 = VERTEX_POINT ( 'NONE', #296 ) ;
#395 = ADVANCED_FACE ( 'NONE', ( #653 ), #14, .T. ) ;
#396 = CARTESIAN_POINT ( 'NONE',  ( 0.0000000000000000000, 1.039999999999999600, 0.2000000000000000100 ) ) ;
#397 = FACE_OUTER_BOUND ( 'NONE', #1099, .T. ) ;
#398 = DIRECTION ( 'NONE',  ( -1.000000000000000000, 0.0000000000000000000, 0.0000000000000000000 ) ) ;
#399 = CARTESIAN_POINT ( 'NONE',  ( -0.1999999999999997300, 0.8499999999999999800, 1.149999999999999900 ) ) ;
#400 = EDGE_CURVE ( 'NONE', #651, #999, #1046, .T. ) ;
#401 = VERTEX_POINT ( 'NONE', #1422 ) ;
#402 = DIRECTION ( 'NONE',  ( 0.0000000000000000000, 1.000000000000000000, 0.0000000000000000000 ) ) ;
#403 = VECTOR ( 'NONE', #1365, 1000.000000000000000 ) ;
#404 = ADVANCED_FACE ( 'NONE', ( #1652 ), #1470, .T. ) ;
#405 = AXIS2_PLACEMENT_3D ( 'NONE', #877, #1499, #341 ) ;
#406 = DIRECTION ( 'NONE',  ( -1.000000000000000000, 0.0000000000000000000, 0.0000000000000000000 ) ) ;
#407 = ORIENTED_EDGE ( 'NONE', *, *, #1191, .F. ) ;
#408 = CARTESIAN_POINT ( 'NONE',  ( 1.676327311895215800, 0.3416850257881338100, -0.2000000000000000100 ) ) ;
#409 = CARTESIAN_POINT ( 'NONE',  ( 1.150000000000000100, 0.8499999999999999800, 0.2000000000000000100 ) ) ;
#410 = LINE ( 'NONE', #533, #964 ) ;
#411 = EDGE_CURVE ( 'NONE', #450, #982, #1282, .T. ) ;
#412 = ORIENTED_EDGE ( 'NONE', *, *, #242, .T. ) ;
#413 = VECTOR ( 'NONE', #1323, 1000.000000000000100 ) ;
#414 = DIRECTION ( 'NONE',  ( 0.9902680687415703600, -0.1391731009600653000, 0.0000000000000000000 ) ) ;
#415 = ADVANCED_FACE ( 'NONE', ( #1144 ), #978, .T. ) ;
#416 = CARTESIAN_POINT ( 'NONE',  ( -1.099999999999999900, 0.8499999999999999800, 1.100000000000000100 ) ) ;
#417 = CARTESIAN_POINT ( 'NONE',  ( 1.058197543664181900, 0.5525600678668305400, -1.058197543664180800 ) ) ;
#418 = CARTESIAN_POINT ( 'NONE',  ( 1.686202958620361500, 0.05888350483429005000, -0.2000000000000000100 ) ) ;
#419 = AXIS2_PLACEMENT_3D ( 'NONE', #1138, #349, #1512 ) ;
#420 = CARTESIAN_POINT ( 'NONE',  ( -1.100000000000000300, 0.04999999999999991300, -0.9875673322380861300 ) ) ;
#421 = CARTESIAN_POINT ( 'NONE',  ( 0.0000000000000000000, 2.839999999999999900, 0.0000000000000000000 ) ) ;
#422 = CARTESIAN_POINT ( 'NONE',  ( 0.0000000000000000000, 2.039999999999999600, 0.03279980888824193100 ) ) ;
#423 = PRODUCT_DEFINITION ( 'UNKNOWN', '', #849, #439 ) ;
#424 = ADVANCED_FACE ( 'NONE', ( #316 ), #1227, .F. ) ;
#425 = FACE_OUTER_BOUND ( 'NONE', #1301, .T. ) ;
#426 = SURFACE_SIDE_STYLE ('',( #70 ) ) ;
#427 = CIRCLE ( 'NONE', #289, 0.3149999999999999500 ) ;
#428 = DIRECTION ( 'NONE',  ( 0.0000000000000000000, 0.0000000000000000000, 1.000000000000000000 ) ) ;
#429 = CARTESIAN_POINT ( 'NONE',  ( -1.676327311895215800, 0.3416850257881338100, 0.2500000000000000000 ) ) ;
#430 = ORIENTED_EDGE ( 'NONE', *, *, #154, .T. ) ;
#431 = CARTESIAN_POINT ( 'NONE',  ( 1.347749651583897600, 0.8499999999999999800, 0.2000000000000000100 ) ) ;
#432 = ORIENTED_EDGE ( 'NONE', *, *, #1111, .F. ) ;
#433 = PLANE ( 'NONE',  #806 ) ;
#434 = LINE ( 'NONE', #74, #1135 ) ;
#435 = ADVANCED_FACE ( 'NONE', ( #994 ), #573, .F. ) ;
#436 = AXIS2_PLACEMENT_3D ( 'NONE', #171, #798, #969 ) ;
#437 = DIRECTION ( 'NONE',  ( 0.0000000000000000000, 0.0000000000000000000, 1.000000000000000000 ) ) ;
#438 = VECTOR ( 'NONE', #826, 1000.000000000000200 ) ;
#439 = PRODUCT_DEFINITION_CONTEXT ( 'detailed design', #1643, 'design' ) ;
#440 = EDGE_CURVE ( 'NONE', #1239, #1173, #625, .T. ) ;
#441 = CARTESIAN_POINT ( 'NONE',  ( 0.0000000000000000000, 1.649999999999999900, 1.037567332238086700 ) ) ;
#442 = EDGE_CURVE ( 'NONE', #1173, #1114, #1607, .T. ) ;
#443 = ORIENTED_EDGE ( 'NONE', *, *, #560, .T. ) ;
#444 = DIRECTION ( 'NONE',  ( 1.000000000000000000, 0.0000000000000000000, 0.0000000000000000000 ) ) ;
#445 = FILL_AREA_STYLE ('',( #1223 ) ) ;
#446 = CARTESIAN_POINT ( 'NONE',  ( 0.2000000000000003400, 1.649999999999999900, -1.149999999999999900 ) ) ;
#447 = AXIS2_PLACEMENT_3D ( 'NONE', #1082, #1315, #1197 ) ;
#448 = UNCERTAINTY_MEASURE_WITH_UNIT (LENGTH_MEASURE( 1.000000000000000100E-005 ), #87, 'distance_accuracy_value', 'NONE');
#449 = VERTEX_POINT ( 'NONE', #1097 ) ;
#450 = VERTEX_POINT ( 'NONE', #446 ) ;
#451 = CARTESIAN_POINT ( 'NONE',  ( 1.768324699343291700, 0.03277306583494065500, 0.2000000000000000100 ) ) ;
#452 = DIRECTION ( 'NONE',  ( 0.0000000000000000000, 0.0000000000000000000, 1.000000000000000000 ) ) ;
#453 = ORIENTED_EDGE ( 'NONE', *, *, #1345, .F. ) ;
#454 = DIRECTION ( 'NONE',  ( -1.000000000000000000, -0.0000000000000000000, -0.0000000000000000000 ) ) ;
#455 = CARTESIAN_POINT ( 'NONE',  ( 0.2000000000000003400, 1.649999999999999900, 1.149999999999999900 ) ) ;
#456 = VECTOR ( 'NONE', #958, 1000.000000000000000 ) ;
#457 = CIRCLE ( 'NONE', #76, 0.3149999999999999500 ) ;
#458 = CARTESIAN_POINT ( 'NONE',  ( 0.0000000000000000000, 1.649999999999999900, -1.037567332238086700 ) ) ;
#459 = ADVANCED_FACE ( 'NONE', ( #791 ), #1361, .F. ) ;
#460 = DIRECTION ( 'NONE',  ( 0.0000000000000000000, -0.0000000000000000000, 1.000000000000000000 ) ) ;
#461 = ORIENTED_EDGE ( 'NONE', *, *, #1027, .T. ) ;
#462 = CARTESIAN_POINT ( 'NONE',  ( -1.768324699343291700, 0.03277306583494065500, 0.2500000000000000000 ) ) ;
#463 = LINE ( 'NONE', #575, #1371 ) ;
#464 = ORIENTED_EDGE ( 'NONE', *, *, #306, .T. ) ;
#465 = FACE_OUTER_BOUND ( 'NONE', #1584, .T. ) ;
#466 = AXIS2_PLACEMENT_3D ( 'NONE', #62, #1314, #538 ) ;
#467 = DIRECTION ( 'NONE',  ( -0.9993908270190956500, -0.03489949670250414700, 0.0000000000000000000 ) ) ;
#468 = EDGE_CURVE ( 'NONE', #837, #298, #336, .T. ) ;
#469 = CARTESIAN_POINT ( 'NONE',  ( -1.676327311895215800, 0.3416850257881338100, -0.2500000000000000000 ) ) ;
#470 = CARTESIAN_POINT ( 'NONE',  ( 1.347749651583897600, 1.039999999999999600, -0.2000000000000000100 ) ) ;
#471 = CARTESIAN_POINT ( 'NONE',  ( 1.347749651583897600, 0.7249999999999996400, 0.2000000000000000100 ) ) ;
#472 = ORIENTED_EDGE ( 'NONE', *, *, #169, .T. ) ;
#473 = FACE_OUTER_BOUND ( 'NONE', #1311, .T. ) ;
#474 = ADVANCED_FACE ( 'NONE', ( #528 ), #1363, .T. ) ;
#475 = DIRECTION ( 'NONE',  ( -0.0000000000000000000, 0.0000000000000000000, 1.000000000000000000 ) ) ;
#476 = VECTOR ( 'NONE', #1337, 1000.000000000000000 ) ;
#477 = EDGE_CURVE ( 'NONE', #1479, #640, #84, .T. ) ;
#478 = DIRECTION ( 'NONE',  ( 0.9945218953682731800, -0.1045284632676553600, 0.0000000000000000000 ) ) ;
#479 = CLOSED_SHELL ( 'NONE', ( #537, #308, #1074, #31, #176, #1488, #424, #790, #1444, #1333, #579, #459, #546, #555 ) ) ;
#480 = VECTOR ( 'NONE', #1445, 1000.000000000000000 ) ;
#481 = VERTEX_POINT ( 'NONE', #598 ) ;
#482 = CARTESIAN_POINT ( 'NONE',  ( 0.0000000000000000000, 0.0000000000000000000, 0.2500000000000000000 ) ) ;
#483 = CIRCLE ( 'NONE', #27, 0.1249999999999998900 ) ;
#484 = AXIS2_PLACEMENT_3D ( 'NONE', #239, #1532, #909 ) ;
#485 = LINE ( 'NONE', #663, #1156 ) ;
#486 = ORIENTED_EDGE ( 'NONE', *, *, #1058, .F. ) ;
#487 = EDGE_LOOP ( 'NONE', ( #364, #1192, #784, #1403 ) ) ;
#488 = ORIENTED_EDGE ( 'NONE', *, *, #1007, .T. ) ;
#489 = DIRECTION ( 'NONE',  ( -0.0000000000000000000, 0.0000000000000000000, 1.000000000000000000 ) ) ;
#490 = ORIENTED_EDGE ( 'NONE', *, *, #1332, .F. ) ;
#491 = ORIENTED_EDGE ( 'NONE', *, *, #780, .F. ) ;
#492 = ORIENTED_EDGE ( 'NONE', *, *, #906, .F. ) ;
#493 = VECTOR ( 'NONE', #1576, 1000.000000000000100 ) ;
#494 = DIRECTION ( 'NONE',  ( 0.0000000000000000000, -0.0000000000000000000, -1.000000000000000000 ) ) ;
#495 = VECTOR ( 'NONE', #1654, 1000.000000000000000 ) ;
#496 = EDGE_CURVE ( 'NONE', #177, #1119, #1349, .T. ) ;
#497 = VERTEX_POINT ( 'NONE', #327 ) ;
#498 = ORIENTED_EDGE ( 'NONE', *, *, #268, .T. ) ;
#499 = ORIENTED_EDGE ( 'NONE', *, *, #991, .F. ) ;
#500 = CARTESIAN_POINT ( 'NONE',  ( 1.100000000000000300, 0.8499999999999999800, 1.099999999999999900 ) ) ;
#501 = LINE ( 'NONE', #57, #913 ) ;
#502 = ORIENTED_EDGE ( 'NONE', *, *, #740, .T. ) ;
#503 = AXIS2_PLACEMENT_3D ( 'NONE', #1658, #379, #1516 ) ;
#504 = VECTOR ( 'NONE', #711, 1000.000000000000000 ) ;
#505 = VERTEX_POINT ( 'NONE', #848 ) ;
#506 = DIRECTION ( 'NONE',  ( 1.000000000000000000, 0.0000000000000000000, 0.0000000000000000000 ) ) ;
#507 = EDGE_CURVE ( 'NONE', #992, #918, #1203, .T. ) ;
#508 = AXIS2_PLACEMENT_3D ( 'NONE', #576, #1241, #203 ) ;
#509 = VERTEX_POINT ( 'NONE', #1109 ) ;
#510 = FACE_OUTER_BOUND ( 'NONE', #133, .T. ) ;
#511 = ORIENTED_EDGE ( 'NONE', *, *, #1056, .T. ) ;
#512 = DIRECTION ( 'NONE',  ( -0.0000000000000000000, 0.0000000000000000000, 1.000000000000000000 ) ) ;
#513 = PRODUCT_RELATED_PRODUCT_CATEGORY ( 'part', '', ( #844 ) ) ;
#514 = ORIENTED_EDGE ( 'NONE', *, *, #957, .T. ) ;
#515 = LINE ( 'NONE', #1121, #276 ) ;
#516 = VERTEX_POINT ( 'NONE', #596 ) ;
#517 = MANIFOLD_SOLID_BREP ( 'Pin 1', #479 ) ;
#518 = CARTESIAN_POINT ( 'NONE',  ( 0.0000000000000000000, 1.649999999999999900, 0.0000000000000000000 ) ) ;
#519 = FACE_BOUND ( 'NONE', #765, .T. ) ;
#520 = VERTEX_POINT ( 'NONE', #1350 ) ;
#521 = ADVANCED_FACE ( 'NONE', ( #953 ), #601, .F. ) ;
#522 = AXIS2_PLACEMENT_3D ( 'NONE', #396, #1319, #587 ) ;
#523 = EDGE_CURVE ( 'NONE', #165, #582, #1250, .T. ) ;
#524 = EDGE_CURVE ( 'NONE', #505, #1539, #1014, .T. ) ;
#525 = CARTESIAN_POINT ( 'NONE',  ( 2.100000000000000100, 0.1889591601199718500, -0.2000000000000000100 ) ) ;
#526 = ORIENTED_EDGE ( 'NONE', *, *, #1316, .F. ) ;
#527 = CARTESIAN_POINT ( 'NONE',  ( -0.0000000000000000000, 0.8499999999999999800, -0.2000000000000000100 ) ) ;
#528 = FACE_OUTER_BOUND ( 'NONE', #1474, .T. ) ;
#529 = STYLED_ITEM ( 'NONE', ( #643 ), #820 ) ;
#530 = CARTESIAN_POINT ( 'NONE',  ( -1.788185107364146200, 0.2217322259549128800, -0.2500000000000000000 ) ) ;
#531 = EDGE_LOOP ( 'NONE', ( #779, #890, #490, #1220 ) ) ;
#532 = ORIENTED_EDGE ( 'NONE', *, *, #477, .T. ) ;
#533 = CARTESIAN_POINT ( 'NONE',  ( -0.1999999999999997300, 1.649999999999999900, 1.149999999999999900 ) ) ;
#534 = CIRCLE ( 'NONE', #1454, 0.3149999999999999500 ) ;
#535 = ORIENTED_EDGE ( 'NONE', *, *, #53, .F. ) ;
#536 = VECTOR ( 'NONE', #322, 1000.000000000000000 ) ;
#537 = ADVANCED_FACE ( 'NONE', ( #387 ), #613, .F. ) ;
#538 = DIRECTION ( 'NONE',  ( 0.9945218953682732900, -0.1045284632676546800, 0.0000000000000000000 ) ) ;
#539 = EDGE_LOOP ( 'NONE', ( #186, #1256, #1255, #498 ) ) ;
#540 = EDGE_LOOP ( 'NONE', ( #1143, #1503, #627 ) ) ;
#541 = ORIENTED_EDGE ( 'NONE', *, *, #1346, .T. ) ;
#542 = CARTESIAN_POINT ( 'NONE',  ( -0.9875673322380867900, 0.04999999999999991300, -0.9875673322380861300 ) ) ;
#543 = AXIS2_PLACEMENT_3D ( 'NONE', #182, #452, #175 ) ;
#544 = CARTESIAN_POINT ( 'NONE',  ( 0.0000000000000000000, 2.839999999999999900, 0.0000000000000000000 ) ) ;
#545 = EDGE_CURVE ( 'NONE', #967, #614, #813, .T. ) ;
#546 = ADVANCED_FACE ( 'NONE', ( #510 ), #1637, .T. ) ;
#547 = PLANE ( 'NONE',  #1313 ) ;
#548 = VECTOR ( 'NONE', #1104, 1000.000000000000100 ) ;
#549 = CARTESIAN_POINT ( 'NONE',  ( -1.486443054761588100, 0.3350541214146580100, -0.2500000000000000000 ) ) ;
#550 = CARTESIAN_POINT ( 'NONE',  ( -0.8832738110421970400, 1.649999999999999900, 0.8832738110421971500 ) ) ;
#551 = ORIENTED_EDGE ( 'NONE', *, *, #1200, .T. ) ;
#552 = PLANE ( 'NONE',  #17 ) ;
#553 =( NAMED_UNIT ( * ) SI_UNIT ( $, .STERADIAN. ) SOLID_ANGLE_UNIT ( ) );
#554 = ORIENTED_EDGE ( 'NONE', *, *, #1475, .F. ) ;
#555 = ADVANCED_FACE ( 'NONE', ( #425 ), #1648, .F. ) ;
#556 = VECTOR ( 'NONE', #867, 999.9999999999998900 ) ;
#557 = ORIENTED_EDGE ( 'NONE', *, *, #1228, .T. ) ;
#558 = CARTESIAN_POINT ( 'NONE',  ( 1.472673504961285400, 0.7293624370878126800, 0.2000000000000000100 ) ) ;
#559 = FACE_OUTER_BOUND ( 'NONE', #1517, .T. ) ;
#560 = EDGE_CURVE ( 'NONE', #243, #1270, #104, .T. ) ;
#561 = VECTOR ( 'NONE', #149, 1000.000000000000000 ) ;
#562 = ORIENTED_EDGE ( 'NONE', *, *, #131, .F. ) ;
#563 = DIRECTION ( 'NONE',  ( 0.0000000000000000000, -1.000000000000000000, 0.0000000000000000000 ) ) ;
#564 = ORIENTED_EDGE ( 'NONE', *, *, #758, .F. ) ;
#565 = ORIENTED_EDGE ( 'NONE', *, *, #523, .F. ) ;
#566 = DIRECTION ( 'NONE',  ( 0.0000000000000000000, -0.0000000000000000000, -1.000000000000000000 ) ) ;
#567 = VERTEX_POINT ( 'NONE', #355 ) ;
#568 = PLANE ( 'NONE',  #447 ) ;
#569 = AXIS2_PLACEMENT_3D ( 'NONE', #1172, #512, #1165 ) ;
#570 = CARTESIAN_POINT ( 'NONE',  ( -1.099999999999999900, 0.8499999999999999800, 1.100000000000000100 ) ) ;
#571 = ORIENTED_EDGE ( 'NONE', *, *, #361, .T. ) ;
#572 = ORIENTED_EDGE ( 'NONE', *, *, #794, .F. ) ;
#573 = PLANE ( 'NONE',  #914 ) ;
#574 = CARTESIAN_POINT ( 'NONE',  ( -1.150000000000000100, 0.8499999999999999800, 1.150000000000000100 ) ) ;
#575 = CARTESIAN_POINT ( 'NONE',  ( -1.150000000000000400, 0.8500000000000000900, 0.2500000000000000000 ) ) ;
#576 = CARTESIAN_POINT ( 'NONE',  ( 0.0000000000000000000, 2.839999999999999900, 0.0000000000000000000 ) ) ;
#577 = DIRECTION ( 'NONE',  ( -0.9945218953682730700, 0.1045284632676571300, 2.578454520645546700E-016 ) ) ;
#578 = LINE ( 'NONE', #723, #1519 ) ;
#579 = ADVANCED_FACE ( 'NONE', ( #1160 ), #605, .F. ) ;
#580 = ORIENTED_EDGE ( 'NONE', *, *, #1413, .F. ) ;
#581 = CARTESIAN_POINT ( 'NONE',  ( 1.150000000000000100, 0.8499999999999999800, 0.2000000000000000100 ) ) ;
#582 = VERTEX_POINT ( 'NONE', #737 ) ;
#583 = LINE ( 'NONE', #236, #556 ) ;
#584 = VERTEX_POINT ( 'NONE', #470 ) ;
#585 = DIRECTION ( 'NONE',  ( 1.000000000000000000, 0.0000000000000000000, 0.0000000000000000000 ) ) ;
#586 = AXIS2_PLACEMENT_3D ( 'NONE', #1605, #787, #163 ) ;
#587 = DIRECTION ( 'NONE',  ( 0.0000000000000000000, -0.0000000000000000000, 1.000000000000000000 ) ) ;
#588 = LINE ( 'NONE', #291, #46 ) ;
#589 = EDGE_CURVE ( 'NONE', #177, #1393, #1408, .T. ) ;
#590 = ADVANCED_FACE ( 'NONE', ( #473 ), #166, .T. ) ;
#591 = EDGE_CURVE ( 'NONE', #1523, #103, #1497, .T. ) ;
#592 = ORIENTED_EDGE ( 'NONE', *, *, #854, .F. ) ;
#593 = DIRECTION ( 'NONE',  ( 1.000000000000000000, 0.0000000000000000000, 0.0000000000000000000 ) ) ;
#594 = EDGE_LOOP ( 'NONE', ( #833, #16, #1359, #290 ) ) ;
#595 =( LENGTH_UNIT ( ) NAMED_UNIT ( * ) SI_UNIT ( .MILLI., .METRE. ) );
#596 = CARTESIAN_POINT ( 'NONE',  ( 1.347749651583897600, 0.8499999999999999800, -0.2000000000000000100 ) ) ;
#597 = FILL_AREA_STYLE ('',( #1009 ) ) ;
#598 = CARTESIAN_POINT ( 'NONE',  ( -2.080139591979146100, -1.626303258728256700E-016, -0.2500000000000000000 ) ) ;
#599 = DIRECTION ( 'NONE',  ( 0.0000000000000000000, -0.0000000000000000000, -1.000000000000000000 ) ) ;
#600 = EDGE_CURVE ( 'NONE', #1141, #1479, #742, .T. ) ;
#601 = CYLINDRICAL_SURFACE ( 'NONE', #1279, 0.1249999999999998900 ) ;
#602 = ORIENTED_EDGE ( 'NONE', *, *, #523, .T. ) ;
#603 = DIRECTION ( 'NONE',  ( -0.0000000000000000000, -0.0000000000000000000, -1.000000000000000000 ) ) ;
#604 = SURFACE_STYLE_USAGE ( .BOTH. , #857 ) ;
#605 = PLANE ( 'NONE',  #1625 ) ;
#606 = ORIENTED_EDGE ( 'NONE', *, *, #1191, .T. ) ;
#607 = LINE ( 'NONE', #1530, #1050 ) ;
#608 = ADVANCED_FACE ( 'NONE', ( #869 ), #670, .F. ) ;
#609 = VERTEX_POINT ( 'NONE', #184 ) ;
#610 = DIRECTION ( 'NONE',  ( 0.0000000000000000000, 0.0000000000000000000, 1.000000000000000000 ) ) ;
#611 = FACE_OUTER_BOUND ( 'NONE', #232, .T. ) ;
#612 = FACE_OUTER_BOUND ( 'NONE', #1633, .T. ) ;
#613 = PLANE ( 'NONE',  #804 ) ;
#614 = VERTEX_POINT ( 'NONE', #810 ) ;
#615 = VERTEX_POINT ( 'NONE', #1199 ) ;
#616 = APPLICATION_PROTOCOL_DEFINITION ( 'draft international standard', 'automotive_design', 1998, #1643 ) ;
#617 = DIRECTION ( 'NONE',  ( -0.0000000000000000000, -0.0000000000000000000, -1.000000000000000000 ) ) ;
#618 = CARTESIAN_POINT ( 'NONE',  ( -1.099999999999999900, 0.8499999999999999800, 1.100000000000000100 ) ) ;
#619 = EDGE_LOOP ( 'NONE', ( #1630, #1202, #1618, #733 ) ) ;
#620 = DIRECTION ( 'NONE',  ( 1.000000000000000000, 0.0000000000000000000, 0.0000000000000000000 ) ) ;
#621 = AXIS2_PLACEMENT_3D ( 'NONE', #675, #1180, #1574 ) ;
#622 = VERTEX_POINT ( 'NONE', #1091 ) ;
#623 = EDGE_CURVE ( 'NONE', #584, #272, #823, .T. ) ;
#624 = LINE ( 'NONE', #1585, #314 ) ;
#625 = LINE ( 'NONE', #1482, #673 ) ;
#626 = EDGE_CURVE ( 'NONE', #401, #1114, #45, .T. ) ;
#627 = ORIENTED_EDGE ( 'NONE', *, *, #782, .F. ) ;
#628 = ORIENTED_EDGE ( 'NONE', *, *, #19, .F. ) ;
#629 = VERTEX_POINT ( 'NONE', #179 ) ;
#630 = AXIS2_PLACEMENT_3D ( 'NONE', #471, #603, #354 ) ;
#631 = CARTESIAN_POINT ( 'NONE',  ( 1.676327311895215800, 0.3416850257881338100, 0.2000000000000000100 ) ) ;
#632 = LINE ( 'NONE', #550, #1288 ) ;
#633 = VERTEX_POINT ( 'NONE', #408 ) ;
#634 = CARTESIAN_POINT ( 'NONE',  ( 0.0000000000000000000, 2.839999999999999900, 0.03279980888824193100 ) ) ;
#635 = EDGE_CURVE ( 'NONE', #1393, #165, #343, .T. ) ;
#636 = DIRECTION ( 'NONE',  ( 0.1391731009600657400, 0.9902680687415703600, 0.0000000000000000000 ) ) ;
#637 = ORIENTED_EDGE ( 'NONE', *, *, #374, .T. ) ;
#638 = FACE_OUTER_BOUND ( 'NONE', #531, .T. ) ;
#639 = AXIS2_PLACEMENT_3D ( 'NONE', #865, #998, #98 ) ;
#640 = VERTEX_POINT ( 'NONE', #973 ) ;
#641 = AXIS2_PLACEMENT_3D ( 'NONE', #1624, #75, #858 ) ;
#642 = EDGE_LOOP ( 'NONE', ( #1031, #1183, #1163, #1262, #1178 ) ) ;
#643 = PRESENTATION_STYLE_ASSIGNMENT (( #117 ) ) ;
#644 = CARTESIAN_POINT ( 'NONE',  ( 0.0000000000000000000, 1.949999999999993500, -0.9000000000000000200 ) ) ;
#645 = CIRCLE ( 'NONE', #832, 0.7957733694868243100 ) ;
#646 = VECTOR ( 'NONE', #846, 1000.000000000000000 ) ;
#647 = CARTESIAN_POINT ( 'NONE',  ( 2.100000000000000100, 0.1889591601199718500, 0.2000000000000000100 ) ) ;
#648 = EDGE_CURVE ( 'NONE', #761, #622, #1538, .T. ) ;
#649 = CARTESIAN_POINT ( 'NONE',  ( 0.0000000000000000000, 2.839999999999999900, 0.0000000000000000000 ) ) ;
#650 = ORIENTED_EDGE ( 'NONE', *, *, #1170, .T. ) ;
#651 = VERTEX_POINT ( 'NONE', #302 ) ;
#652 = VECTOR ( 'NONE', #1002, 1000.000000000000000 ) ;
#653 = FACE_OUTER_BOUND ( 'NONE', #368, .T. ) ;
#654 = ORIENTED_EDGE ( 'NONE', *, *, #339, .T. ) ;
#655 = EDGE_LOOP ( 'NONE', ( #1023, #602, #1291, #50 ) ) ;
#656 = VECTOR ( 'NONE', #566, 1000.000000000000000 ) ;
#657 = DIRECTION ( 'NONE',  ( -0.0000000000000000000, 0.0000000000000000000, 1.000000000000000000 ) ) ;
#658 = ORIENTED_EDGE ( 'NONE', *, *, #648, .F. ) ;
#659 = DIRECTION ( 'NONE',  ( 0.0000000000000000000, 0.0000000000000000000, 1.000000000000000000 ) ) ;
#660 = LINE ( 'NONE', #143, #1073 ) ;
#661 = ORIENTED_EDGE ( 'NONE', *, *, #22, .F. ) ;
#662 = PLANE ( 'NONE',  #686 ) ;
#663 = CARTESIAN_POINT ( 'NONE',  ( -0.1999999999999997300, 1.649999999999999900, 1.149999999999999900 ) ) ;
#664 = AXIS2_PLACEMENT_3D ( 'NONE', #939, #817, #428 ) ;
#665 = CARTESIAN_POINT ( 'NONE',  ( 0.02272802044667398100, 0.2162426698526764600, -0.2000000000000000100 ) ) ;
#666 = EDGE_CURVE ( 'NONE', #776, #917, #1273, .T. ) ;
#667 = CARTESIAN_POINT ( 'NONE',  ( -0.2840833882125417000, 0.8499999999999999800, -1.149999999999999900 ) ) ;
#668 = CARTESIAN_POINT ( 'NONE',  ( 0.04258842846752879100, 0.4052018299726498100, 0.2000000000000000100 ) ) ;
#669 = PLANE ( 'NONE',  #151 ) ;
#670 = PLANE ( 'NONE',  #194 ) ;
#671 = ORIENTED_EDGE ( 'NONE', *, *, #545, .F. ) ;
#672 = DIRECTION ( 'NONE',  ( -0.0000000000000000000, -0.0000000000000000000, -1.000000000000000000 ) ) ;
#673 = VECTOR ( 'NONE', #1604, 1000.000000000000100 ) ;
#674 = EDGE_LOOP ( 'NONE', ( #1468, #592, #1285, #884 ) ) ;
#675 = CARTESIAN_POINT ( 'NONE',  ( -1.347749651583897600, 0.7249999999999996400, 0.2500000000000000000 ) ) ;
#676 = DIRECTION ( 'NONE',  ( 0.0000000000000000000, 0.0000000000000000000, 1.000000000000000000 ) ) ;
#677 = EDGE_CURVE ( 'NONE', #990, #118, #376, .T. ) ;
#678 = VERTEX_POINT ( 'NONE', #549 ) ;
#679 = FACE_OUTER_BOUND ( 'NONE', #962, .T. ) ;
#680 = DIRECTION ( 'NONE',  ( 0.0000000000000000000, -1.000000000000000000, 0.0000000000000000000 ) ) ;
#681 = PLANE ( 'NONE',  #664 ) ;
#682 = CIRCLE ( 'NONE', #1392, 0.9000000000000000200 ) ;
#683 = DIRECTION ( 'NONE',  ( 1.000000000000000000, 0.0000000000000000000, 0.0000000000000000000 ) ) ;
#684 = FACE_OUTER_BOUND ( 'NONE', #847, .T. ) ;
#685 = EDGE_LOOP ( 'NONE', ( #407, #1151, #362, #488 ) ) ;
#686 = AXIS2_PLACEMENT_3D ( 'NONE', #932, #414, #1185 ) ;
#687 = PLANE ( 'NONE',  #1041 ) ;
#688 = CARTESIAN_POINT ( 'NONE',  ( 2.057411571532471700, -0.2162426698526781500, -0.2000000000000000100 ) ) ;
#689 = CARTESIAN_POINT ( 'NONE',  ( -1.099999999999999900, 0.8499999999999999800, 1.100000000000000100 ) ) ;
#690 = ORIENTED_EDGE ( 'NONE', *, *, #1397, .F. ) ;
#691 = EDGE_LOOP ( 'NONE', ( #257, #757, #1636, #1344, #152 ) ) ;
#692 = CARTESIAN_POINT ( 'NONE',  ( 1.244871351386758200, 0.1749552588209888600, 0.2000000000000000100 ) ) ;
#693 = DIRECTION ( 'NONE',  ( 0.03489949670250414000, -0.9993908270190955400, 0.0000000000000000000 ) ) ;
#694 = LINE ( 'NONE', #417, #238 ) ;
#695 = ORIENTED_EDGE ( 'NONE', *, *, #1628, .F. ) ;
#696 = DIRECTION ( 'NONE',  ( -0.0000000000000000000, 0.0000000000000000000, 1.000000000000000000 ) ) ;
#697 = ORIENTED_EDGE ( 'NONE', *, *, #1447, .F. ) ;
#698 = AXIS2_PLACEMENT_3D ( 'NONE', #56, #828, #803 ) ;
#699 = CARTESIAN_POINT ( 'NONE',  ( -0.2000000000000003400, 1.649999999999999900, -1.149999999999999900 ) ) ;
#700 = LINE ( 'NONE', #1040, #911 ) ;
#701 = EDGE_CURVE ( 'NONE', #394, #822, #1634, .T. ) ;
#702 = ORIENTED_EDGE ( 'NONE', *, *, #19, .T. ) ;
#703 = PLANE ( 'NONE',  #390 ) ;
#704 = EDGE_CURVE ( 'NONE', #481, #1536, #727, .T. ) ;
#705 = ADVANCED_FACE ( 'NONE', ( #393 ), #818, .T. ) ;
#706 = VECTOR ( 'NONE', #1215, 1000.000000000000000 ) ;
#707 = CARTESIAN_POINT ( 'NONE',  ( 0.1956295201467582700, 1.691582338163553100, -1.149999999999999900 ) ) ;
#708 = VERTEX_POINT ( 'NONE', #1587 ) ;
#709 = EDGE_LOOP ( 'NONE', ( #1113, #1132, #453, #851, #1383, #1005, #141, #1398 ) ) ;
#710 = CARTESIAN_POINT ( 'NONE',  ( 1.472673504961285400, 0.7293624370878126800, -0.2000000000000000100 ) ) ;
#711 = DIRECTION ( 'NONE',  ( -0.0000000000000000000, -0.0000000000000000000, -1.000000000000000000 ) ) ;
#712 = PRESENTATION_LAYER_ASSIGNMENT (  '', '', ( #529 ) ) ;
#713 = CARTESIAN_POINT ( 'NONE',  ( -0.2016111702333001100, 1.634670739202559900, 1.039721719345929600 ) ) ;
#714 = EDGE_CURVE ( 'NONE', #1141, #1469, #9, .T. ) ;
#715 = ORIENTED_EDGE ( 'NONE', *, *, #1529, .T. ) ;
#716 = DIRECTION ( 'NONE',  ( -0.0000000000000000000, -0.0000000000000000000, -1.000000000000000000 ) ) ;
#717 = VECTOR ( 'NONE', #318, 1000.000000000000000 ) ;
#718 = DIRECTION ( 'NONE',  ( 0.0000000000000000000, 0.0000000000000000000, 1.000000000000000000 ) ) ;
#719 = DIRECTION ( 'NONE',  ( 0.0000000000000000000, -0.9902680687415702500, 0.1391731009600657400 ) ) ;
#720 = DIRECTION ( 'NONE',  ( -0.0000000000000000000, -0.0000000000000000000, -1.000000000000000000 ) ) ;
#721 = LINE ( 'NONE', #802, #908 ) ;
#722 = PLANE ( 'NONE',  #777 ) ;
#723 = CARTESIAN_POINT ( 'NONE',  ( -1.150000000000000100, 0.8499999999999999800, 1.150000000000000100 ) ) ;
#724 = ADVANCED_FACE ( 'NONE', ( #679 ), #934, .T. ) ;
#725 =( NAMED_UNIT ( * ) PLANE_ANGLE_UNIT ( ) SI_UNIT ( $, .RADIAN. ) );
#726 = ORIENTED_EDGE ( 'NONE', *, *, #468, .T. ) ;
#727 = LINE ( 'NONE', #960, #1209 ) ;
#728 =( NAMED_UNIT ( * ) PLANE_ANGLE_UNIT ( ) SI_UNIT ( $, .RADIAN. ) );
#729 =( GEOMETRIC_REPRESENTATION_CONTEXT ( 3 ) GLOBAL_UNCERTAINTY_ASSIGNED_CONTEXT ( ( #150 ) ) GLOBAL_UNIT_ASSIGNED_CONTEXT ( ( #335, #1622, #735 ) ) REPRESENTATION_CONTEXT ( 'NONE', 'WORKASPACE' ) );
#730 = FACE_OUTER_BOUND ( 'NONE', #788, .T. ) ;
#731 = DIRECTION ( 'NONE',  ( 1.000000000000000000, 0.0000000000000000000, 0.0000000000000000000 ) ) ;
#732 = COLOUR_RGB ( '',0.7921568627450980000, 0.8196078431372548800, 0.9333333333333333500 ) ;
#733 = ORIENTED_EDGE ( 'NONE', *, *, #1316, .T. ) ;
#734 = CARTESIAN_POINT ( 'NONE',  ( 1.347749651583897600, 0.7249999999999996400, -0.2000000000000000100 ) ) ;
#735 =( NAMED_UNIT ( * ) SI_UNIT ( $, .STERADIAN. ) SOLID_ANGLE_UNIT ( ) );
#736 = ADVANCED_FACE ( 'NONE', ( #1304 ), #65, .F. ) ;
#737 = CARTESIAN_POINT ( 'NONE',  ( 1.099999999999999900, 0.8499999999999999800, -1.099999999999999900 ) ) ;
#738 = AXIS2_PLACEMENT_3D ( 'NONE', #921, #1623, #1535 ) ;
#739 = CARTESIAN_POINT ( 'NONE',  ( -0.02272802044667398100, 0.2162426698526764600, 0.2500000000000000000 ) ) ;
#740 = EDGE_CURVE ( 'NONE', #640, #481, #140, .T. ) ;
#741 = ORIENTED_EDGE ( 'NONE', *, *, #1112, .T. ) ;
#742 = LINE ( 'NONE', #1213, #35 ) ;
#743 = ORIENTED_EDGE ( 'NONE', *, *, #195, .T. ) ;
#744 = DIRECTION ( 'NONE',  ( -0.0000000000000000000, 0.0000000000000000000, 1.000000000000000000 ) ) ;
#745 = CARTESIAN_POINT ( 'NONE',  ( -1.244871351386758200, 0.1749552588209888600, 0.2500000000000000000 ) ) ;
#746 = AXIS2_PLACEMENT_3D ( 'NONE', #649, #1047, #285 ) ;
#747 = ORIENTED_EDGE ( 'NONE', *, *, #440, .T. ) ;
#748 = ORIENTED_EDGE ( 'NONE', *, *, #560, .F. ) ;
#749 = DIRECTION ( 'NONE',  ( -0.0000000000000000000, -0.0000000000000000000, -1.000000000000000000 ) ) ;
#750 = LINE ( 'NONE', #431, #1465 ) ;
#751 = VECTOR ( 'NONE', #1216, 999.9999999999998900 ) ;
#752 = ORIENTED_EDGE ( 'NONE', *, *, #216, .T. ) ;
#753 = ORIENTED_EDGE ( 'NONE', *, *, #1478, .F. ) ;
#754 = VERTEX_POINT ( 'NONE', #462 ) ;
#755 = VERTEX_POINT ( 'NONE', #1124 ) ;
#756 = CARTESIAN_POINT ( 'NONE',  ( 1.801251165272602900, 0.3460474628759468400, 0.2000000000000000100 ) ) ;
#757 = ORIENTED_EDGE ( 'NONE', *, *, #1346, .F. ) ;
#758 = EDGE_CURVE ( 'NONE', #26, #1583, #1000, .T. ) ;
#759 = PRESENTATION_STYLE_ASSIGNMENT (( #604 ) ) ;
#760 = LINE ( 'NONE', #260, #1029 ) ;
#761 = VERTEX_POINT ( 'NONE', #1377 ) ;
#762 = ORIENTED_EDGE ( 'NONE', *, *, #440, .F. ) ;
#763 = ORIENTED_EDGE ( 'NONE', *, *, #524, .F. ) ;
#764 = VECTOR ( 'NONE', #315, 1000.000000000000000 ) ;
#765 = EDGE_LOOP ( 'NONE', ( #227, #564 ) ) ;
#766 = VECTOR ( 'NONE', #1198, 1000.000000000000100 ) ;
#767 = ORIENTED_EDGE ( 'NONE', *, *, #782, .T. ) ;
#768 = EDGE_CURVE ( 'NONE', #516, #391, #1092, .T. ) ;
#769 = VECTOR ( 'NONE', #1131, 1000.000000000000100 ) ;
#770 = VECTOR ( 'NONE', #1476, 1000.000000000000000 ) ;
#771 = ORIENTED_EDGE ( 'NONE', *, *, #1389, .F. ) ;
#772 = CARTESIAN_POINT ( 'NONE',  ( -1.123297241406546100, 1.039999999999999600, 0.2500000000000000000 ) ) ;
#773 = ORIENTED_EDGE ( 'NONE', *, *, #979, .T. ) ;
#774 = LINE ( 'NONE', #971, #1169 ) ;
#775 = LINE ( 'NONE', #1194, #1542 ) ;
#776 = VERTEX_POINT ( 'NONE', #1632 ) ;
#777 = AXIS2_PLACEMENT_3D ( 'NONE', #1117, #862, #599 ) ;
#778 = DIRECTION ( 'NONE',  ( -0.9945218953682732900, 0.1045284632676547100, 0.0000000000000000000 ) ) ;
#779 = ORIENTED_EDGE ( 'NONE', *, *, #1056, .F. ) ;
#780 = EDGE_CURVE ( 'NONE', #609, #1539, #185, .T. ) ;
#781 = ORIENTED_EDGE ( 'NONE', *, *, #920, .T. ) ;
#782 = EDGE_CURVE ( 'NONE', #1226, #567, #583, .T. ) ;
#783 = CARTESIAN_POINT ( 'NONE',  ( 0.0000000000000000000, 1.649999999999999900, 0.0000000000000000000 ) ) ;
#784 = ORIENTED_EDGE ( 'NONE', *, *, #5, .T. ) ;
#785 = CARTESIAN_POINT ( 'NONE',  ( -1.109489226908222800, 1.138249128287609000, 1.380783418508088700 ) ) ;
#786 = AXIS2_PLACEMENT_3D ( 'NONE', #66, #716, #977 ) ;
#787 = DIRECTION ( 'NONE',  ( 0.0000000000000000000, 1.000000000000000000, 0.0000000000000000000 ) ) ;
#788 = EDGE_LOOP ( 'NONE', ( #511, #741, #82, #234 ) ) ;
#789 = LINE ( 'NONE', #204, #814 ) ;
#790 = ADVANCED_FACE ( 'NONE', ( #1370 ), #241, .T. ) ;
#791 = FACE_OUTER_BOUND ( 'NONE', #1568, .T. ) ;
#792 = CARTESIAN_POINT ( 'NONE',  ( 1.347749651583897600, 1.039999999999999600, 0.2000000000000000100 ) ) ;
#793 = FACE_OUTER_BOUND ( 'NONE', #944, .T. ) ;
#794 = EDGE_CURVE ( 'NONE', #107, #481, #1399, .T. ) ;
#795 = VERTEX_POINT ( 'NONE', #1646 ) ;
#796 = ORIENTED_EDGE ( 'NONE', *, *, #1661, .F. ) ;
#797 = CARTESIAN_POINT ( 'NONE',  ( 1.347749651583897600, 0.7249999999999996400, 0.2000000000000000100 ) ) ;
#798 = DIRECTION ( 'NONE',  ( 0.0000000000000000000, -0.0000000000000000000, -1.000000000000000000 ) ) ;
#799 = DIRECTION ( 'NONE',  ( 0.0000000000000000000, 0.0000000000000000000, 1.000000000000000000 ) ) ;
#800 = FACE_OUTER_BOUND ( 'NONE', #868, .T. ) ;
#801 = CLOSED_SHELL ( 'NONE', ( #345, #975, #1224, #1455, #208, #160, #590, #1546, #474, #222, #948, #1577, #72, #809, #860, #927, #1570, #1187, #936, #1101, #968, #54, #1426, #1253, #1612, #724, #1556 ) ) ;
#802 = CARTESIAN_POINT ( 'NONE',  ( -2.057411571532471700, -0.2162426698526781500, 0.2500000000000000000 ) ) ;
#803 = DIRECTION ( 'NONE',  ( -2.592657368987075900E-016, 0.0000000000000000000, -1.000000000000000000 ) ) ;
#804 = AXIS2_PLACEMENT_3D ( 'NONE', #739, #1375, #874 ) ;
#805 = DIRECTION ( 'NONE',  ( -0.0000000000000000000, -1.000000000000000000, -0.0000000000000000000 ) ) ;
#806 = AXIS2_PLACEMENT_3D ( 'NONE', #570, #835, #1360 ) ;
#807 = EDGE_CURVE ( 'NONE', #1119, #1025, #1502, .T. ) ;
#808 = DIRECTION ( 'NONE',  ( -1.000000000000000000, 0.0000000000000000000, 0.0000000000000000000 ) ) ;
#809 = ADVANCED_FACE ( 'NONE', ( #1327 ), #1368, .T. ) ;
#810 = CARTESIAN_POINT ( 'NONE',  ( -1.150000000000000400, 0.8500000000000000900, 0.2500000000000000000 ) ) ;
#811 = CARTESIAN_POINT ( 'NONE',  ( 0.9875673322380867900, 0.04999999999999991300, 0.9875673322380863500 ) ) ;
#812 = ORIENTED_EDGE ( 'NONE', *, *, #89, .T. ) ;
#813 = LINE ( 'NONE', #745, #769 ) ;
#814 = VECTOR ( 'NONE', #585, 1000.000000000000000 ) ;
#815 = CARTESIAN_POINT ( 'NONE',  ( 0.0000000000000000000, 0.0000000000000000000, 0.0000000000000000000 ) ) ;
#816 = VECTOR ( 'NONE', #278, 1000.000000000000000 ) ;
#817 = DIRECTION ( 'NONE',  ( 0.9945218953682730700, 0.1045284632676571500, -0.0000000000000000000 ) ) ;
#818 = PLANE ( 'NONE',  #466 ) ;
#819 = CARTESIAN_POINT ( 'NONE',  ( -0.2000000000000003400, 0.8499999999999999800, -1.149999999999999900 ) ) ;
#820 = MANIFOLD_SOLID_BREP ( 'Housing', #801 ) ;
#821 = EDGE_CURVE ( 'NONE', #1239, #401, #1034, .T. ) ;
#822 = VERTEX_POINT ( 'NONE', #469 ) ;
#823 = CIRCLE ( 'NONE', #1506, 0.3150000000000001700 ) ;
#824 = CARTESIAN_POINT ( 'NONE',  ( 1.496318701486733800, 0.05225260046081427900, -0.2000000000000000100 ) ) ;
#825 = ORIENTED_EDGE ( 'NONE', *, *, #1600, .F. ) ;
#826 = DIRECTION ( 'NONE',  ( -0.1378445374916289200, -0.9808148484639889200, -0.1378445374916289200 ) ) ;
#827 = LINE ( 'NONE', #60, #13 ) ;
#828 = DIRECTION ( 'NONE',  ( -0.9945218953682730700, 0.1045284632676571300, 2.578454520645546700E-016 ) ) ;
#829 = LINE ( 'NONE', #1065, #413 ) ;
#830 = CARTESIAN_POINT ( 'NONE',  ( -0.1686519635333575700, 1.948256643867861900, -0.9956500945533632900 ) ) ;
#831 = VERTEX_POINT ( 'NONE', #1261 ) ;
#832 = AXIS2_PLACEMENT_3D ( 'NONE', #1303, #1423, #659 ) ;
#833 = ORIENTED_EDGE ( 'NONE', *, *, #704, .T. ) ;
#834 = CARTESIAN_POINT ( 'NONE',  ( -1.150000000000000100, 0.8499999999999999800, 1.150000000000000100 ) ) ;
#835 = DIRECTION ( 'NONE',  ( 9.760461740660320000E-017, -0.1391731009600657400, 0.9902680687415703600 ) ) ;
#836 = DIRECTION ( 'NONE',  ( -0.0000000000000000000, -0.0000000000000000000, -1.000000000000000000 ) ) ;
#837 = VERTEX_POINT ( 'NONE', #901 ) ;
#838 = ORIENTED_EDGE ( 'NONE', *, *, #1509, .F. ) ;
#839 = CARTESIAN_POINT ( 'NONE',  ( -1.037567332238086700, 1.649999999999999900, 0.0000000000000000000 ) ) ;
#840 =( NAMED_UNIT ( * ) PLANE_ANGLE_UNIT ( ) SI_UNIT ( $, .RADIAN. ) );
#841 = ORIENTED_EDGE ( 'NONE', *, *, #1233, .F. ) ;
#842 = DIRECTION ( 'NONE',  ( -0.1035221542882125400, 0.9849475049842806300, 0.1384253444885289700 ) ) ;
#843 = DIRECTION ( 'NONE',  ( 1.971276677246372000E-016, -0.0000000000000000000, 1.000000000000000000 ) ) ;
#844 = PRODUCT ( 'VSMY2940G', 'VSMY2940G', '', ( #1487 ) ) ;
#845 = FACE_OUTER_BOUND ( 'NONE', #8, .T. ) ;
#846 = DIRECTION ( 'NONE',  ( 1.000000000000000000, 0.0000000000000000000, 0.0000000000000000000 ) ) ;
#847 = EDGE_LOOP ( 'NONE', ( #113, #1521, #348, #97 ) ) ;
#848 = CARTESIAN_POINT ( 'NONE',  ( -1.472673504961285400, 0.7293624370878126800, 0.2500000000000000000 ) ) ;
#849 = PRODUCT_DEFINITION_FORMATION_WITH_SPECIFIED_SOURCE ( 'ANY', '', #844, .NOT_KNOWN. ) ;
#850 = FACE_OUTER_BOUND ( 'NONE', #61, .T. ) ;
#851 = ORIENTED_EDGE ( 'NONE', *, *, #169, .F. ) ;
#852 = EDGE_CURVE ( 'NONE', #1469, #640, #515, .T. ) ;
#853 = ORIENTED_EDGE ( 'NONE', *, *, #339, .F. ) ;
#854 = EDGE_CURVE ( 'NONE', #990, #584, #1286, .T. ) ;
#855 = DIRECTION ( 'NONE',  ( 0.0000000000000000000, 0.0000000000000000000, -1.000000000000000000 ) ) ;
#856 = LINE ( 'NONE', #688, #1258 ) ;
#857 = SURFACE_SIDE_STYLE ('',( #1452 ) ) ;
#858 = DIRECTION ( 'NONE',  ( 1.000000000000000000, 0.0000000000000000000, 0.0000000000000000000 ) ) ;
#859 = LINE ( 'NONE', #81, #504 ) ;
#860 = ADVANCED_FACE ( 'NONE', ( #1613 ), #1281, .T. ) ;
#861 = FILL_AREA_STYLE ('',( #83 ) ) ;
#862 = DIRECTION ( 'NONE',  ( 0.0000000000000000000, -1.000000000000000000, 0.0000000000000000000 ) ) ;
#863 = CARTESIAN_POINT ( 'NONE',  ( -1.472673504961285400, 0.7293624370878126800, 0.2500000000000000000 ) ) ;
#864 = EDGE_CURVE ( 'NONE', #497, #1128, #607, .T. ) ;
#865 = CARTESIAN_POINT ( 'NONE',  ( -1.801251165272602900, 0.3460474628759468400, -0.2500000000000000000 ) ) ;
#866 = DIRECTION ( 'NONE',  ( -0.1378445374916289200, -0.9808148484639889200, 0.1378445374916289200 ) ) ;
#867 = DIRECTION ( 'NONE',  ( -0.1045284632676571500, 0.9945218953682730700, -0.0000000000000000000 ) ) ;
#868 = EDGE_LOOP ( 'NONE', ( #796, #1591, #472, #1260 ) ) ;
#869 = FACE_OUTER_BOUND ( 'NONE', #1459, .T. ) ;
#870 = LINE ( 'NONE', #455, #770 ) ;
#871 = ORIENTED_EDGE ( 'NONE', *, *, #704, .F. ) ;
#872 = VECTOR ( 'NONE', #1075, 1000.000000000000100 ) ;
#873 = ORIENTED_EDGE ( 'NONE', *, *, #1280, .F. ) ;
#874 = DIRECTION ( 'NONE',  ( -0.9945218953682732900, -0.1045284632676546800, 0.0000000000000000000 ) ) ;
#875 = LINE ( 'NONE', #915, #229 ) ;
#876 = VECTOR ( 'NONE', #1567, 1000.000000000000100 ) ;
#877 = CARTESIAN_POINT ( 'NONE',  ( -1.100000000000000300, 0.8499999999999999800, -1.099999999999999600 ) ) ;
#878 = DIRECTION ( 'NONE',  ( 1.000000000000000000, 0.0000000000000000000, 0.0000000000000000000 ) ) ;
#879 = DIRECTION ( 'NONE',  ( -0.0000000000000000000, -0.0000000000000000000, -1.000000000000000000 ) ) ;
#880 = UNCERTAINTY_MEASURE_WITH_UNIT (LENGTH_MEASURE( 1.000000000000000100E-005 ), #595, 'distance_accuracy_value', 'NONE');
#881 = EDGE_LOOP ( 'NONE', ( #988, #763, #1028, #211 ) ) ;
#882 = AXIS2_PLACEMENT_3D ( 'NONE', #99, #1267, #610 ) ;
#883 = ORIENTED_EDGE ( 'NONE', *, *, #1123, .T. ) ;
#884 = ORIENTED_EDGE ( 'NONE', *, *, #1555, .T. ) ;
#885 = EDGE_CURVE ( 'NONE', #1657, #992, #363, .T. ) ;
#886 = EDGE_CURVE ( 'NONE', #945, #615, #1070, .T. ) ;
#887 = EDGE_LOOP ( 'NONE', ( #1649, #771, #486, #279 ) ) ;
#888 = VECTOR ( 'NONE', #1528, 1000.000000000000200 ) ;
#889 = DIRECTION ( 'NONE',  ( 0.0000000000000000000, -1.000000000000000000, 0.0000000000000000000 ) ) ;
#890 = ORIENTED_EDGE ( 'NONE', *, *, #292, .T. ) ;
#891 = VECTOR ( 'NONE', #10, 1000.000000000000000 ) ;
#892 = AXIS2_PLACEMENT_3D ( 'NONE', #952, #1061, #30 ) ;
#893 = CLOSED_SHELL ( 'NONE', ( #435, #736, #415, #1477, #705, #44, #395, #521, #29, #1419, #404, #608, #1312, #1048 ) ) ;
#894 = LINE ( 'NONE', #119, #256 ) ;
#895 = EDGE_LOOP ( 'NONE', ( #702, #1421, #43, #1550 ) ) ;
#896 = PLANE ( 'NONE',  #484 ) ;
#897 = LINE ( 'NONE', #418, #1153 ) ;
#898 = EDGE_CURVE ( 'NONE', #1336, #505, #961, .T. ) ;
#899 = PRESENTATION_STYLE_ASSIGNMENT (( #1340 ) ) ;
#900 = ORIENTED_EDGE ( 'NONE', *, *, #807, .F. ) ;
#901 = CARTESIAN_POINT ( 'NONE',  ( 0.2840833882125412000, 0.8499999999999999800, -1.150000000000000100 ) ) ;
#902 = CARTESIAN_POINT ( 'NONE',  ( 1.486443054761588100, 0.3350541214146580100, 0.2000000000000000100 ) ) ;
#903 = DIRECTION ( 'NONE',  ( 0.0000000000000000000, -0.0000000000000000000, -1.000000000000000000 ) ) ;
#904 = AXIS2_PLACEMENT_3D ( 'NONE', #1355, #1217, #719 ) ;
#905 = AXIS2_PLACEMENT_3D ( 'NONE', #815, #718, #86 ) ;
#906 = EDGE_CURVE ( 'NONE', #1173, #1493, #700, .T. ) ;
#907 = VECTOR ( 'NONE', #1644, 1000.000000000000000 ) ;
#908 = VECTOR ( 'NONE', #1430, 1000.000000000000100 ) ;
#909 = DIRECTION ( 'NONE',  ( -0.1391731009600657400, 0.9902680687415702500, 0.0000000000000000000 ) ) ;
#910 = ORIENTED_EDGE ( 'NONE', *, *, #1150, .T. ) ;
#911 = VECTOR ( 'NONE', #248, 1000.000000000000000 ) ;
#912 = ORIENTED_EDGE ( 'NONE', *, *, #1305, .F. ) ;
#913 = VECTOR ( 'NONE', #52, 999.9999999999998900 ) ;
#914 = AXIS2_PLACEMENT_3D ( 'NONE', #996, #205, #460 ) ;
#915 = CARTESIAN_POINT ( 'NONE',  ( 2.100000000000000100, 0.1889591601199718500, 0.2000000000000000100 ) ) ;
#916 = LINE ( 'NONE', #839, #1402 ) ;
#917 = VERTEX_POINT ( 'NONE', #634 ) ;
#918 = VERTEX_POINT ( 'NONE', #1275 ) ;
#919 = ORIENTED_EDGE ( 'NONE', *, *, #1491, .T. ) ;
#920 = EDGE_CURVE ( 'NONE', #831, #385, #534, .T. ) ;
#921 = CARTESIAN_POINT ( 'NONE',  ( 0.04258842846752879100, 0.4052018299726498100, 0.2000000000000000100 ) ) ;
#922 = CARTESIAN_POINT ( 'NONE',  ( 0.2016111702333006900, 1.634670739202559000, 1.039721719345929800 ) ) ;
#923 = AXIS2_PLACEMENT_3D ( 'NONE', #224, #1382, #1642 ) ;
#924 = ORIENTED_EDGE ( 'NONE', *, *, #1435, .F. ) ;
#925 = ORIENTED_EDGE ( 'NONE', *, *, #1170, .F. ) ;
#926 = DIRECTION ( 'NONE',  ( 0.0000000000000000000, 0.0000000000000000000, 1.000000000000000000 ) ) ;
#927 = ADVANCED_FACE ( 'NONE', ( #209, #1184 ), #12, .T. ) ;
#928 = VERTEX_POINT ( 'NONE', #255 ) ;
#929 = LINE ( 'NONE', #1593, #652 ) ;
#930 = COLOUR_RGB ( '',0.7921568627450980000, 0.8196078431372548800, 0.9333333333333333500 ) ;
#931 = CARTESIAN_POINT ( 'NONE',  ( -1.347749651583897600, 0.8499999999999999800, 0.2500000000000000000 ) ) ;
#932 = CARTESIAN_POINT ( 'NONE',  ( -1.244871351386758200, 0.1749552588209888600, 0.2500000000000000000 ) ) ;
#933 = VERTEX_POINT ( 'NONE', #1388 ) ;
#934 = TOROIDAL_SURFACE ( 'NONE', #882, 0.03279980888824193100, 0.8000000000000000400 ) ;
#935 = ORIENTED_EDGE ( 'NONE', *, *, #1639, .T. ) ;
#936 = ADVANCED_FACE ( 'NONE', ( #850 ), #896, .T. ) ;
#937 = DIRECTION ( 'NONE',  ( 0.0000000000000000000, 0.1391731009600657400, -0.9902680687415702500 ) ) ;
#938 = DIRECTION ( 'NONE',  ( 0.03489949670250414000, -0.9993908270190955400, 0.0000000000000000000 ) ) ;
#939 = CARTESIAN_POINT ( 'NONE',  ( 0.2000000000000003400, 1.649999999999972600, 1.149999999999999900 ) ) ;
#940 = LINE ( 'NONE', #922, #366 ) ;
#941 = AXIS2_PLACEMENT_3D ( 'NONE', #337, #200, #986 ) ;
#942 = CARTESIAN_POINT ( 'NONE',  ( -0.1999999999999997300, 1.649999999999999900, 1.149999999999999900 ) ) ;
#943 = MECHANICAL_DESIGN_GEOMETRIC_PRESENTATION_REPRESENTATION (  '', ( #1627 ), #1434 ) ;
#944 = EDGE_LOOP ( 'NONE', ( #18, #499, #147, #350 ) ) ;
#945 = VERTEX_POINT ( 'NONE', #1142 ) ;
#946 = EDGE_CURVE ( 'NONE', #1514, #1043, #894, .T. ) ;
#947 = DIRECTION ( 'NONE',  ( 0.0000000000000000000, 0.0000000000000000000, -1.000000000000000000 ) ) ;
#948 = ADVANCED_FACE ( 'NONE', ( #1559 ), #121, .T. ) ;
#949 = CARTESIAN_POINT ( 'NONE',  ( -0.1999999999999972400, 1.649999999999999900, -1.037567332238086700 ) ) ;
#950 = DIRECTION ( 'NONE',  ( 1.000000000000000000, 0.0000000000000000000, 0.0000000000000000000 ) ) ;
#951 = CARTESIAN_POINT ( 'NONE',  ( 1.102182119232617800E-016, 2.839999999999999900, 0.9000000000000000200 ) ) ;
#952 = CARTESIAN_POINT ( 'NONE',  ( 1.347749651583897600, 0.7249999999999996400, 0.2000000000000000100 ) ) ;
#953 = FACE_OUTER_BOUND ( 'NONE', #685, .T. ) ;
#954 = DIRECTION ( 'NONE',  ( -1.000000000000000000, -0.0000000000000000000, -0.0000000000000000000 ) ) ;
#955 = DIRECTION ( 'NONE',  ( 0.0000000000000000000, 0.0000000000000000000, -1.000000000000000000 ) ) ;
#956 = ORIENTED_EDGE ( 'NONE', *, *, #979, .F. ) ;
#957 = EDGE_CURVE ( 'NONE', #254, #1583, #1238, .T. ) ;
#958 = DIRECTION ( 'NONE',  ( -1.000000000000000000, 0.0000000000000000000, 9.856383386231857600E-017 ) ) ;
#959 = EDGE_LOOP ( 'NONE', ( #900, #139, #1449, #695 ) ) ;
#960 = CARTESIAN_POINT ( 'NONE',  ( -0.02272802044667398100, 0.2162426698526764600, -0.2500000000000000000 ) ) ;
#961 = CIRCLE ( 'NONE', #1376, 0.1250000000000005600 ) ;
#962 = EDGE_LOOP ( 'NONE', ( #1543, #24, #1603, #1032 ) ) ;
#963 = CARTESIAN_POINT ( 'NONE',  ( 2.080139591979145700, -1.626303258728256700E-016, 0.2000000000000000100 ) ) ;
#964 = VECTOR ( 'NONE', #1537, 1000.000000000000000 ) ;
#965 = CYLINDRICAL_SURFACE ( 'NONE', #892, 0.3150000000000001700 ) ;
#966 = ORIENTED_EDGE ( 'NONE', *, *, #442, .T. ) ;
#967 = VERTEX_POINT ( 'NONE', #772 ) ;
#968 = ADVANCED_FACE ( 'NONE', ( #156 ), #124, .T. ) ;
#969 = DIRECTION ( 'NONE',  ( 1.000000000000000000, -1.032573497605241800E-015, 0.0000000000000000000 ) ) ;
#970 = DIRECTION ( 'NONE',  ( -1.000000000000000000, 0.0000000000000000000, 0.0000000000000000000 ) ) ;
#971 = CARTESIAN_POINT ( 'NONE',  ( 1.496318701486733800, 0.05225260046081427900, 0.2000000000000000100 ) ) ;
#972 = DIRECTION ( 'NONE',  ( -0.0000000000000000000, -0.0000000000000000000, -1.000000000000000000 ) ) ;
#973 = CARTESIAN_POINT ( 'NONE',  ( -2.100000000000000100, 0.1889591601199718500, -0.2500000000000000000 ) ) ;
#974 = DIRECTION ( 'NONE',  ( -0.1045284632676554400, -0.9945218953682731800, 0.0000000000000000000 ) ) ;
#975 = ADVANCED_FACE ( 'NONE', ( #730 ), #1276, .T. ) ;
#976 = ORIENTED_EDGE ( 'NONE', *, *, #268, .F. ) ;
#977 = DIRECTION ( 'NONE',  ( -1.000000000000000000, 0.0000000000000000000, 0.0000000000000000000 ) ) ;
#978 = PLANE ( 'NONE',  #1225 ) ;
#979 = EDGE_CURVE ( 'NONE', #982, #243, #410, .T. ) ;
#980 = CARTESIAN_POINT ( 'NONE',  ( 0.0000000000000000000, 1.949999999999993500, 0.0000000000000000000 ) ) ;
#981 = EDGE_CURVE ( 'NONE', #708, #755, #1001, .T. ) ;
#982 = VERTEX_POINT ( 'NONE', #265 ) ;
#983 = VECTOR ( 'NONE', #749, 1000.000000000000000 ) ;
#984 = CARTESIAN_POINT ( 'NONE',  ( -1.347749651583897600, 1.039999999999999600, 0.2500000000000000000 ) ) ;
#985 = ORIENTED_EDGE ( 'NONE', *, *, #1510, .T. ) ;
#986 = DIRECTION ( 'NONE',  ( 0.0000000000000000000, -0.0000000000000000000, -1.000000000000000000 ) ) ;
#987 = VECTOR ( 'NONE', #1589, 1000.000000000000000 ) ;
#988 = ORIENTED_EDGE ( 'NONE', *, *, #22, .T. ) ;
#989 = DIRECTION ( 'NONE',  ( -0.0000000000000000000, -0.0000000000000000000, -1.000000000000000000 ) ) ;
#990 = VERTEX_POINT ( 'NONE', #792 ) ;
#991 = EDGE_CURVE ( 'NONE', #999, #1438, #875, .T. ) ;
#992 = VERTEX_POINT ( 'NONE', #25 ) ;
#993 = DIRECTION ( 'NONE',  ( 1.000000000000000000, 0.0000000000000000000, -9.856383386231858800E-017 ) ) ;
#994 = FACE_OUTER_BOUND ( 'NONE', #207, .T. ) ;
#995 = CIRCLE ( 'NONE', #214, 0.1249999999999998900 ) ;
#996 = CARTESIAN_POINT ( 'NONE',  ( 0.0000000000000000000, 0.8499999999999999800, 0.2000000000000000100 ) ) ;
#997 = EDGE_CURVE ( 'NONE', #918, #822, #301, .T. ) ;
#998 = DIRECTION ( 'NONE',  ( 0.0000000000000000000, -0.0000000000000000000, -1.000000000000000000 ) ) ;
#999 = VERTEX_POINT ( 'NONE', #647 ) ;
#1000 = CIRCLE ( 'NONE', #923, 0.9000000000000000200 ) ;
#1001 = LINE ( 'NONE', #665, #244 ) ;
#1002 = DIRECTION ( 'NONE',  ( 1.000000000000000000, -0.0000000000000000000, -0.0000000000000000000 ) ) ;
#1003 = VECTOR ( 'NONE', #1472, 1000.000000000000100 ) ;
#1004 = DIRECTION ( 'NONE',  ( -0.0000000000000000000, -0.0000000000000000000, -1.000000000000000000 ) ) ;
#1005 = ORIENTED_EDGE ( 'NONE', *, *, #1373, .F. ) ;
#1006 = EDGE_LOOP ( 'NONE', ( #127, #535, #1049, #412 ) ) ;
#1007 = EDGE_CURVE ( 'NONE', #651, #509, #660, .T. ) ;
#1008 = EDGE_CURVE ( 'NONE', #1583, #26, #1116, .T. ) ;
#1009 = FILL_AREA_STYLE_COLOUR ( '', #111 ) ;
#1010 = UNCERTAINTY_MEASURE_WITH_UNIT (LENGTH_MEASURE( 1.000000000000000100E-005 ), #68, 'distance_accuracy_value', 'NONE');
#1011 = ORIENTED_EDGE ( 'NONE', *, *, #1245, .F. ) ;
#1012 = ORIENTED_EDGE ( 'NONE', *, *, #1364, .F. ) ;
#1013 = CARTESIAN_POINT ( 'NONE',  ( 1.100000000000000300, 0.8499999999999999800, 1.099999999999999900 ) ) ;
#1014 = LINE ( 'NONE', #863, #1129 ) ;
#1015 = AXIS2_PLACEMENT_3D ( 'NONE', #1033, #889, #494 ) ;
#1016 = CARTESIAN_POINT ( 'NONE',  ( 0.0000000000000000000, 0.8499999999999999800, 0.2500000000000000000 ) ) ;
#1017 = EDGE_LOOP ( 'NONE', ( #1012, #262, #247, #557 ) ) ;
#1018 = DIRECTION ( 'NONE',  ( 1.000000000000000000, 0.0000000000000000000, 0.0000000000000000000 ) ) ;
#1019 = ORIENTED_EDGE ( 'NONE', *, *, #225, .F. ) ;
#1020 = VECTOR ( 'NONE', #1460, 1000.000000000000000 ) ;
#1021 = EDGE_LOOP ( 'NONE', ( #1427, #571, #873, #1296, #1098, #1059, #1084, #148, #697, #1436, #1547, #747 ) ) ;
#1022 = VECTOR ( 'NONE', #63, 1000.000000000000100 ) ;
#1023 = ORIENTED_EDGE ( 'NONE', *, *, #635, .T. ) ;
#1024 = CARTESIAN_POINT ( 'NONE',  ( 1.347749651583897600, 1.039999999999999600, 0.2000000000000000100 ) ) ;
#1025 = VERTEX_POINT ( 'NONE', #1181 ) ;
#1026 = DIRECTION ( 'NONE',  ( 1.000000000000000000, 0.0000000000000000000, 0.0000000000000000000 ) ) ;
#1027 = EDGE_CURVE ( 'NONE', #1114, #516, #324, .T. ) ;
#1028 = ORIENTED_EDGE ( 'NONE', *, *, #1414, .F. ) ;
#1029 = VECTOR ( 'NONE', #377, 1000.000000000000100 ) ;
#1030 = DIRECTION ( 'NONE',  ( -0.0000000000000000000, -0.0000000000000000000, -1.000000000000000000 ) ) ;
#1031 = ORIENTED_EDGE ( 'NONE', *, *, #864, .F. ) ;
#1032 = ORIENTED_EDGE ( 'NONE', *, *, #666, .F. ) ;
#1033 = CARTESIAN_POINT ( 'NONE',  ( 0.0000000000000000000, 0.8499999999999999800, 0.0000000000000000000 ) ) ;
#1034 = LINE ( 'NONE', #108, #983 ) ;
#1035 = CYLINDRICAL_SURFACE ( 'NONE', #137, 0.9000000000000000200 ) ;
#1036 = EDGE_CURVE ( 'NONE', #520, #1226, #940, .T. ) ;
#1037 = LINE ( 'NONE', #707, #751 ) ;
#1038 = ORIENTED_EDGE ( 'NONE', *, *, #821, .F. ) ;
#1039 = ORIENTED_EDGE ( 'NONE', *, *, #442, .F. ) ;
#1040 = CARTESIAN_POINT ( 'NONE',  ( 0.0000000000000000000, 0.8499999999999999800, 0.2000000000000000100 ) ) ;
#1041 = AXIS2_PLACEMENT_3D ( 'NONE', #1235, #191, #1096 ) ;
#1042 = DIRECTION ( 'NONE',  ( 1.000000000000000000, 0.0000000000000000000, 0.0000000000000000000 ) ) ;
#1043 = VERTEX_POINT ( 'NONE', #1563 ) ;
#1044 = ORIENTED_EDGE ( 'NONE', *, *, #1332, .T. ) ;
#1045 = VERTEX_POINT ( 'NONE', #942 ) ;
#1046 = LINE ( 'NONE', #668, #293 ) ;
#1047 = DIRECTION ( 'NONE',  ( 0.0000000000000000000, -1.000000000000000000, 0.0000000000000000000 ) ) ;
#1048 = ADVANCED_FACE ( 'NONE', ( #611 ), #1289, .F. ) ;
#1049 = ORIENTED_EDGE ( 'NONE', *, *, #216, .F. ) ;
#1050 = VECTOR ( 'NONE', #1526, 1000.000000000000000 ) ;
#1051 = CARTESIAN_POINT ( 'NONE',  ( -1.768324699343291700, 0.03277306583494065500, -0.2500000000000000000 ) ) ;
#1052 = DIRECTION ( 'NONE',  ( -0.03489949670250414000, 0.9993908270190955400, 0.0000000000000000000 ) ) ;
#1053 = ORIENTED_EDGE ( 'NONE', *, *, #768, .T. ) ;
#1054 = AXIS2_PLACEMENT_3D ( 'NONE', #215, #1244, #219 ) ;
#1055 = FACE_OUTER_BOUND ( 'NONE', #539, .T. ) ;
#1056 = EDGE_CURVE ( 'NONE', #615, #945, #645, .T. ) ;
#1057 = ADVANCED_BREP_SHAPE_REPRESENTATION ( 'VSMY2940G', ( #820, #517, #1595, #905 ), #1330 ) ;
#1058 = EDGE_CURVE ( 'NONE', #967, #1657, #1212, .T. ) ;
#1059 = ORIENTED_EDGE ( 'NONE', *, *, #360, .F. ) ;
#1060 = ORIENTED_EDGE ( 'NONE', *, *, #225, .T. ) ;
#1061 = DIRECTION ( 'NONE',  ( -0.0000000000000000000, -0.0000000000000000000, -1.000000000000000000 ) ) ;
#1062 = EDGE_LOOP ( 'NONE', ( #532, #1611, #237, #1243 ) ) ;
#1063 = EDGE_CURVE ( 'NONE', #295, #497, #1357, .T. ) ;
#1064 = FACE_OUTER_BOUND ( 'NONE', #1006, .T. ) ;
#1065 = CARTESIAN_POINT ( 'NONE',  ( -1.496318701486733800, 0.05225260046081427900, 0.2500000000000000000 ) ) ;
#1066 = LINE ( 'NONE', #1507, #1580 ) ;
#1067 = DIRECTION ( 'NONE',  ( 0.0000000000000000000, -0.0000000000000000000, -1.000000000000000000 ) ) ;
#1068 = DIRECTION ( 'NONE',  ( 0.9902680687415703600, 0.1391731009600653000, -0.0000000000000000000 ) ) ;
#1069 = VERTEX_POINT ( 'NONE', #273 ) ;
#1070 = CIRCLE ( 'NONE', #503, 0.7957733694868243100 ) ;
#1071 = CARTESIAN_POINT ( 'NONE',  ( 1.676327311895215800, 0.3416850257881338100, 0.2000000000000000100 ) ) ;
#1072 = DIRECTION ( 'NONE',  ( 0.03489949670250413300, 0.9993908270190955400, 0.0000000000000000000 ) ) ;
#1073 = VECTOR ( 'NONE', #136, 1000.000000000000000 ) ;
#1074 = ADVANCED_FACE ( 'NONE', ( #94 ), #168, .F. ) ;
#1075 = DIRECTION ( 'NONE',  ( 0.1391731009600653000, -0.9902680687415703600, 0.0000000000000000000 ) ) ;
#1076 = VECTOR ( 'NONE', #938, 1000.000000000000100 ) ;
#1077 = AXIS2_PLACEMENT_3D ( 'NONE', #1294, #617, #1647 ) ;
#1078 = ORIENTED_EDGE ( 'NONE', *, *, #524, .T. ) ;
#1079 = EDGE_CURVE ( 'NONE', #1128, #295, #632, .T. ) ;
#1080 = CARTESIAN_POINT ( 'NONE',  ( -1.150000000000000100, 0.8499999999999999800, -1.150000000000000100 ) ) ;
#1081 = DIRECTION ( 'NONE',  ( 0.9945218953682732900, 0.1045284632676547100, 0.0000000000000000000 ) ) ;
#1082 = CARTESIAN_POINT ( 'NONE',  ( -0.1999999999999997300, 1.649999999999999900, 1.149999999999999900 ) ) ;
#1083 = DIRECTION ( 'NONE',  ( 1.971276677246372000E-016, 0.0000000000000000000, 1.000000000000000000 ) ) ;
#1084 = ORIENTED_EDGE ( 'NONE', *, *, #400, .F. ) ;
#1085 = VECTOR ( 'NONE', #1137, 1000.000000000000100 ) ;
#1086 = EDGE_CURVE ( 'NONE', #933, #708, #1617, .T. ) ;
#1087 = DIRECTION ( 'NONE',  ( 0.0000000000000000000, -0.9902680687415702500, 0.1391731009600657400 ) ) ;
#1088 = CIRCLE ( 'NONE', #639, 0.1249999999999998900 ) ;
#1089 = EDGE_CURVE ( 'NONE', #449, #837, #1400, .T. ) ;
#1090 = ORIENTED_EDGE ( 'NONE', *, *, #1364, .T. ) ;
#1091 = CARTESIAN_POINT ( 'NONE',  ( 1.037567332238086700, 1.649999999999999900, -1.037567332238086700 ) ) ;
#1092 = CIRCLE ( 'NONE', #1292, 0.1250000000000005600 ) ;
#1093 = ORIENTED_EDGE ( 'NONE', *, *, #1390, .F. ) ;
#1094 = CYLINDRICAL_SURFACE ( 'NONE', #786, 0.1249999999999998900 ) ;
#1095 = VECTOR ( 'NONE', #1103, 1000.000000000000200 ) ;
#1096 = DIRECTION ( 'NONE',  ( 0.0000000000000000000, -0.5773502691896257300, 0.8164965809277260300 ) ) ;
#1097 = CARTESIAN_POINT ( 'NONE',  ( 1.150000000000000100, 0.8499999999999999800, -1.150000000000000100 ) ) ;
#1098 = ORIENTED_EDGE ( 'NONE', *, *, #1158, .F. ) ;
#1099 = EDGE_LOOP ( 'NONE', ( #1511, #369, #514, #1486 ) ) ;
#1100 = CARTESIAN_POINT ( 'NONE',  ( 0.2840833882125416400, 0.8499999999999999800, 1.149999999999999900 ) ) ;
#1101 = ADVANCED_FACE ( 'NONE', ( #800 ), #383, .T. ) ;
#1102 = CARTESIAN_POINT ( 'NONE',  ( -1.037567332238086700, 1.649999999999999900, -1.037567332238086700 ) ) ;
#1103 = DIRECTION ( 'NONE',  ( 0.1378445374916289200, -0.9808148484639889200, -0.1378445374916289200 ) ) ;
#1104 = DIRECTION ( 'NONE',  ( -0.9945218953682731800, -0.1045284632676553600, 0.0000000000000000000 ) ) ;
#1105 = DIRECTION ( 'NONE',  ( 1.000000000000000000, -0.0000000000000000000, 1.224646799147353200E-016 ) ) ;
#1106 = DIRECTION ( 'NONE',  ( -0.0000000000000000000, -0.0000000000000000000, 1.000000000000000000 ) ) ;
#1107 = SURFACE_STYLE_FILL_AREA ( #861 ) ;
#1108 =( GEOMETRIC_REPRESENTATION_CONTEXT ( 3 ) GLOBAL_UNCERTAINTY_ASSIGNED_CONTEXT ( ( #448 ) ) GLOBAL_UNIT_ASSIGNED_CONTEXT ( ( #87, #728, #1629 ) ) REPRESENTATION_CONTEXT ( 'NONE', 'WORKASPACE' ) );
#1109 = CARTESIAN_POINT ( 'NONE',  ( 1.788185107364146200, 0.2217322259549128800, -0.2000000000000000100 ) ) ;
#1110 = LINE ( 'NONE', #1016, #495 ) ;
#1111 = EDGE_CURVE ( 'NONE', #243, #1523, #1242, .T. ) ;
#1112 = EDGE_CURVE ( 'NONE', #945, #246, #378, .T. ) ;
#1113 = ORIENTED_EDGE ( 'NONE', *, *, #1167, .F. ) ;
#1114 = VERTEX_POINT ( 'NONE', #1189 ) ;
#1115 = CARTESIAN_POINT ( 'NONE',  ( -0.04258842846752879100, 0.4052018299726498100, -0.2500000000000000000 ) ) ;
#1116 = CIRCLE ( 'NONE', #1420, 0.9000000000000000200 ) ;
#1117 = CARTESIAN_POINT ( 'NONE',  ( 0.0000000000000000000, 0.8499999999999999800, 0.2500000000000000000 ) ) ;
#1118 = CARTESIAN_POINT ( 'NONE',  ( 1.801251165272602900, 0.3460474628759468400, -0.2000000000000000100 ) ) ;
#1119 = VERTEX_POINT ( 'NONE', #811 ) ;
#1120 = VECTOR ( 'NONE', #1083, 1000.000000000000000 ) ;
#1121 = CARTESIAN_POINT ( 'NONE',  ( -2.100000000000000100, 0.1889591601199718500, 0.2500000000000000000 ) ) ;
#1122 = CARTESIAN_POINT ( 'NONE',  ( 0.2000000000000003400, 1.649999999999972600, 1.149999999999999900 ) ) ;
#1123 = EDGE_CURVE ( 'NONE', #1438, #708, #856, .T. ) ;
#1124 = CARTESIAN_POINT ( 'NONE',  ( 1.768324699343291700, 0.03277306583494065500, -0.2000000000000000100 ) ) ;
#1125 = CARTESIAN_POINT ( 'NONE',  ( 0.0000000000000000000, 1.649999999999999900, -1.037567332238086700 ) ) ;
#1126 = AXIS2_PLACEMENT_3D ( 'NONE', #251, #1155, #373 ) ;
#1127 = ORIENTED_EDGE ( 'NONE', *, *, #1063, .T. ) ;
#1128 = VERTEX_POINT ( 'NONE', #1571 ) ;
#1129 = VECTOR ( 'NONE', #836, 1000.000000000000000 ) ;
#1130 = LINE ( 'NONE', #51, #1182 ) ;
#1131 = DIRECTION ( 'NONE',  ( -0.1391731009600653000, -0.9902680687415703600, 0.0000000000000000000 ) ) ;
#1132 = ORIENTED_EDGE ( 'NONE', *, *, #1089, .F. ) ;
#1133 = ORIENTED_EDGE ( 'NONE', *, *, #112, .T. ) ;
#1134 = CARTESIAN_POINT ( 'NONE',  ( -1.347749651583897600, 0.7249999999999996400, -0.2500000000000000000 ) ) ;
#1135 = VECTOR ( 'NONE', #444, 1000.000000000000000 ) ;
#1136 = LINE ( 'NONE', #1175, #1076 ) ;
#1137 = DIRECTION ( 'NONE',  ( -0.1378445374916288900, 0.9808148484639890300, 0.1378445374916289200 ) ) ;
#1138 = CARTESIAN_POINT ( 'NONE',  ( -1.347749651583897600, 0.7249999999999996400, 0.2500000000000000000 ) ) ;
#1139 = STYLED_ITEM ( 'NONE', ( #271 ), #517 ) ;
#1140 = EDGE_CURVE ( 'NONE', #945, #917, #28, .T. ) ;
#1141 = VERTEX_POINT ( 'NONE', #37 ) ;
#1142 = CARTESIAN_POINT ( 'NONE',  ( 1.038361714510680600E-016, 2.280564639603416000, 0.7957733694868243100 ) ) ;
#1143 = ORIENTED_EDGE ( 'NONE', *, *, #1036, .F. ) ;
#1144 = FACE_OUTER_BOUND ( 'NONE', #1017, .T. ) ;
#1145 = AXIS2_PLACEMENT_3D ( 'NONE', #213, #696, #593 ) ;
#1146 = FACE_OUTER_BOUND ( 'NONE', #642, .T. ) ;
#1147 = DIRECTION ( 'NONE',  ( -0.1378445374916289500, 0.9808148484639890300, -0.1378445374916289200 ) ) ;
#1148 = ORIENTED_EDGE ( 'NONE', *, *, #589, .T. ) ;
#1149 = ORIENTED_EDGE ( 'NONE', *, *, #1558, .F. ) ;
#1150 = EDGE_CURVE ( 'NONE', #246, #26, #1308, .T. ) ;
#1151 = ORIENTED_EDGE ( 'NONE', *, *, #89, .F. ) ;
#1152 = ORIENTED_EDGE ( 'NONE', *, *, #126, .F. ) ;
#1153 = VECTOR ( 'NONE', #693, 1000.000000000000100 ) ;
#1154 = ORIENTED_EDGE ( 'NONE', *, *, #740, .F. ) ;
#1155 = DIRECTION ( 'NONE',  ( -0.0000000000000000000, 0.0000000000000000000, 1.000000000000000000 ) ) ;
#1156 = VECTOR ( 'NONE', #950, 1000.000000000000000 ) ;
#1157 = CARTESIAN_POINT ( 'NONE',  ( 1.150000000000000100, 0.8499999999999999800, 1.150000000000000100 ) ) ;
#1158 = EDGE_CURVE ( 'NONE', #933, #831, #588, .T. ) ;
#1159 = ORIENTED_EDGE ( 'NONE', *, *, #1111, .T. ) ;
#1160 = FACE_OUTER_BOUND ( 'NONE', #1062, .T. ) ;
#1161 = CARTESIAN_POINT ( 'NONE',  ( 0.0000000000000000000, 2.839999999999999900, -0.9000000000000000200 ) ) ;
#1162 = EDGE_LOOP ( 'NONE', ( #235, #132, #924, #275 ) ) ;
#1163 = ORIENTED_EDGE ( 'NONE', *, *, #1373, .T. ) ;
#1164 = AXIS2_PLACEMENT_3D ( 'NONE', #574, #71, #1229 ) ;
#1165 = DIRECTION ( 'NONE',  ( 1.000000000000000000, 0.0000000000000000000, 0.0000000000000000000 ) ) ;
#1166 = VECTOR ( 'NONE', #93, 1000.000000000000000 ) ;
#1167 = EDGE_CURVE ( 'NONE', #837, #1523, #258, .T. ) ;
#1168 = ORIENTED_EDGE ( 'NONE', *, *, #957, .F. ) ;
#1169 = VECTOR ( 'NONE', #323, 1000.000000000000100 ) ;
#1170 = EDGE_CURVE ( 'NONE', #1045, #1221, #501, .T. ) ;
#1171 = LINE ( 'NONE', #325, #47 ) ;
#1172 = CARTESIAN_POINT ( 'NONE',  ( 0.0000000000000000000, 0.0000000000000000000, -0.2000000000000000100 ) ) ;
#1173 = VERTEX_POINT ( 'NONE', #409 ) ;
#1174 = AXIS2_PLACEMENT_3D ( 'NONE', #130, #128, #1278 ) ;
#1175 = CARTESIAN_POINT ( 'NONE',  ( 1.686202958620361500, 0.05888350483429005000, 0.2000000000000000100 ) ) ;
#1176 = DIRECTION ( 'NONE',  ( 0.9993908270190956500, 0.03489949670250414700, -0.0000000000000000000 ) ) ;
#1177 = CARTESIAN_POINT ( 'NONE',  ( 0.0000000000000000000, 1.039999999999999600, 0.2500000000000000000 ) ) ;
#1178 = ORIENTED_EDGE ( 'NONE', *, *, #112, .F. ) ;
#1179 = CARTESIAN_POINT ( 'NONE',  ( -0.1999999999999976000, 1.649999999999999700, -1.149999999999999900 ) ) ;
#1180 = DIRECTION ( 'NONE',  ( -0.0000000000000000000, -0.0000000000000000000, -1.000000000000000000 ) ) ;
#1181 = CARTESIAN_POINT ( 'NONE',  ( 0.9875673322380867900, 0.04999999999999991300, -0.9875673322380863500 ) ) ;
#1182 = VECTOR ( 'NONE', #1324, 1000.000000000000100 ) ;
#1183 = ORIENTED_EDGE ( 'NONE', *, *, #328, .T. ) ;
#1184 = FACE_OUTER_BOUND ( 'NONE', #709, .T. ) ;
#1185 = DIRECTION ( 'NONE',  ( 0.1391731009600653000, 0.9902680687415703600, 0.0000000000000000000 ) ) ;
#1186 = EDGE_LOOP ( 'NONE', ( #919, #767, #580, #650 ) ) ;
#1187 = ADVANCED_FACE ( 'NONE', ( #281 ), #568, .F. ) ;
#1188 = AXIS2_PLACEMENT_3D ( 'NONE', #1122, #77, #437 ) ;
#1189 = CARTESIAN_POINT ( 'NONE',  ( 1.150000000000000100, 0.8499999999999999800, -0.2000000000000000100 ) ) ;
#1190 = VECTOR ( 'NONE', #263, 1000.000000000000000 ) ;
#1191 = EDGE_CURVE ( 'NONE', #633, #509, #1586, .T. ) ;
#1192 = ORIENTED_EDGE ( 'NONE', *, *, #886, .T. ) ;
#1193 = DIRECTION ( 'NONE',  ( -0.9902680687415703600, -0.1391731009600657400, 1.952092348132064500E-016 ) ) ;
#1194 = CARTESIAN_POINT ( 'NONE',  ( 0.0000000000000000000, 0.8499999999999999800, -0.2500000000000000000 ) ) ;
#1195 = ORIENTED_EDGE ( 'NONE', *, *, #1661, .T. ) ;
#1196 = CARTESIAN_POINT ( 'NONE',  ( 1.102182119232617800E-016, 1.649999999999999900, 0.9000000000000000200 ) ) ;
#1197 = DIRECTION ( 'NONE',  ( -1.000000000000000000, 0.0000000000000000000, -0.0000000000000000000 ) ) ;
#1198 = DIRECTION ( 'NONE',  ( -0.1391731009600653000, -0.9902680687415703600, 0.0000000000000000000 ) ) ;
#1199 = CARTESIAN_POINT ( 'NONE',  ( 0.0000000000000000000, 2.280564639603416000, -0.7957733694868243100 ) ) ;
#1200 = EDGE_CURVE ( 'NONE', #272, #633, #897, .T. ) ;
#1201 = CARTESIAN_POINT ( 'NONE',  ( 0.0000000000000000000, 1.039999999999999600, -0.2500000000000000000 ) ) ;
#1202 = ORIENTED_EDGE ( 'NONE', *, *, #1086, .F. ) ;
#1203 = LINE ( 'NONE', #1489, #1298 ) ;
#1204 = CARTESIAN_POINT ( 'NONE',  ( -0.1999999999999997300, 1.649999999999973500, 1.149999999999999900 ) ) ;
#1205 = LINE ( 'NONE', #32, #1432 ) ;
#1206 = CARTESIAN_POINT ( 'NONE',  ( 2.057411571532471700, -0.2162426698526781500, 0.2000000000000000100 ) ) ;
#1207 = DIRECTION ( 'NONE',  ( 1.000000000000000000, 0.0000000000000000000, 0.0000000000000000000 ) ) ;
#1208 = ORIENTED_EDGE ( 'NONE', *, *, #1089, .T. ) ;
#1209 = VECTOR ( 'NONE', #1575, 1000.000000000000000 ) ;
#1210 = ORIENTED_EDGE ( 'NONE', *, *, #249, .T. ) ;
#1211 = PLANE ( 'NONE',  #332 ) ;
#1212 = LINE ( 'NONE', #1177, #1638 ) ;
#1213 = CARTESIAN_POINT ( 'NONE',  ( -1.788185107364146200, 0.2217322259549128800, 0.2500000000000000000 ) ) ;
#1214 = LINE ( 'NONE', #834, #646 ) ;
#1215 = DIRECTION ( 'NONE',  ( -0.0000000000000000000, -1.000000000000000000, -0.0000000000000000000 ) ) ;
#1216 = DIRECTION ( 'NONE',  ( 0.1045284632676571500, -0.9945218953682730700, -0.0000000000000000000 ) ) ;
#1217 = DIRECTION ( 'NONE',  ( 0.0000000000000000000, 0.1391731009600657400, 0.9902680687415702500 ) ) ;
#1218 = DIRECTION ( 'NONE',  ( 0.03489949670250414000, -0.9993908270190955400, 0.0000000000000000000 ) ) ;
#1219 = CARTESIAN_POINT ( 'NONE',  ( -0.1999999999999997300, 1.649999999999999900, 1.149999999999999900 ) ) ;
#1220 = ORIENTED_EDGE ( 'NONE', *, *, #1140, .F. ) ;
#1221 = VERTEX_POINT ( 'NONE', #1599 ) ;
#1222 = CARTESIAN_POINT ( 'NONE',  ( -1.801251165272602900, 0.3460474628759468400, 0.2500000000000000000 ) ) ;
#1223 = FILL_AREA_STYLE_COLOUR ( '', #732 ) ;
#1224 = ADVANCED_FACE ( 'NONE', ( #125 ), #1035, .T. ) ;
#1225 = AXIS2_PLACEMENT_3D ( 'NONE', #96, #467, #1218 ) ;
#1226 = VERTEX_POINT ( 'NONE', #1100 ) ;
#1227 = PLANE ( 'NONE',  #941 ) ;
#1228 = EDGE_CURVE ( 'NONE', #1069, #391, #1524, .T. ) ;
#1229 = DIRECTION ( 'NONE',  ( -0.1391731009600657400, -0.9902680687415702500, 0.0000000000000000000 ) ) ;
#1230 = CARTESIAN_POINT ( 'NONE',  ( -1.150000000000000100, 0.8499999999999999800, 1.150000000000000100 ) ) ;
#1231 = CARTESIAN_POINT ( 'NONE',  ( 1.123297241406545900, 1.039999999999999600, 0.2000000000000000100 ) ) ;
#1232 = VECTOR ( 'NONE', #993, 1000.000000000000000 ) ;
#1233 = EDGE_CURVE ( 'NONE', #1347, #1045, #1564, .T. ) ;
#1234 = LINE ( 'NONE', #1440, #476 ) ;
#1235 = CARTESIAN_POINT ( 'NONE',  ( -1.025000000000000100, 1.449568901432422900, 1.025000000000000400 ) ) ;
#1236 = ORIENTED_EDGE ( 'NONE', *, *, #666, .T. ) ;
#1237 = CARTESIAN_POINT ( 'NONE',  ( -1.099999999999999900, 0.04999999999999991300, 0.9875673322380865700 ) ) ;
#1238 = LINE ( 'NONE', #1161, #1522 ) ;
#1239 = VERTEX_POINT ( 'NONE', #1231 ) ;
#1240 = AXIS2_PLACEMENT_3D ( 'NONE', #287, #1443, #34 ) ;
#1241 = DIRECTION ( 'NONE',  ( 0.0000000000000000000, 1.000000000000000000, 0.0000000000000000000 ) ) ;
#1242 = LINE ( 'NONE', #830, #1022 ) ;
#1243 = ORIENTED_EDGE ( 'NONE', *, *, #600, .T. ) ;
#1244 = DIRECTION ( 'NONE',  ( 0.9945218953682731800, 0.1045284632676554300, -0.0000000000000000000 ) ) ;
#1245 = EDGE_CURVE ( 'NONE', #614, #231, #463, .T. ) ;
#1246 = CARTESIAN_POINT ( 'NONE',  ( -0.1999999999999972400, 1.649999999999999900, 1.037567332238086700 ) ) ;
#1247 = APPLICATION_CONTEXT ( 'automotive_design' ) ;
#1248 = CARTESIAN_POINT ( 'NONE',  ( -0.9875673322380863500, 0.04999999999999991300, 0.9875673322380865700 ) ) ;
#1249 =( LENGTH_UNIT ( ) NAMED_UNIT ( * ) SI_UNIT ( .MILLI., .METRE. ) );
#1250 = LINE ( 'NONE', #1013, #907 ) ;
#1251 = LINE ( 'NONE', #1300, #816 ) ;
#1252 = EDGE_CURVE ( 'NONE', #246, #254, #682, .T. ) ;
#1253 = ADVANCED_FACE ( 'NONE', ( #559 ), #703, .T. ) ;
#1254 = CARTESIAN_POINT ( 'NONE',  ( 0.9875673322380867900, 0.04999999999999991300, 1.099999999999999900 ) ) ;
#1255 = ORIENTED_EDGE ( 'NONE', *, *, #496, .T. ) ;
#1256 = ORIENTED_EDGE ( 'NONE', *, *, #589, .F. ) ;
#1257 = DIRECTION ( 'NONE',  ( 1.000000000000000000, 0.0000000000000000000, 0.0000000000000000000 ) ) ;
#1258 = VECTOR ( 'NONE', #974, 1000.000000000000100 ) ;
#1259 = LINE ( 'NONE', #311, #438 ) ;
#1260 = ORIENTED_EDGE ( 'NONE', *, *, #374, .F. ) ;
#1261 = CARTESIAN_POINT ( 'NONE',  ( 1.768324699343291700, 0.03277306583494065500, 0.2000000000000000100 ) ) ;
#1262 = ORIENTED_EDGE ( 'NONE', *, *, #1390, .T. ) ;
#1263 =( NAMED_UNIT ( * ) SI_UNIT ( $, .STERADIAN. ) SOLID_ANGLE_UNIT ( ) );
#1264 = EDGE_CURVE ( 'NONE', #622, #298, #347, .T. ) ;
#1265 = CARTESIAN_POINT ( 'NONE',  ( -0.04258842846752879100, 0.4052018299726498100, 0.2500000000000000000 ) ) ;
#1266 = EDGE_CURVE ( 'NONE', #1493, #516, #750, .T. ) ;
#1267 = DIRECTION ( 'NONE',  ( 0.0000000000000000000, 1.000000000000000000, 0.0000000000000000000 ) ) ;
#1268 = CARTESIAN_POINT ( 'NONE',  ( 0.0000000000000000000, 0.0000000000000000000, -0.2500000000000000000 ) ) ;
#1269 = MECHANICAL_DESIGN_GEOMETRIC_PRESENTATION_REPRESENTATION (  '', ( #529 ), #1645 ) ;
#1270 = VERTEX_POINT ( 'NONE', #1102 ) ;
#1271 = CARTESIAN_POINT ( 'NONE',  ( 1.100000000000000300, 0.8499999999999999800, 1.099999999999999900 ) ) ;
#1272 = ORIENTED_EDGE ( 'NONE', *, *, #946, .T. ) ;
#1273 = CIRCLE ( 'NONE', #264, 0.03279980888824193100 ) ;
#1274 = ORIENTED_EDGE ( 'NONE', *, *, #981, .T. ) ;
#1275 = CARTESIAN_POINT ( 'NONE',  ( -1.662557762094913000, 0.7359933414612884800, -0.2500000000000000000 ) ) ;
#1276 = CONICAL_SURFACE ( 'NONE', #746, 0.6193840778977055500, 0.3054326190990047100 ) ;
#1277 = ORIENTED_EDGE ( 'NONE', *, *, #249, .F. ) ;
#1278 = DIRECTION ( 'NONE',  ( 0.0000000000000000000, -0.0000000000000000000, -1.000000000000000000 ) ) ;
#1279 = AXIS2_PLACEMENT_3D ( 'NONE', #352, #1004, #105 ) ;
#1280 = EDGE_CURVE ( 'NONE', #385, #1069, #774, .T. ) ;
#1281 = PLANE ( 'NONE',  #1174 ) ;
#1282 = LINE ( 'NONE', #699, #21 ) ;
#1283 = ORIENTED_EDGE ( 'NONE', *, *, #1598, .F. ) ;
#1284 = EDGE_CURVE ( 'NONE', #1239, #990, #434, .T. ) ;
#1285 = ORIENTED_EDGE ( 'NONE', *, *, #677, .T. ) ;
#1286 = LINE ( 'NONE', #1024, #1384 ) ;
#1287 = VERTEX_POINT ( 'NONE', #210 ) ;
#1288 = VECTOR ( 'NONE', #309, 1000.000000000000000 ) ;
#1289 = PLANE ( 'NONE',  #569 ) ;
#1290 = LINE ( 'NONE', #984, #190 ) ;
#1291 = ORIENTED_EDGE ( 'NONE', *, *, #1598, .T. ) ;
#1292 = AXIS2_PLACEMENT_3D ( 'NONE', #734, #218, #620 ) ;
#1293 = CARTESIAN_POINT ( 'NONE',  ( -1.150000000000000100, 0.8499999999999999800, -1.150000000000000100 ) ) ;
#1294 = CARTESIAN_POINT ( 'NONE',  ( -1.801251165272602900, 0.3460474628759468400, 0.2500000000000000000 ) ) ;
#1295 = CARTESIAN_POINT ( 'NONE',  ( -1.150000000000000100, 0.8499999999999999800, -1.150000000000000100 ) ) ;
#1296 = ORIENTED_EDGE ( 'NONE', *, *, #920, .F. ) ;
#1297 = DIRECTION ( 'NONE',  ( 0.0000000000000000000, 0.0000000000000000000, 1.000000000000000000 ) ) ;
#1298 = VECTOR ( 'NONE', #720, 1000.000000000000000 ) ;
#1299 = CARTESIAN_POINT ( 'NONE',  ( -1.150000000000000400, 0.8500000000000000900, -0.2500000000000000000 ) ) ;
#1300 = CARTESIAN_POINT ( 'NONE',  ( -1.486443054761588100, 0.3350541214146580100, 0.2500000000000000000 ) ) ;
#1301 = EDGE_LOOP ( 'NONE', ( #871, #1154, #1415, #1277, #1407, #628, #386, #67, #226, #1352, #661, #562 ) ) ;
#1302 = MECHANICAL_DESIGN_GEOMETRIC_PRESENTATION_REPRESENTATION (  '', ( #1139 ), #1108 ) ;
#1303 = CARTESIAN_POINT ( 'NONE',  ( 0.0000000000000000000, 2.280564639603416000, 0.0000000000000000000 ) ) ;
#1304 = FACE_OUTER_BOUND ( 'NONE', #202, .T. ) ;
#1305 = EDGE_CURVE ( 'NONE', #394, #1141, #483, .T. ) ;
#1306 = ORIENTED_EDGE ( 'NONE', *, *, #991, .T. ) ;
#1307 = DIRECTION ( 'NONE',  ( 0.0000000000000000000, 0.0000000000000000000, -1.000000000000000000 ) ) ;
#1308 = LINE ( 'NONE', #951, #706 ) ;
#1309 = PLANE ( 'NONE',  #1596 ) ;
#1310 = ORIENTED_EDGE ( 'NONE', *, *, #1027, .F. ) ;
#1311 = EDGE_LOOP ( 'NONE', ( #432, #956, #554 ) ) ;
#1312 = ADVANCED_FACE ( 'NONE', ( #188 ), #1457, .T. ) ;
#1313 = AXIS2_PLACEMENT_3D ( 'NONE', #783, #680, #1560 ) ;
#1314 = DIRECTION ( 'NONE',  ( -0.1045284632676546800, -0.9945218953682732900, 0.0000000000000000000 ) ) ;
#1315 = DIRECTION ( 'NONE',  ( 0.0000000000000000000, 0.0000000000000000000, -1.000000000000000000 ) ) ;
#1316 = EDGE_CURVE ( 'NONE', #831, #755, #1417, .T. ) ;
#1317 = ORIENTED_EDGE ( 'NONE', *, *, #854, .T. ) ;
#1318 = CARTESIAN_POINT ( 'NONE',  ( -0.9875673322380863500, 0.04999999999999991300, 1.100000000000000100 ) ) ;
#1319 = DIRECTION ( 'NONE',  ( 0.0000000000000000000, 1.000000000000000000, 0.0000000000000000000 ) ) ;
#1320 = CARTESIAN_POINT ( 'NONE',  ( 1.037567332238086700, 1.649999999999999900, 0.0000000000000000000 ) ) ;
#1321 = DIRECTION ( 'NONE',  ( -0.9945218953682732900, 0.1045284632676547100, 0.0000000000000000000 ) ) ;
#1322 = LINE ( 'NONE', #1614, #135 ) ;
#1323 = DIRECTION ( 'NONE',  ( 0.03489949670250414000, 0.9993908270190955400, 0.0000000000000000000 ) ) ;
#1324 = DIRECTION ( 'NONE',  ( 0.03489949670250414000, 0.9993908270190955400, 0.0000000000000000000 ) ) ;
#1325 = ORIENTED_EDGE ( 'NONE', *, *, #852, .T. ) ;
#1326 = CARTESIAN_POINT ( 'NONE',  ( -1.150000000000000100, 0.8499999999999999800, -1.150000000000000100 ) ) ;
#1327 = FACE_OUTER_BOUND ( 'NONE', #1655, .T. ) ;
#1328 = DIRECTION ( 'NONE',  ( 0.1378445374916289200, 0.9808148484639890300, -0.1378445374916289200 ) ) ;
#1329 = DIRECTION ( 'NONE',  ( -0.9993908270190956500, 0.03489949670250414000, 0.0000000000000000000 ) ) ;
#1330 =( GEOMETRIC_REPRESENTATION_CONTEXT ( 3 ) GLOBAL_UNCERTAINTY_ASSIGNED_CONTEXT ( ( #880 ) ) GLOBAL_UNIT_ASSIGNED_CONTEXT ( ( #595, #1505, #1263 ) ) REPRESENTATION_CONTEXT ( 'NONE', 'WORKASPACE' ) );
#1331 = VECTOR ( 'NONE', #317, 1000.000000000000000 ) ;
#1332 = EDGE_CURVE ( 'NONE', #917, #776, #1504, .T. ) ;
#1333 = ADVANCED_FACE ( 'NONE', ( #114 ), #1094, .F. ) ;
#1334 = FACE_OUTER_BOUND ( 'NONE', #674, .T. ) ;
#1335 = DIRECTION ( 'NONE',  ( -2.592657368987075900E-016, 0.0000000000000000000, -1.000000000000000000 ) ) ;
#1336 = VERTEX_POINT ( 'NONE', #1621 ) ;
#1337 = DIRECTION ( 'NONE',  ( 1.000000000000000000, 0.0000000000000000000, 0.0000000000000000000 ) ) ;
#1338 = DIRECTION ( 'NONE',  ( -0.03489949670250413300, -0.9993908270190955400, 0.0000000000000000000 ) ) ;
#1339 = DIRECTION ( 'NONE',  ( 0.0000000000000000000, -0.0000000000000000000, -1.000000000000000000 ) ) ;
#1340 = SURFACE_STYLE_USAGE ( .BOTH. , #426 ) ;
#1341 = CARTESIAN_POINT ( 'NONE',  ( -1.037567332238086700, 1.649999999999999900, 0.7289802898463074700 ) ) ;
#1342 = AXIS2_PLACEMENT_3D ( 'NONE', #1268, #475, #878 ) ;
#1343 = DIRECTION ( 'NONE',  ( -0.1391731009600653000, 0.9902680687415703600, 0.0000000000000000000 ) ) ;
#1344 = ORIENTED_EDGE ( 'NONE', *, *, #115, .T. ) ;
#1345 = EDGE_CURVE ( 'NONE', #282, #449, #827, .T. ) ;
#1346 = EDGE_CURVE ( 'NONE', #1270, #295, #916, .T. ) ;
#1347 = VERTEX_POINT ( 'NONE', #1246 ) ;
#1348 = CARTESIAN_POINT ( 'NONE',  ( 0.0000000000000000000, 1.649999999999999900, -0.9000000000000000200 ) ) ;
#1349 = LINE ( 'NONE', #1237, #1232 ) ;
#1350 = CARTESIAN_POINT ( 'NONE',  ( 0.1999999999999974600, 1.649999999999999900, 1.037567332238086700 ) ) ;
#1351 = AXIS2_PLACEMENT_3D ( 'NONE', #500, #1395, #636 ) ;
#1352 = ORIENTED_EDGE ( 'NONE', *, *, #780, .T. ) ;
#1353 = EDGE_LOOP ( 'NONE', ( #1515, #123, #261, #812 ) ) ;
#1354 = CARTESIAN_POINT ( 'NONE',  ( 1.106297432012553600, 1.160959929048313500, -1.106297432012553800 ) ) ;
#1355 = CARTESIAN_POINT ( 'NONE',  ( -1.150000000000000100, 0.8499999999999999800, 1.150000000000000100 ) ) ;
#1356 = DIRECTION ( 'NONE',  ( -0.0000000000000000000, -0.0000000000000000000, -1.000000000000000000 ) ) ;
#1357 = LINE ( 'NONE', #785, #1190 ) ;
#1358 = DIRECTION ( 'NONE',  ( -0.0000000000000000000, -0.0000000000000000000, -1.000000000000000000 ) ) ;
#1359 = ORIENTED_EDGE ( 'NONE', *, *, #1639, .F. ) ;
#1360 = DIRECTION ( 'NONE',  ( 0.0000000000000000000, -0.9902680687415703600, -0.1391731009600657400 ) ) ;
#1361 = PLANE ( 'NONE',  #1054 ) ;
#1362 = PRESENTATION_LAYER_ASSIGNMENT (  '', '', ( #1139 ) ) ;
#1363 = PLANE ( 'NONE',  #1188 ) ;
#1364 = EDGE_CURVE ( 'NONE', #795, #391, #144, .T. ) ;
#1365 = DIRECTION ( 'NONE',  ( 1.000000000000000000, -0.0000000000000000000, -0.0000000000000000000 ) ) ;
#1366 = VECTOR ( 'NONE', #842, 1000.000000000000100 ) ;
#1367 = LINE ( 'NONE', #1545, #1409 ) ;
#1368 = PLANE ( 'NONE',  #405 ) ;
#1369 = ORIENTED_EDGE ( 'NONE', *, *, #545, .T. ) ;
#1370 = FACE_OUTER_BOUND ( 'NONE', #895, .T. ) ;
#1371 = VECTOR ( 'NONE', #1471, 1000.000000000000000 ) ;
#1372 = CYLINDRICAL_SURFACE ( 'NONE', #274, 0.9000000000000000200 ) ;
#1373 = EDGE_CURVE ( 'NONE', #1287, #1221, #1214, .T. ) ;
#1374 = APPLICATION_PROTOCOL_DEFINITION ( 'draft international standard', 'automotive_design', 1998, #1247 ) ;
#1375 = DIRECTION ( 'NONE',  ( -0.1045284632676546800, 0.9945218953682732900, 0.0000000000000000000 ) ) ;
#1376 = AXIS2_PLACEMENT_3D ( 'NONE', #2, #489, #506 ) ;
#1377 = CARTESIAN_POINT ( 'NONE',  ( 1.037567332238086700, 1.649999999999999900, 1.037567332238086700 ) ) ;
#1378 = ORIENTED_EDGE ( 'NONE', *, *, #1058, .T. ) ;
#1379 = DIRECTION ( 'NONE',  ( 0.9945218953682731800, 0.1045284632676553400, 0.0000000000000000000 ) ) ;
#1380 = AXIS2_PLACEMENT_3D ( 'NONE', #307, #563, #48 ) ;
#1381 = LINE ( 'NONE', #250, #891 ) ;
#1382 = DIRECTION ( 'NONE',  ( 0.0000000000000000000, 1.000000000000000000, 0.0000000000000000000 ) ) ;
#1383 = ORIENTED_EDGE ( 'NONE', *, *, #1491, .F. ) ;
#1384 = VECTOR ( 'NONE', #1391, 1000.000000000000000 ) ;
#1385 = ORIENTED_EDGE ( 'NONE', *, *, #600, .F. ) ;
#1386 = CYLINDRICAL_SURFACE ( 'NONE', #1240, 0.3149999999999999500 ) ;
#1387 = ORIENTED_EDGE ( 'NONE', *, *, #1572, .F. ) ;
#1388 = CARTESIAN_POINT ( 'NONE',  ( 2.080139591979145700, -1.626303258728256700E-016, 0.2000000000000000100 ) ) ;
#1389 = EDGE_CURVE ( 'NONE', #1657, #928, #1290, .T. ) ;
#1390 = EDGE_CURVE ( 'NONE', #1221, #1347, #1418, .T. ) ;
#1391 = DIRECTION ( 'NONE',  ( -0.0000000000000000000, -0.0000000000000000000, -1.000000000000000000 ) ) ;
#1392 = AXIS2_PLACEMENT_3D ( 'NONE', #980, #201, #1616 ) ;
#1393 = VERTEX_POINT ( 'NONE', #189 ) ;
#1394 = VECTOR ( 'NONE', #146, 1000.000000000000000 ) ;
#1395 = DIRECTION ( 'NONE',  ( 0.9902680687415703600, -0.1391731009600657400, 0.0000000000000000000 ) ) ;
#1396 = LINE ( 'NONE', #1230, #338 ) ;
#1397 = EDGE_CURVE ( 'NONE', #967, #1404, #859, .T. ) ;
#1398 = ORIENTED_EDGE ( 'NONE', *, *, #591, .F. ) ;
#1399 = LINE ( 'NONE', #359, #1461 ) ;
#1400 = LINE ( 'NONE', #172, #1490 ) ;
#1401 = ORIENTED_EDGE ( 'NONE', *, *, #623, .T. ) ;
#1402 = VECTOR ( 'NONE', #1106, 1000.000000000000000 ) ;
#1403 = ORIENTED_EDGE ( 'NONE', *, *, #1252, .F. ) ;
#1404 = VERTEX_POINT ( 'NONE', #288 ) ;
#1405 = PRESENTATION_LAYER_ASSIGNMENT (  '', '', ( #1627 ) ) ;
#1406 = ORIENTED_EDGE ( 'NONE', *, *, #701, .T. ) ;
#1407 = ORIENTED_EDGE ( 'NONE', *, *, #997, .F. ) ;
#1408 = LINE ( 'NONE', #618, #1085 ) ;
#1409 = VECTOR ( 'NONE', #267, 1000.000000000000100 ) ;
#1410 = AXIS2_PLACEMENT_3D ( 'NONE', #797, #1067, #683 ) ;
#1411 = EDGE_LOOP ( 'NONE', ( #1152, #526, #781, #1416 ) ) ;
#1412 = DIRECTION ( 'NONE',  ( 0.1035221542882125400, -0.9849475049842806300, 0.1384253444885289700 ) ) ;
#1413 = EDGE_CURVE ( 'NONE', #1045, #567, #485, .T. ) ;
#1414 = EDGE_CURVE ( 'NONE', #629, #505, #829, .T. ) ;
#1415 = ORIENTED_EDGE ( 'NONE', *, *, #477, .F. ) ;
#1416 = ORIENTED_EDGE ( 'NONE', *, *, #384, .T. ) ;
#1417 = LINE ( 'NONE', #451, #142 ) ;
#1418 = LINE ( 'NONE', #713, #1467 ) ;
#1419 = ADVANCED_FACE ( 'NONE', ( #1334 ), #965, .T. ) ;
#1420 = AXIS2_PLACEMENT_3D ( 'NONE', #518, #1549, #1297 ) ;
#1421 = ORIENTED_EDGE ( 'NONE', *, *, #507, .F. ) ;
#1422 = CARTESIAN_POINT ( 'NONE',  ( 1.123297241406545900, 1.039999999999999600, -0.2000000000000000100 ) ) ;
#1423 = DIRECTION ( 'NONE',  ( -0.0000000000000000000, -1.000000000000000000, -0.0000000000000000000 ) ) ;
#1424 = DIRECTION ( 'NONE',  ( 0.9993908270190956500, -0.03489949670250414000, 0.0000000000000000000 ) ) ;
#1425 = DIRECTION ( 'NONE',  ( 1.000000000000000000, 0.0000000000000000000, 0.0000000000000000000 ) ) ;
#1426 = ADVANCED_FACE ( 'NONE', ( #397 ), #1372, .T. ) ;
#1427 = ORIENTED_EDGE ( 'NONE', *, *, #906, .T. ) ;
#1428 = DIRECTION ( 'NONE',  ( -0.0000000000000000000, -0.0000000000000000000, -1.000000000000000000 ) ) ;
#1429 = VECTOR ( 'NONE', #1356, 1000.000000000000000 ) ;
#1430 = DIRECTION ( 'NONE',  ( 0.1045284632676554400, -0.9945218953682731800, 0.0000000000000000000 ) ) ;
#1431 = DIRECTION ( 'NONE',  ( 0.1045284632676571300, 0.9945218953682730700, -0.0000000000000000000 ) ) ;
#1432 = VECTOR ( 'NONE', #947, 1000.000000000000000 ) ;
#1433 = CARTESIAN_POINT ( 'NONE',  ( 1.102182119232617800E-016, 1.949999999999993500, 0.9000000000000000200 ) ) ;
#1434 =( GEOMETRIC_REPRESENTATION_CONTEXT ( 3 ) GLOBAL_UNCERTAINTY_ASSIGNED_CONTEXT ( ( #1010 ) ) GLOBAL_UNIT_ASSIGNED_CONTEXT ( ( #68, #840, #553 ) ) REPRESENTATION_CONTEXT ( 'NONE', 'WORKASPACE' ) );
#1435 = EDGE_CURVE ( 'NONE', #992, #394, #1439, .T. ) ;
#1436 = ORIENTED_EDGE ( 'NONE', *, *, #677, .F. ) ;
#1437 = VECTOR ( 'NONE', #672, 1000.000000000000000 ) ;
#1438 = VERTEX_POINT ( 'NONE', #525 ) ;
#1439 = LINE ( 'NONE', #157, #876 ) ;
#1440 = CARTESIAN_POINT ( 'NONE',  ( -1.150000000000000100, 0.8499999999999999800, 1.150000000000000100 ) ) ;
#1441 = DIRECTION ( 'NONE',  ( -1.000000000000000000, -0.0000000000000000000, -0.0000000000000000000 ) ) ;
#1442 = CARTESIAN_POINT ( 'NONE',  ( -2.080139591979146100, -1.626303258728256700E-016, 0.2500000000000000000 ) ) ;
#1443 = DIRECTION ( 'NONE',  ( -0.0000000000000000000, -0.0000000000000000000, -1.000000000000000000 ) ) ;
#1444 = ADVANCED_FACE ( 'NONE', ( #303 ), #41, .F. ) ;
#1445 = DIRECTION ( 'NONE',  ( -0.0000000000000000000, -0.0000000000000000000, -1.000000000000000000 ) ) ;
#1446 = DIRECTION ( 'NONE',  ( 3.682583948479503100E-017, -0.9537169507482277100, 0.3007057995042702300 ) ) ;
#1447 = EDGE_CURVE ( 'NONE', #118, #162, #1136, .T. ) ;
#1448 = ORIENTED_EDGE ( 'NONE', *, *, #1228, .F. ) ;
#1449 = ORIENTED_EDGE ( 'NONE', *, *, #1529, .F. ) ;
#1450 = VECTOR ( 'NONE', #954, 1000.000000000000000 ) ;
#1451 = CARTESIAN_POINT ( 'NONE',  ( -0.04258842846752879100, 0.4052018299726498100, 0.2500000000000000000 ) ) ;
#1452 = SURFACE_STYLE_FILL_AREA ( #351 ) ;
#1453 = FACE_OUTER_BOUND ( 'NONE', #299, .T. ) ;
#1454 = AXIS2_PLACEMENT_3D ( 'NONE', #756, #903, #1026 ) ;
#1455 = ADVANCED_FACE ( 'NONE', ( #519, #612 ), #547, .F. ) ;
#1456 = EDGE_LOOP ( 'NONE', ( #565, #976, #1619, #654 ) ) ;
#1457 = PLANE ( 'NONE',  #1145 ) ;
#1458 = CARTESIAN_POINT ( 'NONE',  ( 0.1999999999999974600, 1.649999999999999900, -1.037567332238086700 ) ) ;
#1459 = EDGE_LOOP ( 'NONE', ( #95, #1039, #762, #1548 ) ) ;
#1460 = DIRECTION ( 'NONE',  ( 1.000000000000000000, 0.0000000000000000000, -9.856383386231857600E-017 ) ) ;
#1461 = VECTOR ( 'NONE', #879, 1000.000000000000000 ) ;
#1462 = EDGE_LOOP ( 'NONE', ( #838, #1011, #430, #464 ) ) ;
#1463 = CARTESIAN_POINT ( 'NONE',  ( -1.496318701486733800, 0.05225260046081427900, 0.2500000000000000000 ) ) ;
#1464 = STYLED_ITEM ( 'NONE', ( #759 ), #1057 ) ;
#1465 = VECTOR ( 'NONE', #1358, 1000.000000000000000 ) ;
#1466 = DIRECTION ( 'NONE',  ( 0.0000000000000000000, 1.000000000000000000, 0.0000000000000000000 ) ) ;
#1467 = VECTOR ( 'NONE', #1592, 1000.000000000000100 ) ;
#1468 = ORIENTED_EDGE ( 'NONE', *, *, #623, .F. ) ;
#1469 = VERTEX_POINT ( 'NONE', #277 ) ;
#1470 = PLANE ( 'NONE',  #522 ) ;
#1471 = DIRECTION ( 'NONE',  ( -0.0000000000000000000, -0.0000000000000000000, -1.000000000000000000 ) ) ;
#1472 = DIRECTION ( 'NONE',  ( -0.03489949670250414000, 0.9993908270190955400, 0.0000000000000000000 ) ) ;
#1473 = AXIS2_PLACEMENT_3D ( 'NONE', #482, #1500, #1257 ) ;
#1474 = EDGE_LOOP ( 'NONE', ( #326, #1149, #91 ) ) ;
#1475 = EDGE_CURVE ( 'NONE', #1523, #982, #1640, .T. ) ;
#1476 = DIRECTION ( 'NONE',  ( 0.0000000000000000000, 0.0000000000000000000, -1.000000000000000000 ) ) ;
#1477 = ADVANCED_FACE ( 'NONE', ( #1588 ), #1386, .T. ) ;
#1478 = EDGE_CURVE ( 'NONE', #1404, #231, #1508, .T. ) ;
#1479 = VERTEX_POINT ( 'NONE', #530 ) ;
#1480 = FACE_OUTER_BOUND ( 'NONE', #487, .T. ) ;
#1481 = CIRCLE ( 'NONE', #1659, 0.8000000000000000400 ) ;
#1482 = CARTESIAN_POINT ( 'NONE',  ( 1.244871351386758200, 0.1749552588209888600, 0.2000000000000000100 ) ) ;
#1483 = LINE ( 'NONE', #1071, #372 ) ;
#1484 = AXIS2_PLACEMENT_3D ( 'NONE', #1293, #1554, #153 ) ;
#1485 = ORIENTED_EDGE ( 'NONE', *, *, #1435, .T. ) ;
#1486 = ORIENTED_EDGE ( 'NONE', *, *, #1008, .T. ) ;
#1487 = PRODUCT_CONTEXT ( 'NONE', #1247, 'mechanical' ) ;
#1488 = ADVANCED_FACE ( 'NONE', ( #465 ), #662, .T. ) ;
#1489 = CARTESIAN_POINT ( 'NONE',  ( -1.662557762094913000, 0.7359933414612884800, 0.2500000000000000000 ) ) ;
#1490 = VECTOR ( 'NONE', #1441, 1000.000000000000000 ) ;
#1491 = EDGE_CURVE ( 'NONE', #1221, #1226, #167, .T. ) ;
#1492 = LINE ( 'NONE', #1318, #1120 ) ;
#1493 = VERTEX_POINT ( 'NONE', #164 ) ;
#1494 = CARTESIAN_POINT ( 'NONE',  ( -2.057411571532471700, -0.2162426698526781500, -0.2500000000000000000 ) ) ;
#1495 = DIRECTION ( 'NONE',  ( 0.1045284632676553400, -0.9945218953682731800, 0.0000000000000000000 ) ) ;
#1496 = ORIENTED_EDGE ( 'NONE', *, *, #80, .T. ) ;
#1497 = LINE ( 'NONE', #1326, #1450 ) ;
#1498 = LINE ( 'NONE', #931, #1394 ) ;
#1499 = DIRECTION ( 'NONE',  ( -9.760461740660318800E-017, -0.1391731009600657400, -0.9902680687415703600 ) ) ;
#1500 = DIRECTION ( 'NONE',  ( -0.0000000000000000000, 0.0000000000000000000, 1.000000000000000000 ) ) ;
#1501 = ORIENTED_EDGE ( 'NONE', *, *, #411, .T. ) ;
#1502 = LINE ( 'NONE', #1254, #1166 ) ;
#1503 = ORIENTED_EDGE ( 'NONE', *, *, #195, .F. ) ;
#1504 = CIRCLE ( 'NONE', #508, 0.03279980888824193100 ) ;
#1505 =( NAMED_UNIT ( * ) PLANE_ANGLE_UNIT ( ) SI_UNIT ( $, .RADIAN. ) );
#1506 = AXIS2_PLACEMENT_3D ( 'NONE', #1597, #1581, #313 ) ;
#1507 = CARTESIAN_POINT ( 'NONE',  ( 0.0000000000000000000, 2.839999999999999900, -0.6193840778977055500 ) ) ;
#1508 = LINE ( 'NONE', #283, #766 ) ;
#1509 = EDGE_CURVE ( 'NONE', #231, #609, #775, .T. ) ;
#1510 = EDGE_CURVE ( 'NONE', #254, #246, #116, .T. ) ;
#1511 = ORIENTED_EDGE ( 'NONE', *, *, #1150, .F. ) ;
#1512 = DIRECTION ( 'NONE',  ( -1.000000000000000000, 0.0000000000000000000, 0.0000000000000000000 ) ) ;
#1513 = AXIS2_PLACEMENT_3D ( 'NONE', #1463, #1329, #1338 ) ;
#1514 = VERTEX_POINT ( 'NONE', #542 ) ;
#1515 = ORIENTED_EDGE ( 'NONE', *, *, #1200, .F. ) ;
#1516 = DIRECTION ( 'NONE',  ( 0.0000000000000000000, 0.0000000000000000000, 1.000000000000000000 ) ) ;
#1517 = EDGE_LOOP ( 'NONE', ( #1044, #1236 ) ) ;
#1518 = PRODUCT_DEFINITION_SHAPE ( 'NONE', 'NONE',  #423 ) ;
#1519 = VECTOR ( 'NONE', #866, 1000.000000000000200 ) ;
#1520 = LINE ( 'NONE', #441, #403 ) ;
#1521 = ORIENTED_EDGE ( 'NONE', *, *, #1475, .T. ) ;
#1522 = VECTOR ( 'NONE', #3, 1000.000000000000000 ) ;
#1523 = VERTEX_POINT ( 'NONE', #667 ) ;
#1524 = LINE ( 'NONE', #558, #764 ) ;
#1525 = ORIENTED_EDGE ( 'NONE', *, *, #1233, .T. ) ;
#1526 = DIRECTION ( 'NONE',  ( 0.7835955135600462000, 0.6152251646253650300, -0.08646425816636521500 ) ) ;
#1527 = LINE ( 'NONE', #1354, #1095 ) ;
#1528 = DIRECTION ( 'NONE',  ( 0.1378445374916289200, -0.9808148484639889200, 0.1378445374916289200 ) ) ;
#1529 = EDGE_CURVE ( 'NONE', #1514, #177, #1492, .T. ) ;
#1530 = CARTESIAN_POINT ( 'NONE',  ( -1.380783418508088900, 1.138249128287609000, 1.109489226908222800 ) ) ;
#1531 = LINE ( 'NONE', #1157, #888 ) ;
#1532 = DIRECTION ( 'NONE',  ( 0.9902680687415702500, 0.1391731009600657400, 0.0000000000000000000 ) ) ;
#1533 = CIRCLE ( 'NONE', #1553, 0.3149999999999999500 ) ;
#1534 = EDGE_CURVE ( 'NONE', #622, #449, #1527, .T. ) ;
#1535 = DIRECTION ( 'NONE',  ( -0.9945218953682731800, 0.1045284632676553700, 0.0000000000000000000 ) ) ;
#1536 = VERTEX_POINT ( 'NONE', #1051 ) ;
#1537 = DIRECTION ( 'NONE',  ( 2.592657368987075900E-016, -0.0000000000000000000, 1.000000000000000000 ) ) ;
#1538 = LINE ( 'NONE', #1320, #656 ) ;
#1539 = VERTEX_POINT ( 'NONE', #55 ) ;
#1540 = VECTOR ( 'NONE', #392, 1000.000000000000100 ) ;
#1541 = AXIS2_PLACEMENT_3D ( 'NONE', #180, #187, #1087 ) ;
#1542 = VECTOR ( 'NONE', #406, 1000.000000000000000 ) ;
#1543 = ORIENTED_EDGE ( 'NONE', *, *, #292, .F. ) ;
#1544 = ORIENTED_EDGE ( 'NONE', *, *, #1007, .F. ) ;
#1545 = CARTESIAN_POINT ( 'NONE',  ( 0.04258842846752879100, 0.4052018299726498100, -0.2000000000000000100 ) ) ;
#1546 = ADVANCED_FACE ( 'NONE', ( #380 ), #1211, .T. ) ;
#1547 = ORIENTED_EDGE ( 'NONE', *, *, #1284, .F. ) ;
#1548 = ORIENTED_EDGE ( 'NONE', *, *, #821, .T. ) ;
#1549 = DIRECTION ( 'NONE',  ( 0.0000000000000000000, 1.000000000000000000, 0.0000000000000000000 ) ) ;
#1550 = ORIENTED_EDGE ( 'NONE', *, *, #1389, .T. ) ;
#1551 = CARTESIAN_POINT ( 'NONE',  ( -1.686202958620361500, 0.05888350483429005000, 0.2500000000000000000 ) ) ;
#1552 = LINE ( 'NONE', #1206, #493 ) ;
#1553 = AXIS2_PLACEMENT_3D ( 'NONE', #1118, #340, #731 ) ;
#1554 = DIRECTION ( 'NONE',  ( 0.0000000000000000000, 0.1391731009600657400, -0.9902680687415702500 ) ) ;
#1555 = EDGE_CURVE ( 'NONE', #118, #272, #1171, .T. ) ;
#1556 = ADVANCED_FACE ( 'NONE', ( #230 ), #687, .T. ) ;
#1557 = ORIENTED_EDGE ( 'NONE', *, *, #1534, .T. ) ;
#1558 = EDGE_CURVE ( 'NONE', #450, #837, #1037, .T. ) ;
#1559 = FACE_OUTER_BOUND ( 'NONE', #1456, .T. ) ;
#1560 = DIRECTION ( 'NONE',  ( 0.0000000000000000000, -0.0000000000000000000, -1.000000000000000000 ) ) ;
#1561 = PLANE ( 'NONE',  #110 ) ;
#1562 = ORIENTED_EDGE ( 'NONE', *, *, #864, .T. ) ;
#1563 = CARTESIAN_POINT ( 'NONE',  ( -1.100000000000000300, 0.8499999999999999800, -1.099999999999999600 ) ) ;
#1564 = LINE ( 'NONE', #1219, #536 ) ;
#1565 = AXIS2_PLACEMENT_3D ( 'NONE', #1551, #1424, #1072 ) ;
#1566 = DIRECTION ( 'NONE',  ( 0.1391731009600657400, -0.9902680687415703600, 0.0000000000000000000 ) ) ;
#1567 = DIRECTION ( 'NONE',  ( -0.03489949670250414000, -0.9993908270190955400, 0.0000000000000000000 ) ) ;
#1568 = EDGE_LOOP ( 'NONE', ( #502, #572, #33, #1325 ) ) ;
#1569 = CARTESIAN_POINT ( 'NONE',  ( 1.686202958620361500, 0.05888350483429005000, 0.2000000000000000100 ) ) ;
#1570 = ADVANCED_FACE ( 'NONE', ( #684 ), #1610, .F. ) ;
#1571 = CARTESIAN_POINT ( 'NONE',  ( -0.7289802898463078100, 1.649999999999999900, 1.037567332238086700 ) ) ;
#1572 = EDGE_CURVE ( 'NONE', #1270, #103, #1259, .T. ) ;
#1573 = CARTESIAN_POINT ( 'NONE',  ( 0.0000000000000000000, 2.839999999999999900, 0.0000000000000000000 ) ) ;
#1574 = DIRECTION ( 'NONE',  ( -1.000000000000000000, 0.0000000000000000000, 0.0000000000000000000 ) ) ;
#1575 = DIRECTION ( 'NONE',  ( 0.9945218953682732900, 0.1045284632676547100, 0.0000000000000000000 ) ) ;
#1576 = DIRECTION ( 'NONE',  ( -0.1045284632676554400, -0.9945218953682731800, 0.0000000000000000000 ) ) ;
#1577 = ADVANCED_FACE ( 'NONE', ( #1055 ), #433, .T. ) ;
#1578 = LINE ( 'NONE', #217, #120 ) ;
#1579 = DIRECTION ( 'NONE',  ( 0.0000000000000000000, -1.000000000000000000, 0.0000000000000000000 ) ) ;
#1580 = VECTOR ( 'NONE', #1635, 1000.000000000000100 ) ;
#1581 = DIRECTION ( 'NONE',  ( 0.0000000000000000000, -0.0000000000000000000, -1.000000000000000000 ) ) ;
#1582 = CARTESIAN_POINT ( 'NONE',  ( 1.801251165272602900, 0.3460474628759468400, -0.2000000000000000100 ) ) ;
#1583 = VERTEX_POINT ( 'NONE', #1348 ) ;
#1584 = EDGE_LOOP ( 'NONE', ( #753, #690, #1369, #102 ) ) ;
#1585 = CARTESIAN_POINT ( 'NONE',  ( -0.02272802044667398100, 0.2162426698526764600, 0.2500000000000000000 ) ) ;
#1586 = CIRCLE ( 'NONE', #1608, 0.1249999999999998900 ) ;
#1587 = CARTESIAN_POINT ( 'NONE',  ( 2.080139591979145700, -1.626303258728256700E-016, -0.2000000000000000100 ) ) ;
#1588 = FACE_OUTER_BOUND ( 'NONE', #1411, .T. ) ;
#1589 = DIRECTION ( 'NONE',  ( -1.000000000000000000, -0.0000000000000000000, -0.0000000000000000000 ) ) ;
#1590 = ORIENTED_EDGE ( 'NONE', *, *, #1413, .T. ) ;
#1591 = ORIENTED_EDGE ( 'NONE', *, *, #1036, .T. ) ;
#1592 = DIRECTION ( 'NONE',  ( 0.1035221542882124700, 0.9849475049842806300, -0.1384253444885289700 ) ) ;
#1593 = CARTESIAN_POINT ( 'NONE',  ( 0.0000000000000000000, 1.649999999999999900, 1.037567332238086700 ) ) ;
#1594 = PLANE ( 'NONE',  #904 ) ;
#1595 = MANIFOLD_SOLID_BREP ( 'Pin 2', #893 ) ;
#1596 = AXIS2_PLACEMENT_3D ( 'NONE', #42, #284, #159 ) ;
#1597 = CARTESIAN_POINT ( 'NONE',  ( 1.347749651583897600, 0.7249999999999996400, -0.2000000000000000100 ) ) ;
#1598 = EDGE_CURVE ( 'NONE', #582, #1043, #134, .T. ) ;
#1599 = CARTESIAN_POINT ( 'NONE',  ( -0.2840833882125416400, 0.8499999999999999800, 1.150000000000000100 ) ) ;
#1600 = EDGE_CURVE ( 'NONE', #401, #584, #789, .T. ) ;
#1601 = DIRECTION ( 'NONE',  ( 0.0000000000000000000, -0.0000000000000000000, 1.000000000000000000 ) ) ;
#1602 = CARTESIAN_POINT ( 'NONE',  ( -1.100000000000000300, 0.8499999999999999800, -1.099999999999999600 ) ) ;
#1603 = ORIENTED_EDGE ( 'NONE', *, *, #1140, .T. ) ;
#1604 = DIRECTION ( 'NONE',  ( 0.1391731009600653000, -0.9902680687415703600, 0.0000000000000000000 ) ) ;
#1605 = CARTESIAN_POINT ( 'NONE',  ( 0.0000000000000000000, 2.039999999999999600, 0.0000000000000000000 ) ) ;
#1606 = CARTESIAN_POINT ( 'NONE',  ( 0.0000000000000000000, 2.839999999999999900, 0.0000000000000000000 ) ) ;
#1607 = LINE ( 'NONE', #581, #1429 ) ;
#1608 = AXIS2_PLACEMENT_3D ( 'NONE', #1582, #304, #1207 ) ;
#1609 = ORIENTED_EDGE ( 'NONE', *, *, #1284, .T. ) ;
#1610 = PLANE ( 'NONE',  #543 ) ;
#1611 = ORIENTED_EDGE ( 'NONE', *, *, #852, .F. ) ;
#1612 = ADVANCED_FACE ( 'NONE', ( #1480 ), #20, .T. ) ;
#1613 = FACE_OUTER_BOUND ( 'NONE', #959, .T. ) ;
#1614 = CARTESIAN_POINT ( 'NONE',  ( -1.099999999999999900, 0.8499999999999999800, 1.100000000000000100 ) ) ;
#1615 = EDGE_LOOP ( 'NONE', ( #59, #1127, #1562 ) ) ;
#1616 = DIRECTION ( 'NONE',  ( 0.0000000000000000000, 0.0000000000000000000, 1.000000000000000000 ) ) ;
#1617 = LINE ( 'NONE', #963, #1437 ) ;
#1618 = ORIENTED_EDGE ( 'NONE', *, *, #1158, .T. ) ;
#1619 = ORIENTED_EDGE ( 'NONE', *, *, #807, .T. ) ;
#1620 = ORIENTED_EDGE ( 'NONE', *, *, #648, .T. ) ;
#1621 = CARTESIAN_POINT ( 'NONE',  ( -1.347749651583897600, 0.8499999999999999800, 0.2500000000000000000 ) ) ;
#1622 =( NAMED_UNIT ( * ) PLANE_ANGLE_UNIT ( ) SI_UNIT ( $, .RADIAN. ) );
#1623 = DIRECTION ( 'NONE',  ( 0.1045284632676553700, 0.9945218953682731800, -0.0000000000000000000 ) ) ;
#1624 = CARTESIAN_POINT ( 'NONE',  ( -1.347749651583897600, 0.7249999999999996400, -0.2500000000000000000 ) ) ;
#1625 = AXIS2_PLACEMENT_3D ( 'NONE', #1265, #1495, #1379 ) ;
#1626 = SURFACE_STYLE_USAGE ( .BOTH. , #69 ) ;
#1627 = STYLED_ITEM ( 'NONE', ( #899 ), #1595 ) ;
#1628 = EDGE_CURVE ( 'NONE', #1025, #1514, #370, .T. ) ;
#1629 =( NAMED_UNIT ( * ) SI_UNIT ( $, .STERADIAN. ) SOLID_ANGLE_UNIT ( ) );
#1630 = ORIENTED_EDGE ( 'NONE', *, *, #981, .F. ) ;
#1631 = DIRECTION ( 'NONE',  ( -0.0000000000000000000, 0.0000000000000000000, 1.000000000000000000 ) ) ;
#1632 = CARTESIAN_POINT ( 'NONE',  ( 5.073547453781864800E-017, 2.839999999999999900, -0.03279980888824193100 ) ) ;
#1633 = EDGE_LOOP ( 'NONE', ( #342, #1133, #1525, #1590, #743, #1195, #1620, #382, #1496, #1501, #773, #443, #541 ) ) ;
#1634 = LINE ( 'NONE', #429, #480 ) ;
#1635 = DIRECTION ( 'NONE',  ( 0.0000000000000000000, -0.9537169507482277100, -0.3007057995042702300 ) ) ;
#1636 = ORIENTED_EDGE ( 'NONE', *, *, #1572, .T. ) ;
#1637 = PLANE ( 'NONE',  #1473 ) ;
#1638 = VECTOR ( 'NONE', #398, 1000.000000000000000 ) ;
#1639 = EDGE_CURVE ( 'NONE', #107, #754, #624, .T. ) ;
#1640 = LINE ( 'NONE', #1179, #259 ) ;
#1641 = ORIENTED_EDGE ( 'NONE', *, *, #1534, .F. ) ;
#1642 = DIRECTION ( 'NONE',  ( 0.0000000000000000000, 0.0000000000000000000, 1.000000000000000000 ) ) ;
#1643 = APPLICATION_CONTEXT ( 'automotive_design' ) ;
#1644 = DIRECTION ( 'NONE',  ( 0.0000000000000000000, 0.0000000000000000000, -1.000000000000000000 ) ) ;
#1645 =( GEOMETRIC_REPRESENTATION_CONTEXT ( 3 ) GLOBAL_UNCERTAINTY_ASSIGNED_CONTEXT ( ( #1653 ) ) GLOBAL_UNIT_ASSIGNED_CONTEXT ( ( #1249, #725, #233 ) ) REPRESENTATION_CONTEXT ( 'NONE', 'WORKASPACE' ) );
#1646 = CARTESIAN_POINT ( 'NONE',  ( 1.486443054761588100, 0.3350541214146580100, -0.2000000000000000100 ) ) ;
#1647 = DIRECTION ( 'NONE',  ( -1.000000000000000000, 0.0000000000000000000, 0.0000000000000000000 ) ) ;
#1648 = PLANE ( 'NONE',  #1342 ) ;
#1649 = ORIENTED_EDGE ( 'NONE', *, *, #266, .T. ) ;
#1650 = DIRECTION ( 'NONE',  ( 1.000000000000000000, 0.0000000000000000000, 0.0000000000000000000 ) ) ;
#1651 = ORIENTED_EDGE ( 'NONE', *, *, #1414, .T. ) ;
#1652 = FACE_OUTER_BOUND ( 'NONE', #269, .T. ) ;
#1653 = UNCERTAINTY_MEASURE_WITH_UNIT (LENGTH_MEASURE( 1.000000000000000100E-005 ), #1249, 'distance_accuracy_value', 'NONE');
#1654 = DIRECTION ( 'NONE',  ( -1.000000000000000000, 0.0000000000000000000, 0.0000000000000000000 ) ) ;
#1655 = EDGE_LOOP ( 'NONE', ( #1283, #853, #375, #1272 ) ) ;
#1656 = VECTOR ( 'NONE', #365, 1000.000000000000100 ) ;
#1657 = VERTEX_POINT ( 'NONE', #198 ) ;
#1658 = CARTESIAN_POINT ( 'NONE',  ( 0.0000000000000000000, 2.280564639603416000, 0.0000000000000000000 ) ) ;
#1659 = AXIS2_PLACEMENT_3D ( 'NONE', #79, #1105, #129 ) ;
#1660 = VECTOR ( 'NONE', #1042, 1000.000000000000000 ) ;
#1661 = EDGE_CURVE ( 'NONE', #520, #761, #929, .T. ) ;
ENDSEC;
END-ISO-10303-21;
